obra,obraId,codigoEvweb,descripcion,param1,param2
PREVENCION (FONDO DE RESERVA),263,6689,Videolaparoscopia exploradora de abdomen,14836,92
PREVENCION (FONDO DE RESERVA),263,6692,Videolaparoscopia terapeutica de abdomen,14838,93
PREVENCION (FONDO DE RESERVA),263,5975,"Lipoaspiracion (cadera, muslo, abdomen) (hasta 2 zonas)",15037,93
PREVENCION (FONDO DE RESERVA),263,5976,"Lipoaspiracion (cadera, muslo, abdomen) (mas de 2 zonas)",15038,94
PREVENCION (FONDO DE RESERVA),263,5979,Liposuccion de abdomen,15039,93
PREVENCION (FONDO DE RESERVA),263,6506,"TAC de abdomen, con o sin contraste",15174,91
PREVENCION (FONDO DE RESERVA),263,5002,Abdominoplastia,14843,94
PREVENCION (FONDO DE RESERVA),263,5004,Ablacion por radiofrecuencia de arritmias complejas (tipo fibrilacion auricular),13645,98
PREVENCION (FONDO DE RESERVA),263,5005,Ablacion por radiofrecuencia de arritmias simples (tipo haz de His),13646,95
PREVENCION (FONDO DE RESERVA),263,6187,Patelectomia (ablacion de la rotula),14480,91
PREVENCION (FONDO DE RESERVA),263,5003,Ablacion de corazon,14844,95
PREVENCION (FONDO DE RESERVA),263,5083,Anestesiologo en ablacion de organos,14864,92
PREVENCION (FONDO DE RESERVA),263,6053,Neuroablacion aferentes articulacion de cadera con Rf,15056,93
PREVENCION (FONDO DE RESERVA),263,7532,Ablacion por radiofrecuencia de arritmias con navegador de impedancia,15546,95
PREVENCION (FONDO DE RESERVA),263,5006,Abocamiento del ureter a piel,13647,92
PREVENCION (FONDO DE RESERVA),263,5007,Aborto del segundo trimestre con mecanismo de parto seguido o no de legrado,13648,91
PREVENCION (FONDO DE RESERVA),263,5009,Absceso de mama / drenaje unilateral,13649,89
PREVENCION (FONDO DE RESERVA),263,5010,Absceso de pancreas,13650,92
PREVENCION (FONDO DE RESERVA),263,5011,Absceso de pared,13651,89
PREVENCION (FONDO DE RESERVA),263,5012,Absceso de parpado,13652,89
PREVENCION (FONDO DE RESERVA),263,5014,Absceso perianal,13653,89
PREVENCION (FONDO DE RESERVA),263,5015,Absceso perirectal,13654,91
PREVENCION (FONDO DE RESERVA),263,5540,Drenaje de absceso de glandula de Bartholino,14011,89
PREVENCION (FONDO DE RESERVA),263,5542,Drenaje de absceso hepatico guiado por ecografia,14012,91
PREVENCION (FONDO DE RESERVA),263,5544,Drenaje de absceso subfrenico,14014,91
PREVENCION (FONDO DE RESERVA),263,5545,Drenaje de absceso subfrenico por via laparoscopica,14015,93
PREVENCION (FONDO DE RESERVA),263,5546,Drenaje de absceso testicular,14016,89
PREVENCION (FONDO DE RESERVA),263,5547,Drenaje de absceso y/o quiste pancreatico guiado por ecografia,14017,91
PREVENCION (FONDO DE RESERVA),263,5894,"Incision y drenaje de laringe, absceso, pericondritis, etc.",14283,92
PREVENCION (FONDO DE RESERVA),263,5896,Incision y drenaje de paladar (absceso),14284,90
PREVENCION (FONDO DE RESERVA),263,5950,"Lesion local de pulmon (absceso, tumor)",14321,93
PREVENCION (FONDO DE RESERVA),263,5541,Drenaje de absceso en cabeza y/o cuello,14970,90
PREVENCION (FONDO DE RESERVA),263,5543,"Drenaje de absceso o hematoma, excepto en cabeza y cuello",14971,89
PREVENCION (FONDO DE RESERVA),263,8107,Absceso de higado,15303,92
PREVENCION (FONDO DE RESERVA),263,5013,Absceso gluteo,15469,89
PREVENCION (FONDO DE RESERVA),263,5814,Glosotomia con drenaje de absceso o hematoma,15497,90
PREVENCION (FONDO DE RESERVA),263,6135,"Osteoplastia / osteosintesis en: pseudo-artrosis, consolidacion viciosa, acortamiento, alargamiento, injerto de huesos",69350,93
PREVENCION (FONDO DE RESERVA),263,5016,Acortamiento de metatarsianos,13655,91
PREVENCION (FONDO DE RESERVA),263,6136,"Osteoplastia de tibia y/o perone: alargamiento, acortamiento / pseudoartrosis / consolidacion viciosa / injerto de huesos.",15476,93
PREVENCION (FONDO DE RESERVA),263,5017,Acromioplastia,13656,92
PREVENCION (FONDO DE RESERVA),263,6379,"Reseccion de clavicula o acromion, acromioplastia",14615,92
PREVENCION (FONDO DE RESERVA),263,5018,Acupuntura por sesion,14845,89
PREVENCION (FONDO DE RESERVA),263,5019,"Acupuntura, acupuntura laser o electroacupuntura, por sesion, maximo 6",14846,89
PREVENCION (FONDO DE RESERVA),263,5021,Adenomastectomia unilateral,13657,92
PREVENCION (FONDO DE RESERVA),263,5023,Adrenalectomia unilateral,13658,94
PREVENCION (FONDO DE RESERVA),263,5574,Embolizacion o alcoholizacion coronaria,14040,93
PREVENCION (FONDO DE RESERVA),263,5024,Alcoholizacion o fenolizacion de dos nervios perifericos,14847,91
PREVENCION (FONDO DE RESERVA),263,5025,Alcoholizacion o fenolizacion de mas de dos nervios perifericos,14848,92
PREVENCION (FONDO DE RESERVA),263,5026,Alcoholizacion o fenolizacion de par craneal (no V par),14849,93
PREVENCION (FONDO DE RESERVA),263,5028,Alcoholizacion o fenolizacion de rama secundaria de par craneal,14850,92
PREVENCION (FONDO DE RESERVA),263,5032,"Alcoholizacion o fenolizacion peridural, cervical, dorsal o lumbar",14851,94
PREVENCION (FONDO DE RESERVA),263,5035,Alcoholizacion o fenolizacion rama primaria de V par,14852,94
PREVENCION (FONDO DE RESERVA),263,5036,"Alcoholizacion o fenolizacion subaracnoidea cervical, dorsal o lumbar",14853,95
PREVENCION (FONDO DE RESERVA),263,5037,Amigdalectomia y/o adenoidectomia,13659,92
PREVENCION (FONDO DE RESERVA),263,5038,Amigdalectomia y/o adenoidectomia por radiofrecuencia,13660,93
PREVENCION (FONDO DE RESERVA),263,5827,Hemorragia post-adeno-amigdalectomia,14226,91
PREVENCION (FONDO DE RESERVA),263,6400,Reseccion de resto de amigdalectomia y/o resto de adeno-amigdalectomia,14630,91
PREVENCION (FONDO DE RESERVA),263,7609,Amigdalectomia  mas septumplastia,15508,94
PREVENCION (FONDO DE RESERVA),263,7610,Amigdalectomia  mas miringoplastia,15509,94
PREVENCION (FONDO DE RESERVA),263,7611,Amigdalectomia  mas colocacion de TTT,15510,94
PREVENCION (FONDO DE RESERVA),263,7529,Amigdalectomia  mas septumplastia mas colocacion de TTT,15511,95
PREVENCION (FONDO DE RESERVA),263,7530,Amigdalectomia  mas septumplastia mas miringoplastia,15512,95
PREVENCION (FONDO DE RESERVA),263,5039,Amniocentesis,13662,90
PREVENCION (FONDO DE RESERVA),263,5041,Amputacion de antebrazo,13663,95
PREVENCION (FONDO DE RESERVA),263,5042,Amputacion de brazo,13664,95
PREVENCION (FONDO DE RESERVA),263,5043,Amputacion de cuello como unico procedimiento,13665,90
PREVENCION (FONDO DE RESERVA),263,5044,Amputacion de dedo,13666,90
PREVENCION (FONDO DE RESERVA),263,5045,Amputacion de hasta 2 dedos del pie,13667,90
PREVENCION (FONDO DE RESERVA),263,5046,Amputacion de mano,13668,95
PREVENCION (FONDO DE RESERVA),263,5047,Amputacion de mas de 2 dedos del pie,13669,91
PREVENCION (FONDO DE RESERVA),263,5048,Amputacion de mas de 3 dedos,13670,91
PREVENCION (FONDO DE RESERVA),263,5049,Amputacion de menos de 3 dedos,13671,90
PREVENCION (FONDO DE RESERVA),263,5050,"Amputacion de muslo, pie o antepie",13672,92
PREVENCION (FONDO DE RESERVA),263,5053,Amputacion de pierna (supracondilea),13673,92
PREVENCION (FONDO DE RESERVA),263,5054,Amputacion inter-ilio-abdominal,13674,95
PREVENCION (FONDO DE RESERVA),263,5055,Amputacion inter-ilio-femoral,13675,94
PREVENCION (FONDO DE RESERVA),263,5056,Amputacion parcial o total de pene,13676,92
PREVENCION (FONDO DE RESERVA),263,5997,Mastectomia unilateral (amputacion simple de mama),14358,92
PREVENCION (FONDO DE RESERVA),263,5051,Amputacion de oreja,14854,91
PREVENCION (FONDO DE RESERVA),263,5462,Crioneurolisis de neuroma de amputacion,14955,92
PREVENCION (FONDO DE RESERVA),263,5040,Amputacion abdomino-perineal (operacion de Miles o similares) (se reseca recto y ano y se deja colosto- mia definitiva en FII),15359,95
PREVENCION (FONDO DE RESERVA),263,5052,Amputacion de pie,15473,92
PREVENCION (FONDO DE RESERVA),263,8500,"Analgesia peridural, lumbar o toracica, colocacion de cateter, puesta en marcha de la infusion. Dia 0",66589,92
PREVENCION (FONDO DE RESERVA),263,8503,"Analgesia peridural continua, con bomba, control dias subsiguientes a la colocacion. Hasta 72 hs. Por dia.",69333,90
PREVENCION (FONDO DE RESERVA),263,8504,"Analgesia peridural continua, sin bomba, control dias subsiguientes a la colocacion. Hasta 72 hs. Por dia.",69334,89
PREVENCION (FONDO DE RESERVA),263,8505,"Analgesia intratecal, controles dias subsiguientes. Por dia (hasta 48 hs)",69355,91
PREVENCION (FONDO DE RESERVA),263,8506,"Analgesia intratecal, dosis unica, colocacion",69356,91
PREVENCION (FONDO DE RESERVA),263,8516,"Analgesia sistemica continua, sin PCA, instalacion y puesta en marcha",69366,90
PREVENCION (FONDO DE RESERVA),263,8533,Control diario de analgesia sistemica sin bomba de infusion por dia,69383,90
PREVENCION (FONDO DE RESERVA),263,5057,Analgesia / anestesia raquidea o peridural en periodo expulsivo,13677,92
PREVENCION (FONDO DE RESERVA),263,5061,"Analgesia regional continua , primer dia cateter. Incluye colocacion de",14855,92
PREVENCION (FONDO DE RESERVA),263,5062,Analgesia regional continua c/24 hs o fraccion siguiente,14856,89
PREVENCION (FONDO DE RESERVA),263,5066,Analgesia regional continua con colocacion de cateter: 1ras 24 hs o fraccion siguiente,14857,91
PREVENCION (FONDO DE RESERVA),263,5067,"Analgesia regional continua, dias siguientes, por dia",14858,89
PREVENCION (FONDO DE RESERVA),263,5069,Analgesia regional por bloqueo subaracnoideo con fenol o similar,14859,90
PREVENCION (FONDO DE RESERVA),263,5077,Anestesia o sedacion-analgesia para fenolizacion de plexo vegetativo,14860,91
PREVENCION (FONDO DE RESERVA),263,5078,Anestesia o sedacion-analgesia para termolesion por rf,14861,92
PREVENCION (FONDO DE RESERVA),263,5143,Barbotaje de liquido cefaloraquideo / crioanalgesia,14873,90
PREVENCION (FONDO DE RESERVA),263,5220,"Bloqueo periferico para analgesia postquirurgica: interescalencio, infraclavicular, femoral, ciatico, etc.",14905,91
PREVENCION (FONDO DE RESERVA),263,6012,"Medicacion sistemica antalgica (neuroleptoanalgesia, agripnianalgesia): 1ras 24 hs o fraccion",15051,90
PREVENCION (FONDO DE RESERVA),263,6013,"Medicacion sistemica antalgica (neuroleptoanalgesia, agripnianalgesia): c/24hs o fraccion sig.",15204,89
PREVENCION (FONDO DE RESERVA),263,5059,Analgesia continua sistemica con o sin Pca. Controles,15208,89
PREVENCION (FONDO DE RESERVA),263,5064,"Analgesia regional continua con bomba de infusion para SDRC, (DSR) dias subsiguientes",15212,89
PREVENCION (FONDO DE RESERVA),263,5076,"Anestesia o sedacion-analgesia para bloqueos diagnosticos, corticoides",15216,90
PREVENCION (FONDO DE RESERVA),263,5058,Analgesia continua sistemica con o sin Pca. instalacion y primer dia de tratamiento,15218,90
PREVENCION (FONDO DE RESERVA),263,5879,Implante de cateter tunelizado para analgesia postop. o de corta duracion,15250,91
PREVENCION (FONDO DE RESERVA),263,5063,"Analgesia regional continua con bomba de infusion para SDRC, (DSR) colocacion y primer dia",15251,92
PREVENCION (FONDO DE RESERVA),263,7518,Adesiolisis radicular segun Raez. No incluye honorarios por analgesia,15281,95
PREVENCION (FONDO DE RESERVA),263,5060,Analgesia durante el trabajo de parto (peridural continua o perfusion de remifentanilo) menos de 90 minutos,15403,92
PREVENCION (FONDO DE RESERVA),263,5070,Anastomosis bilio-digestiva con o sin colecistectomia,13678,94
PREVENCION (FONDO DE RESERVA),263,5071,Anastomosis de conducto deferente,13679,90
PREVENCION (FONDO DE RESERVA),263,5072,Anastomosis pancreato-digestiva,13680,93
PREVENCION (FONDO DE RESERVA),263,5073,Anastomosis porto-cava o espleno-renal,13681,95
PREVENCION (FONDO DE RESERVA),263,5074,Anastomosis termino-terminal,13682,92
PREVENCION (FONDO DE RESERVA),263,5075,Anastomosis uretero-sigmoidea,13683,93
PREVENCION (FONDO DE RESERVA),263,5358,Coledoco-duodeno-anastomosis,13878,93
PREVENCION (FONDO DE RESERVA),263,5428,"Correccion de fistula biliar con anastomosis bilio-digestiva, con o sin colecistectomia",13930,94
PREVENCION (FONDO DE RESERVA),263,5479,Dacrio-cistorrinoanastomosis,13963,93
PREVENCION (FONDO DE RESERVA),263,5769,Fistula uretero-vaginal con anastomosis uretero-vesical,14183,94
PREVENCION (FONDO DE RESERVA),263,5774,Fistula vesico-utero-vaginal con anastomosis uretero-intestinal,14188,94
PREVENCION (FONDO DE RESERVA),263,5801,Gastroenteroanastomosis,14203,93
PREVENCION (FONDO DE RESERVA),263,5916,Injerto y/o anastomosis facial / hipogloso o similar,14294,92
PREVENCION (FONDO DE RESERVA),263,5658,Examen ginecologico bajo anestesia,69298,89
PREVENCION (FONDO DE RESERVA),263,8501,"Bloqueo peridural con anestesia local, opioides y/o corticoides (lumbar, Dorsal o Caudal)",69326,91
PREVENCION (FONDO DE RESERVA),263,8502,"Bloqueo peridural con anestesia local, opioides y/o corticoides (lumbar, Dorsal o Caudal) bajo radioscopia",69327,92
PREVENCION (FONDO DE RESERVA),263,8655,Anestesia para implante transitorio/definitivo de bomba intratecal (estimulador medular),71246,94
PREVENCION (FONDO DE RESERVA),263,5079,Anestesia para neurotomia (facial / glosofaringeo / neumogastrico),13684,91
PREVENCION (FONDO DE RESERVA),263,5080,Anestesia para neurotomia (infra o supraorbitaria / suboccipital / temporal superior),13685,91
PREVENCION (FONDO DE RESERVA),263,5657,Examen gineco-obstetrico bajo anestesia,14103,89
PREVENCION (FONDO DE RESERVA),263,6036,Movilizaciones bajo anestesia general o regional,14387,89
PREVENCION (FONDO DE RESERVA),263,6559,Trabajo de parto bajo anestesia epidural continua que fracasa y que termina en cesarea,14734,94
PREVENCION (FONDO DE RESERVA),263,5081,Anestesia para sesion de cobaltoterapia o acelerador,14862,90
PREVENCION (FONDO DE RESERVA),263,5082,Anestesia para terapia electroconvulsiva,14863,90
PREVENCION (FONDO DE RESERVA),263,5413,"Conduccion del trabajo de parto bajo anestesia epidural continua, que termina en parto (mas de 90 minutos)",15404,93
PREVENCION (FONDO DE RESERVA),263,5084,Aneurisma de la aorta abdominal complicado,13686,98
PREVENCION (FONDO DE RESERVA),263,5085,Aneurisma de la aorta abdominal no complicado,13687,95
PREVENCION (FONDO DE RESERVA),263,5086,Aneurisma del cayado de la aorta ascendente o descendente,13688,98
PREVENCION (FONDO DE RESERVA),263,5088,Aneurismas medulares,13689,95
PREVENCION (FONDO DE RESERVA),263,5089,Aneurismas o malformaciones A-V medulares,13690,95
PREVENCION (FONDO DE RESERVA),263,5090,Angiografia de control del tratamiento de aneurisma,13691,92
PREVENCION (FONDO DE RESERVA),263,5302,Cirugia de aneurisma cerebral (mas de 8 horas de duracion),13834,98
PREVENCION (FONDO DE RESERVA),263,5303,Cirugia de aneurisma cerebral (menos de 8 horas de duracion),13835,98
PREVENCION (FONDO DE RESERVA),263,5423,Correccion de aneurisma de fistula arterio-venosa,13925,93
PREVENCION (FONDO DE RESERVA),263,5424,Correccion de aneurisma o pseudo-aneurisma femoral,13926,94
PREVENCION (FONDO DE RESERVA),263,6592,Tratamiento de aneurisma con coils con o sin colocacion de stent,14760,95
PREVENCION (FONDO DE RESERVA),263,6595,Tratamiento de pseudoaneurisma con o sin colocacion de stent,14763,95
PREVENCION (FONDO DE RESERVA),263,6599,Tratamiento endovascular de aneurisma o pseudoaneurisma periferico,14766,94
PREVENCION (FONDO DE RESERVA),263,5087,Aneurisma ventricular,14865,95
PREVENCION (FONDO DE RESERVA),263,7551,Tratamiento endovascular aneurisma cerebral (embolizacion de aneurisma cerebral por hemodinamia),15532,95
PREVENCION (FONDO DE RESERVA),263,6601,Tratamiento endovascular de dos o mas aneurismas cerebrales (embolizacion de 2 o mas aneurismas cerebrales),15533,98
PREVENCION (FONDO DE RESERVA),263,7550,Tratamiento quirurgico de aneurisma o pseudo-aneurisma humeral o femoral con by-pass,15544,98
PREVENCION (FONDO DE RESERVA),263,7584,Angiodisplasia,15340,92
PREVENCION (FONDO DE RESERVA),263,5091,Angiografia de vasos de miembros inferior o superior,13692,92
PREVENCION (FONDO DE RESERVA),263,5092,Angiografia de vasos uterinos,13694,92
PREVENCION (FONDO DE RESERVA),263,5093,Angiografia del cuello,13695,92
PREVENCION (FONDO DE RESERVA),263,5094,Angiografia medular,13698,92
PREVENCION (FONDO DE RESERVA),263,5095,Angioplastia coronaria con o sin colocacion de stent,13699,94
PREVENCION (FONDO DE RESERVA),263,5096,Angioplastia de mas de un vaso con o sin stent,13700,93
PREVENCION (FONDO DE RESERVA),263,5097,Angioplastia de un vaso periferico con o sin stent,13701,92
PREVENCION (FONDO DE RESERVA),263,7536,Angioplastia o remplazo valvular en pacientes con ASA 4,15289,98
PREVENCION (FONDO DE RESERVA),263,7533,Correccion de coartacion de aorta en hemodinamia en el recien nacido (Angioplastia),15547,98
PREVENCION (FONDO DE RESERVA),263,5100,Anquilosis temporo-mandibular bilateral,14866,93
PREVENCION (FONDO DE RESERVA),263,5101,"Anquilosis temporo-mandibular, unilateral",14867,92
PREVENCION (FONDO DE RESERVA),263,5102,Antrotomia y atico-antrotomia,13704,92
PREVENCION (FONDO DE RESERVA),263,8542,Nucleoplastia y / o anuloplastia con Rf. ( 2 o 3 discos),69392,98
PREVENCION (FONDO DE RESERVA),263,5103,Anuloplastia mitral o tricuspidea,14868,95
PREVENCION (FONDO DE RESERVA),263,7505,Nucleoplastia y/o anuloplastia con Rf (un disco),15274,98
PREVENCION (FONDO DE RESERVA),263,7506,Nucleoplastia y/o anuloplastia con Rf (dos a tres discos),15278,98
PREVENCION (FONDO DE RESERVA),263,5104,Aortografia por cateterismo,13705,92
PREVENCION (FONDO DE RESERVA),263,5105,Aortografia por puncion,13706,91
PREVENCION (FONDO DE RESERVA),263,6707,Apendicectomia Convertida,60858,94
PREVENCION (FONDO DE RESERVA),263,5106,Apendicectomia por via convencional,13707,92
PREVENCION (FONDO DE RESERVA),263,5107,Apendicectomia por videolaparoscopia,13708,93
PREVENCION (FONDO DE RESERVA),263,5517,Diatermia o crioaplicacion escleral,13993,90
PREVENCION (FONDO DE RESERVA),263,6423,Retinopexia (diatermia y o crioaplicacion),14644,92
PREVENCION (FONDO DE RESERVA),263,5108,Aplicacion de laser en retina,15526,90
PREVENCION (FONDO DE RESERVA),263,5109,Aponeurotomia / fasciotomia cutanea,13710,90
PREVENCION (FONDO DE RESERVA),263,6703,Tac de Columna (Cada Area),60854,91
PREVENCION (FONDO DE RESERVA),263,5264,Cesarea,13803,93
PREVENCION (FONDO DE RESERVA),263,5265,Cesarea por placenta acreta o sus variedades con o sin embolizacion y que termina en histerectomia,13804,98
PREVENCION (FONDO DE RESERVA),263,6688,"Videolaparoscopia diagnostica (incluye endometriosis, prueba de Cote y ligadura tubarea bilateral)",14835,92
PREVENCION (FONDO DE RESERVA),263,6421,Resonancia (un area) con espectroscopia,15161,93
PREVENCION (FONDO DE RESERVA),263,6289,"RMN (dos areas), con o sin contraste",15166,92
PREVENCION (FONDO DE RESERVA),263,6290,"RMN (mas de dos areas), con o sin contraste",15167,93
PREVENCION (FONDO DE RESERVA),263,6291,"RMN (un area), con o sin contraste",15168,91
PREVENCION (FONDO DE RESERVA),263,6507,TAC de cerebro / orbita / cara / cuello (un area) (con o sin contraste),15175,90
PREVENCION (FONDO DE RESERVA),263,5110,Arreglos dentales de mas de 4 piezas (obturacion dentaria),13711,93
PREVENCION (FONDO DE RESERVA),263,5111,Arreglos dentales hasta 4 piezas (obturacion dentaria),13712,92
PREVENCION (FONDO DE RESERVA),263,5112,Arteriografia,13713,90
PREVENCION (FONDO DE RESERVA),263,5113,Arteriografia cerebral por cateterismo,13714,90
PREVENCION (FONDO DE RESERVA),263,5114,Arteriografia renal,13715,90
PREVENCION (FONDO DE RESERVA),263,6174,Panarteriografia cerebral,14469,92
PREVENCION (FONDO DE RESERVA),263,5115,Artrocentesis,13716,89
PREVENCION (FONDO DE RESERVA),263,5116,Artrodesis cervical,13717,95
PREVENCION (FONDO DE RESERVA),263,5117,Artrodesis de cadera,13718,93
PREVENCION (FONDO DE RESERVA),263,5118,Artrodesis de hasta tres dedos,13719,91
PREVENCION (FONDO DE RESERVA),263,5119,Artrodesis de hombro,13720,92
PREVENCION (FONDO DE RESERVA),263,5120,Artrodesis de mas de 3 dedos en miembro inferior,13721,92
PREVENCION (FONDO DE RESERVA),263,5121,Artrodesis de mas de tres dedos,13722,92
PREVENCION (FONDO DE RESERVA),263,5122,Artrodesis de menos de 3 dedos,13723,91
PREVENCION (FONDO DE RESERVA),263,5123,Artrodesis de menos de 3 dedos en miembro inferior,13724,91
PREVENCION (FONDO DE RESERVA),263,5124,Artrodesis de muñeca / tarso / hombro / codo,13725,92
PREVENCION (FONDO DE RESERVA),263,5125,Artrodesis de pie y tibioastragalina,13726,92
PREVENCION (FONDO DE RESERVA),263,5126,Artrodesis de rodilla,13727,92
PREVENCION (FONDO DE RESERVA),263,5127,Artrodesis dinamica de columna (colocacion de espaciadores),13728,95
PREVENCION (FONDO DE RESERVA),263,5128,Artrodesis instrumentada de columna cervical,13729,95
PREVENCION (FONDO DE RESERVA),263,5129,Artrodesis instrumentada de columna dorso-lumbar (tipo Harrington y similares),13730,95
PREVENCION (FONDO DE RESERVA),263,5130,Artrodesis tibio-peronea-astragalina o medio tarsiana de Chopart,13731,93
PREVENCION (FONDO DE RESERVA),263,7500,Artrodesis dorsal lumbar o sacra,15485,95
PREVENCION (FONDO DE RESERVA),263,5131,Artrolisis,13733,90
PREVENCION (FONDO DE RESERVA),263,5136,Artrotomia / artrolisis / exploracion intra-articular,13738,91
PREVENCION (FONDO DE RESERVA),263,5132,Artroplastia (no de cadera),13734,93
PREVENCION (FONDO DE RESERVA),263,5133,Artroplastia de cadera,13735,94
PREVENCION (FONDO DE RESERVA),263,5134,Artroplastia de hombro,13736,93
PREVENCION (FONDO DE RESERVA),263,5135,Artroplastia de un dedo,13737,91
PREVENCION (FONDO DE RESERVA),263,5821,Hemi-artroplastia de cadera,14219,93
PREVENCION (FONDO DE RESERVA),263,6337,Reemplazo parcial de cadera / hemi-artroplastia,14581,93
PREVENCION (FONDO DE RESERVA),263,6581,Trasplante oseo con artroplastias primarias,14749,95
PREVENCION (FONDO DE RESERVA),263,6583,Trasplante oseo en revision de artroplastias,14751,98
PREVENCION (FONDO DE RESERVA),263,5137,"Aspiracion, lavado e implante de vitreo",13739,92
PREVENCION (FONDO DE RESERVA),263,5139,Atresia ano-rectal en pediatria / malformaciones congenitas anorectales,13740,95
PREVENCION (FONDO DE RESERVA),263,5140,Atresia de coanas por via palatina,13741,94
PREVENCION (FONDO DE RESERVA),263,5141,Atresia de esofago por video-toracoscopia,13742,98
PREVENCION (FONDO DE RESERVA),263,5991,Malformaciones congenitas de esofago (atresia de esofago / fistula traqueo-esofagica),14353,95
PREVENCION (FONDO DE RESERVA),263,5142,Auriculotomia,14872,95
PREVENCION (FONDO DE RESERVA),263,5144,Bermellectomia,14874,90
PREVENCION (FONDO DE RESERVA),263,5182,Biopsia y/o cauterizacion de cuello uterino,69297,89
PREVENCION (FONDO DE RESERVA),263,5145,"Biopsia (peritoneo, epiplon, etc)",13745,91
PREVENCION (FONDO DE RESERVA),263,5146,Biopsia costal,13746,89
PREVENCION (FONDO DE RESERVA),263,5147,Biopsia de Daniels del hueco supraclavicular,13747,91
PREVENCION (FONDO DE RESERVA),263,5148,Biopsia de encia,13748,90
PREVENCION (FONDO DE RESERVA),263,5149,Biopsia de endocardio / miocardio en hemodinamia,13749,93
PREVENCION (FONDO DE RESERVA),263,5150,Biopsia de epididimo,13750,90
PREVENCION (FONDO DE RESERVA),263,5151,Biopsia de faringe y/o amigdala,13751,90
PREVENCION (FONDO DE RESERVA),263,5153,Biopsia de ganglios linfaticos de la pared toracica,13752,90
PREVENCION (FONDO DE RESERVA),263,5154,Biopsia de glandula salival,13753,90
PREVENCION (FONDO DE RESERVA),263,5155,Biopsia de higado a cielo abierto o laparoscopica,13754,91
PREVENCION (FONDO DE RESERVA),263,5156,Biopsia de higado laparoscopica,13755,91
PREVENCION (FONDO DE RESERVA),263,5157,Biopsia de laringe,13756,91
PREVENCION (FONDO DE RESERVA),263,5158,Biopsia de lesion nasofaringea,13757,90
PREVENCION (FONDO DE RESERVA),263,5159,Biopsia de mama unilateral,13758,90
PREVENCION (FONDO DE RESERVA),263,5160,Biopsia de pancreas a cielo abierto,13759,92
PREVENCION (FONDO DE RESERVA),263,5161,Biopsia de pene,13760,89
PREVENCION (FONDO DE RESERVA),263,5162,Biopsia de pericardio,13761,92
PREVENCION (FONDO DE RESERVA),263,5165,Biopsia de testiculo,13762,90
PREVENCION (FONDO DE RESERVA),263,5166,Biopsia de vagina,13763,89
PREVENCION (FONDO DE RESERVA),263,5167,Biopsia de vejiga,13764,90
PREVENCION (FONDO DE RESERVA),263,5168,Biopsia de vertebra,13765,91
PREVENCION (FONDO DE RESERVA),263,5169,Biopsia de vulva,13766,89
PREVENCION (FONDO DE RESERVA),263,5170,Biopsia del paladar,13767,90
PREVENCION (FONDO DE RESERVA),263,5171,Biopsia muscular,13768,90
PREVENCION (FONDO DE RESERVA),263,5173,Biopsia o sutura de la boca o mejilla,13769,90
PREVENCION (FONDO DE RESERVA),263,5175,Biopsia prostatica por puncion,13770,89
PREVENCION (FONDO DE RESERVA),263,5176,Biopsia quirurgica de femur o cadera,13771,91
PREVENCION (FONDO DE RESERVA),263,5177,Biopsia quirurgica de hueso (no de femur o cadera),13773,90
PREVENCION (FONDO DE RESERVA),263,5178,Biopsia radioquirurgica de mama,13774,91
PREVENCION (FONDO DE RESERVA),263,5179,Biopsia renal percutanea (quirofano),13775,89
PREVENCION (FONDO DE RESERVA),263,5180,Biopsia renal percutanea guiado por ecografia u otro metodo (fuera de quirofano),13776,90
PREVENCION (FONDO DE RESERVA),263,5181,Biopsia traqueal o bronquial,13777,90
PREVENCION (FONDO DE RESERVA),263,5405,Colonovideoscopia con o sin biopsia,13913,91
PREVENCION (FONDO DE RESERVA),263,5552,Drenaje pleural por toracotomia minima y/o biopsia pleural,14024,90
PREVENCION (FONDO DE RESERVA),263,5676,Exploracion renal con o sin biopsia,14119,91
PREVENCION (FONDO DE RESERVA),263,5718,Extraccion de cuerpo extraño de orbita / exploracion / biopsia / drenaje,14143,91
PREVENCION (FONDO DE RESERVA),263,5898,Incision y drenaje del CAE y/o biopsia,14286,90
PREVENCION (FONDO DE RESERVA),263,5899,Incision y drenaje/ biopsia o sutura de labio,14287,89
PREVENCION (FONDO DE RESERVA),263,6249,Puncion / biopsia de prostata bajo control ecografico,14535,90
PREVENCION (FONDO DE RESERVA),263,6252,Puncion biopsia de hueso,14538,89
PREVENCION (FONDO DE RESERVA),263,6253,Puncion biopsia de tiroides,14539,89
PREVENCION (FONDO DE RESERVA),263,6254,Puncion biopsia de tiroides a cielo abierto,14540,90
PREVENCION (FONDO DE RESERVA),263,6258,Puncion biopsia percutanea de bazo o pancreas,14541,89
PREVENCION (FONDO DE RESERVA),263,6259,Puncion biopsia percutanea de higado,14542,89
PREVENCION (FONDO DE RESERVA),263,6266,Puncion del seno con o sin insercion de sonda y/o biopsia de seno paranasal,14546,89
PREVENCION (FONDO DE RESERVA),263,6505,Sutura y/o biopsia de nariz,14709,90
PREVENCION (FONDO DE RESERVA),263,6557,Toracotomia exploradora amplia y/o biopsia pulmonar,14733,94
PREVENCION (FONDO DE RESERVA),263,5152,Biopsia de ganglios linfaticos de cuello,14875,90
PREVENCION (FONDO DE RESERVA),263,5163,Biopsia de piel en cabeza y/o cuello,14876,90
PREVENCION (FONDO DE RESERVA),263,5164,"Biopsia de piel, excepto en cabeza y cuello",14877,89
PREVENCION (FONDO DE RESERVA),263,5172,Biopsia o exeresis de ganglios linfaticos,14878,90
PREVENCION (FONDO DE RESERVA),263,5174,Biopsia osea a cielo abierto,14879,90
PREVENCION (FONDO DE RESERVA),263,6257,Puncion biopsia guiada por ecografia,15113,91
PREVENCION (FONDO DE RESERVA),263,6255,Puncion biopsia guiada por TAC (fuera de quirofano),15114,90
PREVENCION (FONDO DE RESERVA),263,7594,Biopsia Pulmonar o Mediastinal por video-toracoscopia,15371,92
PREVENCION (FONDO DE RESERVA),263,6127,Operacion del hueco supraclavicular (tipo biopsia de Daniels),15480,91
PREVENCION (FONDO DE RESERVA),263,5184,Blefaroplastia bilateral,14880,93
PREVENCION (FONDO DE RESERVA),263,5185,"Blefaroplastia simple, no estetica",14881,92
PREVENCION (FONDO DE RESERVA),263,8103,Blefaroplastia unilateral,15254,92
PREVENCION (FONDO DE RESERVA),263,5183,Blefaroplastia,15524,92
PREVENCION (FONDO DE RESERVA),263,7778,"Bloqueo regional periferico dosis unica, un solo nervio, eco guiado",69275,91
PREVENCION (FONDO DE RESERVA),263,7779,"Bloqueo regional periferico dosis unica, mas de un nervio, eco guiado",69276,92
PREVENCION (FONDO DE RESERVA),263,7780,"Bloqueo regional periferico continuo con cateter, sin bomba control dias sub siguientes a la colocacion (hasta 72 horas) por dia",69277,89
PREVENCION (FONDO DE RESERVA),263,7781,"Bloqueo regional periferico continuo con cateter, con bomba control dias subsiguientes a la colocacion (hasta 72 horas) por dia",69278,90
PREVENCION (FONDO DE RESERVA),263,7782,"Bloqueo del musculo erector espinal, ecoguiado, dosis unica",69279,91
PREVENCION (FONDO DE RESERVA),263,7783,"Bloqueo del musculo erector espinal, ecoguiado continuo. Colocacion de cateter",69280,92
PREVENCION (FONDO DE RESERVA),263,7784,"Bloqueo del musculo erector espinal, continuo, sin bomba, control dias subsiguientes hasta 48 por dia",69281,89
PREVENCION (FONDO DE RESERVA),263,7785,"Bloqueo del musculo erector espinal, continuo, con bomba, control dias subsiguientes hasta 48 horas por dia",69282,90
PREVENCION (FONDO DE RESERVA),263,7787,Bloqueo radicular selectivo cervical/dorsal o lumbar (hasta 2 niveles),69283,93
PREVENCION (FONDO DE RESERVA),263,7786,Bloqueo radicular selectivo cervical/dorsal o lumbar (mas de 2 niveles),69284,94
PREVENCION (FONDO DE RESERVA),263,7788,Bloqueo radicular selectivo (hasta 2 niveles),69285,92
PREVENCION (FONDO DE RESERVA),263,7789,Bloqueo radicular selectivo (mas de 2 niveles),69286,93
PREVENCION (FONDO DE RESERVA),263,8517,Bloqueo del nervio Occipital Mayor unilateral,69367,93
PREVENCION (FONDO DE RESERVA),263,8518,Bloqueo diagnostico de cadera/hombro,69368,94
PREVENCION (FONDO DE RESERVA),263,8519,Bloqueo diagnostico del ganglio estrellado,69369,94
PREVENCION (FONDO DE RESERVA),263,8520,"Bloqueo facetario cervical, dorsal o lumbar bajo radioscopia",69370,94
PREVENCION (FONDO DE RESERVA),263,8521,"Bloqueo ganglio simpatico toracico, lumbar, dorsal o hipogastrico superior",69371,95
PREVENCION (FONDO DE RESERVA),263,8525,Bloqueo paravertebral unilateral,69375,93
PREVENCION (FONDO DE RESERVA),263,8526,Bloqueo terapeutico de rodilla (N. geniculados) unilateral,69376,93
PREVENCION (FONDO DE RESERVA),263,8527,Bloqueo transforminal (mas de 1 nivel),69377,93
PREVENCION (FONDO DE RESERVA),263,8528,Bloqueo transforminal selectivo,69378,92
PREVENCION (FONDO DE RESERVA),263,8654,"Bloqueo regional continuo, con colocacion de cateter, eco guiado. Dia 0",69399,92
PREVENCION (FONDO DE RESERVA),263,5215,Bloqueo extra-craneal antalgico,13779,90
PREVENCION (FONDO DE RESERVA),263,5186,Bloqueo de G Esfenopalatino,14882,94
PREVENCION (FONDO DE RESERVA),263,5191,Bloqueo de hasta dos nervios craneales (no G de Gasser) x sesion,14883,90
PREVENCION (FONDO DE RESERVA),263,5192,Bloqueo de mas de dos nervios craneales (no G Gasser) por sesion,14884,91
PREVENCION (FONDO DE RESERVA),263,5193,Bloqueo de nervio periferico por sesion,14885,89
PREVENCION (FONDO DE RESERVA),263,5194,Bloqueo diagnostico / terapeutico de hombro,14886,90
PREVENCION (FONDO DE RESERVA),263,5195,Bloqueo diagnostico / terapeutico de rodilla,14887,90
PREVENCION (FONDO DE RESERVA),263,5196,Bloqueo diagnostico articulacion atlanto axoidea uni o bilateral,14888,91
PREVENCION (FONDO DE RESERVA),263,5197,Bloqueo diagnostico articulacion atlanto-occipital uni o bilateral,14889,91
PREVENCION (FONDO DE RESERVA),263,5198,Bloqueo diagnostico de cadera,14890,91
PREVENCION (FONDO DE RESERVA),263,5199,"Bloqueo diagnostico diferencial, por sesion",14891,89
PREVENCION (FONDO DE RESERVA),263,5200,Bloqueo diagnostico ganglio de Walter,14892,92
PREVENCION (FONDO DE RESERVA),263,5201,Bloqueo diagnostico nervio periferico bajo radioscopia,14894,91
PREVENCION (FONDO DE RESERVA),263,5202,Bloqueo diagnostico nervio periferico sin Rx,14895,90
PREVENCION (FONDO DE RESERVA),263,5203,"Bloqueo diagnostico o neurolisis de plexo celiaco, ganglio estrellado, o similar .",14896,90
PREVENCION (FONDO DE RESERVA),263,5204,Bloqueo diagnostico o terapeutico art sacro-iliaca bilateral,14897,93
PREVENCION (FONDO DE RESERVA),263,5205,Bloqueo diagnostico o terapeutico art sacro-iliaca unilateral,14898,92
PREVENCION (FONDO DE RESERVA),263,5206,Bloqueo diagnostico o terapeutico de G Estrellado. Unilateral,14899,91
PREVENCION (FONDO DE RESERVA),263,5207,Bloqueo diagnostico o terapeutico de G Simpatico lumbar.,14900,92
PREVENCION (FONDO DE RESERVA),263,5210,Bloqueo diagnostico o terapeutico de Ganglio de Walther,14901,91
PREVENCION (FONDO DE RESERVA),263,5216,Bloqueo facetario diagnostico ( hasta dos facetas),14902,92
PREVENCION (FONDO DE RESERVA),263,5217,Bloqueo facetario diagnostico (mas de 2 facetas),14903,93
PREVENCION (FONDO DE RESERVA),263,5219,Bloqueo paravertebral mas de dos nervios por sesion,14904,91
PREVENCION (FONDO DE RESERVA),263,5223,Bloqueo transforaminal (mas de 1 nivel),14906,92
PREVENCION (FONDO DE RESERVA),263,5218,Bloqueo paravertebral hasta dos nervios,15213,90
PREVENCION (FONDO DE RESERVA),263,5221,Bloqueo regional Bier con farmacos para diagnostico,15214,90
PREVENCION (FONDO DE RESERVA),263,5222,Bloqueo transforaminal (1 nivel),15243,91
PREVENCION (FONDO DE RESERVA),263,5209,Bloqueo diagnostico o terapeutico de G Estrellado guiado por imagenes,15252,92
PREVENCION (FONDO DE RESERVA),263,5212,Bloqueo diagnostico o terapeutico facetario (art cervical o dorsal) (una faceta),15265,93
PREVENCION (FONDO DE RESERVA),263,5213,Bloqueo diagnostico/ terapeutico   facetario art cervicalo dorsal (masde1faceta),15267,93
PREVENCION (FONDO DE RESERVA),263,5208,Bloqueo diagnostico o terapeutico de G Simpatico toracico,15269,93
PREVENCION (FONDO DE RESERVA),263,7523,Rf. / Bloqueo de Ganglio de Gasser,15282,95
PREVENCION (FONDO DE RESERVA),263,7593,Bloqueo nervio frenico  para neumotorax recidivante,15365,91
PREVENCION (FONDO DE RESERVA),263,5225,Bocio endotoracico,13780,94
PREVENCION (FONDO DE RESERVA),263,5227,Braquiterapia ginecologica (colocacion de radium intra-cavitario),13781,91
PREVENCION (FONDO DE RESERVA),263,5228,Braquiterapia intersticial de cabeza y cuello,14908,91
PREVENCION (FONDO DE RESERVA),263,5230,Braquiterapia urologica,14909,91
PREVENCION (FONDO DE RESERVA),263,5231,Braquiterapia urologica con abordaje abdominal para reseccion de plexos hipogastricos,14910,94
PREVENCION (FONDO DE RESERVA),263,5229,Braquiterapia intersticial de partes blandas,15245,91
PREVENCION (FONDO DE RESERVA),263,5226,Braquiterapia en cancer de prostata,15429,91
PREVENCION (FONDO DE RESERVA),263,5232,Broncorrafia,13782,93
PREVENCION (FONDO DE RESERVA),263,5233,Broncoscopia con broncoscopio rigido,13783,91
PREVENCION (FONDO DE RESERVA),263,5234,Bursitis,13784,90
PREVENCION (FONDO DE RESERVA),263,6387,Reseccion de exostosis y bursitis (operacion de Haglund - prolongacion osea en el dorso del talon -),14622,90
PREVENCION (FONDO DE RESERVA),263,5237,Cadera en resorte,13788,93
PREVENCION (FONDO DE RESERVA),263,5395,Colocacion de tutor externo (excepto de cadera y maxilar),13903,92
PREVENCION (FONDO DE RESERVA),263,5396,Colocacion de tutor externo de cadera,13904,93
PREVENCION (FONDO DE RESERVA),263,5446,"Correccion quirurgica de luxacion congenita de cadera, cruenta, con o sin osteotomia",13950,94
PREVENCION (FONDO DE RESERVA),263,5536,Displasia de cadera,14005,92
PREVENCION (FONDO DE RESERVA),263,5731,Extraccion de placas y/o tornillos (no de rodilla ni de cadera),14155,90
PREVENCION (FONDO DE RESERVA),263,5732,Extraccion de placas y/o tornillos de cadera o rodilla,14156,91
PREVENCION (FONDO DE RESERVA),263,5736,Extraccion de protesis total de cadera,14159,93
PREVENCION (FONDO DE RESERVA),263,5738,Extraccion de protesis y reemplazo en el mismo acto (rodilla o cadera),14161,95
PREVENCION (FONDO DE RESERVA),263,6150,"Osteosintesis de hombro, rodilla y cadera",14450,93
PREVENCION (FONDO DE RESERVA),263,6331,"Reduccion incruenta de luxaciones (hombro, codo, cadera, rodilla)",14576,90
PREVENCION (FONDO DE RESERVA),263,6338,Reemplazo total de cadera,14582,95
PREVENCION (FONDO DE RESERVA),263,6430,Revision de osteosintesis (no de cadera),14650,93
PREVENCION (FONDO DE RESERVA),263,6431,Revision de osteosintesis de cadera,14651,94
PREVENCION (FONDO DE RESERVA),263,6433,Revision de protesis total de cadera,14653,95
PREVENCION (FONDO DE RESERVA),263,6552,Toillete quirurgico de cadera,14729,91
PREVENCION (FONDO DE RESERVA),263,6677,Video-artroscopia de cadera,14825,94
PREVENCION (FONDO DE RESERVA),263,5902,"Infiltracion art rodilla, cadera, codo, hombro y otras, guiadas por, (art adic)",15016,91
PREVENCION (FONDO DE RESERVA),263,5903,"Infiltracion art rodilla, cadera, codo, hombro y otras. art adicional",15017,90
PREVENCION (FONDO DE RESERVA),263,5905,"Infiltracion articulacion rodilla, cadera, codo, hombro y otras una",15018,90
PREVENCION (FONDO DE RESERVA),263,5980,Liposuccion de cadera,15040,93
PREVENCION (FONDO DE RESERVA),263,8118,Reduccion incruenta de luxacion (ejemplo cadera),15470,90
PREVENCION (FONDO DE RESERVA),263,5735,Extraccion de protesis parcial de cadera,15474,92
PREVENCION (FONDO DE RESERVA),263,6410,Reseccion parcial de cadera,15475,93
PREVENCION (FONDO DE RESERVA),263,6323,Reduccion cruenta de luxacion de cadera,15479,93
PREVENCION (FONDO DE RESERVA),263,8115,Reduccion incruenta de luxacion de cadera,15481,90
PREVENCION (FONDO DE RESERVA),263,5238,Calcificaciones de hombro,13789,90
PREVENCION (FONDO DE RESERVA),263,10005,Recambio o retirada de bomba de infusion continua,69332,94
PREVENCION (FONDO DE RESERVA),263,5240,Cambio de generador,13790,91
PREVENCION (FONDO DE RESERVA),263,6297,Recambio de cateter de derivacion ventriculo-peritoneal,14565,92
PREVENCION (FONDO DE RESERVA),263,6436,Revision y recambio de protesis de hombro,14656,95
PREVENCION (FONDO DE RESERVA),263,5239,Cambio Implantes,14911,94
PREVENCION (FONDO DE RESERVA),263,6358,"Reintervencion alejada mas de 24 horas (cambio de valvula, by-pass, protesis, banding)",15146,98
PREVENCION (FONDO DE RESERVA),263,5243,Canalizacion de via central,15232,90
PREVENCION (FONDO DE RESERVA),263,5241,Canalizacion arterial,15233,90
PREVENCION (FONDO DE RESERVA),263,5242,Canalizacion de venas o arterias como unico procedimiento,15538,89
PREVENCION (FONDO DE RESERVA),263,5244,Cantotomia externa,15227,90
PREVENCION (FONDO DE RESERVA),263,5245,Capsulectomia,15242,91
PREVENCION (FONDO DE RESERVA),263,5246,Capsuloplastia,13791,91
PREVENCION (FONDO DE RESERVA),263,10002,Capsulotomia,69331,90
PREVENCION (FONDO DE RESERVA),263,5247,Capsulotomia (cristalino),13792,90
PREVENCION (FONDO DE RESERVA),263,5248,Cardiomioplastia,14912,95
PREVENCION (FONDO DE RESERVA),263,5249,Cardiorrafia,14913,94
PREVENCION (FONDO DE RESERVA),263,5250,Cardioversion electrica de arritmias,13793,90
PREVENCION (FONDO DE RESERVA),263,5251,Caruncula uretral,13794,89
PREVENCION (FONDO DE RESERVA),263,5253,Cateterismo cardiaco mas angiocardiografia,13795,91
PREVENCION (FONDO DE RESERVA),263,5254,Cateterismo cardiaco para toma de presiones y muestras de sangre,13796,91
PREVENCION (FONDO DE RESERVA),263,5255,Cateterismo de ambas carotidas con o sin colocacion de stents,13797,93
PREVENCION (FONDO DE RESERVA),263,5256,Cateterismo del ureter,13798,90
PREVENCION (FONDO DE RESERVA),263,5257,Cateterismo vesical / cistomanometria,13799,91
PREVENCION (FONDO DE RESERVA),263,8102,Cateterismo cardiaco mas angiocardiografia CA,15541,92
PREVENCION (FONDO DE RESERVA),263,5258,Cauterizacion del cuello uterino con laser,13800,91
PREVENCION (FONDO DE RESERVA),263,5259,Cavernostomia,15368,93
PREVENCION (FONDO DE RESERVA),263,5260,Cavografia toracica o abdominal (colocacion de portacath),13801,91
PREVENCION (FONDO DE RESERVA),263,6200,Pie Bot / cavo / equino unilateral,14491,92
PREVENCION (FONDO DE RESERVA),263,7542,"Tetralogia de Fallot, canal atrioventricular, Tubo VD-AP, Anomalia total del retorno venoso pulmonar, Estenosis SubAo, Comisurotomia Ao o Pulmonar, Valvuloplatia Ao o Pulmonar, Glenn, Cavopulmonar, Cirugia de MAZE, Sindrome de Cimitarra, Rastelli, Senning, Jatene, Cirugia de Ross no en el recien nacido",15287,98
PREVENCION (FONDO DE RESERVA),263,5261,Cecostomia,15324,91
PREVENCION (FONDO DE RESERVA),263,5262,Centellograma oseo radio-isotopico,14914,90
PREVENCION (FONDO DE RESERVA),263,5263,Cerclaje (correccion de incontinencia cervical),13802,90
PREVENCION (FONDO DE RESERVA),263,5335,"Cirugias de cardiopatias congenitas sin CEC (cierre de ductus, cerclaje de arteria pulmonar, coartacion de aorta)",14926,95
PREVENCION (FONDO DE RESERVA),263,7543,"Cirugias de cardiopatias congenitas complejas (transposicion, tronco arterioso, ductus arterioso permiable, cerclaje de la arteria pulmonar, anillo vascular, subclavia drecha aberrante)",15285,98
PREVENCION (FONDO DE RESERVA),263,8108,Colpopexia / cerclaje,15395,91
PREVENCION (FONDO DE RESERVA),263,5712,Extraccion de cuerpo extraño de cerebro,14136,94
PREVENCION (FONDO DE RESERVA),263,5884,Implante de material radioactivo en cerebro,14279,98
PREVENCION (FONDO DE RESERVA),263,5266,Chalazion,15522,89
PREVENCION (FONDO DE RESERVA),263,5267,Cicatriz retractil de cuello / reseccion e injerto,14915,92
PREVENCION (FONDO DE RESERVA),263,6376,Reseccion de cicatriz grande / zetoplastia,15150,92
PREVENCION (FONDO DE RESERVA),263,6377,Reseccion de cicatriz retractil en cuello con o sin injerto,15151,93
PREVENCION (FONDO DE RESERVA),263,6378,Reseccion simple de cicatriz,15220,90
PREVENCION (FONDO DE RESERVA),263,6388,Reseccion de gran cicatriz / zetaplastia,15241,91
PREVENCION (FONDO DE RESERVA),263,5268,Cierre de Hartmann,13805,93
PREVENCION (FONDO DE RESERVA),263,5269,Cierre de Hartmann por videolaparoscopia,13806,94
PREVENCION (FONDO DE RESERVA),263,5270,Cierre de colostomia,13807,91
PREVENCION (FONDO DE RESERVA),263,5272,Cierre de defectos septales con dispositivos de tipo Amplatzer,13808,95
PREVENCION (FONDO DE RESERVA),263,5273,Cierre de defectos septales congenitos simples en hemodinamia,13809,94
PREVENCION (FONDO DE RESERVA),263,5274,Cierre de ductus arterioso permeable con coils o similar en hemodinamia,13810,95
PREVENCION (FONDO DE RESERVA),263,5275,Cierre de faringostomia,13811,92
PREVENCION (FONDO DE RESERVA),263,5276,Cierre de fistula arterio-venosa de hemodialisis,13812,91
PREVENCION (FONDO DE RESERVA),263,5277,Cierre de fistula branquial y/o quiste branquial o vestigio,13813,92
PREVENCION (FONDO DE RESERVA),263,5278,Cierre de fistula bronco-cutanea,13814,92
PREVENCION (FONDO DE RESERVA),263,5279,Cierre de fistula esofago-cutanea,13816,94
PREVENCION (FONDO DE RESERVA),263,5280,Cierre de fistula externa de boca,13818,91
PREVENCION (FONDO DE RESERVA),263,5281,Cierre de fistula mastoidea,13819,92
PREVENCION (FONDO DE RESERVA),263,5282,Cierre de fistula meningea por via transinusal,13820,93
PREVENCION (FONDO DE RESERVA),263,5283,Cierre de fistula oral del seno maxilar (buco-antral),13821,92
PREVENCION (FONDO DE RESERVA),263,5284,Cierre de fistula traqueo-esofagica,13822,94
PREVENCION (FONDO DE RESERVA),263,5285,Cierre de fistula uretro-rectal,13824,92
PREVENCION (FONDO DE RESERVA),263,5286,Cierre de gastrostomia y/o fistula gastrica,13825,92
PREVENCION (FONDO DE RESERVA),263,5288,Cierre de ileostomia,13826,91
PREVENCION (FONDO DE RESERVA),263,5289,Cierre de traqueostomia,13827,90
PREVENCION (FONDO DE RESERVA),263,6643,ulcera perforada / gastrorrafia/ herida perforada / cierre de fistula gastrica,14799,93
PREVENCION (FONDO DE RESERVA),263,5271,Cierre de defectos septales adquiridos,14916,95
PREVENCION (FONDO DE RESERVA),263,5287,Cierre de grandes defectos con combinacion de varios colgajos,14918,93
PREVENCION (FONDO DE RESERVA),263,5290,Cierre diferido de torax posterior a cirugia cardiaca,14920,94
PREVENCION (FONDO DE RESERVA),263,5334,Cirugias de cardiopatias congenitas simples (cierre de defectos septales),14925,95
PREVENCION (FONDO DE RESERVA),263,5637,Estafilorrafia (cierre del paladar blando),14980,91
PREVENCION (FONDO DE RESERVA),263,6614,Tumor benigno de mas de 5 cm / extirpacion y cierre plastico,15194,91
PREVENCION (FONDO DE RESERVA),263,5291,Circuncision,15408,91
PREVENCION (FONDO DE RESERVA),263,7000,Cirugia Suspendida,43224,89
PREVENCION (FONDO DE RESERVA),263,6704,Cirugia de Bahas,60855,94
PREVENCION (FONDO DE RESERVA),263,9008,Cirugias Cardiacas con valor diferenciado Clinica Reg. Del Sud,69335,61
PREVENCION (FONDO DE RESERVA),263,8529,Cirugia tricompartimental de piso pelvico,69379,93
PREVENCION (FONDO DE RESERVA),263,5292,Cirugia antireflujo esofagico (Nissen) a cielo abierto,13828,93
PREVENCION (FONDO DE RESERVA),263,5293,Cirugia artroscopica de hombro (cirugia de Bankart artroscopica y similares),13829,93
PREVENCION (FONDO DE RESERVA),263,5295,"Cirugia compleja de columna (escoliosis congenita / adquirida, con test del despertar o potenciales evocados)",13830,98
PREVENCION (FONDO DE RESERVA),263,5296,"Cirugia compleja de columna, con abordaje anterior y posterior y/o con patologia asociada",13831,98
PREVENCION (FONDO DE RESERVA),263,5298,Cirugia de Bricker (cistectomia radical + reemplazo vesical con asa ileal),13832,96
PREVENCION (FONDO DE RESERVA),263,5301,Cirugia de agenesia del CAE,13833,92
PREVENCION (FONDO DE RESERVA),263,5306,Cirugia de craneo video-asistida (mas de 8 horas de duracion),13836,98
PREVENCION (FONDO DE RESERVA),263,5307,Cirugia de craneo video-asistida (menos de 8 horas de duracion),13837,98
PREVENCION (FONDO DE RESERVA),263,5308,"Cirugia de la 1ra porcion del nervio facial, el nervio auditivo o el vestibular",13838,94
PREVENCION (FONDO DE RESERVA),263,5309,Cirugia de la 2da y 3ra porcion del nervio facial,13839,94
PREVENCION (FONDO DE RESERVA),263,5311,"Cirugia de la fosa pterigo-maxilar (exploracion, escision de tumores, etc)",13840,93
PREVENCION (FONDO DE RESERVA),263,5312,Cirugia de la obesidad (by-pass gastrico) a cielo abierto,13841,95
PREVENCION (FONDO DE RESERVA),263,5313,Cirugia de la obesidad (by-pass gastrico) por video,13842,98
PREVENCION (FONDO DE RESERVA),263,5314,Cirugia de la obesidad (manga gastrica) por video,13843,95
PREVENCION (FONDO DE RESERVA),263,5315,Cirugia de la vena cava,13844,94
PREVENCION (FONDO DE RESERVA),263,5316,Cirugia de las arritmias / colocacion de cardio-desfibrilador endocavitario,13845,95
PREVENCION (FONDO DE RESERVA),263,5317,Cirugia de las ramas de la aorta abdominal,13846,94
PREVENCION (FONDO DE RESERVA),263,5318,Cirugia de los grandes troncos arterio-venosos del torax,13847,94
PREVENCION (FONDO DE RESERVA),263,5319,Cirugia de tumores etmoidales,13848,93
PREVENCION (FONDO DE RESERVA),263,5320,Cirugia del conducto auditivo interno y su contenido,13849,94
PREVENCION (FONDO DE RESERVA),263,5321,Cirugia del glomus yugularis,13850,94
PREVENCION (FONDO DE RESERVA),263,5322,Cirugia del saco endolinfatico,13851,93
PREVENCION (FONDO DE RESERVA),263,5323,Cirugia endoscopica de tejido linfoideo rino-faringeo,13852,92
PREVENCION (FONDO DE RESERVA),263,5325,Cirugia para el tratamiento del mal de Parkinson (menos de 8 horas de duracion),13854,98
PREVENCION (FONDO DE RESERVA),263,5326,Cirugia plastica por agenesia del oido medio,13855,94
PREVENCION (FONDO DE RESERVA),263,5330,Cirugia vasculo-renal,13856,93
PREVENCION (FONDO DE RESERVA),263,5331,Cirugia videoartroscopica de codo,13857,93
PREVENCION (FONDO DE RESERVA),263,5332,Cirugia videoartroscopica de hombro (cirugia de Bankart artroscopica y similar),13858,93
PREVENCION (FONDO DE RESERVA),263,5336,Cirugias intra-uterinas a cielo abierto o por puncion,13859,96
PREVENCION (FONDO DE RESERVA),263,5497,Dermolipectomia post-cirugia bariatrica,13975,94
PREVENCION (FONDO DE RESERVA),263,5756,Facoexeresis con implante de lente intraocular (cirugia de cataratas),14172,93
PREVENCION (FONDO DE RESERVA),263,5816,Gran cirugia reconstructora de mano,14214,95
PREVENCION (FONDO DE RESERVA),263,5850,Hernia hiatal por videolaparoscopia (cirugia antireflujo por videolaparoscopia),14253,94
PREVENCION (FONDO DE RESERVA),263,6020,Microcirugia de la via espermal,14373,98
PREVENCION (FONDO DE RESERVA),263,6021,Microcirugia de laringe,14374,92
PREVENCION (FONDO DE RESERVA),263,6022,Microcirugia tubaria unilateral,14375,93
PREVENCION (FONDO DE RESERVA),263,6023,Microcirugia tubaria unilateral por videolaparoscopia,14376,95
PREVENCION (FONDO DE RESERVA),263,6350,Reimplante de miembros o dedos por microcirugia,14594,98
PREVENCION (FONDO DE RESERVA),263,6352,Reimplante total o parcial de miembro con microcirugia,14595,98
PREVENCION (FONDO DE RESERVA),263,6664,Varices residuales (microcirugia),14815,91
PREVENCION (FONDO DE RESERVA),263,5297,Cirugia coronaria o valvular por mini-toracotomia,14921,98
PREVENCION (FONDO DE RESERVA),263,5304,Cirugia de by-pass aorto-coronario,14922,95
PREVENCION (FONDO DE RESERVA),263,5300,Cirugia de Norwood,14923,96
PREVENCION (FONDO DE RESERVA),263,5327,Cirugia reductiva bilateral de mama,14924,98
PREVENCION (FONDO DE RESERVA),263,5368,Colgajos libres con micro-cirugia vascular,14936,94
PREVENCION (FONDO DE RESERVA),263,5887,Implante mamario en cirugia reconstructiva,15014,94
PREVENCION (FONDO DE RESERVA),263,5999,Mastomegalia / cirugia reductora no estetica unilateral,15043,94
PREVENCION (FONDO DE RESERVA),263,6292,Radioneurocirugia esterotaxica,15119,95
PREVENCION (FONDO DE RESERVA),263,6344,Reemplazo valvular o bi-valvular con cirugia de revascularizacion,15144,96
PREVENCION (FONDO DE RESERVA),263,6351,Reimplante de oreja con microcirugia vascular,15145,94
PREVENCION (FONDO DE RESERVA),263,7537,Cirugia de  by- pass aorto- coronaria sin CEC,15284,98
PREVENCION (FONDO DE RESERVA),263,7538,cirugia de Co Ao (con o sin CEC),15286,98
PREVENCION (FONDO DE RESERVA),263,7541,"Cirugia de transposicion de grandes vasos, Tronco arterioso, Norwood, Anomalia total del retorno venoso",15293,96
PREVENCION (FONDO DE RESERVA),263,6700,Cirugia reduccion volumenes pulmonares por video,15370,99
PREVENCION (FONDO DE RESERVA),263,6701,Cirugia de adecuacion de sexo,15398,106
PREVENCION (FONDO DE RESERVA),263,7528,"Cirugia de Mitrofanoff (apendico-vesicostomia) (ptes paraplejicos, vejiga neurogenica, espina bifida)",15428,95
PREVENCION (FONDO DE RESERVA),263,5305,Cirugia de columna por videofibroscopia,15487,98
PREVENCION (FONDO DE RESERVA),263,5324,Cirugia para el tratamiento del mal de Parkinson (mas de 8 horas de duracion)8,15537,98
PREVENCION (FONDO DE RESERVA),263,5310,Cirugia de la carotida,15542,94
PREVENCION (FONDO DE RESERVA),263,5337,Cistectomia parcial,13861,93
PREVENCION (FONDO DE RESERVA),263,5338,Cistectomia parcial con reimplante de ureter,13862,93
PREVENCION (FONDO DE RESERVA),263,5339,Cistectomia parcial o total por video-laparoscopia,13863,95
PREVENCION (FONDO DE RESERVA),263,5340,Cistectomia total,13864,94
PREVENCION (FONDO DE RESERVA),263,5348,Colecistectomia laparoscopica convertida,13869,94
PREVENCION (FONDO DE RESERVA),263,5349,Colecistectomia simple,13870,92
PREVENCION (FONDO DE RESERVA),263,5554,Duodeno-papilotomia con o sin colecistectomia,14026,93
PREVENCION (FONDO DE RESERVA),263,5671,Exploracion de las vias biliares por laparoscopia con o sin colecistectomia,14114,94
PREVENCION (FONDO DE RESERVA),263,5672,Exploracion de vias biliares con o sin colecistectomia,14115,93
PREVENCION (FONDO DE RESERVA),263,5673,Exploracion de vias biliares por via laparoscopica con o sin colecistectomia,14116,94
PREVENCION (FONDO DE RESERVA),263,6044,Nefro-ureterectomia con o sin cistectomia parcial,14393,95
PREVENCION (FONDO DE RESERVA),263,5347,Colecistectomia por videolaparoscopia,15305,93
PREVENCION (FONDO DE RESERVA),263,5341,Cistoplastia,13865,93
PREVENCION (FONDO DE RESERVA),263,6709,Cistorrafia por Videolaparoscopia,60860,92
PREVENCION (FONDO DE RESERVA),263,5342,Cistorrafia,13866,90
PREVENCION (FONDO DE RESERVA),263,5343,Cistostomia (talla vesical),13867,90
PREVENCION (FONDO DE RESERVA),263,5350,Colecistostomia,13871,92
PREVENCION (FONDO DE RESERVA),263,5351,Colecistostomia percutanea,15302,91
PREVENCION (FONDO DE RESERVA),263,5564,Electrocoagulacion de cornetes,14031,91
PREVENCION (FONDO DE RESERVA),263,5612,Escision o electrocoagulacion de amigdala lingual,14071,90
PREVENCION (FONDO DE RESERVA),263,5784,Fotocoagulacion de retina,14197,90
PREVENCION (FONDO DE RESERVA),263,6409,Reseccion endoscopica de vejiga por electrocoagulacion (TUR-V),14633,92
PREVENCION (FONDO DE RESERVA),263,7583,Coagulacion de angiodisplacias con argon plasma,15339,92
PREVENCION (FONDO DE RESERVA),263,5426,Correccion de coartacion de aorta en hemodinamia,13928,95
PREVENCION (FONDO DE RESERVA),263,5344,Coartacion de aorta con CEC (CEC: circulacion extra-corporea),14927,95
PREVENCION (FONDO DE RESERVA),263,5345,Coartacion de aorta sin CEC (CEC: circulacion extra-corporea),14928,95
PREVENCION (FONDO DE RESERVA),263,5346,Cobalto-terapia,13868,92
PREVENCION (FONDO DE RESERVA),263,5352,Colectomia o hemicolectomia abdomino -pelvica (operacion de Miles),13872,95
PREVENCION (FONDO DE RESERVA),263,5354,Colectomia total por videolaparoscopia,13873,96
PREVENCION (FONDO DE RESERVA),263,5355,Colectomia transversa segmentaria (operacion de Hartmann),13875,94
PREVENCION (FONDO DE RESERVA),263,5356,Colectomia transversa segmentaria de Hartman por videolaparoscopia (Hartman laparoscopica),13876,95
PREVENCION (FONDO DE RESERVA),263,5357,Colectomia transversa segmentaria por videolaparoscopia (Hartman laparoscopica),13877,95
PREVENCION (FONDO DE RESERVA),263,5823,Hemicolectomia,14221,94
PREVENCION (FONDO DE RESERVA),263,5824,Hemicolectomia por videolaparoscopia,14222,95
PREVENCION (FONDO DE RESERVA),263,5353,Colectomia total,15330,95
PREVENCION (FONDO DE RESERVA),263,7524,Colectomia o hemicolectomia abdomino -pelvica (operacion de Miles) por videolaparoscopia,15331,98
PREVENCION (FONDO DE RESERVA),263,5359,Coledocotomia como unica intervencion,15304,92
PREVENCION (FONDO DE RESERVA),263,5360,Colesteatoma,13879,92
PREVENCION (FONDO DE RESERVA),263,5600,Escision ampliada de mucosa yugal y recomposicion inmediata con injerto o colgajo,14060,93
PREVENCION (FONDO DE RESERVA),263,5914,Injerto o colgajo de piel de dedos (hasta 3),14292,90
PREVENCION (FONDO DE RESERVA),263,5915,Injerto o colgajo de piel de dedos (mas de 3),14293,91
PREVENCION (FONDO DE RESERVA),263,6309,Reconstruccion diferida de piramide nasal con colgajo,14568,92
PREVENCION (FONDO DE RESERVA),263,6318,Reconstruccion total de paladar inmediata con injerto o colgajo,14569,95
PREVENCION (FONDO DE RESERVA),263,5361,Colgajo alejado,14929,92
PREVENCION (FONDO DE RESERVA),263,5362,Colgajo de vecindad,14930,91
PREVENCION (FONDO DE RESERVA),263,5363,Colgajo de vecindad o a la distancia para reconstruccion total de labio,14931,93
PREVENCION (FONDO DE RESERVA),263,5364,Colgajo diferido,14932,91
PREVENCION (FONDO DE RESERVA),263,5365,"Colgajo en isla, reparacion de ceja",14933,91
PREVENCION (FONDO DE RESERVA),263,5366,Colgajo miocutaneo,14934,92
PREVENCION (FONDO DE RESERVA),263,5367,Colgajo para reconstruccion parcial de labio,14935,91
PREVENCION (FONDO DE RESERVA),263,5754,"FLAP unilateral completo (FLAP: colgajo, segmento de tejido que se trasplanta de una zona a otra del cuerpo)",14997,94
PREVENCION (FONDO DE RESERVA),263,6306,reconstruccion de oreja parcial o total mediante colgajos y o injertos,15130,92
PREVENCION (FONDO DE RESERVA),263,6311,Reconstruccion mamaria con colgajo cutaneo o miocutaneo,15133,95
PREVENCION (FONDO DE RESERVA),263,6310,Reconstruccion mamaria con TRAM (colgajo miocutaneo del recto abdominal transverso),15135,98
PREVENCION (FONDO DE RESERVA),263,6315,Reconstruccion total de nariz mediante colgajos,15138,93
PREVENCION (FONDO DE RESERVA),263,6626,"Tumor de labio superior e inferior, con o sin colgajos",15195,94
PREVENCION (FONDO DE RESERVA),263,5755,"FLAP unilateral incompleto (FLAP: colgajo, segmento de tejido que se trasplanta de una zona",15258,93
PREVENCION (FONDO DE RESERVA),263,5678,Extirpacion de apendices pre-auriculares (coloboma auris),14120,90
PREVENCION (FONDO DE RESERVA),263,5369,"Coloboma de parpado, reconstruccion simple",14937,90
PREVENCION (FONDO DE RESERVA),263,7794,Titulacion espinal de opioides para colocacion de bomba implantables (test),69291,93
PREVENCION (FONDO DE RESERVA),263,9541,Colocacion de Protesis,69346,95
PREVENCION (FONDO DE RESERVA),263,5371,"Colocacion de VAC (vacum, por ejemplo en rodilla)",13880,89
PREVENCION (FONDO DE RESERVA),263,5373,Colocacion de cateter intra-hepatico para quimioterapia,13881,92
PREVENCION (FONDO DE RESERVA),263,5374,Colocacion de cateter para medicion de PIC (PIC: presion intra-craneal),13882,93
PREVENCION (FONDO DE RESERVA),263,5375,Colocacion de coils en vasculatura toracica o abdominal,13883,94
PREVENCION (FONDO DE RESERVA),263,5377,Colocacion de endoprotesis de aorta en hemodinamia,13884,95
PREVENCION (FONDO DE RESERVA),263,5378,Colocacion de endoprotesis en arterias o venas toracicas o abdominales,13885,98
PREVENCION (FONDO DE RESERVA),263,5379,Colocacion de esfinter artificial,13886,92
PREVENCION (FONDO DE RESERVA),263,5380,Colocacion de filtros en la vena cava,13887,93
PREVENCION (FONDO DE RESERVA),263,5381,Colocacion de marcapaso endocavitario,13888,91
PREVENCION (FONDO DE RESERVA),263,5382,Colocacion de marcapaso epicardico,13889,92
PREVENCION (FONDO DE RESERVA),263,5383,Colocacion de protesis / stent en esofago,13890,91
PREVENCION (FONDO DE RESERVA),263,5384,Colocacion de protesis cervical / dorsal / o lumbar,13891,95
PREVENCION (FONDO DE RESERVA),263,5385,Colocacion de radium intra-cavitario,13892,91
PREVENCION (FONDO DE RESERVA),263,5386,Colocacion de semillas radioactivas transrectal,13893,92
PREVENCION (FONDO DE RESERVA),263,5387,Colocacion de sonda de alimentacion por endoscopia,13894,90
PREVENCION (FONDO DE RESERVA),263,5388,Colocacion de stent colonico,13895,91
PREVENCION (FONDO DE RESERVA),263,5389,Colocacion de stent en duodeno por endoscopia,13896,91
PREVENCION (FONDO DE RESERVA),263,5390,Colocacion de stent en la  via biliar por endoscopia,13897,92
PREVENCION (FONDO DE RESERVA),263,5392,Colocacion de stent traqueal o bronquial,13899,93
PREVENCION (FONDO DE RESERVA),263,5393,Colocacion de taponaje vesical,13901,90
PREVENCION (FONDO DE RESERVA),263,5394,Colocacion de tips para cirrosis,13902,92
PREVENCION (FONDO DE RESERVA),263,5397,Colocacion de tutor externo maxilar,13905,93
PREVENCION (FONDO DE RESERVA),263,5399,Colocacion de via central / colocacion cateter doble Y / tunelizado / cateter para quimioterapia / cateter picc,13907,91
PREVENCION (FONDO DE RESERVA),263,5400,"Colocacion de yeso de antebrazo, braquipalmar, pierna o pedico",13908,89
PREVENCION (FONDO DE RESERVA),263,5402,Colocacion o extraccion de balon gastrico en obesidad (gastroenterologia),13909,92
PREVENCION (FONDO DE RESERVA),263,5403,Colocacion percutanea de stents para las vias biliares (por puncion hepatica),13910,93
PREVENCION (FONDO DE RESERVA),263,5404,Colocacion y extraccion de yesos,13912,89
PREVENCION (FONDO DE RESERVA),263,5444,"Correccion incontinencia orina (Bursch, Marshal- Marchetti, colocacion de malla de Sling)",13947,92
PREVENCION (FONDO DE RESERVA),263,5477,"DIU, colocacion o extraccion",13961,89
PREVENCION (FONDO DE RESERVA),263,5522,Dilatacion de traquea y/o colocacion de stent bronquial,13999,93
PREVENCION (FONDO DE RESERVA),263,5523,Dilatacion del ureter + colocacion de pig-tail,14000,91
PREVENCION (FONDO DE RESERVA),263,5804,Gastrostomia (colocacion / extraccion y/o recolocacion) (tipo boton gastrico),14206,91
PREVENCION (FONDO DE RESERVA),263,6032,Miringotomia (paracentesis) con o sin colocacion de tubos trans-timpanicos (diabolos o similar),14384,90
PREVENCION (FONDO DE RESERVA),263,6363,Reparacion de hernia con colocacion de malla de tipo Marlex o similares,14606,92
PREVENCION (FONDO DE RESERVA),263,5376,Colocacion de desfibrilador interno,14938,93
PREVENCION (FONDO DE RESERVA),263,5370,Colocacion de expansor mamario,15259,93
PREVENCION (FONDO DE RESERVA),263,7552,Mastectomia bilateral con colocacion de protesis,15292,98
PREVENCION (FONDO DE RESERVA),263,7585,Colocacion de balon intragastrico,15341,92
PREVENCION (FONDO DE RESERVA),263,8111,Colocacion de cateter doble “J” (tipo pig-tail o similares),15415,91
PREVENCION (FONDO DE RESERVA),263,8113,Colocacion de cateter de pig-tail,15422,91
PREVENCION (FONDO DE RESERVA),263,5401,"Colocacion de yeso de tipo: minerva, corse, toracobraquial; pelvi-rotuliano o pelvi-pedico",15434,90
PREVENCION (FONDO DE RESERVA),263,7531,Colocacion  de protesis,15543,95
PREVENCION (FONDO DE RESERVA),263,7581,Colonoscopia con polipectomia con clips o Mucosectomia,15337,92
PREVENCION (FONDO DE RESERVA),263,5406,Colonovideoscopia con polipectomia,13914,91
PREVENCION (FONDO DE RESERVA),263,5407,Colpoperineorrafia anterior y/o posterior,13915,92
PREVENCION (FONDO DE RESERVA),263,5870,Histerectomia vaginal con o sin colpoperineorrafia,14269,93
PREVENCION (FONDO DE RESERVA),263,5408,Colpopexia,13916,91
PREVENCION (FONDO DE RESERVA),263,5409,Colpopexia con malla de Sling o similares,13917,92
PREVENCION (FONDO DE RESERVA),263,5410,Colpotomia / lesion local de vagina,13918,89
PREVENCION (FONDO DE RESERVA),263,5411,Comisuroplastia,14939,90
PREVENCION (FONDO DE RESERVA),263,5412,Condilomas acuminados (fulguracion),13919,89
PREVENCION (FONDO DE RESERVA),263,5414,Conizacion de cuello uterino o leep,13921,90
PREVENCION (FONDO DE RESERVA),263,5415,Conjuntivoplastia,13922,91
PREVENCION (FONDO DE RESERVA),263,5419,Conversion electrica de arritmias cardiacas,14941,90
PREVENCION (FONDO DE RESERVA),263,5420,Cordocentesis (transfusion intra-uterina),13923,91
PREVENCION (FONDO DE RESERVA),263,5421,Cordotomia,15529,94
PREVENCION (FONDO DE RESERVA),263,5422,Correccion de adherencias vaginales,13924,90
PREVENCION (FONDO DE RESERVA),263,5425,Correccion de cistocele,13927,91
PREVENCION (FONDO DE RESERVA),263,5427,Correccion de diastasis de los rectos,13929,91
PREVENCION (FONDO DE RESERVA),263,5430,Correccion de fistula recto-uterina o vesico-uterina,13931,93
PREVENCION (FONDO DE RESERVA),263,5431,Correccion de fistula recto-vaginal,13932,92
PREVENCION (FONDO DE RESERVA),263,5432,Correccion de fistula recto-vaginal + reconstruccion del esfinter anal,13933,93
PREVENCION (FONDO DE RESERVA),263,5433,Correccion de fistula vesico-vaginal,13934,92
PREVENCION (FONDO DE RESERVA),263,5434,"Correccion de incontinencia de orina (Marshall-Marchetti, Bursch o similares)",13935,92
PREVENCION (FONDO DE RESERVA),263,5435,Correccion de incontinencia de orina con malla de tipo Sling,13936,92
PREVENCION (FONDO DE RESERVA),263,5436,Correccion de incontinencia de orina por video,13937,93
PREVENCION (FONDO DE RESERVA),263,5437,Correccion de incontinencia de orina por video-laparoscopia,13938,93
PREVENCION (FONDO DE RESERVA),263,5438,Correccion de inversion uterina,13939,90
PREVENCION (FONDO DE RESERVA),263,5439,Correccion de malformaciones uterinas,13940,94
PREVENCION (FONDO DE RESERVA),263,5440,Correccion de reflujo vesico-ureteral (RVU),13941,92
PREVENCION (FONDO DE RESERVA),263,5441,Correccion de tunel carpiano,13943,91
PREVENCION (FONDO DE RESERVA),263,5442,Correccion de tunel carpiano por videoartroscopia,13944,92
PREVENCION (FONDO DE RESERVA),263,5443,Correccion del reflujo por inyeccion sub-ureteral de sustancia bultica (tipo Vantrix® o Coaptite®),13945,92
PREVENCION (FONDO DE RESERVA),263,5445,Correccion quirurgica de acalasia,13948,93
PREVENCION (FONDO DE RESERVA),263,5447,Correccion quirurgica del sindrome del tunel carpiano,13951,91
PREVENCION (FONDO DE RESERVA),263,5704,Extraccion de barra post-correccion de pectus excavatum,14130,92
PREVENCION (FONDO DE RESERVA),263,5429,Correccion de fistula congenita de cuello,14943,91
PREVENCION (FONDO DE RESERVA),263,8535,Infiltracion con corticoides/ A. locales/ Aines en puntos gatillos (hasta 5),69385,90
PREVENCION (FONDO DE RESERVA),263,8536,Infiltracion con corticoides/ A. locales/ Aines en puntos gatillos (mas de 5),69386,91
PREVENCION (FONDO DE RESERVA),263,5448,"Corticoides epidurales, por sesion",14944,90
PREVENCION (FONDO DE RESERVA),263,5451,"Corticoterapia peridural ( dorsal, lumbar o caudal, sin control x imagenes)",14947,91
PREVENCION (FONDO DE RESERVA),263,5452,"Corticoterapia peridural (dorsal, lumbar o caudal con control x imagenes)",14948,92
PREVENCION (FONDO DE RESERVA),263,5453,Corticoterapia peridural cervical con o sin control por imagenes (por sesion),14949,93
PREVENCION (FONDO DE RESERVA),263,5449,Corticoterapia foraminal cervical guiada por imagenes,15264,94
PREVENCION (FONDO DE RESERVA),263,5450,Corticoterapia foraminal dorsal o lumbar guiada por imagenes (hasta dos),15266,93
PREVENCION (FONDO DE RESERVA),263,5454,Craneoestenosis / craneosinostosis,13952,95
PREVENCION (FONDO DE RESERVA),263,5952,Lesion tumoral de los huesos del craneo,14322,92
PREVENCION (FONDO DE RESERVA),263,6165,"Osteotomia craneo-facial sin tiempo neuroquirurgico (Crouzon, Apert, etc.)",14464,98
PREVENCION (FONDO DE RESERVA),263,6325,Reduccion de fractura expuesta de craneo,14573,93
PREVENCION (FONDO DE RESERVA),263,6164,Osteotomia craneo-facial con tiempo neuroquirurgico,15100,98
PREVENCION (FONDO DE RESERVA),263,5455,Craneoplastia,15276,94
PREVENCION (FONDO DE RESERVA),263,5456,Craneotomia exploradora,15534,93
PREVENCION (FONDO DE RESERVA),263,5457,"Cricotomia, laringorrafia, como unica operacion",15507,92
PREVENCION (FONDO DE RESERVA),263,5458,Crioneurolisis de articulacion sacro-iliaca bilateral,14951,94
PREVENCION (FONDO DE RESERVA),263,5459,Crioneurolisis de articulacion sacro-iliaca unilateral,14952,93
PREVENCION (FONDO DE RESERVA),263,5460,Crioneurolisis de nervio facetario (hasta 2 nervios),14953,93
PREVENCION (FONDO DE RESERVA),263,5461,Crioneurolisis de nervio facetario (mas 2 nervios),14954,94
PREVENCION (FONDO DE RESERVA),263,5463,Crioneurolisis de neuroma postquirurgicos,14956,92
PREVENCION (FONDO DE RESERVA),263,5464,Criptorquidea,13953,91
PREVENCION (FONDO DE RESERVA),263,5465,Criptorquidea u orquidopexia por video-laparoscopia,13954,92
PREVENCION (FONDO DE RESERVA),263,5466,Criptorquidea u orquidopexia por videolaparoscopia,13955,92
PREVENCION (FONDO DE RESERVA),263,5470,Cuadrantectomia unilateral,13956,92
PREVENCION (FONDO DE RESERVA),263,7596,Cuadrantectomia / tumorectomia ( mas ganglio centinela),15390,92
PREVENCION (FONDO DE RESERVA),263,7597,Cuadrantectomia / tumorectomia (mas  vaciamiento axilar),15391,93
PREVENCION (FONDO DE RESERVA),263,5471,Cuerpo extraño / bolo fecal,13957,90
PREVENCION (FONDO DE RESERVA),263,5472,Cuerpo extraño de pared,13958,89
PREVENCION (FONDO DE RESERVA),263,5473,Cuerpo extraño de tobillo,13959,89
PREVENCION (FONDO DE RESERVA),263,5616,Esclerotomia con extraccion de cuerpo extraño intraocular,14074,92
PREVENCION (FONDO DE RESERVA),263,5667,Exploracion / extraccion de cuerpo extraño de faringe,14110,90
PREVENCION (FONDO DE RESERVA),263,5713,Extraccion de cuerpo extraño de faringe / esofago / estomago,14137,91
PREVENCION (FONDO DE RESERVA),263,5714,Extraccion de cuerpo extraño de fosa nasal,14139,90
PREVENCION (FONDO DE RESERVA),263,5715,"Extraccion de cuerpo extraño de las vias aereas (traquea, bronquios)",14140,92
PREVENCION (FONDO DE RESERVA),263,5716,Extraccion de cuerpo extraño de lengua,14141,90
PREVENCION (FONDO DE RESERVA),263,5717,Extraccion de cuerpo extraño de mano,14142,90
PREVENCION (FONDO DE RESERVA),263,5719,Extraccion de cuerpo extraño de pie,14144,91
PREVENCION (FONDO DE RESERVA),263,5720,Extraccion de cuerpo extraño de traquea o bronquio,14145,92
PREVENCION (FONDO DE RESERVA),263,5721,Extraccion de cuerpo extraño del conducto auditivo externo (CAE),14147,89
PREVENCION (FONDO DE RESERVA),263,5722,Extraccion de cuerpo extraño en faringe /esofago / estomago / duodeno,14148,91
PREVENCION (FONDO DE RESERVA),263,5723,Extraccion de cuerpo extraño endoocular,14149,92
PREVENCION (FONDO DE RESERVA),263,5726,Extraccion de cuerpo extraño superficial (conjuntiva),14150,89
PREVENCION (FONDO DE RESERVA),263,5727,"Extraccion de cuerpo extraño, exploracion de drenajes",14151,90
PREVENCION (FONDO DE RESERVA),263,5724,Extraccion de cuerpo extraño profundo,14994,91
PREVENCION (FONDO DE RESERVA),263,5725,Extraccion de cuerpo extraño profundo de cuello,14995,91
PREVENCION (FONDO DE RESERVA),263,6508,"TAC de cuerpo entero, con o sin contraste",15176,92
PREVENCION (FONDO DE RESERVA),263,5805,Gastrostomia / exploracion / extraccion de cuerpo extraño/ lesion local o tumor benigno,15313,92
PREVENCION (FONDO DE RESERVA),263,5474,"Curacion de un gran quemado, mas del 30%",14957,92
PREVENCION (FONDO DE RESERVA),263,5475,Curacion de un quemado hasta el 30%,14958,91
PREVENCION (FONDO DE RESERVA),263,5476,Curetaje oseo,13960,89
PREVENCION (FONDO DE RESERVA),263,5478,Dacrio-cistografia,13962,90
PREVENCION (FONDO DE RESERVA),263,5480,Dacrio-cistorrinostomia,13964,93
PREVENCION (FONDO DE RESERVA),263,5481,Decorticacion pleuropulmonar a cielo abierto,13965,95
PREVENCION (FONDO DE RESERVA),263,5482,Decorticacion pleuropulmonar por video-toracoscopia,13966,95
PREVENCION (FONDO DE RESERVA),263,5483,Dedo en gatillo o dedo en resorte,13967,90
PREVENCION (FONDO DE RESERVA),263,5485,Dedos en martillo (cada uno),13968,89
PREVENCION (FONDO DE RESERVA),263,5679,Extirpacion de aponeurosis palmar hasta 3 dedos,14121,91
PREVENCION (FONDO DE RESERVA),263,5680,Extirpacion de aponeurosis palmar mas de 3 dedos (enfermedad de Dupuytren),14122,92
PREVENCION (FONDO DE RESERVA),263,5681,Extirpacion de aponeurosis plantar hasta 3 dedos,14123,91
PREVENCION (FONDO DE RESERVA),263,6173,Panadizo / flemon de dedos,14468,89
PREVENCION (FONDO DE RESERVA),263,6345,Reimplante de 1 a 2 dedos,14586,92
PREVENCION (FONDO DE RESERVA),263,6346,Reimplante de dedo (hasta 2),14587,92
PREVENCION (FONDO DE RESERVA),263,6347,Reimplante de mas de 2 dedos,14589,93
PREVENCION (FONDO DE RESERVA),263,6619,Tumor de dedo,14781,90
PREVENCION (FONDO DE RESERVA),263,5484,Dedo en martillo traumatico (“mallet finger”),15461,91
PREVENCION (FONDO DE RESERVA),263,5486,Denervacion articular,15442,92
PREVENCION (FONDO DE RESERVA),263,5487,Derivacion aorto-bifemoral,13969,98
PREVENCION (FONDO DE RESERVA),263,5488,Derivacion aorto-iliaca con o sin simpatectomia,13970,95
PREVENCION (FONDO DE RESERVA),263,5489,Derivacion aorto-renal,13971,95
PREVENCION (FONDO DE RESERVA),263,5491,Derivacion paliativa de esofago,13972,94
PREVENCION (FONDO DE RESERVA),263,5493,Derivacion ventriculo-peritoneal o similar,13974,93
PREVENCION (FONDO DE RESERVA),263,5742,Extraccion de tubo de derivacion,14165,91
PREVENCION (FONDO DE RESERVA),263,6435,Revision o restitucion parcial o total de valvula derivativa (en derivaciones ventriculo-peritoneales o similar),14655,92
PREVENCION (FONDO DE RESERVA),263,5492,Derivacion pericardio-peritoneal,14959,95
PREVENCION (FONDO DE RESERVA),263,5490,Derivacion intestinal interna,15329,93
PREVENCION (FONDO DE RESERVA),263,5494,Dermoabrasion,14960,91
PREVENCION (FONDO DE RESERVA),263,5495,Dermolipectomia,14961,93
PREVENCION (FONDO DE RESERVA),263,5496,Dermolipectomia con ombligo,14963,94
PREVENCION (FONDO DE RESERVA),263,5498,Desarticulacion coxo-femoral,13976,95
PREVENCION (FONDO DE RESERVA),263,5499,Desarticulacion del brazo,13977,95
PREVENCION (FONDO DE RESERVA),263,5500,Desarticulacion escapulo-humeral,13978,95
PREVENCION (FONDO DE RESERVA),263,5501,Desarticulacion interescapulo-toracica,13979,94
PREVENCION (FONDO DE RESERVA),263,5504,Descompresion orbitaria unilateral,13980,93
PREVENCION (FONDO DE RESERVA),263,7507,Descompresion discal con decompressor o similar,15275,98
PREVENCION (FONDO DE RESERVA),263,5506,Desgarro de cuello uterino,69300,90
PREVENCION (FONDO DE RESERVA),263,5505,Desgarro de cristalino,13981,91
PREVENCION (FONDO DE RESERVA),263,5507,Desgarro de vagina / colporrafia o colpocleisis / fuera del trabajo de parto,13983,91
PREVENCION (FONDO DE RESERVA),263,5508,Desgarro de vagina y/o esfinter,13984,90
PREVENCION (FONDO DE RESERVA),263,5509,Desgarro muscular de cara anterior del muslo,13985,90
PREVENCION (FONDO DE RESERVA),263,5510,Desgarro muscular de cara posterior del muslo (paciente en decubito ventral),13986,91
PREVENCION (FONDO DE RESERVA),263,6477,Sintesis muscular (desgarro muscular simple),14690,90
PREVENCION (FONDO DE RESERVA),263,5511,Determinacion de respuesta neuromoduladora sistemica a la anest.,14965,90
PREVENCION (FONDO DE RESERVA),263,5512,Devolvulacion / desinvaginacion intestinal con reseccion intestinal,13987,93
PREVENCION (FONDO DE RESERVA),263,5513,Devolvulacion / desinvaginacion intestinal sin reseccion intestinal,13988,91
PREVENCION (FONDO DE RESERVA),263,5514,Devolvulacion endoscopica,13989,91
PREVENCION (FONDO DE RESERVA),263,5515,Diagnostico estereotaxico para estudios de epilepsia,13990,93
PREVENCION (FONDO DE RESERVA),263,5224,Bloquo diagnostico o terapeutico de G de Walther guiado por,14907,92
PREVENCION (FONDO DE RESERVA),263,6234,Procedimiento diagnostico para implante de bomba de infusion,15272,94
PREVENCION (FONDO DE RESERVA),263,5516,Diastasis del pubis,13992,92
PREVENCION (FONDO DE RESERVA),263,5519,Dilatacion colonica por endoscopia,13994,91
PREVENCION (FONDO DE RESERVA),263,5520,Dilatacion de esofago,13995,91
PREVENCION (FONDO DE RESERVA),263,5521,Dilatacion de esofago/ pilorica / colonica,13998,91
PREVENCION (FONDO DE RESERVA),263,5524,Dilatacion endoscopica de estenosis de via biliar,14001,92
PREVENCION (FONDO DE RESERVA),263,5525,Dilatacion endoscopica de la via biliar,14002,92
PREVENCION (FONDO DE RESERVA),263,5526,Dilatacion pilorica por endoscopia,14003,91
PREVENCION (FONDO DE RESERVA),263,5528,Dilatacion uretral por video,14004,90
PREVENCION (FONDO DE RESERVA),263,5518,Dilatacion anal,15355,90
PREVENCION (FONDO DE RESERVA),263,5527,Dilatacion uretral,15412,89
PREVENCION (FONDO DE RESERVA),263,5529,Dinamica renal (renograma isotopico),14966,90
PREVENCION (FONDO DE RESERVA),263,5531,Discografia provocativa  (un disco),14967,92
PREVENCION (FONDO DE RESERVA),263,5530,Discografia provocativa (dos a tres discos),15253,92
PREVENCION (FONDO DE RESERVA),263,5532,Discograma discal diagnostica,14968,94
PREVENCION (FONDO DE RESERVA),263,5534,Diseccion de la aorta ascente y/o reemplazo de la aorta,51394,98
PREVENCION (FONDO DE RESERVA),263,5535,Diseccion quirurgica para linfadenografia,14969,90
PREVENCION (FONDO DE RESERVA),263,5537,Diverticulo de Meckel por via convencional,14006,91
PREVENCION (FONDO DE RESERVA),263,5538,Diverticulo de Meckel por videolaparoscopia,14007,92
PREVENCION (FONDO DE RESERVA),263,5539,Diverticulo de esofago,14009,93
PREVENCION (FONDO DE RESERVA),263,5601,Escision de diverticulo faringo-esofagico,14061,92
PREVENCION (FONDO DE RESERVA),263,5001,"Abceso, Flemon, Drenaje",13644,89
PREVENCION (FONDO DE RESERVA),263,5548,Drenaje de glandula y o saco lagrimal,14019,90
PREVENCION (FONDO DE RESERVA),263,5549,Drenaje del septum,14020,90
PREVENCION (FONDO DE RESERVA),263,5550,Drenaje del wirsung,14021,92
PREVENCION (FONDO DE RESERVA),263,5551,Drenaje percutaneo de las vias biliares,14022,93
PREVENCION (FONDO DE RESERVA),263,5553,Drenaje ventricular continuo,14025,91
PREVENCION (FONDO DE RESERVA),263,5590,Epididimotomia y drenaje,14054,90
PREVENCION (FONDO DE RESERVA),263,5891,Incision y drenaje de amigdalas o tejido peri-amigdalino,14281,90
PREVENCION (FONDO DE RESERVA),263,5892,Incision y drenaje de glandula parotida o submaxilar,14282,90
PREVENCION (FONDO DE RESERVA),263,5897,Incision y drenaje de piso de la boca o mejilla,14285,90
PREVENCION (FONDO DE RESERVA),263,5900,Incision y/o drenaje de tejido retro-faringeo por via oral,14288,90
PREVENCION (FONDO DE RESERVA),263,6175,Pancreatectomia con exploracion y drenaje,14470,94
PREVENCION (FONDO DE RESERVA),263,6250,Puncion / drenaje del Douglas,14536,89
PREVENCION (FONDO DE RESERVA),263,6391,"Reseccion de lesion local de septum, cornetes, hematoma septal o drenaje del septum",14624,91
PREVENCION (FONDO DE RESERVA),263,5895,Incision y drenaje de lesion dentaria,15230,90
PREVENCION (FONDO DE RESERVA),263,7592,Pleurodesis quimica por tubo de drenaje,15364,90
PREVENCION (FONDO DE RESERVA),263,5893,Incision y drenaje de la auricula,15490,90
PREVENCION (FONDO DE RESERVA),263,5555,Duodenopancreatectomia,15310,95
PREVENCION (FONDO DE RESERVA),263,6683,Video esofago gastro duodenoscopia Veda,15333,90
PREVENCION (FONDO DE RESERVA),263,6684,Video gastro duodenoscopia con polipectomia Veda,15334,90
PREVENCION (FONDO DE RESERVA),263,5557,Ecocardiografia transtoracica o transesofagica intra-operatoria,14027,91
PREVENCION (FONDO DE RESERVA),263,5558,Ecocardiograma transesofagico,14028,91
PREVENCION (FONDO DE RESERVA),263,5560,Ecografia trans-toracica o trans-esofagica intra-operatoria,14972,91
PREVENCION (FONDO DE RESERVA),263,6256,Puncion ovarica guiada por ecografia (incluye icsi),15399,91
PREVENCION (FONDO DE RESERVA),263,5559,Ecografia de ojo,15520,89
PREVENCION (FONDO DE RESERVA),263,5562,Ectropion simple y/o entropion,14975,90
PREVENCION (FONDO DE RESERVA),263,7525,Implante de electrodo espinal para estimulacion medular (trial),51347,95
PREVENCION (FONDO DE RESERVA),263,5563,Electro-retinograma,14030,89
PREVENCION (FONDO DE RESERVA),263,5647,Estudio electrofisiologico,14095,92
PREVENCION (FONDO DE RESERVA),263,5565,Emasculacion total con vaciamiento inguino-abdominal,14032,94
PREVENCION (FONDO DE RESERVA),263,5566,Embarazo ectopico hemorragico,14033,92
PREVENCION (FONDO DE RESERVA),263,5567,Embarazo ectopico no complicado,14034,91
PREVENCION (FONDO DE RESERVA),263,5568,Embolectomia de arteria periferica,14035,92
PREVENCION (FONDO DE RESERVA),263,5569,Embolectomia renal,15413,90
PREVENCION (FONDO DE RESERVA),263,5570,Embolizacion de tumor cerebral por hemodinamia,14036,94
PREVENCION (FONDO DE RESERVA),263,5571,Embolizacion de tumor extracraneal por via periferica,14037,92
PREVENCION (FONDO DE RESERVA),263,5572,Embolizacion extra-craneal por via periferica,14038,93
PREVENCION (FONDO DE RESERVA),263,5573,Embolizacion hepatica,14039,93
PREVENCION (FONDO DE RESERVA),263,5575,Embolizacion por via periferica en hemodinamia,14041,91
PREVENCION (FONDO DE RESERVA),263,5576,Encefalo-meningocele,14042,94
PREVENCION (FONDO DE RESERVA),263,6050,Neumoencefalografia,15530,91
PREVENCION (FONDO DE RESERVA),263,6714,Endometriosis Convencional - Laparatomia,60865,93
PREVENCION (FONDO DE RESERVA),263,5577,Endometriosis tratamiento por videolaparoscopia,14043,94
PREVENCION (FONDO DE RESERVA),263,6685,Video-laparoscopia ginecologica diagnostica (incluye endometriosis y prueba de Cote),14832,92
PREVENCION (FONDO DE RESERVA),263,5578,Endoprotesis vasculares perifericas en hemodinamia (no de aorta),14044,94
PREVENCION (FONDO DE RESERVA),263,5881,Implante de endoprotesis en arterias o venas toracicas o abdominales,14278,95
PREVENCION (FONDO DE RESERVA),263,5579,Endoscopia nasal diagnostica,14045,91
PREVENCION (FONDO DE RESERVA),263,5618,Esfenoidectomia por video-endoscopia,14076,93
PREVENCION (FONDO DE RESERVA),263,5650,Etmoidectomia por videoendoscopia,14098,93
PREVENCION (FONDO DE RESERVA),263,5705,Extraccion de calculo por endoscopia,14131,91
PREVENCION (FONDO DE RESERVA),263,6006,Maxilectomia radical por video-endoscopia,14361,93
PREVENCION (FONDO DE RESERVA),263,6008,Maxilectomia simple por video-endoscopia,14362,92
PREVENCION (FONDO DE RESERVA),263,6228,Polipectomia nasal endoscopica (extirpacion de polipos nasales por video-endoscopia),14521,92
PREVENCION (FONDO DE RESERVA),263,6486,"Sinusotomias por videoendoscopia (etmoidectomia, esfenoidectomia, etc)",14699,93
PREVENCION (FONDO DE RESERVA),263,6596,Tratamiento de ulceras y fistulas traqueoesofagicas por endoscopias,14764,91
PREVENCION (FONDO DE RESERVA),263,7582,Endoscopia con Argon plasma,15338,92
PREVENCION (FONDO DE RESERVA),263,6459,Septumplastia por videoendoscopia,15514,92
PREVENCION (FONDO DE RESERVA),263,5581,Enfermedad de Quervain,14048,91
PREVENCION (FONDO DE RESERVA),263,5582,"Enterolisis como unica intervencion, debridamiento intestinal",60873,92
PREVENCION (FONDO DE RESERVA),263,5583,Enterolisis por videolaparoscopia,14049,93
PREVENCION (FONDO DE RESERVA),263,5808,Enterolisis,15326,92
PREVENCION (FONDO DE RESERVA),263,8100,Enterolisis abdominal laparoscopica (como unica intervencion),15348,92
PREVENCION (FONDO DE RESERVA),263,5585,Enterorrafia simple,14050,91
PREVENCION (FONDO DE RESERVA),263,5584,Enterorrafia multiple (dos o mas),15327,93
PREVENCION (FONDO DE RESERVA),263,7588,Enteroscopia alta,15344,93
PREVENCION (FONDO DE RESERVA),263,7589,Enteroscopia baja,15345,93
PREVENCION (FONDO DE RESERVA),263,7590,Enteroscopia mixta 100% mas 75%,15346,93
PREVENCION (FONDO DE RESERVA),263,5586,Enterostomia temporaria o definitiva,14051,91
PREVENCION (FONDO DE RESERVA),263,5587,Enucleacion ocular,14052,91
PREVENCION (FONDO DE RESERVA),263,5588,Epicanto,14976,90
PREVENCION (FONDO DE RESERVA),263,5589,Epididimectomia,14053,91
PREVENCION (FONDO DE RESERVA),263,5591,Epidurograma,14977,95
PREVENCION (FONDO DE RESERVA),263,5592,Epiduroplastia (incluye dosis esteroides por cateter),15273,94
PREVENCION (FONDO DE RESERVA),263,5593,Epiduroscopia,14978,95
PREVENCION (FONDO DE RESERVA),263,5594,Epifisiolisis,14055,91
PREVENCION (FONDO DE RESERVA),263,5595,Epifisiolisis de la cabeza femoral (desplazamiento del nucleo epifisiario en relacion al cuello femoral),14056,92
PREVENCION (FONDO DE RESERVA),263,5596,Episiorrafia,14057,90
PREVENCION (FONDO DE RESERVA),263,5597,Escapula alata,14059,93
PREVENCION (FONDO DE RESERVA),263,6126,Operacion de hueso escapular,14431,91
PREVENCION (FONDO DE RESERVA),263,6140,"Osteosintesis de clavicula, costilla o escapula",14442,92
PREVENCION (FONDO DE RESERVA),263,5598,"Escara, reseccion con el paciente en decubito dorsal o lateral",15225,90
PREVENCION (FONDO DE RESERVA),263,6382,Reseccion de escara con el paciente en decubito lateral o dorsal,15234,91
PREVENCION (FONDO DE RESERVA),263,5599,"Escara, reseccion con el paciente en decubito ventral",15237,91
PREVENCION (FONDO DE RESERVA),263,6383,Reseccion de escara con el paciente en decubito ventral,15256,92
PREVENCION (FONDO DE RESERVA),263,5602,Escision de lesion conjuntival,14062,90
PREVENCION (FONDO DE RESERVA),263,5604,Escision de lesion local de conducto auditivo externo (CAE),14063,89
PREVENCION (FONDO DE RESERVA),263,5605,Escision de lesion local de parpados,14064,90
PREVENCION (FONDO DE RESERVA),263,5606,Escision de lesion localizada superficial de lengua,14065,90
PREVENCION (FONDO DE RESERVA),263,5607,Escision de lesion primaria de encias mas vaciamiento cervical,14066,93
PREVENCION (FONDO DE RESERVA),263,5608,Escision de polipo retrocoanal,14067,90
PREVENCION (FONDO DE RESERVA),263,5609,Escision de tumor del cavum (rino-faringe),14068,93
PREVENCION (FONDO DE RESERVA),263,5610,Escision de tumores endonasales por rinotomia lateral,14069,92
PREVENCION (FONDO DE RESERVA),263,5611,Escision local de lesion de labio,14070,89
PREVENCION (FONDO DE RESERVA),263,5614,Escision radical de tumor de naso-faringe (cavum),14072,93
PREVENCION (FONDO DE RESERVA),263,6129,Orbitotomia con escision de lesion de orbita,14434,91
PREVENCION (FONDO DE RESERVA),263,5603,"Escision de lesion de conductos linfaticos (linfangioma, higroma)",14979,92
PREVENCION (FONDO DE RESERVA),263,5613,Escision radical de glandula submaxilar,15500,92
PREVENCION (FONDO DE RESERVA),263,5615,Esclerotomia,14073,91
PREVENCION (FONDO DE RESERVA),263,5617,Escrotoplastia,14075,91
PREVENCION (FONDO DE RESERVA),263,5619,Esfinteroplastia con colostomia,14077,92
PREVENCION (FONDO DE RESERVA),263,5620,Esfinteroplastia tipo plicatura,14078,91
PREVENCION (FONDO DE RESERVA),263,5621,Esfinterotomia - esfinterectomia,14079,89
PREVENCION (FONDO DE RESERVA),263,6015,Megaesofago,14367,93
PREVENCION (FONDO DE RESERVA),263,6190,Perforaciones de esofago,14484,93
PREVENCION (FONDO DE RESERVA),263,6335,Reemplazo de esofago,14579,95
PREVENCION (FONDO DE RESERVA),263,6384,Reseccion de esofago,14617,94
PREVENCION (FONDO DE RESERVA),263,5622,Esofago-gastrectomia,15319,98
PREVENCION (FONDO DE RESERVA),263,5623,Esofagostomia,15320,92
PREVENCION (FONDO DE RESERVA),263,5624,Esofaguectomia por videolaparoscopia,14080,95
PREVENCION (FONDO DE RESERVA),263,5625,Esofaguectomia total,15321,94
PREVENCION (FONDO DE RESERVA),263,7519,Implante definitivo de cateter espinal para bomba intratecal de morfina,51348,98
PREVENCION (FONDO DE RESERVA),263,5626,Espina bifida,14081,94
PREVENCION (FONDO DE RESERVA),263,5627,Esplenectomia electiva,14082,92
PREVENCION (FONDO DE RESERVA),263,5628,Esplenectomia laparoscopica,14083,94
PREVENCION (FONDO DE RESERVA),263,5631,Esplenectomia por videolaparoscopia,14084,94
PREVENCION (FONDO DE RESERVA),263,5799,Gastrectomia total con o sin esplenectomia,14202,95
PREVENCION (FONDO DE RESERVA),263,5629,Esplenectomia por rotura de bazo,15307,93
PREVENCION (FONDO DE RESERVA),263,5630,Esplenectomia por toracotomia,15309,94
PREVENCION (FONDO DE RESERVA),263,5632,Espleno-portografia,15306,91
PREVENCION (FONDO DE RESERVA),263,5633,Esplenopancreatectomia corporo-caudal,15311,95
PREVENCION (FONDO DE RESERVA),263,5634,Esqueletizacion del sistema venoso valvular o avalvular,14085,92
PREVENCION (FONDO DE RESERVA),263,5635,Esquiascopias,14086,89
PREVENCION (FONDO DE RESERVA),263,5636,Estafiloma,14087,90
PREVENCION (FONDO DE RESERVA),263,5638,Estapedectomia,15493,93
PREVENCION (FONDO DE RESERVA),263,5639,Estenosis traqueal sub-glotica,14089,92
PREVENCION (FONDO DE RESERVA),263,5641,Estimulacion electrica transcutanea (EET): c/24 hs o fraccion,14981,90
PREVENCION (FONDO DE RESERVA),263,5642,Estomatoplastia con injerto (inlcuye toma),14090,93
PREVENCION (FONDO DE RESERVA),263,5643,Estrabismo  mas de  dos musculos,14091,92
PREVENCION (FONDO DE RESERVA),263,5644,Estrabismo (dos musculos),14092,91
PREVENCION (FONDO DE RESERVA),263,5645,Estrabismo bilateral,14093,94
PREVENCION (FONDO DE RESERVA),263,5646,Estrabismo mas de cuatro musculos,14094,93
PREVENCION (FONDO DE RESERVA),263,5648,Etmoidectomia endoscopica,14096,93
PREVENCION (FONDO DE RESERVA),263,5649,Etmoidectomia interna,14097,92
PREVENCION (FONDO DE RESERVA),263,5651,Evacuacion de hematoma extradural / subdural / intracerebral,14099,94
PREVENCION (FONDO DE RESERVA),263,5652,Evacuacion por puncion de coleccion intra-cerebral o extra-cerebral,14100,93
PREVENCION (FONDO DE RESERVA),263,5653,Eventracion,15295,92
PREVENCION (FONDO DE RESERVA),263,5655,Evisceracion ocular,14101,91
PREVENCION (FONDO DE RESERVA),263,5656,Examen con lampara de hendidura,14102,89
PREVENCION (FONDO DE RESERVA),263,5659,Excentracion del contenido orbitario con reseccion total del maxilar superior,14105,94
PREVENCION (FONDO DE RESERVA),263,5660,Excentracion del contenido orbitario y/o peri-orbitario,14106,92
PREVENCION (FONDO DE RESERVA),263,5662,Exeresis de neuroma de Morton (tumoracion dolorosa de los nervios del pie),14107,92
PREVENCION (FONDO DE RESERVA),263,5663,Exeresis de tumor hepatico por radiofrecuencia,14108,93
PREVENCION (FONDO DE RESERVA),263,5757,Facofragmentacion y facoexeresis,14173,92
PREVENCION (FONDO DE RESERVA),263,5962,Ligadura sub-aponeurotica de perforantes mas safenectomia interna con o sin exeresis escalonada de colaterales,14330,93
PREVENCION (FONDO DE RESERVA),263,6116,Operacion de Cockett mas safenectomia interna con exeresis escalonada de colaterales insuficientes,14421,93
PREVENCION (FONDO DE RESERVA),263,6447,Safenectomia interna unilateral con exeresis escalonada,14662,93
PREVENCION (FONDO DE RESERVA),263,5661,Exeresis de ganglio centinela,14982,91
PREVENCION (FONDO DE RESERVA),263,5664,Exoftalmia endocrina o de otras causas,14983,93
PREVENCION (FONDO DE RESERVA),263,5665,Expansor de cuero cabelludo,14984,93
PREVENCION (FONDO DE RESERVA),263,5666,Exploracion  de hombro doloroso,14109,92
PREVENCION (FONDO DE RESERVA),263,5668,Exploracion de arteria periferica,14111,92
PREVENCION (FONDO DE RESERVA),263,5669,Exploracion de columna por via anterior,14112,93
PREVENCION (FONDO DE RESERVA),263,5670,Exploracion de heridas en partes blandas,14113,91
PREVENCION (FONDO DE RESERVA),263,5674,Exploracion del plexo cervico-braquial,14117,92
PREVENCION (FONDO DE RESERVA),263,5675,Exploracion del plexo lumbo-sacro,14118,93
PREVENCION (FONDO DE RESERVA),263,5766,Fistula biliar con exploracion de vias biliares,14181,93
PREVENCION (FONDO DE RESERVA),263,6295,Re-exploracion de tiroides y/o paratiroides (ejemplo:post-sangrado),14564,91
PREVENCION (FONDO DE RESERVA),263,5689,Extirpacion de polipos nasales,14124,91
PREVENCION (FONDO DE RESERVA),263,5694,Extirpacion de quiste tirogloso,14125,91
PREVENCION (FONDO DE RESERVA),263,5696,Extirpacion de tumor de partes blandas de miembro superior o inferior,14127,90
PREVENCION (FONDO DE RESERVA),263,5699,Extirpacion de tumor vesical por laparotomia,14128,92
PREVENCION (FONDO DE RESERVA),263,5993,Marsupializacion / extirpacion de glandula de Bartholino,14355,90
PREVENCION (FONDO DE RESERVA),263,5677,Extirpacion de angioma,14985,91
PREVENCION (FONDO DE RESERVA),263,5684,"Extirpacion de nevus (hasta 3), en cabeza y cuello",14986,90
PREVENCION (FONDO DE RESERVA),263,5685,"Extirpacion de nevus (hasta 3), excepto en cabeza y cuello",14987,89
PREVENCION (FONDO DE RESERVA),263,5688,"Extirpacion de papilomas (hasta 5), excepto en cabeza y cuello",14988,89
PREVENCION (FONDO DE RESERVA),263,5690,Extirpacion de quiste congenito tirogloso y similares,14989,91
PREVENCION (FONDO DE RESERVA),263,5692,Extirpacion de quiste sebaceo en cabeza y/o cuello,14990,90
PREVENCION (FONDO DE RESERVA),263,5693,"Extirpacion de quiste sebaceo, excepto en cabeza y cuello",14991,89
PREVENCION (FONDO DE RESERVA),263,5697,Extirpacion de tumor osea mas reconstruccion,14992,93
PREVENCION (FONDO DE RESERVA),263,5698,Extirpacion de tumor oseo,14993,92
PREVENCION (FONDO DE RESERVA),263,5683,Extirpacion de mas de 5 papilomas; excepto en cabeza y cuello,15222,90
PREVENCION (FONDO DE RESERVA),263,5687,Extirpacion de nevus (mas de 3); excepto en cabeza y cuello,15224,90
PREVENCION (FONDO DE RESERVA),263,5702,Extirpacion parcial de nariz,15229,90
PREVENCION (FONDO DE RESERVA),263,5701,Extirpacion dentaria,15231,90
PREVENCION (FONDO DE RESERVA),263,5686,Extirpacion de nevus (mas de 3); en cabeza y cuello,15239,91
PREVENCION (FONDO DE RESERVA),263,6244,Proctectomia (extirpacion del recto),15357,92
PREVENCION (FONDO DE RESERVA),263,7602,Extirpacion de calculos endovesicales a cielo abierto,15425,93
PREVENCION (FONDO DE RESERVA),263,7603,Extirpacion de calculos endovesicales por citoscopia,15426,94
PREVENCION (FONDO DE RESERVA),263,5682,Extirpacion de ganglion,15449,90
PREVENCION (FONDO DE RESERVA),263,5691,Extirpacion de quiste muscular,15454,90
PREVENCION (FONDO DE RESERVA),263,5700,Extirpacion del coccix,15483,91
PREVENCION (FONDO DE RESERVA),263,5695,Extirpacion de ranula,15496,90
PREVENCION (FONDO DE RESERVA),263,6710,Extraccion de Implante Mamario,60861,93
PREVENCION (FONDO DE RESERVA),263,6711,Extraccion de Implante Mamario mas Pexia,60862,94
PREVENCION (FONDO DE RESERVA),263,5703,Extraccion cruenta de calculos salivales,14129,90
PREVENCION (FONDO DE RESERVA),263,5706,Extraccion de calculo por via endoscopica,14132,90
PREVENCION (FONDO DE RESERVA),263,5707,Extraccion de cateter central / cateter doble Y / tunelizado / cateter para quimioterapia,14133,90
PREVENCION (FONDO DE RESERVA),263,5708,Extraccion de cateter central / doble Y / tunelizado / similares,14134,90
PREVENCION (FONDO DE RESERVA),263,5711,Extraccion de clavo intramedular,14135,92
PREVENCION (FONDO DE RESERVA),263,5729,Extraccion de material de osteosintesis de columna,14152,92
PREVENCION (FONDO DE RESERVA),263,5730,"Extraccion de material de osteosintesis de miembro superior (placas, tornillos, etc)",14154,90
PREVENCION (FONDO DE RESERVA),263,5733,Extraccion de protesis de columna,14157,93
PREVENCION (FONDO DE RESERVA),263,5734,Extraccion de protesis de rodilla (1 elemento),14158,92
PREVENCION (FONDO DE RESERVA),263,5737,Extraccion de protesis total de rodilla,14160,92
PREVENCION (FONDO DE RESERVA),263,5739,Extraccion de puntos de la conjuntiva,14162,89
PREVENCION (FONDO DE RESERVA),263,5740,Extraccion de puntos de parpados,14163,89
PREVENCION (FONDO DE RESERVA),263,5741,Extraccion de taponaje de loge prostatica,14164,90
PREVENCION (FONDO DE RESERVA),263,5743,Extraccion de tutor externo,14166,90
PREVENCION (FONDO DE RESERVA),263,5748,Extraccion extra-capsular de cristalino,14167,92
PREVENCION (FONDO DE RESERVA),263,5749,Extraccion intra-capsular de cristalino,14168,92
PREVENCION (FONDO DE RESERVA),263,5750,Extraccion manual de placenta como unico procedimiento,14169,90
PREVENCION (FONDO DE RESERVA),263,6432,"Revision de protesis de hombro, solo su extraccion",14652,93
PREVENCION (FONDO DE RESERVA),263,6550,Toillete cardiaco post-quirurgico con o sin extraccion de alambres,15188,94
PREVENCION (FONDO DE RESERVA),263,5744,Extraccion dentaria hasta 3 piezas,15236,91
PREVENCION (FONDO DE RESERVA),263,5751,Extracciones dentarias multiples,15255,92
PREVENCION (FONDO DE RESERVA),263,7586,Extraccion de balon intragastrico,15342,92
PREVENCION (FONDO DE RESERVA),263,8110,Extraccion de cateter de doble “J” (tipo pig-tail o similares),15414,90
PREVENCION (FONDO DE RESERVA),263,8112,Extraccion de cateter de pig-tail,15421,90
PREVENCION (FONDO DE RESERVA),263,5745,Extraccion dentaria (pieza unica),15498,90
PREVENCION (FONDO DE RESERVA),263,5746,Extraccion dentaria de piezas multiples,15501,92
PREVENCION (FONDO DE RESERVA),263,5728,Extraccion de masas cristalinas,15527,91
PREVENCION (FONDO DE RESERVA),263,5758,Faringoplastia,14174,93
PREVENCION (FONDO DE RESERVA),263,5760,Fenestracion del conducto semicircular externo,14176,93
PREVENCION (FONDO DE RESERVA),263,5761,Feocromocitoma,14177,95
PREVENCION (FONDO DE RESERVA),263,7527,Feocromocitoma por video-laparoscopia,15387,98
PREVENCION (FONDO DE RESERVA),263,6324,Reduccion cruenta de luxacion o fractura de columna sin fijacion,14572,93
PREVENCION (FONDO DE RESERVA),263,6429,Revision de fijacion de columna,14649,98
PREVENCION (FONDO DE RESERVA),263,5762,Fijacion interdentaria,15489,91
PREVENCION (FONDO DE RESERVA),263,5763,Fimosis / parafimosis / postioplastia,14178,91
PREVENCION (FONDO DE RESERVA),263,5764,Fistula anal / fistulectomia / fistulotomia,14179,90
PREVENCION (FONDO DE RESERVA),263,5765,Fistula arterio-venosa para hemodialisis,14180,92
PREVENCION (FONDO DE RESERVA),263,5768,Fistula umbilical,14182,91
PREVENCION (FONDO DE RESERVA),263,5770,Fistula vagino-perineal,14184,91
PREVENCION (FONDO DE RESERVA),263,5771,Fistula vesico-parietal,14185,91
PREVENCION (FONDO DE RESERVA),263,5772,Fistula vesico-rectal,14186,91
PREVENCION (FONDO DE RESERVA),263,5773,Fistula vesico-ureteral,14187,91
PREVENCION (FONDO DE RESERVA),263,5767,Fistula en columna,15484,93
PREVENCION (FONDO DE RESERVA),263,5775,Fistulografia,14189,89
PREVENCION (FONDO DE RESERVA),263,5776,Fisura anal,14190,90
PREVENCION (FONDO DE RESERVA),263,5859,"Hipertelorismo, fisura facial media",14262,98
PREVENCION (FONDO DE RESERVA),263,5939,"Laringotomia mediana, laringofisura, como unica operacion",14309,92
PREVENCION (FONDO DE RESERVA),263,5777,"Fisura congenita del esqueleto facial (Treacher Collins, etc.)",14996,95
PREVENCION (FONDO DE RESERVA),263,5778,Flebectomia segmentaria / varices residuales como unica operacion,14191,91
PREVENCION (FONDO DE RESERVA),263,6448,Safenectomia interna unilateral con flebectomia segmentaria o de varices residuales,14663,93
PREVENCION (FONDO DE RESERVA),263,6591,Tratamiento con laser mas flebectomia segmentaria,14759,94
PREVENCION (FONDO DE RESERVA),263,5779,Flebografia de miembros,14192,90
PREVENCION (FONDO DE RESERVA),263,5780,Flemon de mano,14193,90
PREVENCION (FONDO DE RESERVA),263,5781,Flemon de pared,15360,89
PREVENCION (FONDO DE RESERVA),263,5782,Fondo de ojo,14194,89
PREVENCION (FONDO DE RESERVA),263,5783,Formacion de vagina artificial,14196,95
PREVENCION (FONDO DE RESERVA),263,6128,Operaciones plasticas de malformaciones  congenitas ano-rectales con 1 o 2 equipos,14433,95
PREVENCION (FONDO DE RESERVA),263,6130,Oreja en asa y otras malformaciones,15098,91
PREVENCION (FONDO DE RESERVA),263,5785,Fractura bi-maleolar de tobillo (osteosintesis de tibia y perone por distintas vias),14198,93
PREVENCION (FONDO DE RESERVA),263,5789,Fractura del peñasco (tratamiento quirurgico),14199,94
PREVENCION (FONDO DE RESERVA),263,5966,Limpieza quirurgica de fractura expuesta (no de femur),14334,91
PREVENCION (FONDO DE RESERVA),263,5967,Limpieza quirurgica de fractura expuesta de femur,14335,92
PREVENCION (FONDO DE RESERVA),263,5968,Limpieza quirurgica de fractura expuesta de miembro superior,14338,91
PREVENCION (FONDO DE RESERVA),263,6147,Osteosintesis de fractura de pelvis,14446,94
PREVENCION (FONDO DE RESERVA),263,6148,Osteosintesis de fractura de platillo tibial,14448,93
PREVENCION (FONDO DE RESERVA),263,6327,Reduccion de fractura o luxacion de coccix,14574,93
PREVENCION (FONDO DE RESERVA),263,6332,Reduccion quirurgica / osteosintesis de fractura de maxilar superior e inferior,14577,93
PREVENCION (FONDO DE RESERVA),263,6333,Reduccion quirurgica / osteosintesis de fracturas en general,14578,92
PREVENCION (FONDO DE RESERVA),263,5786,Fractura compleja de maxilares y huesos de la cara,14998,94
PREVENCION (FONDO DE RESERVA),263,5787,Fractura compleja de orbita/ reduccion/ osteosintesis y/o injerto,14999,93
PREVENCION (FONDO DE RESERVA),263,5788,Fractura de orbita y/o malar,15000,93
PREVENCION (FONDO DE RESERVA),263,5790,"Fractura nasal asociada (naso-orbitaria, etc.)",15001,92
PREVENCION (FONDO DE RESERVA),263,5791,Fractura simple,15002,90
PREVENCION (FONDO DE RESERVA),263,5792,"Fractura simple de orbita, reduccion y osteosintesis",15003,91
PREVENCION (FONDO DE RESERVA),263,6326,Reduccion de fractura nasal,15228,90
PREVENCION (FONDO DE RESERVA),263,7591,Osteosintesis fracturas costales,15363,93
PREVENCION (FONDO DE RESERVA),263,8114,Reduccion incruenta de fracturas,15436,90
PREVENCION (FONDO DE RESERVA),263,6137,"Osteosintesis (reduccion quirurgica) de fractura: carpo, tarso, humero, cubito, radio, clavicula, costilla, externon, rotula, etc.",15438,92
PREVENCION (FONDO DE RESERVA),263,5793,Fractura supracondilea de codo,15465,92
PREVENCION (FONDO DE RESERVA),263,6322,Reduccion cruenta de fractura de pelvis,15482,93
PREVENCION (FONDO DE RESERVA),263,5794,Frenulotomia,15405,89
PREVENCION (FONDO DE RESERVA),263,5795,Fulguracion corneal con o sin raspado,14200,89
PREVENCION (FONDO DE RESERVA),263,5796,Fulguracion de neo de recto,14201,91
PREVENCION (FONDO DE RESERVA),263,5798,Gastrectomia subtotal,15316,94
PREVENCION (FONDO DE RESERVA),263,5800,Gastrectomia total por toraco-laparotomia,15317,95
PREVENCION (FONDO DE RESERVA),263,5797,Gastrectomia por videolaparoscopia,15318,95
PREVENCION (FONDO DE RESERVA),263,5802,Gastroquisis (tratamiento quirurgico),14204,95
PREVENCION (FONDO DE RESERVA),263,6604,Tratamiento quirurgico de la gastroquisis,14768,95
PREVENCION (FONDO DE RESERVA),263,5803,Gastrorrafia / herida o traumatismo estomago,14205,92
PREVENCION (FONDO DE RESERVA),263,5807,Gastrostomia por via endoscopica,14207,91
PREVENCION (FONDO DE RESERVA),263,5806,Gastrostomia percutanea,15312,91
PREVENCION (FONDO DE RESERVA),263,5809,Ginecomastia unilateral / mama supernumeraria,14209,92
PREVENCION (FONDO DE RESERVA),263,5810,Gingivectomia parcial por tumores,14210,91
PREVENCION (FONDO DE RESERVA),263,5811,Gingivectomia total ampliada,14211,92
PREVENCION (FONDO DE RESERVA),263,6112,Operacion comando de lengua (glosectomia total),14417,95
PREVENCION (FONDO DE RESERVA),263,5812,Glosectomia subtotal,15503,93
PREVENCION (FONDO DE RESERVA),263,5813,Glosoplastia,14212,90
PREVENCION (FONDO DE RESERVA),263,5815,Gonioscopia,14213,89
PREVENCION (FONDO DE RESERVA),263,5818,Granuloma de traquea,14215,91
PREVENCION (FONDO DE RESERVA),263,5817,"Grandes quemados, injertos",15005,93
PREVENCION (FONDO DE RESERVA),263,5819,Hallux valgus completo unilateral,14217,91
PREVENCION (FONDO DE RESERVA),263,5820,Hematoma retroperitoneal,14218,92
PREVENCION (FONDO DE RESERVA),263,6628,Tumor de pared (hematoma supra-infra aponeurotico),14789,91
PREVENCION (FONDO DE RESERVA),263,5822,Hemi-paratiroidectomia,14220,92
PREVENCION (FONDO DE RESERVA),263,5825,Hemihepatectomia,14224,95
PREVENCION (FONDO DE RESERVA),263,5826,Hemitiroidectomia,14225,92
PREVENCION (FONDO DE RESERVA),263,6024,Microsomia hemifacial / osteotomias e injertos oseos en mandibula,15052,93
PREVENCION (FONDO DE RESERVA),263,6597,Tratamiento endoscopico de la hemorragia digestiva,14765,91
PREVENCION (FONDO DE RESERVA),263,5828,Hemorroidectomia,14227,91
PREVENCION (FONDO DE RESERVA),263,5829,Hepatectomia lobar derecha o izquierda,14228,95
PREVENCION (FONDO DE RESERVA),263,5830,Herida de pared abdominal de mas de 20 cm,14229,90
PREVENCION (FONDO DE RESERVA),263,5831,Herida de parpado,14230,90
PREVENCION (FONDO DE RESERVA),263,5832,Herida de via lagrimal,14231,92
PREVENCION (FONDO DE RESERVA),263,5833,Herida hasta aponeurosis de menos de 20 cm,14232,89
PREVENCION (FONDO DE RESERVA),263,5834,Herida penetrante de ojo,14233,92
PREVENCION (FONDO DE RESERVA),263,5835,Herida traumatica de higado,14234,93
PREVENCION (FONDO DE RESERVA),263,6495,Sutura de herida de cornea con prolapso de iris y o herida de cristalino,14703,92
PREVENCION (FONDO DE RESERVA),263,6496,Sutura de herida simple de higado,14704,91
PREVENCION (FONDO DE RESERVA),263,5836,Heridas complejas de labio,15006,91
PREVENCION (FONDO DE RESERVA),263,6504,Sutura simple de herida (menos de 5 cm) en cabeza y/o cuello,15173,90
PREVENCION (FONDO DE RESERVA),263,6553,"Toillete quirurgico de herida, con o sin debridamiento",15189,90
PREVENCION (FONDO DE RESERVA),263,6503,Sutura simple de herida (menos de 10 cm); excepto en cabeza y cuello,15202,89
PREVENCION (FONDO DE RESERVA),263,6502,Sutura simple de herida (mas de 10 cm); excepto en cabeza y cuello,15221,90
PREVENCION (FONDO DE RESERVA),263,5837,Hernia atascada,14235,92
PREVENCION (FONDO DE RESERVA),263,5838,Hernia de disco cervical (via anterior),14236,94
PREVENCION (FONDO DE RESERVA),263,5839,Hernia de disco cervical un espacio (via posterior),14237,94
PREVENCION (FONDO DE RESERVA),263,5840,Hernia de disco dorsal o lumbar,14238,93
PREVENCION (FONDO DE RESERVA),263,5841,Hernia de disco dorso-lumbar multiple,14239,94
PREVENCION (FONDO DE RESERVA),263,5842,Hernia de hiato a cielo abierto,14240,92
PREVENCION (FONDO DE RESERVA),263,5843,Hernia diafragmatica congenita,14241,107
PREVENCION (FONDO DE RESERVA),263,5844,Hernia diafragmatica por via abdominal,14242,94
PREVENCION (FONDO DE RESERVA),263,5845,Hernia diafragmatica por via toracica,14243,94
PREVENCION (FONDO DE RESERVA),263,5846,Hernia diafragmatica por via toraco-abdominal,14246,95
PREVENCION (FONDO DE RESERVA),263,5847,Hernia diafragmatica por video-toracoscopia,14247,95
PREVENCION (FONDO DE RESERVA),263,5848,Hernia estrangulada,14251,91
PREVENCION (FONDO DE RESERVA),263,5849,Hernia estrangulada con reseccion intestinal,14252,93
PREVENCION (FONDO DE RESERVA),263,5853,Hernia recidivada,14255,91
PREVENCION (FONDO DE RESERVA),263,5854,"Hernia umbilical, inguinal, crural o epigastrica",14256,91
PREVENCION (FONDO DE RESERVA),263,8119,Hernia inguinal bilateral,15294,92
PREVENCION (FONDO DE RESERVA),263,5852,Hernia inguinal por videolaparoscopia,15349,93
PREVENCION (FONDO DE RESERVA),263,6364,Reparacion de hernia muscular,15455,91
PREVENCION (FONDO DE RESERVA),263,5855,Hidrocele,14257,90
PREVENCION (FONDO DE RESERVA),263,6653,Varicocele o hidrocele por videolaparoscopia,14806,91
PREVENCION (FONDO DE RESERVA),263,5856,Himenectomia,14258,90
PREVENCION (FONDO DE RESERVA),263,5857,Hipema,14259,91
PREVENCION (FONDO DE RESERVA),263,5858,Hiperhidrosis selectiva por video-toracoscopia,14260,95
PREVENCION (FONDO DE RESERVA),263,6469,Simpatectomia lumbar o toracica por video-toracoscopia (hiperhidrosis selectiva por toracoscopia),14682,95
PREVENCION (FONDO DE RESERVA),263,5860,Hipertrofia del piloro por via laparoscopica,14263,93
PREVENCION (FONDO DE RESERVA),263,5861,Hipertrofia del piloro-piloromiotomia,14264,92
PREVENCION (FONDO DE RESERVA),263,5862,Hipofisectomia transepto-esfenoidal,14265,98
PREVENCION (FONDO DE RESERVA),263,5863,Hipospadia / epispadia (cada tiempo),15007,93
PREVENCION (FONDO DE RESERVA),263,8109,Hipospadia / epispadia / plastica de pene,15410,93
PREVENCION (FONDO DE RESERVA),263,5864,Hipotermia controlada: 1ras 24 hs o fraccion,15008,90
PREVENCION (FONDO DE RESERVA),263,5865,Hipotermia controlada: c/24 hs 0 fraccion siguiente,15009,89
PREVENCION (FONDO DE RESERVA),263,5866,Histerectomia con o sin anexectomia,14266,93
PREVENCION (FONDO DE RESERVA),263,5867,Histerectomia con o sin anexectomia por video-laparoscopia,14267,94
PREVENCION (FONDO DE RESERVA),263,5868,Histerectomia con o sin anexectomia por videolaparoscopia,14268,94
PREVENCION (FONDO DE RESERVA),263,6123,Operacion de Wertheim-Meigs (colpo-anexo-histerectomia total ampliada),14428,95
PREVENCION (FONDO DE RESERVA),263,5869,Histerectomia fundica,15396,91
PREVENCION (FONDO DE RESERVA),263,5871,Histeroscopia por video diagnostica,14271,90
PREVENCION (FONDO DE RESERVA),263,5872,"Histeroscopia por video terapeutica (miomectomia, polipectomia, etc)",14272,91
PREVENCION (FONDO DE RESERVA),263,7600,"Histeroscopia por video para tratamiento de fertilidad, ICSI",15397,93
PREVENCION (FONDO DE RESERVA),263,5873,Huevo muerto y retenido / legrado,14274,90
PREVENCION (FONDO DE RESERVA),263,5874,Ileostomia,14275,91
PREVENCION (FONDO DE RESERVA),263,5098,Ano imperforado con recto alto,13702,93
PREVENCION (FONDO DE RESERVA),263,5099,Ano imperforado con recto bajo,13703,92
PREVENCION (FONDO DE RESERVA),263,5875,Implantacion de circulacion asistida,15550,92
PREVENCION (FONDO DE RESERVA),263,5877,Implante coclear,14276,95
PREVENCION (FONDO DE RESERVA),263,5880,Implante de celulas B,14277,95
PREVENCION (FONDO DE RESERVA),263,5889,Implante secundario de lente intraocular,14280,93
PREVENCION (FONDO DE RESERVA),263,6348,Reimplante de miembro inferior,14592,95
PREVENCION (FONDO DE RESERVA),263,6349,Reimplante de miembro superior,14593,98
PREVENCION (FONDO DE RESERVA),263,6353,Reimplante ureteral bilateral con afinamiento,14596,94
PREVENCION (FONDO DE RESERVA),263,6354,Reimplante ureteral bilateral por videolaparoscopia,14597,95
PREVENCION (FONDO DE RESERVA),263,6355,Reimplante ureteral unilateral,14599,92
PREVENCION (FONDO DE RESERVA),263,6356,Reimplante ureteral unilateral con afinamiento,14600,93
PREVENCION (FONDO DE RESERVA),263,6357,Reimplante ureteral unilateral por videolaparoscopia,14601,94
PREVENCION (FONDO DE RESERVA),263,6424,Retinopexia con o sin esclerectomia e implante,14645,94
PREVENCION (FONDO DE RESERVA),263,5876,Implante capilar,15010,95
PREVENCION (FONDO DE RESERVA),263,5878,Implante de cateter tunelizado definitivo con bomba subcutanea,15011,94
PREVENCION (FONDO DE RESERVA),263,5882,Implante de estimulador medular definitivo,15012,98
PREVENCION (FONDO DE RESERVA),263,5885,Implante intraorbitario (melanoma de retina),15013,90
PREVENCION (FONDO DE RESERVA),263,5888,Implante mamario mas pexia,15015,94
PREVENCION (FONDO DE RESERVA),263,5886,Implante mamario,15261,93
PREVENCION (FONDO DE RESERVA),263,5890,Implantes gluteos,15262,93
PREVENCION (FONDO DE RESERVA),263,5883,Implante de estimulador medular transitorio,15280,95
PREVENCION (FONDO DE RESERVA),263,5901,Inclusion de semillas radioactivas en perine,14289,92
PREVENCION (FONDO DE RESERVA),263,7790,Infiltracion de toxina botulinica en Trigger-Points (hasta 3),69287,91
PREVENCION (FONDO DE RESERVA),263,7791,Infiltracion de toxina botulinica en Trigger-Points (mas de 3),69288,92
PREVENCION (FONDO DE RESERVA),263,7792,Infiltracion trigger points (hasta 4),69289,90
PREVENCION (FONDO DE RESERVA),263,8537,Infiltracion de toxina botulinica en Trigger point ( mas de 3 ),69387,93
PREVENCION (FONDO DE RESERVA),263,5908,Infiltracion toxina botulinica puntos gatillos (hasta 5 ),15019,90
PREVENCION (FONDO DE RESERVA),263,5909,Infiltracion toxina botulinica puntos gatillos (mas de 5 ),15020,91
PREVENCION (FONDO DE RESERVA),263,5906,"Infiltracion contic, AL, Aines etc en puntos gatillos (hasta 5)",15210,89
PREVENCION (FONDO DE RESERVA),263,5907,"Infiltracion contic, AL, Aines etc en puntos gatillos (mas de 5)",15217,90
PREVENCION (FONDO DE RESERVA),263,7587,Re inflado de balon intragastrico,15343,92
PREVENCION (FONDO DE RESERVA),263,6716,Obtencion de Injerto Oseo y Tendinoso,60867,92
PREVENCION (FONDO DE RESERVA),263,6717,Uso de Injerto Oseo y/o Tendon,60868,91
PREVENCION (FONDO DE RESERVA),263,5910,Injerto de cornea,14290,94
PREVENCION (FONDO DE RESERVA),263,5911,Injerto de esclera,14291,92
PREVENCION (FONDO DE RESERVA),263,6097,Neurorrafia con o sin injerto de un solo nervio,14405,92
PREVENCION (FONDO DE RESERVA),263,6103,Obtencion de injerto simple de hueso,14409,90
PREVENCION (FONDO DE RESERVA),263,6217,Plastica de uretra con injerto de mucosa yugal o lingual,14510,94
PREVENCION (FONDO DE RESERVA),263,6221,Plastica o injerto del tendon de aquiles o rotuliano,14513,92
PREVENCION (FONDO DE RESERVA),263,6245,Protesis peneana con o sin injerto,14533,95
PREVENCION (FONDO DE RESERVA),263,6369,"Reparacion plastica de la orbita, con o sin injerto de piel",14611,92
PREVENCION (FONDO DE RESERVA),263,6408,Reseccion diafisiaria con protesis y/o injerto de sustitucion,14632,93
PREVENCION (FONDO DE RESERVA),263,5912,Injerto de piel,15021,90
PREVENCION (FONDO DE RESERVA),263,5913,Injerto libre de ceja,15022,90
PREVENCION (FONDO DE RESERVA),263,6121,Operacion de Ross (reemplazo valvular aortico con auto-injerto con valvula pulmonar),15097,96
PREVENCION (FONDO DE RESERVA),263,6317,Reconstruccion total de orbita con injerto por tumores esfeno-orbitarios o anoftalmia congenita,15140,94
PREVENCION (FONDO DE RESERVA),263,6439,"Rinoplastia compleja con o sin injerto, no estetica",15164,91
PREVENCION (FONDO DE RESERVA),263,8117,Neurorrafia con o sin injerto de nervio (cada uno),15451,92
PREVENCION (FONDO DE RESERVA),263,5917,Insuficiencia mitral con CIV post-infarto,15025,98
PREVENCION (FONDO DE RESERVA),263,5918,Interconsulta anestesiologica,15026,89
PREVENCION (FONDO DE RESERVA),263,8104,Interconsulta para tratamiento del dolor,15203,89
PREVENCION (FONDO DE RESERVA),263,5919,Intervenciones en nervios opticos,14295,95
PREVENCION (FONDO DE RESERVA),263,5920,Intervenciones estereotaxicas (inicio en TAC y que continuan en quirofano),14296,95
PREVENCION (FONDO DE RESERVA),263,5921,Intubacion con fibroscopia (bronco-fibroscopio),14297,90
PREVENCION (FONDO DE RESERVA),263,5922,Intubacion laringotraqueal (como unico procedimiento) fuera del acto anestesico,15504,89
PREVENCION (FONDO DE RESERVA),263,5924,Inyeccion de sustancias retro-bulbares,14298,91
PREVENCION (FONDO DE RESERVA),263,5926,Inyeccion para-vertebral de troncos y ganglios simpaticos,14299,90
PREVENCION (FONDO DE RESERVA),263,5927,Inyeccion subconjuntival,14300,89
PREVENCION (FONDO DE RESERVA),263,6251,Puncion arterial para inyeccion medicamentosa,14537,89
PREVENCION (FONDO DE RESERVA),263,5923,Inyeccion de glicerol en el G de Gasser,15027,95
PREVENCION (FONDO DE RESERVA),263,5925,Inyeccion esclerosante en angioma,15028,90
PREVENCION (FONDO DE RESERVA),263,5928,Laberintectomia,14301,93
PREVENCION (FONDO DE RESERVA),263,6475,Sinequias de labios mayores y/o menores,14687,90
PREVENCION (FONDO DE RESERVA),263,5561,Ectoprion de labio,14974,90
PREVENCION (FONDO DE RESERVA),263,5929,Labio leporino bilateral completo,15029,94
PREVENCION (FONDO DE RESERVA),263,5930,Labio leporino unilateral completo,15030,93
PREVENCION (FONDO DE RESERVA),263,5931,Labio leporino unilateral incompleto,15031,93
PREVENCION (FONDO DE RESERVA),263,6272,Queiloplastia (reconstruccion quirurgica del labio),15116,92
PREVENCION (FONDO DE RESERVA),263,6373,Reseccion cuneiforme de labio,15149,90
PREVENCION (FONDO DE RESERVA),263,5932,Laminectomia descompresiva,14302,93
PREVENCION (FONDO DE RESERVA),263,5933,Laparotomia contenida (lavado de cavidad),14304,91
PREVENCION (FONDO DE RESERVA),263,5934,Laparotomia exploradora en paciente critico,14305,94
PREVENCION (FONDO DE RESERVA),263,5936,Laparotomia terapeutica en paciente critico,14306,95
PREVENCION (FONDO DE RESERVA),263,5935,"Laparotomia exploradora, como unica intervencion",15297,91
PREVENCION (FONDO DE RESERVA),263,6040,Nefrectomia por toraco-freno-laparotomia,15418,95
PREVENCION (FONDO DE RESERVA),263,5937,Laringo-faringuectomia,14307,95
PREVENCION (FONDO DE RESERVA),263,5938,"Laringoplastia, cordopexia, aritenoidopexia",14308,92
PREVENCION (FONDO DE RESERVA),263,5943,Laser de vagina,14313,92
PREVENCION (FONDO DE RESERVA),263,6418,Reseccion tumor bronquial con laser,14641,95
PREVENCION (FONDO DE RESERVA),263,5944,Laser panfacial,15032,93
PREVENCION (FONDO DE RESERVA),263,6412,TUR-P por laser (adenomectomia),15431,94
PREVENCION (FONDO DE RESERVA),263,6241,Prostatectomia por laser,15432,95
PREVENCION (FONDO DE RESERVA),263,5945,Lavado bronquial para desobstruccion,14314,91
PREVENCION (FONDO DE RESERVA),263,5946,Lavado de cavidad,14316,90
PREVENCION (FONDO DE RESERVA),263,5947,Lavado de la cavidad,14317,90
PREVENCION (FONDO DE RESERVA),263,6488,Sondaje y lavado de via lagrimal,14700,90
PREVENCION (FONDO DE RESERVA),263,5948,Legrado por mola o similar,14318,90
PREVENCION (FONDO DE RESERVA),263,5949,Legrado uterino,14319,90
PREVENCION (FONDO DE RESERVA),263,7508,Termolesion por Rf. del Nervio Occipital Mayor uni o bilateral,51338,95
PREVENCION (FONDO DE RESERVA),263,7509,Termolesion por Rf. facetaria (ramo medio) cervical/dorsal/lumbar hasta 3 niveles,51339,95
PREVENCION (FONDO DE RESERVA),263,7510,Termolesion por Rf. facetaria (ramo medio) cervical/doral/lumbar mas de 3 niveles,51340,98
PREVENCION (FONDO DE RESERVA),263,7511,Termolesion por Rf. facetaria + Rf. radicular (1 o mas niveles),51341,98
PREVENCION (FONDO DE RESERVA),263,7512,Termolesion por Rf. de mas de 2 nervios craneales,51342,95
PREVENCION (FONDO DE RESERVA),263,7514,Termolesion por Rf. del ganglio simpatico toracico/dorsal/lumbar/hipogastrico sup,51343,95
PREVENCION (FONDO DE RESERVA),263,7520,Termolesion por Rf. de rodilla (N.geniculados) unilateral,51349,95
PREVENCION (FONDO DE RESERVA),263,7521,Termolesion por Rf. de rodilla (N.geniculados) bilateral,51350,98
PREVENCION (FONDO DE RESERVA),263,7522,Termolesion por Rf. de hombro (N.supraespinoso) bilateral,51351,95
PREVENCION (FONDO DE RESERVA),263,8556,Termolesion por Rf. de hasta 2 nervios craneales,69400,95
PREVENCION (FONDO DE RESERVA),263,5953,Lesiones adquiridas o congenitas vertebro-meningo-medulares (compresion tumoral),14323,94
PREVENCION (FONDO DE RESERVA),263,5951,Lesion por compresion de G de Gasser con balon de Foggarty,15033,95
PREVENCION (FONDO DE RESERVA),263,6534,Termolesion por rf de G Esfenopalatino,15183,94
PREVENCION (FONDO DE RESERVA),263,6535,"Termolesion por Rf. del ganglio de la raiz dorsal, cervical, lumbar y sacra. (hasta 2 niveles)",15184,95
PREVENCION (FONDO DE RESERVA),263,6536,"Termolesion por Rf. del ganglio de raiz dorsal, cervical, lumbar y sacra. (mas de 2 niveles)",15185,98
PREVENCION (FONDO DE RESERVA),263,6537,"Termolesion por rf de rama media cerv, dorsal o lumbar cada nivel adic",15186,95
PREVENCION (FONDO DE RESERVA),263,6538,"Termolesion por rf de rama media cerv, dorsal o lumbar.",15187,95
PREVENCION (FONDO DE RESERVA),263,5954,Levantamiento de vejiga por via abdominal (tipo Bursch),14324,92
PREVENCION (FONDO DE RESERVA),263,6001,Mastopexia unilateral (levantamiento mamario),15045,94
PREVENCION (FONDO DE RESERVA),263,5955,Lifting,15034,94
PREVENCION (FONDO DE RESERVA),263,5956,Lifting endoscopico,15035,95
PREVENCION (FONDO DE RESERVA),263,5957,Ligadura bilateral de trompas (anti-concepcion) a cielo abierto,14325,91
PREVENCION (FONDO DE RESERVA),263,5958,Ligadura bilateral de trompas (anti-concepcion) por video-laparoscopia,14326,92
PREVENCION (FONDO DE RESERVA),263,5959,Ligadura bilateral de trompas a cielo abierto,14327,91
PREVENCION (FONDO DE RESERVA),263,5960,Ligadura bilateral de trompas por videolaparoscopia,14328,92
PREVENCION (FONDO DE RESERVA),263,5961,Ligadura del paquete esfeno-palatino,14329,92
PREVENCION (FONDO DE RESERVA),263,5963,Ligadura sub-aponeurotica de venas perforantes o comunicantes insuficientes (tipo: Linton / Cigorraga / Cockett),14331,91
PREVENCION (FONDO DE RESERVA),263,5964,Ligadura unilateral de troncos profundos de los miembros,14332,92
PREVENCION (FONDO DE RESERVA),263,6501,Sutura o ligadura de vasos profundos del cuello,14708,92
PREVENCION (FONDO DE RESERVA),263,5965,Ligamentopexia abdominal,14333,91
PREVENCION (FONDO DE RESERVA),263,5969,Limpieza quirurgica de mano (como unica intervencion),14339,90
PREVENCION (FONDO DE RESERVA),263,5971,Linfadenectomia mediastinica,14340,94
PREVENCION (FONDO DE RESERVA),263,5972,Linfadenectomia retroperitoneal (tipo lumboaortica o similares),14341,93
PREVENCION (FONDO DE RESERVA),263,5973,Linfadenectomia retroperitoneal por video,14342,94
PREVENCION (FONDO DE RESERVA),263,5974,Linfadenectomia retroperitoneal por videolaparoscopia,14343,94
PREVENCION (FONDO DE RESERVA),263,6242,Prostatectomia radical + linfadenectomia,14530,94
PREVENCION (FONDO DE RESERVA),263,5970,"Linfadenectomia cervical, axilar o inguinal como unica operacion",15036,92
PREVENCION (FONDO DE RESERVA),263,5977,"Lipoma, reseccion con el paciente en decubito dorsal o lateral",15226,90
PREVENCION (FONDO DE RESERVA),263,5978,"Lipoma, reseccion con el paciente en decubito ventral",15238,91
PREVENCION (FONDO DE RESERVA),263,5982,Litotricia endoluminal calculo unico,14344,91
PREVENCION (FONDO DE RESERVA),263,5983,Litotricia endoluminal calculos multiples,14345,92
PREVENCION (FONDO DE RESERVA),263,5984,Litotricia extracorporea,14346,91
PREVENCION (FONDO DE RESERVA),263,5985,Litotricia por onda de choque extracorporea (litotricia extracorporea),14348,91
PREVENCION (FONDO DE RESERVA),263,5986,Litotricia ureteral por via endoscopica (incluye litotricia endoluminal),14349,92
PREVENCION (FONDO DE RESERVA),263,5988,Lobectomia o segmentectomia a cielo abierto,14351,94
PREVENCION (FONDO DE RESERVA),263,6457,Segmentectomia o lobectomia por video-toracoscopia,14669,95
PREVENCION (FONDO DE RESERVA),263,5987,Lobectomia,15536,98
PREVENCION (FONDO DE RESERVA),263,6168,Otoplastia de lobulo hendido,14466,90
PREVENCION (FONDO DE RESERVA),263,6185,Parotidectomia de lobulo superficial,14478,92
PREVENCION (FONDO DE RESERVA),263,5989,Lobulo hendido de oreja,15041,90
PREVENCION (FONDO DE RESERVA),263,5990,Luxacion recidivante de hombro por via convencional,14352,92
PREVENCION (FONDO DE RESERVA),263,8120,Reduccion cruenta de luxacion de columna,15440,93
PREVENCION (FONDO DE RESERVA),263,8116,Reduccion incruenta de luxaciones,15458,90
PREVENCION (FONDO DE RESERVA),263,6330,Reduccion incruenta de luxacion de maxilar,15488,90
PREVENCION (FONDO DE RESERVA),263,6100,Nodulectomia de mama unilateral,14408,91
PREVENCION (FONDO DE RESERVA),263,6278,Quiste de mama unilateral,14554,90
PREVENCION (FONDO DE RESERVA),263,5992,Mama supernumeraria unilateral,15042,92
PREVENCION (FONDO DE RESERVA),263,6312,Reconstruccion mamaria con dorsal ancho,15134,98
PREVENCION (FONDO DE RESERVA),263,6264,Puncion de mama unilateral,15388,89
PREVENCION (FONDO DE RESERVA),263,5995,Mastectomia radical con vaciamiento ganglionar,14356,95
PREVENCION (FONDO DE RESERVA),263,5996,Mastectomia subradical unilateral / mastoplastia unilateral (operacion de Urban),14357,94
PREVENCION (FONDO DE RESERVA),263,7598,Mastectomia ( mas ganglio centinela),15392,93
PREVENCION (FONDO DE RESERVA),263,7599,Mastectomia ( mas vaciamiento axilar ),15393,94
PREVENCION (FONDO DE RESERVA),263,5998,Mastoidectomia simple o radical (operacion radical de oido),14359,92
PREVENCION (FONDO DE RESERVA),263,6542,Timpano-mastoidectomia,14720,94
PREVENCION (FONDO DE RESERVA),263,6002,Mastotomia unilateral,14360,90
PREVENCION (FONDO DE RESERVA),263,6017,Meniscectomia maxilar,14370,91
PREVENCION (FONDO DE RESERVA),263,6111,Operacion comando de glandula submaxilar,14416,95
PREVENCION (FONDO DE RESERVA),263,6152,Osteosintesis de malar o maxilar (2 placas titanio),14452,93
PREVENCION (FONDO DE RESERVA),263,6153,Osteosintesis de malar o maxilar (mas de 2 placas titanio),14453,94
PREVENCION (FONDO DE RESERVA),263,6279,Quiste de maxilar (pieza dental incluida),14555,91
PREVENCION (FONDO DE RESERVA),263,6481,Sinusotomia maxilar radical,14694,92
PREVENCION (FONDO DE RESERVA),263,6482,Sinusotomia maxilar simple,14695,92
PREVENCION (FONDO DE RESERVA),263,6483,"Sinusotomias combinadas (frontal, etmoidal, etc.) por via externa transmaxilar",14696,93
PREVENCION (FONDO DE RESERVA),263,6003,Maxilar inferior: prognatismo / retrognatismo,15046,93
PREVENCION (FONDO DE RESERVA),263,6004,Maxilar superior: prognasia / retrognasia,15047,94
PREVENCION (FONDO DE RESERVA),263,6393,Reseccion de maxilar inferior con vaciamiento (comando),15152,98
PREVENCION (FONDO DE RESERVA),263,6005,Maxilectomia radical por via endoscopica,15048,93
PREVENCION (FONDO DE RESERVA),263,6007,Maxilectomia simple por via endoscopica,15049,92
PREVENCION (FONDO DE RESERVA),263,6009,Meatotomia,15406,89
PREVENCION (FONDO DE RESERVA),263,6010,Mediastinitis / toillette mediastinal,15050,94
PREVENCION (FONDO DE RESERVA),263,6011,Mediastinoscopia,14363,92
PREVENCION (FONDO DE RESERVA),263,6014,Megacolon congenito,14366,93
PREVENCION (FONDO DE RESERVA),263,6605,Tratamiento quirurgico del megacolon,14769,93
PREVENCION (FONDO DE RESERVA),263,6016,Meningocele,14369,94
PREVENCION (FONDO DE RESERVA),263,6027,Mielomeningocele,14379,94
PREVENCION (FONDO DE RESERVA),263,6018,Metastasis hepatica / fenolizacion termo-tratamiento,14371,93
PREVENCION (FONDO DE RESERVA),263,6019,Metatarsalgia / ratas articulares,14372,90
PREVENCION (FONDO DE RESERVA),263,6025,"Microtia, reconstruccion en varios tiempos",15053,90
PREVENCION (FONDO DE RESERVA),263,6026,Mielografia,14378,90
PREVENCION (FONDO DE RESERVA),263,6030,Miomectomia vaginal (mioma nascens),69299,90
PREVENCION (FONDO DE RESERVA),263,6028,Miomectomia / histerorrafia,14380,92
PREVENCION (FONDO DE RESERVA),263,6029,Miomectomia por videolaparoscopia,14381,93
PREVENCION (FONDO DE RESERVA),263,6686,"Video-laparoscopia ginecologica terapeutica (incluye miomectomia, quiste de ovario, etc)",14833,93
PREVENCION (FONDO DE RESERVA),263,6691,"Videolaparoscopia terapeutica (incluye quiste de ovario, lisis pelvianas, miomectomias,",15400,93
PREVENCION (FONDO DE RESERVA),263,6031,Miringoplastia,14383,91
PREVENCION (FONDO DE RESERVA),263,6033,"Morfina o morfinosimiles por via epidural o subaracnoidea, por sesion: continua 1ras 24 hs o fraccion",15054,91
PREVENCION (FONDO DE RESERVA),263,6034,Movilizacion (quiropraxia ),14385,89
PREVENCION (FONDO DE RESERVA),263,6035,Movilizacion del estribo,14386,90
PREVENCION (FONDO DE RESERVA),263,7580,Mucosectomia,15336,92
PREVENCION (FONDO DE RESERVA),263,6037,Nariz leporina compleja,15055,91
PREVENCION (FONDO DE RESERVA),263,6438,Rinofina (rosacea fimatosa de nariz),15163,91
PREVENCION (FONDO DE RESERVA),263,6420,"Resecciones totales de huesos (radio, cubito, perone, astralago, calcaneo, clavicula, malar, huesos propios de la nariz etc.)",15439,93
PREVENCION (FONDO DE RESERVA),263,6038,Nefrectomia parcial,14388,94
PREVENCION (FONDO DE RESERVA),263,6039,Nefrectomia parcial o total por video-laparoscopia,14389,95
PREVENCION (FONDO DE RESERVA),263,6041,Nefrectomia radical + vaciamiento ganglionar,14390,95
PREVENCION (FONDO DE RESERVA),263,6043,Nefrectomia total o parcial por videolaparoscopia,14391,95
PREVENCION (FONDO DE RESERVA),263,6042,Nefrectomia total,15417,94
PREVENCION (FONDO DE RESERVA),263,6045,Nefrolitotomia,14394,93
PREVENCION (FONDO DE RESERVA),263,6046,Nefrolitotomia percutanea,14395,94
PREVENCION (FONDO DE RESERVA),263,6047,Nefropexia,14396,92
PREVENCION (FONDO DE RESERVA),263,6048,Nefrostomia percutanea,15416,92
PREVENCION (FONDO DE RESERVA),263,6051,Neumonectomia a cielo abierto,14398,94
PREVENCION (FONDO DE RESERVA),263,6052,Neumonectomia por video-toracoscopia,14399,95
PREVENCION (FONDO DE RESERVA),263,7515,Neurolisis por Rf. del simpatico dorsal,51344,98
PREVENCION (FONDO DE RESERVA),263,7516,Neurolisis por Rf. simpatico lumbar unilateral,51345,95
PREVENCION (FONDO DE RESERVA),263,7517,Neurolisis por Rf. simpatico lumbar bilateral,51346,98
PREVENCION (FONDO DE RESERVA),263,8540,Neurolisis de nervio periferico bajo radioscopia,69390,93
PREVENCION (FONDO DE RESERVA),263,8541,Neurolisis quimica del plexo hipogastrico superior,69391,94
PREVENCION (FONDO DE RESERVA),263,6065,Neurolisis de nervios perifericos,14401,90
PREVENCION (FONDO DE RESERVA),263,6066,Neurolisis extracraneal,14402,90
PREVENCION (FONDO DE RESERVA),263,6075,Neurolisis quimica,14403,90
PREVENCION (FONDO DE RESERVA),263,6085,Neurolisis transoval del trgemino,14404,91
PREVENCION (FONDO DE RESERVA),263,6057,Neurolisis - modulacion ganglio estrellado con Rf,15058,95
PREVENCION (FONDO DE RESERVA),263,6058,Neurolisis - modulacion nervio periferico con Rf,15059,92
PREVENCION (FONDO DE RESERVA),263,6056,Neurolisis  nervio glosofaringeo con Rf,15060,94
PREVENCION (FONDO DE RESERVA),263,6063,Neurolisis por rf de articulacion sacro-iliaca bilateral,15061,95
PREVENCION (FONDO DE RESERVA),263,6064,Neurolisis con rf de articulacion sacro-iliaca unilateral,15062,94
PREVENCION (FONDO DE RESERVA),263,6059,neurolisis con Rf de nervios esplacnicos,15063,94
PREVENCION (FONDO DE RESERVA),263,6061,Neurolisis con Rf de nervios facetarios (mas de 2 niveles),15064,94
PREVENCION (FONDO DE RESERVA),263,6062,Neurolisis con Rf de plexo celiaco,15065,94
PREVENCION (FONDO DE RESERVA),263,6067,Neurolisis ganglio esfeno-palatino con Rf,15066,94
PREVENCION (FONDO DE RESERVA),263,6068,Neurolisis nervio periferico con Rx,15067,92
PREVENCION (FONDO DE RESERVA),263,6069,Neurolisis nervio periferico sin Rx,15068,91
PREVENCION (FONDO DE RESERVA),263,6070,Neurolisis pcon Rf de ganglio de Walter,15069,95
PREVENCION (FONDO DE RESERVA),263,6071,Neurolisis por Rf de plexo hipogastrico superior,15071,94
PREVENCION (FONDO DE RESERVA),263,6072,Neurolisis por rf de simpatico dorsal,15073,95
PREVENCION (FONDO DE RESERVA),263,6073,Neurolisis por rf simpatico lumbar bilateral,15074,95
PREVENCION (FONDO DE RESERVA),263,6074,Neurolisis por rf simpatico lumbar unilateral,15075,95
PREVENCION (FONDO DE RESERVA),263,6076,Neurolisis quimica de ganglio de Walter,15076,95
PREVENCION (FONDO DE RESERVA),263,6077,Neurolisis por Rf. del plexo hipogastrico superior,15078,95
PREVENCION (FONDO DE RESERVA),263,6078,Neurolisis quimica del simpatico dorsal,15080,95
PREVENCION (FONDO DE RESERVA),263,6079,Neurolisis quimica del simpatico lumbar bilateral,15081,95
PREVENCION (FONDO DE RESERVA),263,6080,Neurolisis quimica de simpatico lumbar unilateral,15082,94
PREVENCION (FONDO DE RESERVA),263,6081,Neurolisis quimica ganglio estrellado,15083,94
PREVENCION (FONDO DE RESERVA),263,6082,Neurolisis quimica nervios esplacnicos,15084,94
PREVENCION (FONDO DE RESERVA),263,6083,Neurolisis quimica plexo celiaco,15086,94
PREVENCION (FONDO DE RESERVA),263,6086,Neurolisis del trigemino con Rf,15087,95
PREVENCION (FONDO DE RESERVA),263,6087,Neurolisis-modulacion del trigemino con Rf,15088,98
PREVENCION (FONDO DE RESERVA),263,6088,Neurolisis-modulacion ganglio esfeno-palatino con Rf,15089,95
PREVENCION (FONDO DE RESERVA),263,6089,Neurolisis-modulacion nervio glosofaringeo con Rf,15090,95
PREVENCION (FONDO DE RESERVA),263,6060,Neurolisis con Rf de nervios facetarios (2 niveles),15263,93
PREVENCION (FONDO DE RESERVA),263,6090,Neuromodulacion articulacion de hombro con Rf pulsada,15091,91
PREVENCION (FONDO DE RESERVA),263,6091,Neuromodulacion articulacion de rodilla con Rf pulsada,15092,91
PREVENCION (FONDO DE RESERVA),263,6092,Neuromodulacion con Rf pulsada de articulacion AA o AO,15093,93
PREVENCION (FONDO DE RESERVA),263,6093,Neuromodulacion con Rf pulsada ganglio raiz dorsal  (1 nivel),15094,92
PREVENCION (FONDO DE RESERVA),263,6094,Neuromodulacion con Rf pulsada ganglio raiz dorsal (mas de 1 nivel),15095,93
PREVENCION (FONDO DE RESERVA),263,6095,Neuromodulacion percutanea de nervio periferico,15096,94
PREVENCION (FONDO DE RESERVA),263,6096,Neuromodulacion sistemica con anestesicos locales en dolor neuropatico.,15215,90
PREVENCION (FONDO DE RESERVA),263,6098,Neurotomia del nervio optico,14406,90
PREVENCION (FONDO DE RESERVA),263,6099,Neurotomia trigeminal / vestibular / glosofaringeo,14407,95
PREVENCION (FONDO DE RESERVA),263,6104,Oclusion con reseccion de intestino,14410,93
PREVENCION (FONDO DE RESERVA),263,6105,Omentectomia,15328,93
PREVENCION (FONDO DE RESERVA),263,6106,Onfalitis,14411,91
PREVENCION (FONDO DE RESERVA),263,6107,Ooforectomia simple unilateral,14412,91
PREVENCION (FONDO DE RESERVA),263,6108,Ooforo-salpinguectomia unilateral,14413,91
PREVENCION (FONDO DE RESERVA),263,6708,Operacion Comando de Parotida,60859,95
PREVENCION (FONDO DE RESERVA),263,6109,Operacion comando de encias o trigono-retromolar,14414,93
PREVENCION (FONDO DE RESERVA),263,6110,Operacion comando de faringe con vaciamiento,14415,95
PREVENCION (FONDO DE RESERVA),263,6113,Operacion comando de paladar blando,14418,95
PREVENCION (FONDO DE RESERVA),263,6114,Operacion comando de piso de boca,14419,95
PREVENCION (FONDO DE RESERVA),263,6115,Operacion correctora de glaucoma,14420,92
PREVENCION (FONDO DE RESERVA),263,6117,Operacion de Dixon (para tumores del 1/3 superior del recto),14422,93
PREVENCION (FONDO DE RESERVA),263,6118,Operacion de Dixon laparoscopica (para tumores del 1/3 superior del recto),14423,94
PREVENCION (FONDO DE RESERVA),263,6119,Operacion de Frikolm (hasta 2 discos),14425,94
PREVENCION (FONDO DE RESERVA),263,6120,Operacion de Lefort o similares para prolapso vaginal,14426,91
PREVENCION (FONDO DE RESERVA),263,6122,Operacion de Sugarbaker (HIPEC) para carcinomatosis toracica (QMT + hipertermia intracavitaria),14427,107
PREVENCION (FONDO DE RESERVA),263,6124,Operacion de Wertheim-Meigs con lavaje intracavitario con circulacion extracorporea (tipo Sugarbaker),14429,107
PREVENCION (FONDO DE RESERVA),263,6125,Operacion de Wertheim-Meigs por video-laparoscopia,14430,98
PREVENCION (FONDO DE RESERVA),263,6226,Plicatura intestinal (operacion de Noble),14519,93
PREVENCION (FONDO DE RESERVA),263,6460,Septumplastia y/o reseccion del tabique nasal (operacion de Killian o similar),14672,92
PREVENCION (FONDO DE RESERVA),263,6197,Peritonectomia + quimioterapia con hipertermia intracavitaria (HIPEC - operacion de Sugarbaker,15300,107
PREVENCION (FONDO DE RESERVA),263,6406,"Reseccion de tumor, intraorbitario mediante orbitotomia",15160,91
PREVENCION (FONDO DE RESERVA),263,6131,Orquidectomia,14435,91
PREVENCION (FONDO DE RESERVA),263,6132,Orquidopexia,14436,91
PREVENCION (FONDO DE RESERVA),263,6133,Orzuelo,14437,89
PREVENCION (FONDO DE RESERVA),263,6134,Osteoclasia,14438,90
PREVENCION (FONDO DE RESERVA),263,5398,Osteosintesis de Perone,60851,92
PREVENCION (FONDO DE RESERVA),263,6138,Osteosintesis clavicular,14439,92
PREVENCION (FONDO DE RESERVA),263,6139,Osteosintesis de calcaneo,14441,92
PREVENCION (FONDO DE RESERVA),263,6143,Osteosintesis de escafoide,14443,93
PREVENCION (FONDO DE RESERVA),263,6145,Osteosintesis de falange o metacarpiano (hasta 3 huesos),14444,91
PREVENCION (FONDO DE RESERVA),263,6146,"Osteosintesis de femur (tipo Kuncher, clavo gamma o similares)",14445,93
PREVENCION (FONDO DE RESERVA),263,6149,Osteosintesis de hasta 2 huesos del carpo,14449,92
PREVENCION (FONDO DE RESERVA),263,6154,Osteosintesis de mas de 2 huesos del carpo,14454,93
PREVENCION (FONDO DE RESERVA),263,6155,Osteosintesis de muñeca con clavija percutanea (tipo Sauve-Kapandi y similares),14455,91
PREVENCION (FONDO DE RESERVA),263,6156,Osteosintesis de rotula,14456,92
PREVENCION (FONDO DE RESERVA),263,6157,Osteosintesis de tarso o metatarso hasta 2 huesos,14457,92
PREVENCION (FONDO DE RESERVA),263,6158,Osteosintesis de tibia,14458,92
PREVENCION (FONDO DE RESERVA),263,6159,Osteosintesis de tobillo,14459,92
PREVENCION (FONDO DE RESERVA),263,6161,Osteosintesis tarso o metatarso mas de 2 huesos,14460,93
PREVENCION (FONDO DE RESERVA),263,6160,Osteosintesis del malar,15099,92
PREVENCION (FONDO DE RESERVA),263,6144,Osteosintesis de esternon como unica intervencion,15362,92
PREVENCION (FONDO DE RESERVA),263,6141,Osteosintesis de cubito o radio,15463,92
PREVENCION (FONDO DE RESERVA),263,6151,Osteosintesis de humero,15464,92
PREVENCION (FONDO DE RESERVA),263,6142,Osteosintesis de cubito y radio (por diferentes vias),15467,93
PREVENCION (FONDO DE RESERVA),263,6162,Osteotomia correctora de pie,14461,91
PREVENCION (FONDO DE RESERVA),263,6163,Osteotomia correctora de tibia y perone,14463,92
PREVENCION (FONDO DE RESERVA),263,6167,Osteotomia simple,14465,90
PREVENCION (FONDO DE RESERVA),263,6166,Osteotomia de femur,15478,93
PREVENCION (FONDO DE RESERVA),263,6719,Trombectomia Pulmonar Mecanica En Tepa Paciente Critico,60870,96
PREVENCION (FONDO DE RESERVA),263,8553,Revision del manejo del dolor agudo (no postoperatorio) en pacientes internados,69401,89
PREVENCION (FONDO DE RESERVA),263,6169,Paciente oncologico - atencion clinica por 2 a 14 dias,15103,91
PREVENCION (FONDO DE RESERVA),263,6170,Paciente oncologico - atencion clinica x mes o frac. > a 14 d.,15268,93
PREVENCION (FONDO DE RESERVA),263,6171,Palatoplastia,14467,91
PREVENCION (FONDO DE RESERVA),263,6273,Queiloplastia con palatoplastia,15117,93
PREVENCION (FONDO DE RESERVA),263,6172,Palatorrafia,15104,91
PREVENCION (FONDO DE RESERVA),263,6176,Pancreatectomia por Videolaparoscopia,14471,95
PREVENCION (FONDO DE RESERVA),263,6177,Papilotomia del conducto de Warthon y/o Stenon,14472,90
PREVENCION (FONDO DE RESERVA),263,6178,Papilotomia endoscopica / ERCP (colangio-pancreatografia endoscopica retrogada),14473,92
PREVENCION (FONDO DE RESERVA),263,6179,Paratiroidectomia,14474,93
PREVENCION (FONDO DE RESERVA),263,6180,Paratiroidectomia por via endoscopica,14475,94
PREVENCION (FONDO DE RESERVA),263,6181,Paratiroidectomia total con vaciamiento ganglionar,14476,94
PREVENCION (FONDO DE RESERVA),263,6182,Paratiroidectomia total con vaciamiento ganglionar por via endoscopica,14477,95
PREVENCION (FONDO DE RESERVA),263,6184,Parche hematico,15105,90
PREVENCION (FONDO DE RESERVA),263,5020,Parchehematico de sangreo similar (blood parch) en cefalea post puncion,15248,91
PREVENCION (FONDO DE RESERVA),263,6186,Parotidectomia total,14479,93
PREVENCION (FONDO DE RESERVA),263,5235,By-pass de vasos perifericos unilateral,13786,94
PREVENCION (FONDO DE RESERVA),263,5236,By-pass temporo-silviano,13787,96
PREVENCION (FONDO DE RESERVA),263,6188,Pectus excavatum / pectus carinatum,14481,94
PREVENCION (FONDO DE RESERVA),263,6189,Pectus excavatum / pectus carinatum por video-toracoscopia,14482,95
PREVENCION (FONDO DE RESERVA),263,6191,Pericardiectomia amplia (pericarditis constrictiva),15106,94
PREVENCION (FONDO DE RESERVA),263,6192,Pericardiectomia no constrictiva,15107,93
PREVENCION (FONDO DE RESERVA),263,6193,Pericardiocentesis,14486,91
PREVENCION (FONDO DE RESERVA),263,6194,Pericardiotomia,15108,92
PREVENCION (FONDO DE RESERVA),263,6195,Peridural por distocia,14487,92
PREVENCION (FONDO DE RESERVA),263,6196,Perineorrafia,14488,90
PREVENCION (FONDO DE RESERVA),263,6198,Peritoneocentesis,14489,90
PREVENCION (FONDO DE RESERVA),263,6199,Peritonitis generalizada,14490,93
PREVENCION (FONDO DE RESERVA),263,6203,Pielografia ascendente por ureteroscopia,14494,90
PREVENCION (FONDO DE RESERVA),263,6204,Pielolitotomia,14495,92
PREVENCION (FONDO DE RESERVA),263,6205,Pielolitotomia por videolaparoscopia,14496,93
PREVENCION (FONDO DE RESERVA),263,6206,Pieloplastia,14497,92
PREVENCION (FONDO DE RESERVA),263,6207,Pieloplastia por lumbotomia,14498,93
PREVENCION (FONDO DE RESERVA),263,6208,Pielotomia por videolaparoscopia,14499,93
PREVENCION (FONDO DE RESERVA),263,6201,Pie plano unilateral,14492,92
PREVENCION (FONDO DE RESERVA),263,6712,Plastica de Codo,60863,93
PREVENCION (FONDO DE RESERVA),263,6715,Plastica de Manguito Rotador por Artroscopia,60866,94
PREVENCION (FONDO DE RESERVA),263,5580,Plastica peneana,14047,93
PREVENCION (FONDO DE RESERVA),263,6209,Plastica anal / anoplastia,14500,91
PREVENCION (FONDO DE RESERVA),263,6210,Plastica de canal estrecho de columna con disectomia hasta 2 espacios,14501,98
PREVENCION (FONDO DE RESERVA),263,6211,Plastica de canal estrecho de columna mas de 2 espacios,14502,98
PREVENCION (FONDO DE RESERVA),263,6212,Plastica de colostomia,14503,91
PREVENCION (FONDO DE RESERVA),263,6213,Plastica de la union uretero-pielica,14504,92
PREVENCION (FONDO DE RESERVA),263,6214,Plastica de ligamentos de rodilla no cruzados,14505,93
PREVENCION (FONDO DE RESERVA),263,6215,Plastica de manguito rotador no artroscopica,14506,93
PREVENCION (FONDO DE RESERVA),263,6216,Plastica de uretra / uretroplastia,14509,92
PREVENCION (FONDO DE RESERVA),263,6218,Plastica de via lagrimal,14511,93
PREVENCION (FONDO DE RESERVA),263,6219,Plastica del cuadriceps,14512,91
PREVENCION (FONDO DE RESERVA),263,6222,Plastica pielo-ureteral por videolaparoscopia,14514,94
PREVENCION (FONDO DE RESERVA),263,6223,Plastica ureteral,14516,92
PREVENCION (FONDO DE RESERVA),263,6224,Plastica ureteral o de la union pielo-pielica por videolaparoscopia,14517,94
PREVENCION (FONDO DE RESERVA),263,6362,Reparacion artroscopica quirurgica de tobillo (plastica de tobillo por video-artroscopia),14604,93
PREVENCION (FONDO DE RESERVA),263,6370,Reparacion plastica de ligamento peroneo-astragalino anterior y/o lateral y/o peroneo-calcaneo,14612,93
PREVENCION (FONDO DE RESERVA),263,6336,Reemplazo de una valvula cardiaca y plastica de otra,15142,98
PREVENCION (FONDO DE RESERVA),263,6405,"Reseccion de tumor maligno externo, con reconstruccion plastica",15159,92
PREVENCION (FONDO DE RESERVA),263,7539,Plastica o comisurotomias valvulares Ao o pulmonares en el recien nacido.,15288,98
PREVENCION (FONDO DE RESERVA),263,6220,Plastica del pabellon auricular,15492,92
PREVENCION (FONDO DE RESERVA),263,7595,Pleurectomia parcial por video-toracoscopia,15372,94
PREVENCION (FONDO DE RESERVA),263,6225,Pleurodesis quimica por video-toracoscopia,14518,94
PREVENCION (FONDO DE RESERVA),263,6227,Polidactilia,14520,91
PREVENCION (FONDO DE RESERVA),263,6229,Polipo de cuello uterino,14522,89
PREVENCION (FONDO DE RESERVA),263,6230,Potenciales evocados,14523,89
PREVENCION (FONDO DE RESERVA),263,6231,Potenciales evocados somatosensoriales,14524,91
PREVENCION (FONDO DE RESERVA),263,6582,Trasplante oseo en procedimientos primarios,14750,94
PREVENCION (FONDO DE RESERVA),263,6593,Tratamiento de las secuelas por paralisis (por cada procedimiento),14761,91
PREVENCION (FONDO DE RESERVA),263,6235,Proctectomia con prostatectomia,15358,93
PREVENCION (FONDO DE RESERVA),263,6236,Proctorrafia,14525,90
PREVENCION (FONDO DE RESERVA),263,6237,Prolapso rectal,14526,91
PREVENCION (FONDO DE RESERVA),263,6238,Prostatectomia o adenectomia con o sin vasectomia por videolaparoscopia,14527,94
PREVENCION (FONDO DE RESERVA),263,6239,"Prostatectomia o adenectomia por via abdominal, con o sin vasectomia",14528,93
PREVENCION (FONDO DE RESERVA),263,6240,Prostatectomia o adenomectomia por videolaparoscopia,14529,94
PREVENCION (FONDO DE RESERVA),263,6243,Prostatectomia radical por videolaparoscopia,14531,95
PREVENCION (FONDO DE RESERVA),263,6274,Querato-protesis,14550,94
PREVENCION (FONDO DE RESERVA),263,6434,Revision de protesis total de rodilla,14654,95
PREVENCION (FONDO DE RESERVA),263,6580,Trasplante oseo combinado con protesis,14748,95
PREVENCION (FONDO DE RESERVA),263,6246,Protesis testicular unilateral,15411,93
PREVENCION (FONDO DE RESERVA),263,6248,Ptosis palpebral,14534,91
PREVENCION (FONDO DE RESERVA),263,6247,Ptosis de parpado,15111,92
PREVENCION (FONDO DE RESERVA),263,8653,Puncion guiada por TAC en quirofano,69398,91
PREVENCION (FONDO DE RESERVA),263,6260,Puncion de camara anterior para daignosticos,14543,89
PREVENCION (FONDO DE RESERVA),263,6261,Puncion de derrame escrotal,14544,89
PREVENCION (FONDO DE RESERVA),263,6265,Puncion del antro mastoideo,14545,90
PREVENCION (FONDO DE RESERVA),263,6267,Puncion del seno esfenoidal,14547,91
PREVENCION (FONDO DE RESERVA),263,6270,Puncion trans-fontanoidal,14548,90
PREVENCION (FONDO DE RESERVA),263,6271,Puncion ventricular por trepanacion,14549,92
PREVENCION (FONDO DE RESERVA),263,6262,Puncion de ganglio linfatico,15115,89
PREVENCION (FONDO DE RESERVA),263,6268,Puncion pleural,15361,89
PREVENCION (FONDO DE RESERVA),263,6263,Puncion de la cavidad pleural para lavaje,15366,91
PREVENCION (FONDO DE RESERVA),263,6269,Puncion raquidea diagnostica,15528,90
PREVENCION (FONDO DE RESERVA),263,6275,Queratocentesis,14551,90
PREVENCION (FONDO DE RESERVA),263,6276,Quiste artro-sinovial,14552,90
PREVENCION (FONDO DE RESERVA),263,6277,Quiste de cordon,14553,90
PREVENCION (FONDO DE RESERVA),263,6280,Quiste de ovario,14556,91
PREVENCION (FONDO DE RESERVA),263,6281,Quiste de pancreas,14557,92
PREVENCION (FONDO DE RESERVA),263,6282,Quiste de tumor de cuello,14558,92
PREVENCION (FONDO DE RESERVA),263,6283,Quiste hidatidico de bazo,14559,92
PREVENCION (FONDO DE RESERVA),263,6284,Quiste hidatidico de higado,14560,93
PREVENCION (FONDO DE RESERVA),263,6285,Quiste o tumor de mesenterio,14561,92
PREVENCION (FONDO DE RESERVA),263,6286,Quiste o tumor del hueco popliteo,14562,92
PREVENCION (FONDO DE RESERVA),263,6399,Reseccion de quiste oseo,14629,90
PREVENCION (FONDO DE RESERVA),263,6287,Quiste sacro-coccigeo en decubito ventral (ej. quiste pilonidal),15240,91
PREVENCION (FONDO DE RESERVA),263,6293,Radioterapia de intensidad modulada (IMRT),15120,91
PREVENCION (FONDO DE RESERVA),263,6294,Radioterapia intraoperatoria,15121,95
PREVENCION (FONDO DE RESERVA),263,6472,Simulacion de tratamiento para radioterapia,15170,90
PREVENCION (FONDO DE RESERVA),263,6296,Reanimacion fuera del acto anestesiologico,15122,92
PREVENCION (FONDO DE RESERVA),263,6298,Recarga de bomba de infusion,15124,90
PREVENCION (FONDO DE RESERVA),263,6299,Recarga bomba elastomerica,15211,89
PREVENCION (FONDO DE RESERVA),263,6304,Reconstruccion de las vias biliares,14566,95
PREVENCION (FONDO DE RESERVA),263,6308,Reconstruccion de pene y/o testiculo,14567,93
PREVENCION (FONDO DE RESERVA),263,6319,Reconstruccion total de parpado,14570,92
PREVENCION (FONDO DE RESERVA),263,6300,Reconstruccion de areola y/o pezon,15125,91
PREVENCION (FONDO DE RESERVA),263,6301,Reconstruccion de cavidad orbitaria,15126,93
PREVENCION (FONDO DE RESERVA),263,6302,Reconstruccion de conducto auditivo externo,15127,92
PREVENCION (FONDO DE RESERVA),263,6303,Reconstruccion de la pared abdominal,15128,93
PREVENCION (FONDO DE RESERVA),263,6305,Reconstruccion de ombligo,15129,90
PREVENCION (FONDO DE RESERVA),263,6307,Reconstruccion de pene y/o escroto,15131,92
PREVENCION (FONDO DE RESERVA),263,6288,Reconstruccion de vulva,15132,93
PREVENCION (FONDO DE RESERVA),263,6313,Reconstruccion nasal parcial,15136,91
PREVENCION (FONDO DE RESERVA),263,6314,Reconstruccion parcial de orbita o malar,15137,92
PREVENCION (FONDO DE RESERVA),263,6316,Reconstruccion total de orbita,15139,93
PREVENCION (FONDO DE RESERVA),263,6404,Reseccion de tumor de orbita con reseccion osea y reconstruccion inmediata,15158,93
PREVENCION (FONDO DE RESERVA),263,6702,Reseccion de Tumor de Recto,60853,93
PREVENCION (FONDO DE RESERVA),263,6320,Recto-sigmoidoscopia,14571,89
PREVENCION (FONDO DE RESERVA),263,6414,Reseccion parcial osea infecciosa o tumoral de columna (corporectomia),14637,94
PREVENCION (FONDO DE RESERVA),263,6425,Retinopexia y esclerectomia,14646,93
PREVENCION (FONDO DE RESERVA),263,6451,Salpinguectomia con o sin ooferectomia por videolaproscopia,14666,93
PREVENCION (FONDO DE RESERVA),263,6610,Trombo-endarterectomia de vasos perifericos,14773,94
PREVENCION (FONDO DE RESERVA),263,6695,Vitrectomia,14840,94
PREVENCION (FONDO DE RESERVA),263,6455,Secuestrectomia,15308,93
PREVENCION (FONDO DE RESERVA),263,6321,Rectoscopia,15332,89
PREVENCION (FONDO DE RESERVA),263,6637,Tumorectomia,15389,91
PREVENCION (FONDO DE RESERVA),263,6644,Ureterectomia,15423,91
PREVENCION (FONDO DE RESERVA),263,6328,Reduccion incruenta cervical o dorsal,14575,92
PREVENCION (FONDO DE RESERVA),263,6339,Reemplazo total de femur,14583,95
PREVENCION (FONDO DE RESERVA),263,6340,Reemplazo total de hombro,14584,95
PREVENCION (FONDO DE RESERVA),263,6341,Reemplazo total de rodilla,14585,95
PREVENCION (FONDO DE RESERVA),263,6334,Reemplazo bi-valvular,15141,98
PREVENCION (FONDO DE RESERVA),263,6342,Reemplazo valvular,15143,95
PREVENCION (FONDO DE RESERVA),263,7535,Reemplazo valvular en hemodinamia ( TAVI),15549,98
PREVENCION (FONDO DE RESERVA),263,6359,Reintervencion cardiaca dentro de las primeras 24 horas (ejemplo: sangrado),15147,94
PREVENCION (FONDO DE RESERVA),263,6360,Remodelacion de la boveda craneana (turricefalia / plagiocefalia),14603,95
PREVENCION (FONDO DE RESERVA),263,6361,"Remodelacion de la boveda craneana (turricefalia, plagioce falia)",15148,95
PREVENCION (FONDO DE RESERVA),263,6367,Reparacion ligamentaria de rodilla (ligamento laterales y/o cruzados),51397,94
PREVENCION (FONDO DE RESERVA),263,6365,Reparacion de senos craneales,14607,94
PREVENCION (FONDO DE RESERVA),263,6368,"Reparacion ligamentaria de tobillo (ligamentos laterales, etc)",14610,93
PREVENCION (FONDO DE RESERVA),263,6000,Reseccion de Tabique Vaginal por Videolaparoscopia,60852,92
PREVENCION (FONDO DE RESERVA),263,6372,Reseccion costal,14613,90
PREVENCION (FONDO DE RESERVA),263,6374,Reseccion cuneiforme de ovario,14614,91
PREVENCION (FONDO DE RESERVA),263,6380,Reseccion de cuello de vejiga,14616,91
PREVENCION (FONDO DE RESERVA),263,6385,Reseccion de espolon calcaneo,14619,91
PREVENCION (FONDO DE RESERVA),263,6386,Reseccion de exostosis,14620,90
PREVENCION (FONDO DE RESERVA),263,6390,Reseccion de intestino delgado,14623,93
PREVENCION (FONDO DE RESERVA),263,6394,Reseccion de osteoma del CAE,14625,92
PREVENCION (FONDO DE RESERVA),263,6395,Reseccion de plexo hipogastrico,14626,92
PREVENCION (FONDO DE RESERVA),263,6397,Reseccion de plexo hipogastrico por videolaparoscopia,14628,93
PREVENCION (FONDO DE RESERVA),263,6407,Reseccion del plexo hipogastrico,14631,92
PREVENCION (FONDO DE RESERVA),263,6411,Reseccion parcial de hueso infeccioso o tumoral,14634,92
PREVENCION (FONDO DE RESERVA),263,6413,Reseccion parcial de pelvis infecciosa o tumoral,14636,92
PREVENCION (FONDO DE RESERVA),263,6415,Reseccion submucosa del cornete inferior,14639,91
PREVENCION (FONDO DE RESERVA),263,6416,Reseccion total de paladar,14640,94
PREVENCION (FONDO DE RESERVA),263,6419,Reseccion tumoral de nervio periferico,14642,91
PREVENCION (FONDO DE RESERVA),263,6396,Reseccion de plexo hipogastrico por videolaparoscopia,15154,93
PREVENCION (FONDO DE RESERVA),263,6398,Reseccion de queloide,15155,91
PREVENCION (FONDO DE RESERVA),263,6402,Reseccion de tumor de mas de 5 cm,15156,91
PREVENCION (FONDO DE RESERVA),263,6403,Reseccion de tumor de menos de 5 cm,15157,90
PREVENCION (FONDO DE RESERVA),263,6381,Reseccion de epiplon,15298,91
PREVENCION (FONDO DE RESERVA),263,6371,Reseccion pleuro-parietal,15367,93
PREVENCION (FONDO DE RESERVA),263,6401,Reseccion de tabique vaginal,15402,91
PREVENCION (FONDO DE RESERVA),263,6417,Reseccion transuretral de prostata (TUR-P),15430,93
PREVENCION (FONDO DE RESERVA),263,6389,Reseccion de hasta 3 falanges,15459,90
PREVENCION (FONDO DE RESERVA),263,6392,Reseccion de mas de 3 falanges,15460,91
PREVENCION (FONDO DE RESERVA),263,6375,Reseccion de cabeza de radio o cubito,15462,91
PREVENCION (FONDO DE RESERVA),263,6422,Retinografia,14643,89
PREVENCION (FONDO DE RESERVA),263,6426,Retiro de cables endocavitarios,14647,92
PREVENCION (FONDO DE RESERVA),263,6427,Retoque de muñon,14648,91
PREVENCION (FONDO DE RESERVA),263,6428,Retromentonismo no estetico,15162,91
PREVENCION (FONDO DE RESERVA),263,8539,Internacion. Primera o revision.,69389,90
PREVENCION (FONDO DE RESERVA),263,6437,Rino-septumplastia,14657,93
PREVENCION (FONDO DE RESERVA),263,6514,Taponamiento intra-uterino,14711,90
PREVENCION (FONDO DE RESERVA),263,6606,Tratamiento quirurgico del neurinoma del acustico por via optica,14770,95
PREVENCION (FONDO DE RESERVA),263,6440,"Rinoplastia simple, no estetica",15165,90
PREVENCION (FONDO DE RESERVA),263,6442,Rizotomia del ligamento dentado,14658,93
PREVENCION (FONDO DE RESERVA),263,6443,Rizotomia dorsal selectiva,14659,94
PREVENCION (FONDO DE RESERVA),263,6444,Rizotomia retrogaseriana estereotaxica por rf,15270,94
PREVENCION (FONDO DE RESERVA),263,7513,Rizotomia estereotaxica por crioterapia del G de Gasser,15271,98
PREVENCION (FONDO DE RESERVA),263,6445,Safenectomia externa unilateral,14660,92
PREVENCION (FONDO DE RESERVA),263,6446,Safenectomia interna unilateral,14661,92
PREVENCION (FONDO DE RESERVA),263,6449,Salpingolisis / salpingoplastia unilateral,14664,92
PREVENCION (FONDO DE RESERVA),263,6450,Salpingolisis / salpingoplastia unilateral por videolaparoscopia,14665,93
PREVENCION (FONDO DE RESERVA),263,6453,Seccion de frenillo lingual,14667,89
PREVENCION (FONDO DE RESERVA),263,6452,Seccion de aductores con o sin tenotomia,15456,92
PREVENCION (FONDO DE RESERVA),263,6454,Secuelas de paralisis facial en todas sus formas,15169,92
PREVENCION (FONDO DE RESERVA),263,6456,Segmentectomia hepatica,14668,95
PREVENCION (FONDO DE RESERVA),263,6458,Septostomia inter-auricular o ventricular en hemodinamia (tipo Raskind o similares),14670,95
PREVENCION (FONDO DE RESERVA),263,6461,Shunt porto-sistemico transyugular intra-hepatico (TIPS),14673,95
PREVENCION (FONDO DE RESERVA),263,6462,Sialografia,14675,89
PREVENCION (FONDO DE RESERVA),263,6463,Sigmoidectomia,14676,94
PREVENCION (FONDO DE RESERVA),263,6464,Sigmoidectomia por videolaparoscopia,14677,95
PREVENCION (FONDO DE RESERVA),263,6465,Simpatectomia abdominal o lumbar,14678,91
PREVENCION (FONDO DE RESERVA),263,6466,Simpatectomia cervical,14679,92
PREVENCION (FONDO DE RESERVA),263,6467,Simpatectomia lumbar,14680,91
PREVENCION (FONDO DE RESERVA),263,6468,Simpatectomia lumbar o toracica (hiper-hidrosis),14681,93
PREVENCION (FONDO DE RESERVA),263,6470,Simpatectomia periarterial,14683,91
PREVENCION (FONDO DE RESERVA),263,6471,Simpatectomia toracica,14684,93
PREVENCION (FONDO DE RESERVA),263,6473,Sindactilia,14685,91
PREVENCION (FONDO DE RESERVA),263,6474,Sindrome apico-transverso,14686,95
PREVENCION (FONDO DE RESERVA),263,6476,Sinovectomia,14688,91
PREVENCION (FONDO DE RESERVA),263,6478,Sinusotomia esfenoidal,14691,92
PREVENCION (FONDO DE RESERVA),263,6479,Sinusotomia frontal externa (trepanacion del seno frontal),14692,91
PREVENCION (FONDO DE RESERVA),263,6480,Sinusotomia frontal radical por via externa,14693,92
PREVENCION (FONDO DE RESERVA),263,6484,Sinusotomias combinadas por via endoscopica,14697,94
PREVENCION (FONDO DE RESERVA),263,6485,Sinusotomias por via endoscopica,14698,93
PREVENCION (FONDO DE RESERVA),263,6489,Spect cerebral,15172,91
PREVENCION (FONDO DE RESERVA),263,8101,Spect cerebral en niños,15531,91
PREVENCION (FONDO DE RESERVA),263,6490,Suprarrenalectomia laparoscopica unilateral,15385,95
PREVENCION (FONDO DE RESERVA),263,6491,Sutura de conjuntiva,14701,90
PREVENCION (FONDO DE RESERVA),263,6494,Sutura de faringe,14702,92
PREVENCION (FONDO DE RESERVA),263,6497,Sutura de lengua,14705,90
PREVENCION (FONDO DE RESERVA),263,6498,Sutura de vasos perifericos,14706,92
PREVENCION (FONDO DE RESERVA),263,6500,Sutura del paladar,14707,90
PREVENCION (FONDO DE RESERVA),263,6499,Sutura del pabellon auricular,15491,90
PREVENCION (FONDO DE RESERVA),263,6493,Sutura de encia,15495,90
PREVENCION (FONDO DE RESERVA),263,6492,Sutura de cornea,15525,91
PREVENCION (FONDO DE RESERVA),263,6513,Taponaje anterior y/o posterior,14710,89
PREVENCION (FONDO DE RESERVA),263,6515,Tarsorrafia,15179,90
PREVENCION (FONDO DE RESERVA),263,6516,Telecanto,15180,92
PREVENCION (FONDO DE RESERVA),263,6517,Tenolisis (hasta 3 tendones),14712,91
PREVENCION (FONDO DE RESERVA),263,6518,Tenolisis o tenorrafia (4 o mas tendones),14713,92
PREVENCION (FONDO DE RESERVA),263,6520,Tenoplastia simple (hasta 3 tendones),14714,92
PREVENCION (FONDO DE RESERVA),263,6519,Tenoplastia multiple (mas de 3 tendones),15452,93
PREVENCION (FONDO DE RESERVA),263,6521,Tenorrafia (hasta 3 tendones),14715,91
PREVENCION (FONDO DE RESERVA),263,6522,Tenorrafia del tendon de aquiles o rotuliano,14716,91
PREVENCION (FONDO DE RESERVA),263,6524,Tenotomia simple,14717,90
PREVENCION (FONDO DE RESERVA),263,6523,Tenotomia multiple,15450,91
PREVENCION (FONDO DE RESERVA),263,6554,Toma de tension ocular,14731,89
PREVENCION (FONDO DE RESERVA),263,6511,Tens (maximo seis sesiones al mes),15181,89
PREVENCION (FONDO DE RESERVA),263,8545,Quimioterapia intratecal,69395,94
PREVENCION (FONDO DE RESERVA),263,6525,Terapia sistemica del dolor postoperatorio ( todo el periodo),15182,90
PREVENCION (FONDO DE RESERVA),263,6540,Test de duccion forzada y fuerza generada,14718,89
PREVENCION (FONDO DE RESERVA),263,6539,"Test de Opioide, Baclofren, etc, intratecal",15249,91
PREVENCION (FONDO DE RESERVA),263,6630,Tumor de testiculo,15409,91
PREVENCION (FONDO DE RESERVA),263,6541,Timectomia por miastenia gravis,14719,94
PREVENCION (FONDO DE RESERVA),263,6543,Timpanoplastia,14721,93
PREVENCION (FONDO DE RESERVA),263,6544,Tiroidectomia por via endoscopica,14722,94
PREVENCION (FONDO DE RESERVA),263,6545,Tiroidectomia total,14723,93
PREVENCION (FONDO DE RESERVA),263,6546,Tiroidectomia total con vaciamiento cervical,14724,94
PREVENCION (FONDO DE RESERVA),263,6547,Tiroidectomia total con vaciamiento cervical por via endoscopica,14725,95
PREVENCION (FONDO DE RESERVA),263,6548,Toilette quirurgico con debridamiento,14726,90
PREVENCION (FONDO DE RESERVA),263,6549,Toilette quirurgico de columna,14727,92
PREVENCION (FONDO DE RESERVA),263,6551,Toillete quirurgica,14728,89
PREVENCION (FONDO DE RESERVA),263,6555,Tomografia computada de ojo,15521,90
PREVENCION (FONDO DE RESERVA),263,6556,Toracoplastia,14732,92
PREVENCION (FONDO DE RESERVA),263,6509,"TAC de torax, con o sin contraste",15177,91
PREVENCION (FONDO DE RESERVA),263,6558,Torticolis congenita,15486,94
PREVENCION (FONDO DE RESERVA),263,6561,Traccion esqueletica,15435,89
PREVENCION (FONDO DE RESERVA),263,6560,Traccion de partes blandas,15453,89
PREVENCION (FONDO DE RESERVA),263,6562,Tractotomia,15535,94
PREVENCION (FONDO DE RESERVA),263,6563,Transferencias tendinosas (mas de 3 tendones),14735,93
PREVENCION (FONDO DE RESERVA),263,6564,Transferencias tendinosas (trasplante y alargamiento) en miembro superior o inferior (hasta 3 tendones),14736,92
PREVENCION (FONDO DE RESERVA),263,6565,Transposicion de nervio periferico,14737,92
PREVENCION (FONDO DE RESERVA),263,6566,Transposicion de tendones en miembro superior o miembro inferior,14738,93
PREVENCION (FONDO DE RESERVA),263,6567,Transposicion del cubital,14739,91
PREVENCION (FONDO DE RESERVA),263,6568,Traqueoplastia,14740,94
PREVENCION (FONDO DE RESERVA),263,6569,Traqueorrafia,14742,92
PREVENCION (FONDO DE RESERVA),263,6571,Traqueostomia o traqueotomia como unica intervencion,14744,91
PREVENCION (FONDO DE RESERVA),263,6570,Traqueostomia como unica intervencion,15190,91
PREVENCION (FONDO DE RESERVA),263,6572,Traqueostomia percutanea,15383,91
PREVENCION (FONDO DE RESERVA),263,6574,Trasplante de corazon y pulmon,14745,108
PREVENCION (FONDO DE RESERVA),263,6578,Trasplante de pancreas,14746,106
PREVENCION (FONDO DE RESERVA),263,6579,Trasplante hepatico,14747,107
PREVENCION (FONDO DE RESERVA),263,6584,Trasplante oseo intercalares,14752,94
PREVENCION (FONDO DE RESERVA),263,6585,Trasplante oseo osteo-articulares,14753,94
PREVENCION (FONDO DE RESERVA),263,6586,Trasplante pulmonar,14754,106
PREVENCION (FONDO DE RESERVA),263,6587,Trasplante renal,14755,96
PREVENCION (FONDO DE RESERVA),263,6588,Trasplante reno-pancreatico,14756,107
PREVENCION (FONDO DE RESERVA),263,6589,Trasplante y alargamiento (hasta 3 tendones),14757,92
PREVENCION (FONDO DE RESERVA),263,6590,Trasplante y alargamiento (mas de 3 tendones),14758,93
PREVENCION (FONDO DE RESERVA),263,6573,Trasplante de corazon,15191,106
PREVENCION (FONDO DE RESERVA),263,6575,Trasplante de corazon-pulmon,15192,108
PREVENCION (FONDO DE RESERVA),263,6576,Trasplante de corazon-riñon,15193,107
PREVENCION (FONDO DE RESERVA),263,6577,Trasplante de medula osea,15257,92
PREVENCION (FONDO DE RESERVA),263,6594,Tratamiento de las varices esofagicas (bandas / escleroris / balon),14762,91
PREVENCION (FONDO DE RESERVA),263,6600,Tratamiento endovascular de arterias uterinas,14767,94
PREVENCION (FONDO DE RESERVA),263,6607,Tratamiento quirurgico del onfalocele,14771,94
PREVENCION (FONDO DE RESERVA),263,6608,"Tratamiento sistemico del dolor, por dia de tratamiento",15209,89
PREVENCION (FONDO DE RESERVA),263,6510,TAC tridimensional,15178,91
PREVENCION (FONDO DE RESERVA),263,6720,Trombectomia Intracraneal Por Hemodinamia,60871,96
PREVENCION (FONDO DE RESERVA),263,6609,Trombectomia venosa profunda,14772,93
PREVENCION (FONDO DE RESERVA),263,6611,Trombosis hemorroidal,14774,90
PREVENCION (FONDO DE RESERVA),263,6612,Trombosis mesenterica,14775,93
PREVENCION (FONDO DE RESERVA),263,5752,Extrirpacion de tumor oseo (mas de 5 cm),14170,91
PREVENCION (FONDO DE RESERVA),263,5753,Extrirpacion de tumor oseo (menos de 5 cm),14171,90
PREVENCION (FONDO DE RESERVA),263,6613,Tumor benigno de ano,14776,91
PREVENCION (FONDO DE RESERVA),263,6615,Tumor benigno de vulva,14777,89
PREVENCION (FONDO DE RESERVA),263,6616,Tumor beningo de vagina,14778,90
PREVENCION (FONDO DE RESERVA),263,6617,Tumor cerebral intracraneal (mas de 8 horas de duracion),14779,98
PREVENCION (FONDO DE RESERVA),263,6618,Tumor cerebral intracraneal (menos de 8 horas de duracion),14780,98
PREVENCION (FONDO DE RESERVA),263,6620,Tumor de fosa posterior (mas de 8 horas de duracion),14782,98
PREVENCION (FONDO DE RESERVA),263,6621,Tumor de fosa posterior (menos de 8 horas de duracion),14783,98
PREVENCION (FONDO DE RESERVA),263,6622,Tumor de hipofisis (mas de 8 horas de duracion),14784,98
PREVENCION (FONDO DE RESERVA),263,6623,Tumor de hipofisis (menos de 8 horas de duracion),14785,98
PREVENCION (FONDO DE RESERVA),263,6624,Tumor de la pared costal,14786,91
PREVENCION (FONDO DE RESERVA),263,6625,Tumor de la pared costal por videotoracoscopia,14787,92
PREVENCION (FONDO DE RESERVA),263,6627,Tumor de ovario,14788,92
PREVENCION (FONDO DE RESERVA),263,6629,Tumor de partes blandas,14790,90
PREVENCION (FONDO DE RESERVA),263,6633,Tumor fibroso de pie,14791,90
PREVENCION (FONDO DE RESERVA),263,6634,Tumor retroperitoneal,14792,94
PREVENCION (FONDO DE RESERVA),263,6635,Tumor retroperitoneal por videolaparoscopia,14793,95
PREVENCION (FONDO DE RESERVA),263,6638,Tumores mediastinales a cielo abierto,14794,94
PREVENCION (FONDO DE RESERVA),263,6639,Tumores mediastinales por toracoscopia,14795,95
PREVENCION (FONDO DE RESERVA),263,6632,Tumor del hueco supra-clavicular,15196,91
PREVENCION (FONDO DE RESERVA),263,6636,Tumoracion cardiaca con CEC (tumor de auricula y/o ventriculo; tipo mixoma o similares),15283,98
PREVENCION (FONDO DE RESERVA),263,6631,Tumor del glomus carotideo,15540,95
PREVENCION (FONDO DE RESERVA),263,6640,Turbinectomia parcial o completa simple (unica o muliple),14796,92
PREVENCION (FONDO DE RESERVA),263,6642,Turbinectomia video-endoscopica,14798,93
PREVENCION (FONDO DE RESERVA),263,6645,Ureterolitotomia,14800,92
PREVENCION (FONDO DE RESERVA),263,6675,Video cisto-ureteroscopia,14823,90
PREVENCION (FONDO DE RESERVA),263,6646,Ureteroscopia,15420,89
PREVENCION (FONDO DE RESERVA),263,6647,Ureterostomia,15424,91
PREVENCION (FONDO DE RESERVA),263,6648,Uretro-cisto-fibroscopia,14801,90
PREVENCION (FONDO DE RESERVA),263,6649,Uretrografia,14802,89
PREVENCION (FONDO DE RESERVA),263,6650,Uretrorrafia,14803,90
PREVENCION (FONDO DE RESERVA),263,6651,Uretrotomia interna / uretroscopia,14804,89
PREVENCION (FONDO DE RESERVA),263,5941,Laringuectomia radical con vaciamiento cervical,14311,95
PREVENCION (FONDO DE RESERVA),263,6655,Vaciamiento inguino-abdominal convencional,14807,93
PREVENCION (FONDO DE RESERVA),263,6656,Vaciamiento inguino-abdominal o inguino-escrotal por video,14808,94
PREVENCION (FONDO DE RESERVA),263,6657,Vaciamiento inguino-escrotal convencional,14809,93
PREVENCION (FONDO DE RESERVA),263,6696,Vulvectomia con vaciamiento ganglionar,14841,94
PREVENCION (FONDO DE RESERVA),263,6654,Vaciamiento ganglionar lumbo-aortico,15197,94
PREVENCION (FONDO DE RESERVA),263,6658,Vaciamiento radical unilateral de cuello,15199,93
PREVENCION (FONDO DE RESERVA),263,6659,Vagotomia / vagotomia selectiva / gastropexia,14811,92
PREVENCION (FONDO DE RESERVA),263,6660,Vagotomia por videolaparoscopia,14812,93
PREVENCION (FONDO DE RESERVA),263,6661,Valvuloplastia aortica / pulmonar / tricuspidea / mitral / en hemodinamia,14813,95
PREVENCION (FONDO DE RESERVA),263,6662,Valvuloplastia mitral / tricuspidea / aortica / pulmonar,15200,95
PREVENCION (FONDO DE RESERVA),263,7534,Valvuloplastia aortica / pulmonar / tricuspidea / mitral / en hemodinamia en el recien nacido,15548,98
PREVENCION (FONDO DE RESERVA),263,6663,Vaporizacion prostatica por plasma (TURis) (hiperplasia benigna de prostata),14814,93
PREVENCION (FONDO DE RESERVA),263,6652,Varicocele,14805,90
PREVENCION (FONDO DE RESERVA),263,6665,Varicocele pelviano,14816,91
PREVENCION (FONDO DE RESERVA),263,6666,Vasectomia,15407,91
PREVENCION (FONDO DE RESERVA),263,6049,Neo-vejiga a cielo abierto,14397,95
PREVENCION (FONDO DE RESERVA),263,6667,Ventana pleuro-pericardica,14817,94
PREVENCION (FONDO DE RESERVA),263,6668,Ventana pleuro-pericardica por video,14818,95
PREVENCION (FONDO DE RESERVA),263,6669,Ventriculo-cisternotomia,14819,94
PREVENCION (FONDO DE RESERVA),263,6670,Ventriculo-cisternotomia videoasistida,14820,95
PREVENCION (FONDO DE RESERVA),263,6721,VERTEBROPLASTIA CONVENCIONAL,60872,91
PREVENCION (FONDO DE RESERVA),263,6671,Vertebroplastia percutanea (1 Vertebra),14821,94
PREVENCION (FONDO DE RESERVA),263,6672,Vertebroplastia percutanea (2 o mas vertebras),14822,95
PREVENCION (FONDO DE RESERVA),263,6366,Videoartroscopia Compleja de Rodilla,14608,94
PREVENCION (FONDO DE RESERVA),263,6676,"Video-artroscopia compleja (hombro, codo, tobillo)",14824,93
PREVENCION (FONDO DE RESERVA),263,6678,Video-artroscopia de hombro / codo,14827,93
PREVENCION (FONDO DE RESERVA),263,6679,Video-artroscopia de tobillo,14828,93
PREVENCION (FONDO DE RESERVA),263,6680,Video-artroscopia simple de rodilla (incluye menisectomia artroscopica de rodilla),14829,93
PREVENCION (FONDO DE RESERVA),263,6682,Video-cistoscopia,14831,90
PREVENCION (FONDO DE RESERVA),263,6687,Videobroncofibroscopia,14834,91
PREVENCION (FONDO DE RESERVA),263,6690,Videolaparoscopia terapeutica,14837,93
PREVENCION (FONDO DE RESERVA),263,6694,Videotoracoscopia convertida a via convencional,14839,95
PREVENCION (FONDO DE RESERVA),263,7604,Video artroscopia simple de hombro,15443,92
PREVENCION (FONDO DE RESERVA),263,7605,Video artroscopia simple de muñeca,15444,92
PREVENCION (FONDO DE RESERVA),263,7606,Video artroscopia compleja de muñeca,15446,93
PREVENCION (FONDO DE RESERVA),263,7607,Video artroscopia compleja de hombro,15447,93
PREVENCION (FONDO DE RESERVA),263,6697,Vulvectomia simple,14842,91
PREVENCION (FONDO DE RESERVA),263,6698,Yeyunostomia,15325,91
PREVENCION (FONDO DE RESERVA),263,6202,Pie zambo / varo / equino supinado,14493,92
APOS SANATORIO MAYO PRIVADO SOCIEDAD ANONIMA,437,6689,Videolaparoscopia exploradora de abdomen,14836,92
APOS SANATORIO MAYO PRIVADO SOCIEDAD ANONIMA,437,6692,Videolaparoscopia terapeutica de abdomen,14838,93
APOS SANATORIO MAYO PRIVADO SOCIEDAD ANONIMA,437,5975,"Lipoaspiracion (cadera, muslo, abdomen) (hasta 2 zonas)",15037,93
APOS SANATORIO MAYO PRIVADO SOCIEDAD ANONIMA,437,5976,"Lipoaspiracion (cadera, muslo, abdomen) (mas de 2 zonas)",15038,94
APOS SANATORIO MAYO PRIVADO SOCIEDAD ANONIMA,437,5979,Liposuccion de abdomen,15039,93
APOS SANATORIO MAYO PRIVADO SOCIEDAD ANONIMA,437,6506,"TAC de abdomen, con o sin contraste",15174,91
APOS SANATORIO MAYO PRIVADO SOCIEDAD ANONIMA,437,5002,Abdominoplastia,14843,94
APOS SANATORIO MAYO PRIVADO SOCIEDAD ANONIMA,437,5004,Ablacion por radiofrecuencia de arritmias complejas (tipo fibrilacion auricular),13645,98
APOS SANATORIO MAYO PRIVADO SOCIEDAD ANONIMA,437,5005,Ablacion por radiofrecuencia de arritmias simples (tipo haz de His),13646,95
APOS SANATORIO MAYO PRIVADO SOCIEDAD ANONIMA,437,6187,Patelectomia (ablacion de la rotula),14480,91
APOS SANATORIO MAYO PRIVADO SOCIEDAD ANONIMA,437,5003,Ablacion de corazon,14844,95
APOS SANATORIO MAYO PRIVADO SOCIEDAD ANONIMA,437,5083,Anestesiologo en ablacion de organos,14864,92
APOS SANATORIO MAYO PRIVADO SOCIEDAD ANONIMA,437,6053,Neuroablacion aferentes articulacion de cadera con Rf,15056,93
APOS SANATORIO MAYO PRIVADO SOCIEDAD ANONIMA,437,7532,Ablacion por radiofrecuencia de arritmias con navegador de impedancia,15546,95
APOS SANATORIO MAYO PRIVADO SOCIEDAD ANONIMA,437,5006,Abocamiento del ureter a piel,13647,92
APOS SANATORIO MAYO PRIVADO SOCIEDAD ANONIMA,437,5007,Aborto del segundo trimestre con mecanismo de parto seguido o no de legrado,13648,91
APOS SANATORIO MAYO PRIVADO SOCIEDAD ANONIMA,437,5009,Absceso de mama / drenaje unilateral,13649,89
APOS SANATORIO MAYO PRIVADO SOCIEDAD ANONIMA,437,5010,Absceso de pancreas,13650,92
APOS SANATORIO MAYO PRIVADO SOCIEDAD ANONIMA,437,5011,Absceso de pared,13651,89
APOS SANATORIO MAYO PRIVADO SOCIEDAD ANONIMA,437,5012,Absceso de parpado,13652,89
APOS SANATORIO MAYO PRIVADO SOCIEDAD ANONIMA,437,5014,Absceso perianal,13653,89
APOS SANATORIO MAYO PRIVADO SOCIEDAD ANONIMA,437,5015,Absceso perirectal,13654,91
APOS SANATORIO MAYO PRIVADO SOCIEDAD ANONIMA,437,5540,Drenaje de absceso de glandula de Bartholino,14011,89
APOS SANATORIO MAYO PRIVADO SOCIEDAD ANONIMA,437,5542,Drenaje de absceso hepatico guiado por ecografia,14012,91
APOS SANATORIO MAYO PRIVADO SOCIEDAD ANONIMA,437,5544,Drenaje de absceso subfrenico,14014,91
APOS SANATORIO MAYO PRIVADO SOCIEDAD ANONIMA,437,5545,Drenaje de absceso subfrenico por via laparoscopica,14015,93
APOS SANATORIO MAYO PRIVADO SOCIEDAD ANONIMA,437,5546,Drenaje de absceso testicular,14016,89
APOS SANATORIO MAYO PRIVADO SOCIEDAD ANONIMA,437,5547,Drenaje de absceso y/o quiste pancreatico guiado por ecografia,14017,91
APOS SANATORIO MAYO PRIVADO SOCIEDAD ANONIMA,437,5894,"Incision y drenaje de laringe, absceso, pericondritis, etc.",14283,92
APOS SANATORIO MAYO PRIVADO SOCIEDAD ANONIMA,437,5896,Incision y drenaje de paladar (absceso),14284,90
APOS SANATORIO MAYO PRIVADO SOCIEDAD ANONIMA,437,5950,"Lesion local de pulmon (absceso, tumor)",14321,93
APOS SANATORIO MAYO PRIVADO SOCIEDAD ANONIMA,437,5541,Drenaje de absceso en cabeza y/o cuello,14970,90
APOS SANATORIO MAYO PRIVADO SOCIEDAD ANONIMA,437,5543,"Drenaje de absceso o hematoma, excepto en cabeza y cuello",14971,89
APOS SANATORIO MAYO PRIVADO SOCIEDAD ANONIMA,437,8107,Absceso de higado,15303,92
APOS SANATORIO MAYO PRIVADO SOCIEDAD ANONIMA,437,5013,Absceso gluteo,15469,89
APOS SANATORIO MAYO PRIVADO SOCIEDAD ANONIMA,437,5814,Glosotomia con drenaje de absceso o hematoma,15497,90
APOS SANATORIO MAYO PRIVADO SOCIEDAD ANONIMA,437,6135,"Osteoplastia / osteosintesis en: pseudo-artrosis, consolidacion viciosa, acortamiento, alargamiento, injerto de huesos",69350,93
APOS SANATORIO MAYO PRIVADO SOCIEDAD ANONIMA,437,5016,Acortamiento de metatarsianos,13655,91
APOS SANATORIO MAYO PRIVADO SOCIEDAD ANONIMA,437,6136,"Osteoplastia de tibia y/o perone: alargamiento, acortamiento / pseudoartrosis / consolidacion viciosa / injerto de huesos.",15476,93
APOS SANATORIO MAYO PRIVADO SOCIEDAD ANONIMA,437,5017,Acromioplastia,13656,92
APOS SANATORIO MAYO PRIVADO SOCIEDAD ANONIMA,437,6379,"Reseccion de clavicula o acromion, acromioplastia",14615,92
APOS SANATORIO MAYO PRIVADO SOCIEDAD ANONIMA,437,5018,Acupuntura por sesion,14845,89
APOS SANATORIO MAYO PRIVADO SOCIEDAD ANONIMA,437,5019,"Acupuntura, acupuntura laser o electroacupuntura, por sesion, maximo 6",14846,89
APOS SANATORIO MAYO PRIVADO SOCIEDAD ANONIMA,437,5021,Adenomastectomia unilateral,13657,92
APOS SANATORIO MAYO PRIVADO SOCIEDAD ANONIMA,437,5023,Adrenalectomia unilateral,13658,94
APOS SANATORIO MAYO PRIVADO SOCIEDAD ANONIMA,437,5574,Embolizacion o alcoholizacion coronaria,14040,93
APOS SANATORIO MAYO PRIVADO SOCIEDAD ANONIMA,437,5024,Alcoholizacion o fenolizacion de dos nervios perifericos,14847,91
APOS SANATORIO MAYO PRIVADO SOCIEDAD ANONIMA,437,5025,Alcoholizacion o fenolizacion de mas de dos nervios perifericos,14848,92
APOS SANATORIO MAYO PRIVADO SOCIEDAD ANONIMA,437,5026,Alcoholizacion o fenolizacion de par craneal (no V par),14849,93
APOS SANATORIO MAYO PRIVADO SOCIEDAD ANONIMA,437,5028,Alcoholizacion o fenolizacion de rama secundaria de par craneal,14850,92
APOS SANATORIO MAYO PRIVADO SOCIEDAD ANONIMA,437,5032,"Alcoholizacion o fenolizacion peridural, cervical, dorsal o lumbar",14851,94
APOS SANATORIO MAYO PRIVADO SOCIEDAD ANONIMA,437,5035,Alcoholizacion o fenolizacion rama primaria de V par,14852,94
APOS SANATORIO MAYO PRIVADO SOCIEDAD ANONIMA,437,5036,"Alcoholizacion o fenolizacion subaracnoidea cervical, dorsal o lumbar",14853,95
APOS SANATORIO MAYO PRIVADO SOCIEDAD ANONIMA,437,5037,Amigdalectomia y/o adenoidectomia,13659,92
APOS SANATORIO MAYO PRIVADO SOCIEDAD ANONIMA,437,5038,Amigdalectomia y/o adenoidectomia por radiofrecuencia,13660,93
APOS SANATORIO MAYO PRIVADO SOCIEDAD ANONIMA,437,5827,Hemorragia post-adeno-amigdalectomia,14226,91
APOS SANATORIO MAYO PRIVADO SOCIEDAD ANONIMA,437,6400,Reseccion de resto de amigdalectomia y/o resto de adeno-amigdalectomia,14630,91
APOS SANATORIO MAYO PRIVADO SOCIEDAD ANONIMA,437,7609,Amigdalectomia  mas septumplastia,15508,94
APOS SANATORIO MAYO PRIVADO SOCIEDAD ANONIMA,437,7610,Amigdalectomia  mas miringoplastia,15509,94
APOS SANATORIO MAYO PRIVADO SOCIEDAD ANONIMA,437,7611,Amigdalectomia  mas colocacion de TTT,15510,94
APOS SANATORIO MAYO PRIVADO SOCIEDAD ANONIMA,437,7529,Amigdalectomia  mas septumplastia mas colocacion de TTT,15511,95
APOS SANATORIO MAYO PRIVADO SOCIEDAD ANONIMA,437,7530,Amigdalectomia  mas septumplastia mas miringoplastia,15512,95
APOS SANATORIO MAYO PRIVADO SOCIEDAD ANONIMA,437,5039,Amniocentesis,13662,90
APOS SANATORIO MAYO PRIVADO SOCIEDAD ANONIMA,437,5041,Amputacion de antebrazo,13663,95
APOS SANATORIO MAYO PRIVADO SOCIEDAD ANONIMA,437,5042,Amputacion de brazo,13664,95
APOS SANATORIO MAYO PRIVADO SOCIEDAD ANONIMA,437,5043,Amputacion de cuello como unico procedimiento,13665,90
APOS SANATORIO MAYO PRIVADO SOCIEDAD ANONIMA,437,5044,Amputacion de dedo,13666,90
APOS SANATORIO MAYO PRIVADO SOCIEDAD ANONIMA,437,5045,Amputacion de hasta 2 dedos del pie,13667,90
APOS SANATORIO MAYO PRIVADO SOCIEDAD ANONIMA,437,5046,Amputacion de mano,13668,95
APOS SANATORIO MAYO PRIVADO SOCIEDAD ANONIMA,437,5047,Amputacion de mas de 2 dedos del pie,13669,91
APOS SANATORIO MAYO PRIVADO SOCIEDAD ANONIMA,437,5048,Amputacion de mas de 3 dedos,13670,91
APOS SANATORIO MAYO PRIVADO SOCIEDAD ANONIMA,437,5049,Amputacion de menos de 3 dedos,13671,90
APOS SANATORIO MAYO PRIVADO SOCIEDAD ANONIMA,437,5050,"Amputacion de muslo, pie o antepie",13672,92
APOS SANATORIO MAYO PRIVADO SOCIEDAD ANONIMA,437,5053,Amputacion de pierna (supracondilea),13673,92
APOS SANATORIO MAYO PRIVADO SOCIEDAD ANONIMA,437,5054,Amputacion inter-ilio-abdominal,13674,95
APOS SANATORIO MAYO PRIVADO SOCIEDAD ANONIMA,437,5055,Amputacion inter-ilio-femoral,13675,94
APOS SANATORIO MAYO PRIVADO SOCIEDAD ANONIMA,437,5056,Amputacion parcial o total de pene,13676,92
APOS SANATORIO MAYO PRIVADO SOCIEDAD ANONIMA,437,5997,Mastectomia unilateral (amputacion simple de mama),14358,92
APOS SANATORIO MAYO PRIVADO SOCIEDAD ANONIMA,437,5051,Amputacion de oreja,14854,91
APOS SANATORIO MAYO PRIVADO SOCIEDAD ANONIMA,437,5462,Crioneurolisis de neuroma de amputacion,14955,92
APOS SANATORIO MAYO PRIVADO SOCIEDAD ANONIMA,437,5040,Amputacion abdomino-perineal (operacion de Miles o similares) (se reseca recto y ano y se deja colosto- mia definitiva en FII),15359,95
APOS SANATORIO MAYO PRIVADO SOCIEDAD ANONIMA,437,5052,Amputacion de pie,15473,92
APOS SANATORIO MAYO PRIVADO SOCIEDAD ANONIMA,437,8500,"Analgesia peridural, lumbar o toracica, colocacion de cateter, puesta en marcha de la infusion. Dia 0",66589,92
APOS SANATORIO MAYO PRIVADO SOCIEDAD ANONIMA,437,8503,"Analgesia peridural continua, con bomba, control dias subsiguientes a la colocacion. Hasta 72 hs. Por dia.",69333,90
APOS SANATORIO MAYO PRIVADO SOCIEDAD ANONIMA,437,8504,"Analgesia peridural continua, sin bomba, control dias subsiguientes a la colocacion. Hasta 72 hs. Por dia.",69334,89
APOS SANATORIO MAYO PRIVADO SOCIEDAD ANONIMA,437,8505,"Analgesia intratecal, controles dias subsiguientes. Por dia (hasta 48 hs)",69355,91
APOS SANATORIO MAYO PRIVADO SOCIEDAD ANONIMA,437,8506,"Analgesia intratecal, dosis unica, colocacion",69356,91
APOS SANATORIO MAYO PRIVADO SOCIEDAD ANONIMA,437,8516,"Analgesia sistemica continua, sin PCA, instalacion y puesta en marcha",69366,90
APOS SANATORIO MAYO PRIVADO SOCIEDAD ANONIMA,437,8533,Control diario de analgesia sistemica sin bomba de infusion por dia,69383,90
APOS SANATORIO MAYO PRIVADO SOCIEDAD ANONIMA,437,5057,Analgesia / anestesia raquidea o peridural en periodo expulsivo,13677,92
APOS SANATORIO MAYO PRIVADO SOCIEDAD ANONIMA,437,5061,"Analgesia regional continua , primer dia cateter. Incluye colocacion de",14855,92
APOS SANATORIO MAYO PRIVADO SOCIEDAD ANONIMA,437,5062,Analgesia regional continua c/24 hs o fraccion siguiente,14856,89
APOS SANATORIO MAYO PRIVADO SOCIEDAD ANONIMA,437,5066,Analgesia regional continua con colocacion de cateter: 1ras 24 hs o fraccion siguiente,14857,91
APOS SANATORIO MAYO PRIVADO SOCIEDAD ANONIMA,437,5067,"Analgesia regional continua, dias siguientes, por dia",14858,89
APOS SANATORIO MAYO PRIVADO SOCIEDAD ANONIMA,437,5069,Analgesia regional por bloqueo subaracnoideo con fenol o similar,14859,90
APOS SANATORIO MAYO PRIVADO SOCIEDAD ANONIMA,437,5077,Anestesia o sedacion-analgesia para fenolizacion de plexo vegetativo,14860,91
APOS SANATORIO MAYO PRIVADO SOCIEDAD ANONIMA,437,5078,Anestesia o sedacion-analgesia para termolesion por rf,14861,92
APOS SANATORIO MAYO PRIVADO SOCIEDAD ANONIMA,437,5143,Barbotaje de liquido cefaloraquideo / crioanalgesia,14873,90
APOS SANATORIO MAYO PRIVADO SOCIEDAD ANONIMA,437,5220,"Bloqueo periferico para analgesia postquirurgica: interescalencio, infraclavicular, femoral, ciatico, etc.",14905,91
APOS SANATORIO MAYO PRIVADO SOCIEDAD ANONIMA,437,6012,"Medicacion sistemica antalgica (neuroleptoanalgesia, agripnianalgesia): 1ras 24 hs o fraccion",15051,90
APOS SANATORIO MAYO PRIVADO SOCIEDAD ANONIMA,437,6013,"Medicacion sistemica antalgica (neuroleptoanalgesia, agripnianalgesia): c/24hs o fraccion sig.",15204,89
APOS SANATORIO MAYO PRIVADO SOCIEDAD ANONIMA,437,5059,Analgesia continua sistemica con o sin Pca. Controles,15208,89
APOS SANATORIO MAYO PRIVADO SOCIEDAD ANONIMA,437,5064,"Analgesia regional continua con bomba de infusion para SDRC, (DSR) dias subsiguientes",15212,89
APOS SANATORIO MAYO PRIVADO SOCIEDAD ANONIMA,437,5076,"Anestesia o sedacion-analgesia para bloqueos diagnosticos, corticoides",15216,90
APOS SANATORIO MAYO PRIVADO SOCIEDAD ANONIMA,437,5058,Analgesia continua sistemica con o sin Pca. instalacion y primer dia de tratamiento,15218,90
APOS SANATORIO MAYO PRIVADO SOCIEDAD ANONIMA,437,5879,Implante de cateter tunelizado para analgesia postop. o de corta duracion,15250,91
APOS SANATORIO MAYO PRIVADO SOCIEDAD ANONIMA,437,5063,"Analgesia regional continua con bomba de infusion para SDRC, (DSR) colocacion y primer dia",15251,92
APOS SANATORIO MAYO PRIVADO SOCIEDAD ANONIMA,437,7518,Adesiolisis radicular segun Raez. No incluye honorarios por analgesia,15281,95
APOS SANATORIO MAYO PRIVADO SOCIEDAD ANONIMA,437,5060,Analgesia durante el trabajo de parto (peridural continua o perfusion de remifentanilo) menos de 90 minutos,15403,92
APOS SANATORIO MAYO PRIVADO SOCIEDAD ANONIMA,437,5070,Anastomosis bilio-digestiva con o sin colecistectomia,13678,94
APOS SANATORIO MAYO PRIVADO SOCIEDAD ANONIMA,437,5071,Anastomosis de conducto deferente,13679,90
APOS SANATORIO MAYO PRIVADO SOCIEDAD ANONIMA,437,5072,Anastomosis pancreato-digestiva,13680,93
APOS SANATORIO MAYO PRIVADO SOCIEDAD ANONIMA,437,5073,Anastomosis porto-cava o espleno-renal,13681,95
APOS SANATORIO MAYO PRIVADO SOCIEDAD ANONIMA,437,5074,Anastomosis termino-terminal,13682,92
APOS SANATORIO MAYO PRIVADO SOCIEDAD ANONIMA,437,5075,Anastomosis uretero-sigmoidea,13683,93
APOS SANATORIO MAYO PRIVADO SOCIEDAD ANONIMA,437,5358,Coledoco-duodeno-anastomosis,13878,93
APOS SANATORIO MAYO PRIVADO SOCIEDAD ANONIMA,437,5428,"Correccion de fistula biliar con anastomosis bilio-digestiva, con o sin colecistectomia",13930,94
APOS SANATORIO MAYO PRIVADO SOCIEDAD ANONIMA,437,5479,Dacrio-cistorrinoanastomosis,13963,93
APOS SANATORIO MAYO PRIVADO SOCIEDAD ANONIMA,437,5769,Fistula uretero-vaginal con anastomosis uretero-vesical,14183,94
APOS SANATORIO MAYO PRIVADO SOCIEDAD ANONIMA,437,5774,Fistula vesico-utero-vaginal con anastomosis uretero-intestinal,14188,94
APOS SANATORIO MAYO PRIVADO SOCIEDAD ANONIMA,437,5801,Gastroenteroanastomosis,14203,93
APOS SANATORIO MAYO PRIVADO SOCIEDAD ANONIMA,437,5916,Injerto y/o anastomosis facial / hipogloso o similar,14294,92
APOS SANATORIO MAYO PRIVADO SOCIEDAD ANONIMA,437,5658,Examen ginecologico bajo anestesia,69298,89
APOS SANATORIO MAYO PRIVADO SOCIEDAD ANONIMA,437,8501,"Bloqueo peridural con anestesia local, opioides y/o corticoides (lumbar, Dorsal o Caudal)",69326,91
APOS SANATORIO MAYO PRIVADO SOCIEDAD ANONIMA,437,8502,"Bloqueo peridural con anestesia local, opioides y/o corticoides (lumbar, Dorsal o Caudal) bajo radioscopia",69327,92
APOS SANATORIO MAYO PRIVADO SOCIEDAD ANONIMA,437,8655,Anestesia para implante transitorio/definitivo de bomba intratecal (estimulador medular),71246,94
APOS SANATORIO MAYO PRIVADO SOCIEDAD ANONIMA,437,5079,Anestesia para neurotomia (facial / glosofaringeo / neumogastrico),13684,91
APOS SANATORIO MAYO PRIVADO SOCIEDAD ANONIMA,437,5080,Anestesia para neurotomia (infra o supraorbitaria / suboccipital / temporal superior),13685,91
APOS SANATORIO MAYO PRIVADO SOCIEDAD ANONIMA,437,5657,Examen gineco-obstetrico bajo anestesia,14103,89
APOS SANATORIO MAYO PRIVADO SOCIEDAD ANONIMA,437,6036,Movilizaciones bajo anestesia general o regional,14387,89
APOS SANATORIO MAYO PRIVADO SOCIEDAD ANONIMA,437,6559,Trabajo de parto bajo anestesia epidural continua que fracasa y que termina en cesarea,14734,94
APOS SANATORIO MAYO PRIVADO SOCIEDAD ANONIMA,437,5081,Anestesia para sesion de cobaltoterapia o acelerador,14862,90
APOS SANATORIO MAYO PRIVADO SOCIEDAD ANONIMA,437,5082,Anestesia para terapia electroconvulsiva,14863,90
APOS SANATORIO MAYO PRIVADO SOCIEDAD ANONIMA,437,5413,"Conduccion del trabajo de parto bajo anestesia epidural continua, que termina en parto (mas de 90 minutos)",15404,93
APOS SANATORIO MAYO PRIVADO SOCIEDAD ANONIMA,437,5084,Aneurisma de la aorta abdominal complicado,13686,98
APOS SANATORIO MAYO PRIVADO SOCIEDAD ANONIMA,437,5085,Aneurisma de la aorta abdominal no complicado,13687,95
APOS SANATORIO MAYO PRIVADO SOCIEDAD ANONIMA,437,5086,Aneurisma del cayado de la aorta ascendente o descendente,13688,98
APOS SANATORIO MAYO PRIVADO SOCIEDAD ANONIMA,437,5088,Aneurismas medulares,13689,95
APOS SANATORIO MAYO PRIVADO SOCIEDAD ANONIMA,437,5089,Aneurismas o malformaciones A-V medulares,13690,95
APOS SANATORIO MAYO PRIVADO SOCIEDAD ANONIMA,437,5090,Angiografia de control del tratamiento de aneurisma,13691,92
APOS SANATORIO MAYO PRIVADO SOCIEDAD ANONIMA,437,5302,Cirugia de aneurisma cerebral (mas de 8 horas de duracion),13834,98
APOS SANATORIO MAYO PRIVADO SOCIEDAD ANONIMA,437,5303,Cirugia de aneurisma cerebral (menos de 8 horas de duracion),13835,98
APOS SANATORIO MAYO PRIVADO SOCIEDAD ANONIMA,437,5423,Correccion de aneurisma de fistula arterio-venosa,13925,93
APOS SANATORIO MAYO PRIVADO SOCIEDAD ANONIMA,437,5424,Correccion de aneurisma o pseudo-aneurisma femoral,13926,94
APOS SANATORIO MAYO PRIVADO SOCIEDAD ANONIMA,437,6592,Tratamiento de aneurisma con coils con o sin colocacion de stent,14760,95
APOS SANATORIO MAYO PRIVADO SOCIEDAD ANONIMA,437,6595,Tratamiento de pseudoaneurisma con o sin colocacion de stent,14763,95
APOS SANATORIO MAYO PRIVADO SOCIEDAD ANONIMA,437,6599,Tratamiento endovascular de aneurisma o pseudoaneurisma periferico,14766,94
APOS SANATORIO MAYO PRIVADO SOCIEDAD ANONIMA,437,5087,Aneurisma ventricular,14865,95
APOS SANATORIO MAYO PRIVADO SOCIEDAD ANONIMA,437,7551,Tratamiento endovascular aneurisma cerebral (embolizacion de aneurisma cerebral por hemodinamia),15532,95
APOS SANATORIO MAYO PRIVADO SOCIEDAD ANONIMA,437,6601,Tratamiento endovascular de dos o mas aneurismas cerebrales (embolizacion de 2 o mas aneurismas cerebrales),15533,98
APOS SANATORIO MAYO PRIVADO SOCIEDAD ANONIMA,437,7550,Tratamiento quirurgico de aneurisma o pseudo-aneurisma humeral o femoral con by-pass,15544,98
APOS SANATORIO MAYO PRIVADO SOCIEDAD ANONIMA,437,7584,Angiodisplasia,15340,92
APOS SANATORIO MAYO PRIVADO SOCIEDAD ANONIMA,437,5091,Angiografia de vasos de miembros inferior o superior,13692,92
APOS SANATORIO MAYO PRIVADO SOCIEDAD ANONIMA,437,5092,Angiografia de vasos uterinos,13694,92
APOS SANATORIO MAYO PRIVADO SOCIEDAD ANONIMA,437,5093,Angiografia del cuello,13695,92
APOS SANATORIO MAYO PRIVADO SOCIEDAD ANONIMA,437,5094,Angiografia medular,13698,92
APOS SANATORIO MAYO PRIVADO SOCIEDAD ANONIMA,437,5095,Angioplastia coronaria con o sin colocacion de stent,13699,94
APOS SANATORIO MAYO PRIVADO SOCIEDAD ANONIMA,437,5096,Angioplastia de mas de un vaso con o sin stent,13700,93
APOS SANATORIO MAYO PRIVADO SOCIEDAD ANONIMA,437,5097,Angioplastia de un vaso periferico con o sin stent,13701,92
APOS SANATORIO MAYO PRIVADO SOCIEDAD ANONIMA,437,7536,Angioplastia o remplazo valvular en pacientes con ASA 4,15289,98
APOS SANATORIO MAYO PRIVADO SOCIEDAD ANONIMA,437,7533,Correccion de coartacion de aorta en hemodinamia en el recien nacido (Angioplastia),15547,98
APOS SANATORIO MAYO PRIVADO SOCIEDAD ANONIMA,437,5100,Anquilosis temporo-mandibular bilateral,14866,93
APOS SANATORIO MAYO PRIVADO SOCIEDAD ANONIMA,437,5101,"Anquilosis temporo-mandibular, unilateral",14867,92
APOS SANATORIO MAYO PRIVADO SOCIEDAD ANONIMA,437,5102,Antrotomia y atico-antrotomia,13704,92
APOS SANATORIO MAYO PRIVADO SOCIEDAD ANONIMA,437,8542,Nucleoplastia y / o anuloplastia con Rf. ( 2 o 3 discos),69392,98
APOS SANATORIO MAYO PRIVADO SOCIEDAD ANONIMA,437,5103,Anuloplastia mitral o tricuspidea,14868,95
APOS SANATORIO MAYO PRIVADO SOCIEDAD ANONIMA,437,7505,Nucleoplastia y/o anuloplastia con Rf (un disco),15274,98
APOS SANATORIO MAYO PRIVADO SOCIEDAD ANONIMA,437,7506,Nucleoplastia y/o anuloplastia con Rf (dos a tres discos),15278,98
APOS SANATORIO MAYO PRIVADO SOCIEDAD ANONIMA,437,5104,Aortografia por cateterismo,13705,92
APOS SANATORIO MAYO PRIVADO SOCIEDAD ANONIMA,437,5105,Aortografia por puncion,13706,91
APOS SANATORIO MAYO PRIVADO SOCIEDAD ANONIMA,437,6707,Apendicectomia Convertida,60858,94
APOS SANATORIO MAYO PRIVADO SOCIEDAD ANONIMA,437,5106,Apendicectomia por via convencional,13707,92
APOS SANATORIO MAYO PRIVADO SOCIEDAD ANONIMA,437,5107,Apendicectomia por videolaparoscopia,13708,93
APOS SANATORIO MAYO PRIVADO SOCIEDAD ANONIMA,437,5517,Diatermia o crioaplicacion escleral,13993,90
APOS SANATORIO MAYO PRIVADO SOCIEDAD ANONIMA,437,6423,Retinopexia (diatermia y o crioaplicacion),14644,92
APOS SANATORIO MAYO PRIVADO SOCIEDAD ANONIMA,437,5108,Aplicacion de laser en retina,15526,90
APOS SANATORIO MAYO PRIVADO SOCIEDAD ANONIMA,437,5109,Aponeurotomia / fasciotomia cutanea,13710,90
APOS SANATORIO MAYO PRIVADO SOCIEDAD ANONIMA,437,6703,Tac de Columna (Cada Area),60854,91
APOS SANATORIO MAYO PRIVADO SOCIEDAD ANONIMA,437,5264,Cesarea,13803,93
APOS SANATORIO MAYO PRIVADO SOCIEDAD ANONIMA,437,5265,Cesarea por placenta acreta o sus variedades con o sin embolizacion y que termina en histerectomia,13804,98
APOS SANATORIO MAYO PRIVADO SOCIEDAD ANONIMA,437,6688,"Videolaparoscopia diagnostica (incluye endometriosis, prueba de Cote y ligadura tubarea bilateral)",14835,92
APOS SANATORIO MAYO PRIVADO SOCIEDAD ANONIMA,437,6421,Resonancia (un area) con espectroscopia,15161,93
APOS SANATORIO MAYO PRIVADO SOCIEDAD ANONIMA,437,6289,"RMN (dos areas), con o sin contraste",15166,92
APOS SANATORIO MAYO PRIVADO SOCIEDAD ANONIMA,437,6290,"RMN (mas de dos areas), con o sin contraste",15167,93
APOS SANATORIO MAYO PRIVADO SOCIEDAD ANONIMA,437,6291,"RMN (un area), con o sin contraste",15168,91
APOS SANATORIO MAYO PRIVADO SOCIEDAD ANONIMA,437,6507,TAC de cerebro / orbita / cara / cuello (un area) (con o sin contraste),15175,90
APOS SANATORIO MAYO PRIVADO SOCIEDAD ANONIMA,437,5110,Arreglos dentales de mas de 4 piezas (obturacion dentaria),13711,93
APOS SANATORIO MAYO PRIVADO SOCIEDAD ANONIMA,437,5111,Arreglos dentales hasta 4 piezas (obturacion dentaria),13712,92
APOS SANATORIO MAYO PRIVADO SOCIEDAD ANONIMA,437,5112,Arteriografia,13713,90
APOS SANATORIO MAYO PRIVADO SOCIEDAD ANONIMA,437,5113,Arteriografia cerebral por cateterismo,13714,90
APOS SANATORIO MAYO PRIVADO SOCIEDAD ANONIMA,437,5114,Arteriografia renal,13715,90
APOS SANATORIO MAYO PRIVADO SOCIEDAD ANONIMA,437,6174,Panarteriografia cerebral,14469,92
APOS SANATORIO MAYO PRIVADO SOCIEDAD ANONIMA,437,5115,Artrocentesis,13716,89
APOS SANATORIO MAYO PRIVADO SOCIEDAD ANONIMA,437,5116,Artrodesis cervical,13717,95
APOS SANATORIO MAYO PRIVADO SOCIEDAD ANONIMA,437,5117,Artrodesis de cadera,13718,93
APOS SANATORIO MAYO PRIVADO SOCIEDAD ANONIMA,437,5118,Artrodesis de hasta tres dedos,13719,91
APOS SANATORIO MAYO PRIVADO SOCIEDAD ANONIMA,437,5119,Artrodesis de hombro,13720,92
APOS SANATORIO MAYO PRIVADO SOCIEDAD ANONIMA,437,5120,Artrodesis de mas de 3 dedos en miembro inferior,13721,92
APOS SANATORIO MAYO PRIVADO SOCIEDAD ANONIMA,437,5121,Artrodesis de mas de tres dedos,13722,92
APOS SANATORIO MAYO PRIVADO SOCIEDAD ANONIMA,437,5122,Artrodesis de menos de 3 dedos,13723,91
APOS SANATORIO MAYO PRIVADO SOCIEDAD ANONIMA,437,5123,Artrodesis de menos de 3 dedos en miembro inferior,13724,91
APOS SANATORIO MAYO PRIVADO SOCIEDAD ANONIMA,437,5124,Artrodesis de muñeca / tarso / hombro / codo,13725,92
APOS SANATORIO MAYO PRIVADO SOCIEDAD ANONIMA,437,5125,Artrodesis de pie y tibioastragalina,13726,92
APOS SANATORIO MAYO PRIVADO SOCIEDAD ANONIMA,437,5126,Artrodesis de rodilla,13727,92
APOS SANATORIO MAYO PRIVADO SOCIEDAD ANONIMA,437,5127,Artrodesis dinamica de columna (colocacion de espaciadores),13728,95
APOS SANATORIO MAYO PRIVADO SOCIEDAD ANONIMA,437,5128,Artrodesis instrumentada de columna cervical,13729,95
APOS SANATORIO MAYO PRIVADO SOCIEDAD ANONIMA,437,5129,Artrodesis instrumentada de columna dorso-lumbar (tipo Harrington y similares),13730,95
APOS SANATORIO MAYO PRIVADO SOCIEDAD ANONIMA,437,5130,Artrodesis tibio-peronea-astragalina o medio tarsiana de Chopart,13731,93
APOS SANATORIO MAYO PRIVADO SOCIEDAD ANONIMA,437,7500,Artrodesis dorsal lumbar o sacra,15485,95
APOS SANATORIO MAYO PRIVADO SOCIEDAD ANONIMA,437,5131,Artrolisis,13733,90
APOS SANATORIO MAYO PRIVADO SOCIEDAD ANONIMA,437,5136,Artrotomia / artrolisis / exploracion intra-articular,13738,91
APOS SANATORIO MAYO PRIVADO SOCIEDAD ANONIMA,437,5132,Artroplastia (no de cadera),13734,93
APOS SANATORIO MAYO PRIVADO SOCIEDAD ANONIMA,437,5133,Artroplastia de cadera,13735,94
APOS SANATORIO MAYO PRIVADO SOCIEDAD ANONIMA,437,5134,Artroplastia de hombro,13736,93
APOS SANATORIO MAYO PRIVADO SOCIEDAD ANONIMA,437,5135,Artroplastia de un dedo,13737,91
APOS SANATORIO MAYO PRIVADO SOCIEDAD ANONIMA,437,5821,Hemi-artroplastia de cadera,14219,93
APOS SANATORIO MAYO PRIVADO SOCIEDAD ANONIMA,437,6337,Reemplazo parcial de cadera / hemi-artroplastia,14581,93
APOS SANATORIO MAYO PRIVADO SOCIEDAD ANONIMA,437,6581,Trasplante oseo con artroplastias primarias,14749,95
APOS SANATORIO MAYO PRIVADO SOCIEDAD ANONIMA,437,6583,Trasplante oseo en revision de artroplastias,14751,98
APOS SANATORIO MAYO PRIVADO SOCIEDAD ANONIMA,437,5137,"Aspiracion, lavado e implante de vitreo",13739,92
APOS SANATORIO MAYO PRIVADO SOCIEDAD ANONIMA,437,5139,Atresia ano-rectal en pediatria / malformaciones congenitas anorectales,13740,95
APOS SANATORIO MAYO PRIVADO SOCIEDAD ANONIMA,437,5140,Atresia de coanas por via palatina,13741,94
APOS SANATORIO MAYO PRIVADO SOCIEDAD ANONIMA,437,5141,Atresia de esofago por video-toracoscopia,13742,98
APOS SANATORIO MAYO PRIVADO SOCIEDAD ANONIMA,437,5991,Malformaciones congenitas de esofago (atresia de esofago / fistula traqueo-esofagica),14353,95
APOS SANATORIO MAYO PRIVADO SOCIEDAD ANONIMA,437,5142,Auriculotomia,14872,95
APOS SANATORIO MAYO PRIVADO SOCIEDAD ANONIMA,437,5144,Bermellectomia,14874,90
APOS SANATORIO MAYO PRIVADO SOCIEDAD ANONIMA,437,5182,Biopsia y/o cauterizacion de cuello uterino,69297,89
APOS SANATORIO MAYO PRIVADO SOCIEDAD ANONIMA,437,5145,"Biopsia (peritoneo, epiplon, etc)",13745,91
APOS SANATORIO MAYO PRIVADO SOCIEDAD ANONIMA,437,5146,Biopsia costal,13746,89
APOS SANATORIO MAYO PRIVADO SOCIEDAD ANONIMA,437,5147,Biopsia de Daniels del hueco supraclavicular,13747,91
APOS SANATORIO MAYO PRIVADO SOCIEDAD ANONIMA,437,5148,Biopsia de encia,13748,90
APOS SANATORIO MAYO PRIVADO SOCIEDAD ANONIMA,437,5149,Biopsia de endocardio / miocardio en hemodinamia,13749,93
APOS SANATORIO MAYO PRIVADO SOCIEDAD ANONIMA,437,5150,Biopsia de epididimo,13750,90
APOS SANATORIO MAYO PRIVADO SOCIEDAD ANONIMA,437,5151,Biopsia de faringe y/o amigdala,13751,90
APOS SANATORIO MAYO PRIVADO SOCIEDAD ANONIMA,437,5153,Biopsia de ganglios linfaticos de la pared toracica,13752,90
APOS SANATORIO MAYO PRIVADO SOCIEDAD ANONIMA,437,5154,Biopsia de glandula salival,13753,90
APOS SANATORIO MAYO PRIVADO SOCIEDAD ANONIMA,437,5155,Biopsia de higado a cielo abierto o laparoscopica,13754,91
APOS SANATORIO MAYO PRIVADO SOCIEDAD ANONIMA,437,5156,Biopsia de higado laparoscopica,13755,91
APOS SANATORIO MAYO PRIVADO SOCIEDAD ANONIMA,437,5157,Biopsia de laringe,13756,91
APOS SANATORIO MAYO PRIVADO SOCIEDAD ANONIMA,437,5158,Biopsia de lesion nasofaringea,13757,90
APOS SANATORIO MAYO PRIVADO SOCIEDAD ANONIMA,437,5159,Biopsia de mama unilateral,13758,90
APOS SANATORIO MAYO PRIVADO SOCIEDAD ANONIMA,437,5160,Biopsia de pancreas a cielo abierto,13759,92
APOS SANATORIO MAYO PRIVADO SOCIEDAD ANONIMA,437,5161,Biopsia de pene,13760,89
APOS SANATORIO MAYO PRIVADO SOCIEDAD ANONIMA,437,5162,Biopsia de pericardio,13761,92
APOS SANATORIO MAYO PRIVADO SOCIEDAD ANONIMA,437,5165,Biopsia de testiculo,13762,90
APOS SANATORIO MAYO PRIVADO SOCIEDAD ANONIMA,437,5166,Biopsia de vagina,13763,89
APOS SANATORIO MAYO PRIVADO SOCIEDAD ANONIMA,437,5167,Biopsia de vejiga,13764,90
APOS SANATORIO MAYO PRIVADO SOCIEDAD ANONIMA,437,5168,Biopsia de vertebra,13765,91
APOS SANATORIO MAYO PRIVADO SOCIEDAD ANONIMA,437,5169,Biopsia de vulva,13766,89
APOS SANATORIO MAYO PRIVADO SOCIEDAD ANONIMA,437,5170,Biopsia del paladar,13767,90
APOS SANATORIO MAYO PRIVADO SOCIEDAD ANONIMA,437,5171,Biopsia muscular,13768,90
APOS SANATORIO MAYO PRIVADO SOCIEDAD ANONIMA,437,5173,Biopsia o sutura de la boca o mejilla,13769,90
APOS SANATORIO MAYO PRIVADO SOCIEDAD ANONIMA,437,5175,Biopsia prostatica por puncion,13770,89
APOS SANATORIO MAYO PRIVADO SOCIEDAD ANONIMA,437,5176,Biopsia quirurgica de femur o cadera,13771,91
APOS SANATORIO MAYO PRIVADO SOCIEDAD ANONIMA,437,5177,Biopsia quirurgica de hueso (no de femur o cadera),13773,90
APOS SANATORIO MAYO PRIVADO SOCIEDAD ANONIMA,437,5178,Biopsia radioquirurgica de mama,13774,91
APOS SANATORIO MAYO PRIVADO SOCIEDAD ANONIMA,437,5179,Biopsia renal percutanea (quirofano),13775,89
APOS SANATORIO MAYO PRIVADO SOCIEDAD ANONIMA,437,5180,Biopsia renal percutanea guiado por ecografia u otro metodo (fuera de quirofano),13776,90
APOS SANATORIO MAYO PRIVADO SOCIEDAD ANONIMA,437,5181,Biopsia traqueal o bronquial,13777,90
APOS SANATORIO MAYO PRIVADO SOCIEDAD ANONIMA,437,5405,Colonovideoscopia con o sin biopsia,13913,91
APOS SANATORIO MAYO PRIVADO SOCIEDAD ANONIMA,437,5552,Drenaje pleural por toracotomia minima y/o biopsia pleural,14024,90
APOS SANATORIO MAYO PRIVADO SOCIEDAD ANONIMA,437,5676,Exploracion renal con o sin biopsia,14119,91
APOS SANATORIO MAYO PRIVADO SOCIEDAD ANONIMA,437,5718,Extraccion de cuerpo extraño de orbita / exploracion / biopsia / drenaje,14143,91
APOS SANATORIO MAYO PRIVADO SOCIEDAD ANONIMA,437,5898,Incision y drenaje del CAE y/o biopsia,14286,90
APOS SANATORIO MAYO PRIVADO SOCIEDAD ANONIMA,437,5899,Incision y drenaje/ biopsia o sutura de labio,14287,89
APOS SANATORIO MAYO PRIVADO SOCIEDAD ANONIMA,437,6249,Puncion / biopsia de prostata bajo control ecografico,14535,90
APOS SANATORIO MAYO PRIVADO SOCIEDAD ANONIMA,437,6252,Puncion biopsia de hueso,14538,89
APOS SANATORIO MAYO PRIVADO SOCIEDAD ANONIMA,437,6253,Puncion biopsia de tiroides,14539,89
APOS SANATORIO MAYO PRIVADO SOCIEDAD ANONIMA,437,6254,Puncion biopsia de tiroides a cielo abierto,14540,90
APOS SANATORIO MAYO PRIVADO SOCIEDAD ANONIMA,437,6258,Puncion biopsia percutanea de bazo o pancreas,14541,89
APOS SANATORIO MAYO PRIVADO SOCIEDAD ANONIMA,437,6259,Puncion biopsia percutanea de higado,14542,89
APOS SANATORIO MAYO PRIVADO SOCIEDAD ANONIMA,437,6266,Puncion del seno con o sin insercion de sonda y/o biopsia de seno paranasal,14546,89
APOS SANATORIO MAYO PRIVADO SOCIEDAD ANONIMA,437,6505,Sutura y/o biopsia de nariz,14709,90
APOS SANATORIO MAYO PRIVADO SOCIEDAD ANONIMA,437,6557,Toracotomia exploradora amplia y/o biopsia pulmonar,14733,94
APOS SANATORIO MAYO PRIVADO SOCIEDAD ANONIMA,437,5152,Biopsia de ganglios linfaticos de cuello,14875,90
APOS SANATORIO MAYO PRIVADO SOCIEDAD ANONIMA,437,5163,Biopsia de piel en cabeza y/o cuello,14876,90
APOS SANATORIO MAYO PRIVADO SOCIEDAD ANONIMA,437,5164,"Biopsia de piel, excepto en cabeza y cuello",14877,89
APOS SANATORIO MAYO PRIVADO SOCIEDAD ANONIMA,437,5172,Biopsia o exeresis de ganglios linfaticos,14878,90
APOS SANATORIO MAYO PRIVADO SOCIEDAD ANONIMA,437,5174,Biopsia osea a cielo abierto,14879,90
APOS SANATORIO MAYO PRIVADO SOCIEDAD ANONIMA,437,6257,Puncion biopsia guiada por ecografia,15113,91
APOS SANATORIO MAYO PRIVADO SOCIEDAD ANONIMA,437,6255,Puncion biopsia guiada por TAC (fuera de quirofano),15114,90
APOS SANATORIO MAYO PRIVADO SOCIEDAD ANONIMA,437,7594,Biopsia Pulmonar o Mediastinal por video-toracoscopia,15371,92
APOS SANATORIO MAYO PRIVADO SOCIEDAD ANONIMA,437,6127,Operacion del hueco supraclavicular (tipo biopsia de Daniels),15480,91
APOS SANATORIO MAYO PRIVADO SOCIEDAD ANONIMA,437,5184,Blefaroplastia bilateral,14880,93
APOS SANATORIO MAYO PRIVADO SOCIEDAD ANONIMA,437,5185,"Blefaroplastia simple, no estetica",14881,92
APOS SANATORIO MAYO PRIVADO SOCIEDAD ANONIMA,437,8103,Blefaroplastia unilateral,15254,92
APOS SANATORIO MAYO PRIVADO SOCIEDAD ANONIMA,437,5183,Blefaroplastia,15524,92
APOS SANATORIO MAYO PRIVADO SOCIEDAD ANONIMA,437,7778,"Bloqueo regional periferico dosis unica, un solo nervio, eco guiado",69275,91
APOS SANATORIO MAYO PRIVADO SOCIEDAD ANONIMA,437,7779,"Bloqueo regional periferico dosis unica, mas de un nervio, eco guiado",69276,92
APOS SANATORIO MAYO PRIVADO SOCIEDAD ANONIMA,437,7780,"Bloqueo regional periferico continuo con cateter, sin bomba control dias sub siguientes a la colocacion (hasta 72 horas) por dia",69277,89
APOS SANATORIO MAYO PRIVADO SOCIEDAD ANONIMA,437,7781,"Bloqueo regional periferico continuo con cateter, con bomba control dias subsiguientes a la colocacion (hasta 72 horas) por dia",69278,90
APOS SANATORIO MAYO PRIVADO SOCIEDAD ANONIMA,437,7782,"Bloqueo del musculo erector espinal, ecoguiado, dosis unica",69279,91
APOS SANATORIO MAYO PRIVADO SOCIEDAD ANONIMA,437,7783,"Bloqueo del musculo erector espinal, ecoguiado continuo. Colocacion de cateter",69280,92
APOS SANATORIO MAYO PRIVADO SOCIEDAD ANONIMA,437,7784,"Bloqueo del musculo erector espinal, continuo, sin bomba, control dias subsiguientes hasta 48 por dia",69281,89
APOS SANATORIO MAYO PRIVADO SOCIEDAD ANONIMA,437,7785,"Bloqueo del musculo erector espinal, continuo, con bomba, control dias subsiguientes hasta 48 horas por dia",69282,90
APOS SANATORIO MAYO PRIVADO SOCIEDAD ANONIMA,437,7787,Bloqueo radicular selectivo cervical/dorsal o lumbar (hasta 2 niveles),69283,93
APOS SANATORIO MAYO PRIVADO SOCIEDAD ANONIMA,437,7786,Bloqueo radicular selectivo cervical/dorsal o lumbar (mas de 2 niveles),69284,94
APOS SANATORIO MAYO PRIVADO SOCIEDAD ANONIMA,437,7788,Bloqueo radicular selectivo (hasta 2 niveles),69285,92
APOS SANATORIO MAYO PRIVADO SOCIEDAD ANONIMA,437,7789,Bloqueo radicular selectivo (mas de 2 niveles),69286,93
APOS SANATORIO MAYO PRIVADO SOCIEDAD ANONIMA,437,8517,Bloqueo del nervio Occipital Mayor unilateral,69367,93
APOS SANATORIO MAYO PRIVADO SOCIEDAD ANONIMA,437,8518,Bloqueo diagnostico de cadera/hombro,69368,94
APOS SANATORIO MAYO PRIVADO SOCIEDAD ANONIMA,437,8519,Bloqueo diagnostico del ganglio estrellado,69369,94
APOS SANATORIO MAYO PRIVADO SOCIEDAD ANONIMA,437,8520,"Bloqueo facetario cervical, dorsal o lumbar bajo radioscopia",69370,94
APOS SANATORIO MAYO PRIVADO SOCIEDAD ANONIMA,437,8521,"Bloqueo ganglio simpatico toracico, lumbar, dorsal o hipogastrico superior",69371,95
APOS SANATORIO MAYO PRIVADO SOCIEDAD ANONIMA,437,8525,Bloqueo paravertebral unilateral,69375,93
APOS SANATORIO MAYO PRIVADO SOCIEDAD ANONIMA,437,8526,Bloqueo terapeutico de rodilla (N. geniculados) unilateral,69376,93
APOS SANATORIO MAYO PRIVADO SOCIEDAD ANONIMA,437,8527,Bloqueo transforminal (mas de 1 nivel),69377,93
APOS SANATORIO MAYO PRIVADO SOCIEDAD ANONIMA,437,8528,Bloqueo transforminal selectivo,69378,92
APOS SANATORIO MAYO PRIVADO SOCIEDAD ANONIMA,437,8654,"Bloqueo regional continuo, con colocacion de cateter, eco guiado. Dia 0",69399,92
APOS SANATORIO MAYO PRIVADO SOCIEDAD ANONIMA,437,5215,Bloqueo extra-craneal antalgico,13779,90
APOS SANATORIO MAYO PRIVADO SOCIEDAD ANONIMA,437,5186,Bloqueo de G Esfenopalatino,14882,94
APOS SANATORIO MAYO PRIVADO SOCIEDAD ANONIMA,437,5191,Bloqueo de hasta dos nervios craneales (no G de Gasser) x sesion,14883,90
APOS SANATORIO MAYO PRIVADO SOCIEDAD ANONIMA,437,5192,Bloqueo de mas de dos nervios craneales (no G Gasser) por sesion,14884,91
APOS SANATORIO MAYO PRIVADO SOCIEDAD ANONIMA,437,5193,Bloqueo de nervio periferico por sesion,14885,89
APOS SANATORIO MAYO PRIVADO SOCIEDAD ANONIMA,437,5194,Bloqueo diagnostico / terapeutico de hombro,14886,90
APOS SANATORIO MAYO PRIVADO SOCIEDAD ANONIMA,437,5195,Bloqueo diagnostico / terapeutico de rodilla,14887,90
APOS SANATORIO MAYO PRIVADO SOCIEDAD ANONIMA,437,5196,Bloqueo diagnostico articulacion atlanto axoidea uni o bilateral,14888,91
APOS SANATORIO MAYO PRIVADO SOCIEDAD ANONIMA,437,5197,Bloqueo diagnostico articulacion atlanto-occipital uni o bilateral,14889,91
APOS SANATORIO MAYO PRIVADO SOCIEDAD ANONIMA,437,5198,Bloqueo diagnostico de cadera,14890,91
APOS SANATORIO MAYO PRIVADO SOCIEDAD ANONIMA,437,5199,"Bloqueo diagnostico diferencial, por sesion",14891,89
APOS SANATORIO MAYO PRIVADO SOCIEDAD ANONIMA,437,5200,Bloqueo diagnostico ganglio de Walter,14892,92
APOS SANATORIO MAYO PRIVADO SOCIEDAD ANONIMA,437,5201,Bloqueo diagnostico nervio periferico bajo radioscopia,14894,91
APOS SANATORIO MAYO PRIVADO SOCIEDAD ANONIMA,437,5202,Bloqueo diagnostico nervio periferico sin Rx,14895,90
APOS SANATORIO MAYO PRIVADO SOCIEDAD ANONIMA,437,5203,"Bloqueo diagnostico o neurolisis de plexo celiaco, ganglio estrellado, o similar .",14896,90
APOS SANATORIO MAYO PRIVADO SOCIEDAD ANONIMA,437,5204,Bloqueo diagnostico o terapeutico art sacro-iliaca bilateral,14897,93
APOS SANATORIO MAYO PRIVADO SOCIEDAD ANONIMA,437,5205,Bloqueo diagnostico o terapeutico art sacro-iliaca unilateral,14898,92
APOS SANATORIO MAYO PRIVADO SOCIEDAD ANONIMA,437,5206,Bloqueo diagnostico o terapeutico de G Estrellado. Unilateral,14899,91
APOS SANATORIO MAYO PRIVADO SOCIEDAD ANONIMA,437,5207,Bloqueo diagnostico o terapeutico de G Simpatico lumbar.,14900,92
APOS SANATORIO MAYO PRIVADO SOCIEDAD ANONIMA,437,5210,Bloqueo diagnostico o terapeutico de Ganglio de Walther,14901,91
APOS SANATORIO MAYO PRIVADO SOCIEDAD ANONIMA,437,5216,Bloqueo facetario diagnostico ( hasta dos facetas),14902,92
APOS SANATORIO MAYO PRIVADO SOCIEDAD ANONIMA,437,5217,Bloqueo facetario diagnostico (mas de 2 facetas),14903,93
APOS SANATORIO MAYO PRIVADO SOCIEDAD ANONIMA,437,5219,Bloqueo paravertebral mas de dos nervios por sesion,14904,91
APOS SANATORIO MAYO PRIVADO SOCIEDAD ANONIMA,437,5223,Bloqueo transforaminal (mas de 1 nivel),14906,92
APOS SANATORIO MAYO PRIVADO SOCIEDAD ANONIMA,437,5218,Bloqueo paravertebral hasta dos nervios,15213,90
APOS SANATORIO MAYO PRIVADO SOCIEDAD ANONIMA,437,5221,Bloqueo regional Bier con farmacos para diagnostico,15214,90
APOS SANATORIO MAYO PRIVADO SOCIEDAD ANONIMA,437,5222,Bloqueo transforaminal (1 nivel),15243,91
APOS SANATORIO MAYO PRIVADO SOCIEDAD ANONIMA,437,5209,Bloqueo diagnostico o terapeutico de G Estrellado guiado por imagenes,15252,92
APOS SANATORIO MAYO PRIVADO SOCIEDAD ANONIMA,437,5212,Bloqueo diagnostico o terapeutico facetario (art cervical o dorsal) (una faceta),15265,93
APOS SANATORIO MAYO PRIVADO SOCIEDAD ANONIMA,437,5213,Bloqueo diagnostico/ terapeutico   facetario art cervicalo dorsal (masde1faceta),15267,93
APOS SANATORIO MAYO PRIVADO SOCIEDAD ANONIMA,437,5208,Bloqueo diagnostico o terapeutico de G Simpatico toracico,15269,93
APOS SANATORIO MAYO PRIVADO SOCIEDAD ANONIMA,437,7523,Rf. / Bloqueo de Ganglio de Gasser,15282,95
APOS SANATORIO MAYO PRIVADO SOCIEDAD ANONIMA,437,7593,Bloqueo nervio frenico  para neumotorax recidivante,15365,91
APOS SANATORIO MAYO PRIVADO SOCIEDAD ANONIMA,437,5225,Bocio endotoracico,13780,94
APOS SANATORIO MAYO PRIVADO SOCIEDAD ANONIMA,437,5227,Braquiterapia ginecologica (colocacion de radium intra-cavitario),13781,91
APOS SANATORIO MAYO PRIVADO SOCIEDAD ANONIMA,437,5228,Braquiterapia intersticial de cabeza y cuello,14908,91
APOS SANATORIO MAYO PRIVADO SOCIEDAD ANONIMA,437,5230,Braquiterapia urologica,14909,91
APOS SANATORIO MAYO PRIVADO SOCIEDAD ANONIMA,437,5231,Braquiterapia urologica con abordaje abdominal para reseccion de plexos hipogastricos,14910,94
APOS SANATORIO MAYO PRIVADO SOCIEDAD ANONIMA,437,5229,Braquiterapia intersticial de partes blandas,15245,91
APOS SANATORIO MAYO PRIVADO SOCIEDAD ANONIMA,437,5226,Braquiterapia en cancer de prostata,15429,91
APOS SANATORIO MAYO PRIVADO SOCIEDAD ANONIMA,437,5232,Broncorrafia,13782,93
APOS SANATORIO MAYO PRIVADO SOCIEDAD ANONIMA,437,5233,Broncoscopia con broncoscopio rigido,13783,91
APOS SANATORIO MAYO PRIVADO SOCIEDAD ANONIMA,437,5234,Bursitis,13784,90
APOS SANATORIO MAYO PRIVADO SOCIEDAD ANONIMA,437,6387,Reseccion de exostosis y bursitis (operacion de Haglund - prolongacion osea en el dorso del talon -),14622,90
APOS SANATORIO MAYO PRIVADO SOCIEDAD ANONIMA,437,5237,Cadera en resorte,13788,93
APOS SANATORIO MAYO PRIVADO SOCIEDAD ANONIMA,437,5395,Colocacion de tutor externo (excepto de cadera y maxilar),13903,92
APOS SANATORIO MAYO PRIVADO SOCIEDAD ANONIMA,437,5396,Colocacion de tutor externo de cadera,13904,93
APOS SANATORIO MAYO PRIVADO SOCIEDAD ANONIMA,437,5446,"Correccion quirurgica de luxacion congenita de cadera, cruenta, con o sin osteotomia",13950,94
APOS SANATORIO MAYO PRIVADO SOCIEDAD ANONIMA,437,5536,Displasia de cadera,14005,92
APOS SANATORIO MAYO PRIVADO SOCIEDAD ANONIMA,437,5731,Extraccion de placas y/o tornillos (no de rodilla ni de cadera),14155,90
APOS SANATORIO MAYO PRIVADO SOCIEDAD ANONIMA,437,5732,Extraccion de placas y/o tornillos de cadera o rodilla,14156,91
APOS SANATORIO MAYO PRIVADO SOCIEDAD ANONIMA,437,5736,Extraccion de protesis total de cadera,14159,93
APOS SANATORIO MAYO PRIVADO SOCIEDAD ANONIMA,437,5738,Extraccion de protesis y reemplazo en el mismo acto (rodilla o cadera),14161,95
APOS SANATORIO MAYO PRIVADO SOCIEDAD ANONIMA,437,6150,"Osteosintesis de hombro, rodilla y cadera",14450,93
APOS SANATORIO MAYO PRIVADO SOCIEDAD ANONIMA,437,6331,"Reduccion incruenta de luxaciones (hombro, codo, cadera, rodilla)",14576,90
APOS SANATORIO MAYO PRIVADO SOCIEDAD ANONIMA,437,6338,Reemplazo total de cadera,14582,95
APOS SANATORIO MAYO PRIVADO SOCIEDAD ANONIMA,437,6430,Revision de osteosintesis (no de cadera),14650,93
APOS SANATORIO MAYO PRIVADO SOCIEDAD ANONIMA,437,6431,Revision de osteosintesis de cadera,14651,94
APOS SANATORIO MAYO PRIVADO SOCIEDAD ANONIMA,437,6433,Revision de protesis total de cadera,14653,95
APOS SANATORIO MAYO PRIVADO SOCIEDAD ANONIMA,437,6552,Toillete quirurgico de cadera,14729,91
APOS SANATORIO MAYO PRIVADO SOCIEDAD ANONIMA,437,6677,Video-artroscopia de cadera,14825,94
APOS SANATORIO MAYO PRIVADO SOCIEDAD ANONIMA,437,5902,"Infiltracion art rodilla, cadera, codo, hombro y otras, guiadas por, (art adic)",15016,91
APOS SANATORIO MAYO PRIVADO SOCIEDAD ANONIMA,437,5903,"Infiltracion art rodilla, cadera, codo, hombro y otras. art adicional",15017,90
APOS SANATORIO MAYO PRIVADO SOCIEDAD ANONIMA,437,5905,"Infiltracion articulacion rodilla, cadera, codo, hombro y otras una",15018,90
APOS SANATORIO MAYO PRIVADO SOCIEDAD ANONIMA,437,5980,Liposuccion de cadera,15040,93
APOS SANATORIO MAYO PRIVADO SOCIEDAD ANONIMA,437,8118,Reduccion incruenta de luxacion (ejemplo cadera),15470,90
APOS SANATORIO MAYO PRIVADO SOCIEDAD ANONIMA,437,5735,Extraccion de protesis parcial de cadera,15474,92
APOS SANATORIO MAYO PRIVADO SOCIEDAD ANONIMA,437,6410,Reseccion parcial de cadera,15475,93
APOS SANATORIO MAYO PRIVADO SOCIEDAD ANONIMA,437,6323,Reduccion cruenta de luxacion de cadera,15479,93
APOS SANATORIO MAYO PRIVADO SOCIEDAD ANONIMA,437,8115,Reduccion incruenta de luxacion de cadera,15481,90
APOS SANATORIO MAYO PRIVADO SOCIEDAD ANONIMA,437,5238,Calcificaciones de hombro,13789,90
APOS SANATORIO MAYO PRIVADO SOCIEDAD ANONIMA,437,10005,Recambio o retirada de bomba de infusion continua,69332,94
APOS SANATORIO MAYO PRIVADO SOCIEDAD ANONIMA,437,5240,Cambio de generador,13790,91
APOS SANATORIO MAYO PRIVADO SOCIEDAD ANONIMA,437,6297,Recambio de cateter de derivacion ventriculo-peritoneal,14565,92
APOS SANATORIO MAYO PRIVADO SOCIEDAD ANONIMA,437,6436,Revision y recambio de protesis de hombro,14656,95
APOS SANATORIO MAYO PRIVADO SOCIEDAD ANONIMA,437,5239,Cambio Implantes,14911,94
APOS SANATORIO MAYO PRIVADO SOCIEDAD ANONIMA,437,6358,"Reintervencion alejada mas de 24 horas (cambio de valvula, by-pass, protesis, banding)",15146,98
APOS SANATORIO MAYO PRIVADO SOCIEDAD ANONIMA,437,5243,Canalizacion de via central,15232,90
APOS SANATORIO MAYO PRIVADO SOCIEDAD ANONIMA,437,5241,Canalizacion arterial,15233,90
APOS SANATORIO MAYO PRIVADO SOCIEDAD ANONIMA,437,5242,Canalizacion de venas o arterias como unico procedimiento,15538,89
APOS SANATORIO MAYO PRIVADO SOCIEDAD ANONIMA,437,5244,Cantotomia externa,15227,90
APOS SANATORIO MAYO PRIVADO SOCIEDAD ANONIMA,437,5245,Capsulectomia,15242,91
APOS SANATORIO MAYO PRIVADO SOCIEDAD ANONIMA,437,5246,Capsuloplastia,13791,91
APOS SANATORIO MAYO PRIVADO SOCIEDAD ANONIMA,437,10002,Capsulotomia,69331,90
APOS SANATORIO MAYO PRIVADO SOCIEDAD ANONIMA,437,5247,Capsulotomia (cristalino),13792,90
APOS SANATORIO MAYO PRIVADO SOCIEDAD ANONIMA,437,5248,Cardiomioplastia,14912,95
APOS SANATORIO MAYO PRIVADO SOCIEDAD ANONIMA,437,5249,Cardiorrafia,14913,94
APOS SANATORIO MAYO PRIVADO SOCIEDAD ANONIMA,437,5250,Cardioversion electrica de arritmias,13793,90
APOS SANATORIO MAYO PRIVADO SOCIEDAD ANONIMA,437,5251,Caruncula uretral,13794,89
APOS SANATORIO MAYO PRIVADO SOCIEDAD ANONIMA,437,5253,Cateterismo cardiaco mas angiocardiografia,13795,91
APOS SANATORIO MAYO PRIVADO SOCIEDAD ANONIMA,437,5254,Cateterismo cardiaco para toma de presiones y muestras de sangre,13796,91
APOS SANATORIO MAYO PRIVADO SOCIEDAD ANONIMA,437,5255,Cateterismo de ambas carotidas con o sin colocacion de stents,13797,93
APOS SANATORIO MAYO PRIVADO SOCIEDAD ANONIMA,437,5256,Cateterismo del ureter,13798,90
APOS SANATORIO MAYO PRIVADO SOCIEDAD ANONIMA,437,5257,Cateterismo vesical / cistomanometria,13799,91
APOS SANATORIO MAYO PRIVADO SOCIEDAD ANONIMA,437,8102,Cateterismo cardiaco mas angiocardiografia CA,15541,92
APOS SANATORIO MAYO PRIVADO SOCIEDAD ANONIMA,437,5258,Cauterizacion del cuello uterino con laser,13800,91
APOS SANATORIO MAYO PRIVADO SOCIEDAD ANONIMA,437,5259,Cavernostomia,15368,93
APOS SANATORIO MAYO PRIVADO SOCIEDAD ANONIMA,437,5260,Cavografia toracica o abdominal (colocacion de portacath),13801,91
APOS SANATORIO MAYO PRIVADO SOCIEDAD ANONIMA,437,6200,Pie Bot / cavo / equino unilateral,14491,92
APOS SANATORIO MAYO PRIVADO SOCIEDAD ANONIMA,437,7542,"Tetralogia de Fallot, canal atrioventricular, Tubo VD-AP, Anomalia total del retorno venoso pulmonar, Estenosis SubAo, Comisurotomia Ao o Pulmonar, Valvuloplatia Ao o Pulmonar, Glenn, Cavopulmonar, Cirugia de MAZE, Sindrome de Cimitarra, Rastelli, Senning, Jatene, Cirugia de Ross no en el recien nacido",15287,98
APOS SANATORIO MAYO PRIVADO SOCIEDAD ANONIMA,437,5261,Cecostomia,15324,91
APOS SANATORIO MAYO PRIVADO SOCIEDAD ANONIMA,437,5262,Centellograma oseo radio-isotopico,14914,90
APOS SANATORIO MAYO PRIVADO SOCIEDAD ANONIMA,437,5263,Cerclaje (correccion de incontinencia cervical),13802,90
APOS SANATORIO MAYO PRIVADO SOCIEDAD ANONIMA,437,5335,"Cirugias de cardiopatias congenitas sin CEC (cierre de ductus, cerclaje de arteria pulmonar, coartacion de aorta)",14926,95
APOS SANATORIO MAYO PRIVADO SOCIEDAD ANONIMA,437,7543,"Cirugias de cardiopatias congenitas complejas (transposicion, tronco arterioso, ductus arterioso permiable, cerclaje de la arteria pulmonar, anillo vascular, subclavia drecha aberrante)",15285,98
APOS SANATORIO MAYO PRIVADO SOCIEDAD ANONIMA,437,8108,Colpopexia / cerclaje,15395,91
APOS SANATORIO MAYO PRIVADO SOCIEDAD ANONIMA,437,5712,Extraccion de cuerpo extraño de cerebro,14136,94
APOS SANATORIO MAYO PRIVADO SOCIEDAD ANONIMA,437,5884,Implante de material radioactivo en cerebro,14279,98
APOS SANATORIO MAYO PRIVADO SOCIEDAD ANONIMA,437,5266,Chalazion,15522,89
APOS SANATORIO MAYO PRIVADO SOCIEDAD ANONIMA,437,5267,Cicatriz retractil de cuello / reseccion e injerto,14915,92
APOS SANATORIO MAYO PRIVADO SOCIEDAD ANONIMA,437,6376,Reseccion de cicatriz grande / zetoplastia,15150,92
APOS SANATORIO MAYO PRIVADO SOCIEDAD ANONIMA,437,6377,Reseccion de cicatriz retractil en cuello con o sin injerto,15151,93
APOS SANATORIO MAYO PRIVADO SOCIEDAD ANONIMA,437,6378,Reseccion simple de cicatriz,15220,90
APOS SANATORIO MAYO PRIVADO SOCIEDAD ANONIMA,437,6388,Reseccion de gran cicatriz / zetaplastia,15241,91
APOS SANATORIO MAYO PRIVADO SOCIEDAD ANONIMA,437,5268,Cierre de Hartmann,13805,93
APOS SANATORIO MAYO PRIVADO SOCIEDAD ANONIMA,437,5269,Cierre de Hartmann por videolaparoscopia,13806,94
APOS SANATORIO MAYO PRIVADO SOCIEDAD ANONIMA,437,5270,Cierre de colostomia,13807,91
APOS SANATORIO MAYO PRIVADO SOCIEDAD ANONIMA,437,5272,Cierre de defectos septales con dispositivos de tipo Amplatzer,13808,95
APOS SANATORIO MAYO PRIVADO SOCIEDAD ANONIMA,437,5273,Cierre de defectos septales congenitos simples en hemodinamia,13809,94
APOS SANATORIO MAYO PRIVADO SOCIEDAD ANONIMA,437,5274,Cierre de ductus arterioso permeable con coils o similar en hemodinamia,13810,95
APOS SANATORIO MAYO PRIVADO SOCIEDAD ANONIMA,437,5275,Cierre de faringostomia,13811,92
APOS SANATORIO MAYO PRIVADO SOCIEDAD ANONIMA,437,5276,Cierre de fistula arterio-venosa de hemodialisis,13812,91
APOS SANATORIO MAYO PRIVADO SOCIEDAD ANONIMA,437,5277,Cierre de fistula branquial y/o quiste branquial o vestigio,13813,92
APOS SANATORIO MAYO PRIVADO SOCIEDAD ANONIMA,437,5278,Cierre de fistula bronco-cutanea,13814,92
APOS SANATORIO MAYO PRIVADO SOCIEDAD ANONIMA,437,5279,Cierre de fistula esofago-cutanea,13816,94
APOS SANATORIO MAYO PRIVADO SOCIEDAD ANONIMA,437,5280,Cierre de fistula externa de boca,13818,91
APOS SANATORIO MAYO PRIVADO SOCIEDAD ANONIMA,437,5281,Cierre de fistula mastoidea,13819,92
APOS SANATORIO MAYO PRIVADO SOCIEDAD ANONIMA,437,5282,Cierre de fistula meningea por via transinusal,13820,93
APOS SANATORIO MAYO PRIVADO SOCIEDAD ANONIMA,437,5283,Cierre de fistula oral del seno maxilar (buco-antral),13821,92
APOS SANATORIO MAYO PRIVADO SOCIEDAD ANONIMA,437,5284,Cierre de fistula traqueo-esofagica,13822,94
APOS SANATORIO MAYO PRIVADO SOCIEDAD ANONIMA,437,5285,Cierre de fistula uretro-rectal,13824,92
APOS SANATORIO MAYO PRIVADO SOCIEDAD ANONIMA,437,5286,Cierre de gastrostomia y/o fistula gastrica,13825,92
APOS SANATORIO MAYO PRIVADO SOCIEDAD ANONIMA,437,5288,Cierre de ileostomia,13826,91
APOS SANATORIO MAYO PRIVADO SOCIEDAD ANONIMA,437,5289,Cierre de traqueostomia,13827,90
APOS SANATORIO MAYO PRIVADO SOCIEDAD ANONIMA,437,6643,ulcera perforada / gastrorrafia/ herida perforada / cierre de fistula gastrica,14799,93
APOS SANATORIO MAYO PRIVADO SOCIEDAD ANONIMA,437,5271,Cierre de defectos septales adquiridos,14916,95
APOS SANATORIO MAYO PRIVADO SOCIEDAD ANONIMA,437,5287,Cierre de grandes defectos con combinacion de varios colgajos,14918,93
APOS SANATORIO MAYO PRIVADO SOCIEDAD ANONIMA,437,5290,Cierre diferido de torax posterior a cirugia cardiaca,14920,94
APOS SANATORIO MAYO PRIVADO SOCIEDAD ANONIMA,437,5334,Cirugias de cardiopatias congenitas simples (cierre de defectos septales),14925,95
APOS SANATORIO MAYO PRIVADO SOCIEDAD ANONIMA,437,5637,Estafilorrafia (cierre del paladar blando),14980,91
APOS SANATORIO MAYO PRIVADO SOCIEDAD ANONIMA,437,6614,Tumor benigno de mas de 5 cm / extirpacion y cierre plastico,15194,91
APOS SANATORIO MAYO PRIVADO SOCIEDAD ANONIMA,437,5291,Circuncision,15408,91
APOS SANATORIO MAYO PRIVADO SOCIEDAD ANONIMA,437,7000,Cirugia Suspendida,43224,89
APOS SANATORIO MAYO PRIVADO SOCIEDAD ANONIMA,437,6704,Cirugia de Bahas,60855,94
APOS SANATORIO MAYO PRIVADO SOCIEDAD ANONIMA,437,9008,Cirugias Cardiacas con valor diferenciado Clinica Reg. Del Sud,69335,61
APOS SANATORIO MAYO PRIVADO SOCIEDAD ANONIMA,437,8529,Cirugia tricompartimental de piso pelvico,69379,93
APOS SANATORIO MAYO PRIVADO SOCIEDAD ANONIMA,437,5292,Cirugia antireflujo esofagico (Nissen) a cielo abierto,13828,93
APOS SANATORIO MAYO PRIVADO SOCIEDAD ANONIMA,437,5293,Cirugia artroscopica de hombro (cirugia de Bankart artroscopica y similares),13829,93
APOS SANATORIO MAYO PRIVADO SOCIEDAD ANONIMA,437,5295,"Cirugia compleja de columna (escoliosis congenita / adquirida, con test del despertar o potenciales evocados)",13830,98
APOS SANATORIO MAYO PRIVADO SOCIEDAD ANONIMA,437,5296,"Cirugia compleja de columna, con abordaje anterior y posterior y/o con patologia asociada",13831,98
APOS SANATORIO MAYO PRIVADO SOCIEDAD ANONIMA,437,5298,Cirugia de Bricker (cistectomia radical + reemplazo vesical con asa ileal),13832,96
APOS SANATORIO MAYO PRIVADO SOCIEDAD ANONIMA,437,5301,Cirugia de agenesia del CAE,13833,92
APOS SANATORIO MAYO PRIVADO SOCIEDAD ANONIMA,437,5306,Cirugia de craneo video-asistida (mas de 8 horas de duracion),13836,98
APOS SANATORIO MAYO PRIVADO SOCIEDAD ANONIMA,437,5307,Cirugia de craneo video-asistida (menos de 8 horas de duracion),13837,98
APOS SANATORIO MAYO PRIVADO SOCIEDAD ANONIMA,437,5308,"Cirugia de la 1ra porcion del nervio facial, el nervio auditivo o el vestibular",13838,94
APOS SANATORIO MAYO PRIVADO SOCIEDAD ANONIMA,437,5309,Cirugia de la 2da y 3ra porcion del nervio facial,13839,94
APOS SANATORIO MAYO PRIVADO SOCIEDAD ANONIMA,437,5311,"Cirugia de la fosa pterigo-maxilar (exploracion, escision de tumores, etc)",13840,93
APOS SANATORIO MAYO PRIVADO SOCIEDAD ANONIMA,437,5312,Cirugia de la obesidad (by-pass gastrico) a cielo abierto,13841,95
APOS SANATORIO MAYO PRIVADO SOCIEDAD ANONIMA,437,5313,Cirugia de la obesidad (by-pass gastrico) por video,13842,98
APOS SANATORIO MAYO PRIVADO SOCIEDAD ANONIMA,437,5314,Cirugia de la obesidad (manga gastrica) por video,13843,95
APOS SANATORIO MAYO PRIVADO SOCIEDAD ANONIMA,437,5315,Cirugia de la vena cava,13844,94
APOS SANATORIO MAYO PRIVADO SOCIEDAD ANONIMA,437,5316,Cirugia de las arritmias / colocacion de cardio-desfibrilador endocavitario,13845,95
APOS SANATORIO MAYO PRIVADO SOCIEDAD ANONIMA,437,5317,Cirugia de las ramas de la aorta abdominal,13846,94
APOS SANATORIO MAYO PRIVADO SOCIEDAD ANONIMA,437,5318,Cirugia de los grandes troncos arterio-venosos del torax,13847,94
APOS SANATORIO MAYO PRIVADO SOCIEDAD ANONIMA,437,5319,Cirugia de tumores etmoidales,13848,93
APOS SANATORIO MAYO PRIVADO SOCIEDAD ANONIMA,437,5320,Cirugia del conducto auditivo interno y su contenido,13849,94
APOS SANATORIO MAYO PRIVADO SOCIEDAD ANONIMA,437,5321,Cirugia del glomus yugularis,13850,94
APOS SANATORIO MAYO PRIVADO SOCIEDAD ANONIMA,437,5322,Cirugia del saco endolinfatico,13851,93
APOS SANATORIO MAYO PRIVADO SOCIEDAD ANONIMA,437,5323,Cirugia endoscopica de tejido linfoideo rino-faringeo,13852,92
APOS SANATORIO MAYO PRIVADO SOCIEDAD ANONIMA,437,5325,Cirugia para el tratamiento del mal de Parkinson (menos de 8 horas de duracion),13854,98
APOS SANATORIO MAYO PRIVADO SOCIEDAD ANONIMA,437,5326,Cirugia plastica por agenesia del oido medio,13855,94
APOS SANATORIO MAYO PRIVADO SOCIEDAD ANONIMA,437,5330,Cirugia vasculo-renal,13856,93
APOS SANATORIO MAYO PRIVADO SOCIEDAD ANONIMA,437,5331,Cirugia videoartroscopica de codo,13857,93
APOS SANATORIO MAYO PRIVADO SOCIEDAD ANONIMA,437,5332,Cirugia videoartroscopica de hombro (cirugia de Bankart artroscopica y similar),13858,93
APOS SANATORIO MAYO PRIVADO SOCIEDAD ANONIMA,437,5336,Cirugias intra-uterinas a cielo abierto o por puncion,13859,96
APOS SANATORIO MAYO PRIVADO SOCIEDAD ANONIMA,437,5497,Dermolipectomia post-cirugia bariatrica,13975,94
APOS SANATORIO MAYO PRIVADO SOCIEDAD ANONIMA,437,5756,Facoexeresis con implante de lente intraocular (cirugia de cataratas),14172,93
APOS SANATORIO MAYO PRIVADO SOCIEDAD ANONIMA,437,5816,Gran cirugia reconstructora de mano,14214,95
APOS SANATORIO MAYO PRIVADO SOCIEDAD ANONIMA,437,5850,Hernia hiatal por videolaparoscopia (cirugia antireflujo por videolaparoscopia),14253,94
APOS SANATORIO MAYO PRIVADO SOCIEDAD ANONIMA,437,6020,Microcirugia de la via espermal,14373,98
APOS SANATORIO MAYO PRIVADO SOCIEDAD ANONIMA,437,6021,Microcirugia de laringe,14374,92
APOS SANATORIO MAYO PRIVADO SOCIEDAD ANONIMA,437,6022,Microcirugia tubaria unilateral,14375,93
APOS SANATORIO MAYO PRIVADO SOCIEDAD ANONIMA,437,6023,Microcirugia tubaria unilateral por videolaparoscopia,14376,95
APOS SANATORIO MAYO PRIVADO SOCIEDAD ANONIMA,437,6350,Reimplante de miembros o dedos por microcirugia,14594,98
APOS SANATORIO MAYO PRIVADO SOCIEDAD ANONIMA,437,6352,Reimplante total o parcial de miembro con microcirugia,14595,98
APOS SANATORIO MAYO PRIVADO SOCIEDAD ANONIMA,437,6664,Varices residuales (microcirugia),14815,91
APOS SANATORIO MAYO PRIVADO SOCIEDAD ANONIMA,437,5297,Cirugia coronaria o valvular por mini-toracotomia,14921,98
APOS SANATORIO MAYO PRIVADO SOCIEDAD ANONIMA,437,5304,Cirugia de by-pass aorto-coronario,14922,95
APOS SANATORIO MAYO PRIVADO SOCIEDAD ANONIMA,437,5300,Cirugia de Norwood,14923,96
APOS SANATORIO MAYO PRIVADO SOCIEDAD ANONIMA,437,5327,Cirugia reductiva bilateral de mama,14924,98
APOS SANATORIO MAYO PRIVADO SOCIEDAD ANONIMA,437,5368,Colgajos libres con micro-cirugia vascular,14936,94
APOS SANATORIO MAYO PRIVADO SOCIEDAD ANONIMA,437,5887,Implante mamario en cirugia reconstructiva,15014,94
APOS SANATORIO MAYO PRIVADO SOCIEDAD ANONIMA,437,5999,Mastomegalia / cirugia reductora no estetica unilateral,15043,94
APOS SANATORIO MAYO PRIVADO SOCIEDAD ANONIMA,437,6292,Radioneurocirugia esterotaxica,15119,95
APOS SANATORIO MAYO PRIVADO SOCIEDAD ANONIMA,437,6344,Reemplazo valvular o bi-valvular con cirugia de revascularizacion,15144,96
APOS SANATORIO MAYO PRIVADO SOCIEDAD ANONIMA,437,6351,Reimplante de oreja con microcirugia vascular,15145,94
APOS SANATORIO MAYO PRIVADO SOCIEDAD ANONIMA,437,7537,Cirugia de  by- pass aorto- coronaria sin CEC,15284,98
APOS SANATORIO MAYO PRIVADO SOCIEDAD ANONIMA,437,7538,cirugia de Co Ao (con o sin CEC),15286,98
APOS SANATORIO MAYO PRIVADO SOCIEDAD ANONIMA,437,7541,"Cirugia de transposicion de grandes vasos, Tronco arterioso, Norwood, Anomalia total del retorno venoso",15293,96
APOS SANATORIO MAYO PRIVADO SOCIEDAD ANONIMA,437,6700,Cirugia reduccion volumenes pulmonares por video,15370,99
APOS SANATORIO MAYO PRIVADO SOCIEDAD ANONIMA,437,6701,Cirugia de adecuacion de sexo,15398,106
APOS SANATORIO MAYO PRIVADO SOCIEDAD ANONIMA,437,7528,"Cirugia de Mitrofanoff (apendico-vesicostomia) (ptes paraplejicos, vejiga neurogenica, espina bifida)",15428,95
APOS SANATORIO MAYO PRIVADO SOCIEDAD ANONIMA,437,5305,Cirugia de columna por videofibroscopia,15487,98
APOS SANATORIO MAYO PRIVADO SOCIEDAD ANONIMA,437,5324,Cirugia para el tratamiento del mal de Parkinson (mas de 8 horas de duracion)8,15537,98
APOS SANATORIO MAYO PRIVADO SOCIEDAD ANONIMA,437,5310,Cirugia de la carotida,15542,94
APOS SANATORIO MAYO PRIVADO SOCIEDAD ANONIMA,437,5337,Cistectomia parcial,13861,93
APOS SANATORIO MAYO PRIVADO SOCIEDAD ANONIMA,437,5338,Cistectomia parcial con reimplante de ureter,13862,93
APOS SANATORIO MAYO PRIVADO SOCIEDAD ANONIMA,437,5339,Cistectomia parcial o total por video-laparoscopia,13863,95
APOS SANATORIO MAYO PRIVADO SOCIEDAD ANONIMA,437,5340,Cistectomia total,13864,94
APOS SANATORIO MAYO PRIVADO SOCIEDAD ANONIMA,437,5348,Colecistectomia laparoscopica convertida,13869,94
APOS SANATORIO MAYO PRIVADO SOCIEDAD ANONIMA,437,5349,Colecistectomia simple,13870,92
APOS SANATORIO MAYO PRIVADO SOCIEDAD ANONIMA,437,5554,Duodeno-papilotomia con o sin colecistectomia,14026,93
APOS SANATORIO MAYO PRIVADO SOCIEDAD ANONIMA,437,5671,Exploracion de las vias biliares por laparoscopia con o sin colecistectomia,14114,94
APOS SANATORIO MAYO PRIVADO SOCIEDAD ANONIMA,437,5672,Exploracion de vias biliares con o sin colecistectomia,14115,93
APOS SANATORIO MAYO PRIVADO SOCIEDAD ANONIMA,437,5673,Exploracion de vias biliares por via laparoscopica con o sin colecistectomia,14116,94
APOS SANATORIO MAYO PRIVADO SOCIEDAD ANONIMA,437,6044,Nefro-ureterectomia con o sin cistectomia parcial,14393,95
APOS SANATORIO MAYO PRIVADO SOCIEDAD ANONIMA,437,5347,Colecistectomia por videolaparoscopia,15305,93
APOS SANATORIO MAYO PRIVADO SOCIEDAD ANONIMA,437,5341,Cistoplastia,13865,93
APOS SANATORIO MAYO PRIVADO SOCIEDAD ANONIMA,437,6709,Cistorrafia por Videolaparoscopia,60860,92
APOS SANATORIO MAYO PRIVADO SOCIEDAD ANONIMA,437,5342,Cistorrafia,13866,90
APOS SANATORIO MAYO PRIVADO SOCIEDAD ANONIMA,437,5343,Cistostomia (talla vesical),13867,90
APOS SANATORIO MAYO PRIVADO SOCIEDAD ANONIMA,437,5350,Colecistostomia,13871,92
APOS SANATORIO MAYO PRIVADO SOCIEDAD ANONIMA,437,5351,Colecistostomia percutanea,15302,91
APOS SANATORIO MAYO PRIVADO SOCIEDAD ANONIMA,437,5564,Electrocoagulacion de cornetes,14031,91
APOS SANATORIO MAYO PRIVADO SOCIEDAD ANONIMA,437,5612,Escision o electrocoagulacion de amigdala lingual,14071,90
APOS SANATORIO MAYO PRIVADO SOCIEDAD ANONIMA,437,5784,Fotocoagulacion de retina,14197,90
APOS SANATORIO MAYO PRIVADO SOCIEDAD ANONIMA,437,6409,Reseccion endoscopica de vejiga por electrocoagulacion (TUR-V),14633,92
APOS SANATORIO MAYO PRIVADO SOCIEDAD ANONIMA,437,7583,Coagulacion de angiodisplacias con argon plasma,15339,92
APOS SANATORIO MAYO PRIVADO SOCIEDAD ANONIMA,437,5426,Correccion de coartacion de aorta en hemodinamia,13928,95
APOS SANATORIO MAYO PRIVADO SOCIEDAD ANONIMA,437,5344,Coartacion de aorta con CEC (CEC: circulacion extra-corporea),14927,95
APOS SANATORIO MAYO PRIVADO SOCIEDAD ANONIMA,437,5345,Coartacion de aorta sin CEC (CEC: circulacion extra-corporea),14928,95
APOS SANATORIO MAYO PRIVADO SOCIEDAD ANONIMA,437,5346,Cobalto-terapia,13868,92
APOS SANATORIO MAYO PRIVADO SOCIEDAD ANONIMA,437,5352,Colectomia o hemicolectomia abdomino -pelvica (operacion de Miles),13872,95
APOS SANATORIO MAYO PRIVADO SOCIEDAD ANONIMA,437,5354,Colectomia total por videolaparoscopia,13873,96
APOS SANATORIO MAYO PRIVADO SOCIEDAD ANONIMA,437,5355,Colectomia transversa segmentaria (operacion de Hartmann),13875,94
APOS SANATORIO MAYO PRIVADO SOCIEDAD ANONIMA,437,5356,Colectomia transversa segmentaria de Hartman por videolaparoscopia (Hartman laparoscopica),13876,95
APOS SANATORIO MAYO PRIVADO SOCIEDAD ANONIMA,437,5357,Colectomia transversa segmentaria por videolaparoscopia (Hartman laparoscopica),13877,95
APOS SANATORIO MAYO PRIVADO SOCIEDAD ANONIMA,437,5823,Hemicolectomia,14221,94
APOS SANATORIO MAYO PRIVADO SOCIEDAD ANONIMA,437,5824,Hemicolectomia por videolaparoscopia,14222,95
APOS SANATORIO MAYO PRIVADO SOCIEDAD ANONIMA,437,5353,Colectomia total,15330,95
APOS SANATORIO MAYO PRIVADO SOCIEDAD ANONIMA,437,7524,Colectomia o hemicolectomia abdomino -pelvica (operacion de Miles) por videolaparoscopia,15331,98
APOS SANATORIO MAYO PRIVADO SOCIEDAD ANONIMA,437,5359,Coledocotomia como unica intervencion,15304,92
APOS SANATORIO MAYO PRIVADO SOCIEDAD ANONIMA,437,5360,Colesteatoma,13879,92
APOS SANATORIO MAYO PRIVADO SOCIEDAD ANONIMA,437,5600,Escision ampliada de mucosa yugal y recomposicion inmediata con injerto o colgajo,14060,93
APOS SANATORIO MAYO PRIVADO SOCIEDAD ANONIMA,437,5914,Injerto o colgajo de piel de dedos (hasta 3),14292,90
APOS SANATORIO MAYO PRIVADO SOCIEDAD ANONIMA,437,5915,Injerto o colgajo de piel de dedos (mas de 3),14293,91
APOS SANATORIO MAYO PRIVADO SOCIEDAD ANONIMA,437,6309,Reconstruccion diferida de piramide nasal con colgajo,14568,92
APOS SANATORIO MAYO PRIVADO SOCIEDAD ANONIMA,437,6318,Reconstruccion total de paladar inmediata con injerto o colgajo,14569,95
APOS SANATORIO MAYO PRIVADO SOCIEDAD ANONIMA,437,5361,Colgajo alejado,14929,92
APOS SANATORIO MAYO PRIVADO SOCIEDAD ANONIMA,437,5362,Colgajo de vecindad,14930,91
APOS SANATORIO MAYO PRIVADO SOCIEDAD ANONIMA,437,5363,Colgajo de vecindad o a la distancia para reconstruccion total de labio,14931,93
APOS SANATORIO MAYO PRIVADO SOCIEDAD ANONIMA,437,5364,Colgajo diferido,14932,91
APOS SANATORIO MAYO PRIVADO SOCIEDAD ANONIMA,437,5365,"Colgajo en isla, reparacion de ceja",14933,91
APOS SANATORIO MAYO PRIVADO SOCIEDAD ANONIMA,437,5366,Colgajo miocutaneo,14934,92
APOS SANATORIO MAYO PRIVADO SOCIEDAD ANONIMA,437,5367,Colgajo para reconstruccion parcial de labio,14935,91
APOS SANATORIO MAYO PRIVADO SOCIEDAD ANONIMA,437,5754,"FLAP unilateral completo (FLAP: colgajo, segmento de tejido que se trasplanta de una zona a otra del cuerpo)",14997,94
APOS SANATORIO MAYO PRIVADO SOCIEDAD ANONIMA,437,6306,reconstruccion de oreja parcial o total mediante colgajos y o injertos,15130,92
APOS SANATORIO MAYO PRIVADO SOCIEDAD ANONIMA,437,6311,Reconstruccion mamaria con colgajo cutaneo o miocutaneo,15133,95
APOS SANATORIO MAYO PRIVADO SOCIEDAD ANONIMA,437,6310,Reconstruccion mamaria con TRAM (colgajo miocutaneo del recto abdominal transverso),15135,98
APOS SANATORIO MAYO PRIVADO SOCIEDAD ANONIMA,437,6315,Reconstruccion total de nariz mediante colgajos,15138,93
APOS SANATORIO MAYO PRIVADO SOCIEDAD ANONIMA,437,6626,"Tumor de labio superior e inferior, con o sin colgajos",15195,94
APOS SANATORIO MAYO PRIVADO SOCIEDAD ANONIMA,437,5755,"FLAP unilateral incompleto (FLAP: colgajo, segmento de tejido que se trasplanta de una zona",15258,93
APOS SANATORIO MAYO PRIVADO SOCIEDAD ANONIMA,437,5678,Extirpacion de apendices pre-auriculares (coloboma auris),14120,90
APOS SANATORIO MAYO PRIVADO SOCIEDAD ANONIMA,437,5369,"Coloboma de parpado, reconstruccion simple",14937,90
APOS SANATORIO MAYO PRIVADO SOCIEDAD ANONIMA,437,7794,Titulacion espinal de opioides para colocacion de bomba implantables (test),69291,93
APOS SANATORIO MAYO PRIVADO SOCIEDAD ANONIMA,437,9541,Colocacion de Protesis,69346,95
APOS SANATORIO MAYO PRIVADO SOCIEDAD ANONIMA,437,5371,"Colocacion de VAC (vacum, por ejemplo en rodilla)",13880,89
APOS SANATORIO MAYO PRIVADO SOCIEDAD ANONIMA,437,5373,Colocacion de cateter intra-hepatico para quimioterapia,13881,92
APOS SANATORIO MAYO PRIVADO SOCIEDAD ANONIMA,437,5374,Colocacion de cateter para medicion de PIC (PIC: presion intra-craneal),13882,93
APOS SANATORIO MAYO PRIVADO SOCIEDAD ANONIMA,437,5375,Colocacion de coils en vasculatura toracica o abdominal,13883,94
APOS SANATORIO MAYO PRIVADO SOCIEDAD ANONIMA,437,5377,Colocacion de endoprotesis de aorta en hemodinamia,13884,95
APOS SANATORIO MAYO PRIVADO SOCIEDAD ANONIMA,437,5378,Colocacion de endoprotesis en arterias o venas toracicas o abdominales,13885,98
APOS SANATORIO MAYO PRIVADO SOCIEDAD ANONIMA,437,5379,Colocacion de esfinter artificial,13886,92
APOS SANATORIO MAYO PRIVADO SOCIEDAD ANONIMA,437,5380,Colocacion de filtros en la vena cava,13887,93
APOS SANATORIO MAYO PRIVADO SOCIEDAD ANONIMA,437,5381,Colocacion de marcapaso endocavitario,13888,91
APOS SANATORIO MAYO PRIVADO SOCIEDAD ANONIMA,437,5382,Colocacion de marcapaso epicardico,13889,92
APOS SANATORIO MAYO PRIVADO SOCIEDAD ANONIMA,437,5383,Colocacion de protesis / stent en esofago,13890,91
APOS SANATORIO MAYO PRIVADO SOCIEDAD ANONIMA,437,5384,Colocacion de protesis cervical / dorsal / o lumbar,13891,95
APOS SANATORIO MAYO PRIVADO SOCIEDAD ANONIMA,437,5385,Colocacion de radium intra-cavitario,13892,91
APOS SANATORIO MAYO PRIVADO SOCIEDAD ANONIMA,437,5386,Colocacion de semillas radioactivas transrectal,13893,92
APOS SANATORIO MAYO PRIVADO SOCIEDAD ANONIMA,437,5387,Colocacion de sonda de alimentacion por endoscopia,13894,90
APOS SANATORIO MAYO PRIVADO SOCIEDAD ANONIMA,437,5388,Colocacion de stent colonico,13895,91
APOS SANATORIO MAYO PRIVADO SOCIEDAD ANONIMA,437,5389,Colocacion de stent en duodeno por endoscopia,13896,91
APOS SANATORIO MAYO PRIVADO SOCIEDAD ANONIMA,437,5390,Colocacion de stent en la  via biliar por endoscopia,13897,92
APOS SANATORIO MAYO PRIVADO SOCIEDAD ANONIMA,437,5392,Colocacion de stent traqueal o bronquial,13899,93
APOS SANATORIO MAYO PRIVADO SOCIEDAD ANONIMA,437,5393,Colocacion de taponaje vesical,13901,90
APOS SANATORIO MAYO PRIVADO SOCIEDAD ANONIMA,437,5394,Colocacion de tips para cirrosis,13902,92
APOS SANATORIO MAYO PRIVADO SOCIEDAD ANONIMA,437,5397,Colocacion de tutor externo maxilar,13905,93
APOS SANATORIO MAYO PRIVADO SOCIEDAD ANONIMA,437,5399,Colocacion de via central / colocacion cateter doble Y / tunelizado / cateter para quimioterapia / cateter picc,13907,91
APOS SANATORIO MAYO PRIVADO SOCIEDAD ANONIMA,437,5400,"Colocacion de yeso de antebrazo, braquipalmar, pierna o pedico",13908,89
APOS SANATORIO MAYO PRIVADO SOCIEDAD ANONIMA,437,5402,Colocacion o extraccion de balon gastrico en obesidad (gastroenterologia),13909,92
APOS SANATORIO MAYO PRIVADO SOCIEDAD ANONIMA,437,5403,Colocacion percutanea de stents para las vias biliares (por puncion hepatica),13910,93
APOS SANATORIO MAYO PRIVADO SOCIEDAD ANONIMA,437,5404,Colocacion y extraccion de yesos,13912,89
APOS SANATORIO MAYO PRIVADO SOCIEDAD ANONIMA,437,5444,"Correccion incontinencia orina (Bursch, Marshal- Marchetti, colocacion de malla de Sling)",13947,92
APOS SANATORIO MAYO PRIVADO SOCIEDAD ANONIMA,437,5477,"DIU, colocacion o extraccion",13961,89
APOS SANATORIO MAYO PRIVADO SOCIEDAD ANONIMA,437,5522,Dilatacion de traquea y/o colocacion de stent bronquial,13999,93
APOS SANATORIO MAYO PRIVADO SOCIEDAD ANONIMA,437,5523,Dilatacion del ureter + colocacion de pig-tail,14000,91
APOS SANATORIO MAYO PRIVADO SOCIEDAD ANONIMA,437,5804,Gastrostomia (colocacion / extraccion y/o recolocacion) (tipo boton gastrico),14206,91
APOS SANATORIO MAYO PRIVADO SOCIEDAD ANONIMA,437,6032,Miringotomia (paracentesis) con o sin colocacion de tubos trans-timpanicos (diabolos o similar),14384,90
APOS SANATORIO MAYO PRIVADO SOCIEDAD ANONIMA,437,6363,Reparacion de hernia con colocacion de malla de tipo Marlex o similares,14606,92
APOS SANATORIO MAYO PRIVADO SOCIEDAD ANONIMA,437,5376,Colocacion de desfibrilador interno,14938,93
APOS SANATORIO MAYO PRIVADO SOCIEDAD ANONIMA,437,5370,Colocacion de expansor mamario,15259,93
APOS SANATORIO MAYO PRIVADO SOCIEDAD ANONIMA,437,7552,Mastectomia bilateral con colocacion de protesis,15292,98
APOS SANATORIO MAYO PRIVADO SOCIEDAD ANONIMA,437,7585,Colocacion de balon intragastrico,15341,92
APOS SANATORIO MAYO PRIVADO SOCIEDAD ANONIMA,437,8111,Colocacion de cateter doble “J” (tipo pig-tail o similares),15415,91
APOS SANATORIO MAYO PRIVADO SOCIEDAD ANONIMA,437,8113,Colocacion de cateter de pig-tail,15422,91
APOS SANATORIO MAYO PRIVADO SOCIEDAD ANONIMA,437,5401,"Colocacion de yeso de tipo: minerva, corse, toracobraquial; pelvi-rotuliano o pelvi-pedico",15434,90
APOS SANATORIO MAYO PRIVADO SOCIEDAD ANONIMA,437,7531,Colocacion  de protesis,15543,95
APOS SANATORIO MAYO PRIVADO SOCIEDAD ANONIMA,437,7581,Colonoscopia con polipectomia con clips o Mucosectomia,15337,92
APOS SANATORIO MAYO PRIVADO SOCIEDAD ANONIMA,437,5406,Colonovideoscopia con polipectomia,13914,91
APOS SANATORIO MAYO PRIVADO SOCIEDAD ANONIMA,437,5407,Colpoperineorrafia anterior y/o posterior,13915,92
APOS SANATORIO MAYO PRIVADO SOCIEDAD ANONIMA,437,5870,Histerectomia vaginal con o sin colpoperineorrafia,14269,93
APOS SANATORIO MAYO PRIVADO SOCIEDAD ANONIMA,437,5408,Colpopexia,13916,91
APOS SANATORIO MAYO PRIVADO SOCIEDAD ANONIMA,437,5409,Colpopexia con malla de Sling o similares,13917,92
APOS SANATORIO MAYO PRIVADO SOCIEDAD ANONIMA,437,5410,Colpotomia / lesion local de vagina,13918,89
APOS SANATORIO MAYO PRIVADO SOCIEDAD ANONIMA,437,5411,Comisuroplastia,14939,90
APOS SANATORIO MAYO PRIVADO SOCIEDAD ANONIMA,437,5412,Condilomas acuminados (fulguracion),13919,89
APOS SANATORIO MAYO PRIVADO SOCIEDAD ANONIMA,437,5414,Conizacion de cuello uterino o leep,13921,90
APOS SANATORIO MAYO PRIVADO SOCIEDAD ANONIMA,437,5415,Conjuntivoplastia,13922,91
APOS SANATORIO MAYO PRIVADO SOCIEDAD ANONIMA,437,5419,Conversion electrica de arritmias cardiacas,14941,90
APOS SANATORIO MAYO PRIVADO SOCIEDAD ANONIMA,437,5420,Cordocentesis (transfusion intra-uterina),13923,91
APOS SANATORIO MAYO PRIVADO SOCIEDAD ANONIMA,437,5421,Cordotomia,15529,94
APOS SANATORIO MAYO PRIVADO SOCIEDAD ANONIMA,437,5422,Correccion de adherencias vaginales,13924,90
APOS SANATORIO MAYO PRIVADO SOCIEDAD ANONIMA,437,5425,Correccion de cistocele,13927,91
APOS SANATORIO MAYO PRIVADO SOCIEDAD ANONIMA,437,5427,Correccion de diastasis de los rectos,13929,91
APOS SANATORIO MAYO PRIVADO SOCIEDAD ANONIMA,437,5430,Correccion de fistula recto-uterina o vesico-uterina,13931,93
APOS SANATORIO MAYO PRIVADO SOCIEDAD ANONIMA,437,5431,Correccion de fistula recto-vaginal,13932,92
APOS SANATORIO MAYO PRIVADO SOCIEDAD ANONIMA,437,5432,Correccion de fistula recto-vaginal + reconstruccion del esfinter anal,13933,93
APOS SANATORIO MAYO PRIVADO SOCIEDAD ANONIMA,437,5433,Correccion de fistula vesico-vaginal,13934,92
APOS SANATORIO MAYO PRIVADO SOCIEDAD ANONIMA,437,5434,"Correccion de incontinencia de orina (Marshall-Marchetti, Bursch o similares)",13935,92
APOS SANATORIO MAYO PRIVADO SOCIEDAD ANONIMA,437,5435,Correccion de incontinencia de orina con malla de tipo Sling,13936,92
APOS SANATORIO MAYO PRIVADO SOCIEDAD ANONIMA,437,5436,Correccion de incontinencia de orina por video,13937,93
APOS SANATORIO MAYO PRIVADO SOCIEDAD ANONIMA,437,5437,Correccion de incontinencia de orina por video-laparoscopia,13938,93
APOS SANATORIO MAYO PRIVADO SOCIEDAD ANONIMA,437,5438,Correccion de inversion uterina,13939,90
APOS SANATORIO MAYO PRIVADO SOCIEDAD ANONIMA,437,5439,Correccion de malformaciones uterinas,13940,94
APOS SANATORIO MAYO PRIVADO SOCIEDAD ANONIMA,437,5440,Correccion de reflujo vesico-ureteral (RVU),13941,92
APOS SANATORIO MAYO PRIVADO SOCIEDAD ANONIMA,437,5441,Correccion de tunel carpiano,13943,91
APOS SANATORIO MAYO PRIVADO SOCIEDAD ANONIMA,437,5442,Correccion de tunel carpiano por videoartroscopia,13944,92
APOS SANATORIO MAYO PRIVADO SOCIEDAD ANONIMA,437,5443,Correccion del reflujo por inyeccion sub-ureteral de sustancia bultica (tipo Vantrix® o Coaptite®),13945,92
APOS SANATORIO MAYO PRIVADO SOCIEDAD ANONIMA,437,5445,Correccion quirurgica de acalasia,13948,93
APOS SANATORIO MAYO PRIVADO SOCIEDAD ANONIMA,437,5447,Correccion quirurgica del sindrome del tunel carpiano,13951,91
APOS SANATORIO MAYO PRIVADO SOCIEDAD ANONIMA,437,5704,Extraccion de barra post-correccion de pectus excavatum,14130,92
APOS SANATORIO MAYO PRIVADO SOCIEDAD ANONIMA,437,5429,Correccion de fistula congenita de cuello,14943,91
APOS SANATORIO MAYO PRIVADO SOCIEDAD ANONIMA,437,8535,Infiltracion con corticoides/ A. locales/ Aines en puntos gatillos (hasta 5),69385,90
APOS SANATORIO MAYO PRIVADO SOCIEDAD ANONIMA,437,8536,Infiltracion con corticoides/ A. locales/ Aines en puntos gatillos (mas de 5),69386,91
APOS SANATORIO MAYO PRIVADO SOCIEDAD ANONIMA,437,5448,"Corticoides epidurales, por sesion",14944,90
APOS SANATORIO MAYO PRIVADO SOCIEDAD ANONIMA,437,5451,"Corticoterapia peridural ( dorsal, lumbar o caudal, sin control x imagenes)",14947,91
APOS SANATORIO MAYO PRIVADO SOCIEDAD ANONIMA,437,5452,"Corticoterapia peridural (dorsal, lumbar o caudal con control x imagenes)",14948,92
APOS SANATORIO MAYO PRIVADO SOCIEDAD ANONIMA,437,5453,Corticoterapia peridural cervical con o sin control por imagenes (por sesion),14949,93
APOS SANATORIO MAYO PRIVADO SOCIEDAD ANONIMA,437,5449,Corticoterapia foraminal cervical guiada por imagenes,15264,94
APOS SANATORIO MAYO PRIVADO SOCIEDAD ANONIMA,437,5450,Corticoterapia foraminal dorsal o lumbar guiada por imagenes (hasta dos),15266,93
APOS SANATORIO MAYO PRIVADO SOCIEDAD ANONIMA,437,5454,Craneoestenosis / craneosinostosis,13952,95
APOS SANATORIO MAYO PRIVADO SOCIEDAD ANONIMA,437,5952,Lesion tumoral de los huesos del craneo,14322,92
APOS SANATORIO MAYO PRIVADO SOCIEDAD ANONIMA,437,6165,"Osteotomia craneo-facial sin tiempo neuroquirurgico (Crouzon, Apert, etc.)",14464,98
APOS SANATORIO MAYO PRIVADO SOCIEDAD ANONIMA,437,6325,Reduccion de fractura expuesta de craneo,14573,93
APOS SANATORIO MAYO PRIVADO SOCIEDAD ANONIMA,437,6164,Osteotomia craneo-facial con tiempo neuroquirurgico,15100,98
APOS SANATORIO MAYO PRIVADO SOCIEDAD ANONIMA,437,5455,Craneoplastia,15276,94
APOS SANATORIO MAYO PRIVADO SOCIEDAD ANONIMA,437,5456,Craneotomia exploradora,15534,93
APOS SANATORIO MAYO PRIVADO SOCIEDAD ANONIMA,437,5457,"Cricotomia, laringorrafia, como unica operacion",15507,92
APOS SANATORIO MAYO PRIVADO SOCIEDAD ANONIMA,437,5458,Crioneurolisis de articulacion sacro-iliaca bilateral,14951,94
APOS SANATORIO MAYO PRIVADO SOCIEDAD ANONIMA,437,5459,Crioneurolisis de articulacion sacro-iliaca unilateral,14952,93
APOS SANATORIO MAYO PRIVADO SOCIEDAD ANONIMA,437,5460,Crioneurolisis de nervio facetario (hasta 2 nervios),14953,93
APOS SANATORIO MAYO PRIVADO SOCIEDAD ANONIMA,437,5461,Crioneurolisis de nervio facetario (mas 2 nervios),14954,94
APOS SANATORIO MAYO PRIVADO SOCIEDAD ANONIMA,437,5463,Crioneurolisis de neuroma postquirurgicos,14956,92
APOS SANATORIO MAYO PRIVADO SOCIEDAD ANONIMA,437,5464,Criptorquidea,13953,91
APOS SANATORIO MAYO PRIVADO SOCIEDAD ANONIMA,437,5465,Criptorquidea u orquidopexia por video-laparoscopia,13954,92
APOS SANATORIO MAYO PRIVADO SOCIEDAD ANONIMA,437,5466,Criptorquidea u orquidopexia por videolaparoscopia,13955,92
APOS SANATORIO MAYO PRIVADO SOCIEDAD ANONIMA,437,5470,Cuadrantectomia unilateral,13956,92
APOS SANATORIO MAYO PRIVADO SOCIEDAD ANONIMA,437,7596,Cuadrantectomia / tumorectomia ( mas ganglio centinela),15390,92
APOS SANATORIO MAYO PRIVADO SOCIEDAD ANONIMA,437,7597,Cuadrantectomia / tumorectomia (mas  vaciamiento axilar),15391,93
APOS SANATORIO MAYO PRIVADO SOCIEDAD ANONIMA,437,5471,Cuerpo extraño / bolo fecal,13957,90
APOS SANATORIO MAYO PRIVADO SOCIEDAD ANONIMA,437,5472,Cuerpo extraño de pared,13958,89
APOS SANATORIO MAYO PRIVADO SOCIEDAD ANONIMA,437,5473,Cuerpo extraño de tobillo,13959,89
APOS SANATORIO MAYO PRIVADO SOCIEDAD ANONIMA,437,5616,Esclerotomia con extraccion de cuerpo extraño intraocular,14074,92
APOS SANATORIO MAYO PRIVADO SOCIEDAD ANONIMA,437,5667,Exploracion / extraccion de cuerpo extraño de faringe,14110,90
APOS SANATORIO MAYO PRIVADO SOCIEDAD ANONIMA,437,5713,Extraccion de cuerpo extraño de faringe / esofago / estomago,14137,91
APOS SANATORIO MAYO PRIVADO SOCIEDAD ANONIMA,437,5714,Extraccion de cuerpo extraño de fosa nasal,14139,90
APOS SANATORIO MAYO PRIVADO SOCIEDAD ANONIMA,437,5715,"Extraccion de cuerpo extraño de las vias aereas (traquea, bronquios)",14140,92
APOS SANATORIO MAYO PRIVADO SOCIEDAD ANONIMA,437,5716,Extraccion de cuerpo extraño de lengua,14141,90
APOS SANATORIO MAYO PRIVADO SOCIEDAD ANONIMA,437,5717,Extraccion de cuerpo extraño de mano,14142,90
APOS SANATORIO MAYO PRIVADO SOCIEDAD ANONIMA,437,5719,Extraccion de cuerpo extraño de pie,14144,91
APOS SANATORIO MAYO PRIVADO SOCIEDAD ANONIMA,437,5720,Extraccion de cuerpo extraño de traquea o bronquio,14145,92
APOS SANATORIO MAYO PRIVADO SOCIEDAD ANONIMA,437,5721,Extraccion de cuerpo extraño del conducto auditivo externo (CAE),14147,89
APOS SANATORIO MAYO PRIVADO SOCIEDAD ANONIMA,437,5722,Extraccion de cuerpo extraño en faringe /esofago / estomago / duodeno,14148,91
APOS SANATORIO MAYO PRIVADO SOCIEDAD ANONIMA,437,5723,Extraccion de cuerpo extraño endoocular,14149,92
APOS SANATORIO MAYO PRIVADO SOCIEDAD ANONIMA,437,5726,Extraccion de cuerpo extraño superficial (conjuntiva),14150,89
APOS SANATORIO MAYO PRIVADO SOCIEDAD ANONIMA,437,5727,"Extraccion de cuerpo extraño, exploracion de drenajes",14151,90
APOS SANATORIO MAYO PRIVADO SOCIEDAD ANONIMA,437,5724,Extraccion de cuerpo extraño profundo,14994,91
APOS SANATORIO MAYO PRIVADO SOCIEDAD ANONIMA,437,5725,Extraccion de cuerpo extraño profundo de cuello,14995,91
APOS SANATORIO MAYO PRIVADO SOCIEDAD ANONIMA,437,6508,"TAC de cuerpo entero, con o sin contraste",15176,92
APOS SANATORIO MAYO PRIVADO SOCIEDAD ANONIMA,437,5805,Gastrostomia / exploracion / extraccion de cuerpo extraño/ lesion local o tumor benigno,15313,92
APOS SANATORIO MAYO PRIVADO SOCIEDAD ANONIMA,437,5474,"Curacion de un gran quemado, mas del 30%",14957,92
APOS SANATORIO MAYO PRIVADO SOCIEDAD ANONIMA,437,5475,Curacion de un quemado hasta el 30%,14958,91
APOS SANATORIO MAYO PRIVADO SOCIEDAD ANONIMA,437,5476,Curetaje oseo,13960,89
APOS SANATORIO MAYO PRIVADO SOCIEDAD ANONIMA,437,5478,Dacrio-cistografia,13962,90
APOS SANATORIO MAYO PRIVADO SOCIEDAD ANONIMA,437,5480,Dacrio-cistorrinostomia,13964,93
APOS SANATORIO MAYO PRIVADO SOCIEDAD ANONIMA,437,5481,Decorticacion pleuropulmonar a cielo abierto,13965,95
APOS SANATORIO MAYO PRIVADO SOCIEDAD ANONIMA,437,5482,Decorticacion pleuropulmonar por video-toracoscopia,13966,95
APOS SANATORIO MAYO PRIVADO SOCIEDAD ANONIMA,437,5483,Dedo en gatillo o dedo en resorte,13967,90
APOS SANATORIO MAYO PRIVADO SOCIEDAD ANONIMA,437,5485,Dedos en martillo (cada uno),13968,89
APOS SANATORIO MAYO PRIVADO SOCIEDAD ANONIMA,437,5679,Extirpacion de aponeurosis palmar hasta 3 dedos,14121,91
APOS SANATORIO MAYO PRIVADO SOCIEDAD ANONIMA,437,5680,Extirpacion de aponeurosis palmar mas de 3 dedos (enfermedad de Dupuytren),14122,92
APOS SANATORIO MAYO PRIVADO SOCIEDAD ANONIMA,437,5681,Extirpacion de aponeurosis plantar hasta 3 dedos,14123,91
APOS SANATORIO MAYO PRIVADO SOCIEDAD ANONIMA,437,6173,Panadizo / flemon de dedos,14468,89
APOS SANATORIO MAYO PRIVADO SOCIEDAD ANONIMA,437,6345,Reimplante de 1 a 2 dedos,14586,92
APOS SANATORIO MAYO PRIVADO SOCIEDAD ANONIMA,437,6346,Reimplante de dedo (hasta 2),14587,92
APOS SANATORIO MAYO PRIVADO SOCIEDAD ANONIMA,437,6347,Reimplante de mas de 2 dedos,14589,93
APOS SANATORIO MAYO PRIVADO SOCIEDAD ANONIMA,437,6619,Tumor de dedo,14781,90
APOS SANATORIO MAYO PRIVADO SOCIEDAD ANONIMA,437,5484,Dedo en martillo traumatico (“mallet finger”),15461,91
APOS SANATORIO MAYO PRIVADO SOCIEDAD ANONIMA,437,5486,Denervacion articular,15442,92
APOS SANATORIO MAYO PRIVADO SOCIEDAD ANONIMA,437,5487,Derivacion aorto-bifemoral,13969,98
APOS SANATORIO MAYO PRIVADO SOCIEDAD ANONIMA,437,5488,Derivacion aorto-iliaca con o sin simpatectomia,13970,95
APOS SANATORIO MAYO PRIVADO SOCIEDAD ANONIMA,437,5489,Derivacion aorto-renal,13971,95
APOS SANATORIO MAYO PRIVADO SOCIEDAD ANONIMA,437,5491,Derivacion paliativa de esofago,13972,94
APOS SANATORIO MAYO PRIVADO SOCIEDAD ANONIMA,437,5493,Derivacion ventriculo-peritoneal o similar,13974,93
APOS SANATORIO MAYO PRIVADO SOCIEDAD ANONIMA,437,5742,Extraccion de tubo de derivacion,14165,91
APOS SANATORIO MAYO PRIVADO SOCIEDAD ANONIMA,437,6435,Revision o restitucion parcial o total de valvula derivativa (en derivaciones ventriculo-peritoneales o similar),14655,92
APOS SANATORIO MAYO PRIVADO SOCIEDAD ANONIMA,437,5492,Derivacion pericardio-peritoneal,14959,95
APOS SANATORIO MAYO PRIVADO SOCIEDAD ANONIMA,437,5490,Derivacion intestinal interna,15329,93
APOS SANATORIO MAYO PRIVADO SOCIEDAD ANONIMA,437,5494,Dermoabrasion,14960,91
APOS SANATORIO MAYO PRIVADO SOCIEDAD ANONIMA,437,5495,Dermolipectomia,14961,93
APOS SANATORIO MAYO PRIVADO SOCIEDAD ANONIMA,437,5496,Dermolipectomia con ombligo,14963,94
APOS SANATORIO MAYO PRIVADO SOCIEDAD ANONIMA,437,5498,Desarticulacion coxo-femoral,13976,95
APOS SANATORIO MAYO PRIVADO SOCIEDAD ANONIMA,437,5499,Desarticulacion del brazo,13977,95
APOS SANATORIO MAYO PRIVADO SOCIEDAD ANONIMA,437,5500,Desarticulacion escapulo-humeral,13978,95
APOS SANATORIO MAYO PRIVADO SOCIEDAD ANONIMA,437,5501,Desarticulacion interescapulo-toracica,13979,94
APOS SANATORIO MAYO PRIVADO SOCIEDAD ANONIMA,437,5504,Descompresion orbitaria unilateral,13980,93
APOS SANATORIO MAYO PRIVADO SOCIEDAD ANONIMA,437,7507,Descompresion discal con decompressor o similar,15275,98
APOS SANATORIO MAYO PRIVADO SOCIEDAD ANONIMA,437,5506,Desgarro de cuello uterino,69300,90
APOS SANATORIO MAYO PRIVADO SOCIEDAD ANONIMA,437,5505,Desgarro de cristalino,13981,91
APOS SANATORIO MAYO PRIVADO SOCIEDAD ANONIMA,437,5507,Desgarro de vagina / colporrafia o colpocleisis / fuera del trabajo de parto,13983,91
APOS SANATORIO MAYO PRIVADO SOCIEDAD ANONIMA,437,5508,Desgarro de vagina y/o esfinter,13984,90
APOS SANATORIO MAYO PRIVADO SOCIEDAD ANONIMA,437,5509,Desgarro muscular de cara anterior del muslo,13985,90
APOS SANATORIO MAYO PRIVADO SOCIEDAD ANONIMA,437,5510,Desgarro muscular de cara posterior del muslo (paciente en decubito ventral),13986,91
APOS SANATORIO MAYO PRIVADO SOCIEDAD ANONIMA,437,6477,Sintesis muscular (desgarro muscular simple),14690,90
APOS SANATORIO MAYO PRIVADO SOCIEDAD ANONIMA,437,5511,Determinacion de respuesta neuromoduladora sistemica a la anest.,14965,90
APOS SANATORIO MAYO PRIVADO SOCIEDAD ANONIMA,437,5512,Devolvulacion / desinvaginacion intestinal con reseccion intestinal,13987,93
APOS SANATORIO MAYO PRIVADO SOCIEDAD ANONIMA,437,5513,Devolvulacion / desinvaginacion intestinal sin reseccion intestinal,13988,91
APOS SANATORIO MAYO PRIVADO SOCIEDAD ANONIMA,437,5514,Devolvulacion endoscopica,13989,91
APOS SANATORIO MAYO PRIVADO SOCIEDAD ANONIMA,437,5515,Diagnostico estereotaxico para estudios de epilepsia,13990,93
APOS SANATORIO MAYO PRIVADO SOCIEDAD ANONIMA,437,5224,Bloquo diagnostico o terapeutico de G de Walther guiado por,14907,92
APOS SANATORIO MAYO PRIVADO SOCIEDAD ANONIMA,437,6234,Procedimiento diagnostico para implante de bomba de infusion,15272,94
APOS SANATORIO MAYO PRIVADO SOCIEDAD ANONIMA,437,5516,Diastasis del pubis,13992,92
APOS SANATORIO MAYO PRIVADO SOCIEDAD ANONIMA,437,5519,Dilatacion colonica por endoscopia,13994,91
APOS SANATORIO MAYO PRIVADO SOCIEDAD ANONIMA,437,5520,Dilatacion de esofago,13995,91
APOS SANATORIO MAYO PRIVADO SOCIEDAD ANONIMA,437,5521,Dilatacion de esofago/ pilorica / colonica,13998,91
APOS SANATORIO MAYO PRIVADO SOCIEDAD ANONIMA,437,5524,Dilatacion endoscopica de estenosis de via biliar,14001,92
APOS SANATORIO MAYO PRIVADO SOCIEDAD ANONIMA,437,5525,Dilatacion endoscopica de la via biliar,14002,92
APOS SANATORIO MAYO PRIVADO SOCIEDAD ANONIMA,437,5526,Dilatacion pilorica por endoscopia,14003,91
APOS SANATORIO MAYO PRIVADO SOCIEDAD ANONIMA,437,5528,Dilatacion uretral por video,14004,90
APOS SANATORIO MAYO PRIVADO SOCIEDAD ANONIMA,437,5518,Dilatacion anal,15355,90
APOS SANATORIO MAYO PRIVADO SOCIEDAD ANONIMA,437,5527,Dilatacion uretral,15412,89
APOS SANATORIO MAYO PRIVADO SOCIEDAD ANONIMA,437,5529,Dinamica renal (renograma isotopico),14966,90
APOS SANATORIO MAYO PRIVADO SOCIEDAD ANONIMA,437,5531,Discografia provocativa  (un disco),14967,92
APOS SANATORIO MAYO PRIVADO SOCIEDAD ANONIMA,437,5530,Discografia provocativa (dos a tres discos),15253,92
APOS SANATORIO MAYO PRIVADO SOCIEDAD ANONIMA,437,5532,Discograma discal diagnostica,14968,94
APOS SANATORIO MAYO PRIVADO SOCIEDAD ANONIMA,437,5534,Diseccion de la aorta ascente y/o reemplazo de la aorta,51394,98
APOS SANATORIO MAYO PRIVADO SOCIEDAD ANONIMA,437,5535,Diseccion quirurgica para linfadenografia,14969,90
APOS SANATORIO MAYO PRIVADO SOCIEDAD ANONIMA,437,5537,Diverticulo de Meckel por via convencional,14006,91
APOS SANATORIO MAYO PRIVADO SOCIEDAD ANONIMA,437,5538,Diverticulo de Meckel por videolaparoscopia,14007,92
APOS SANATORIO MAYO PRIVADO SOCIEDAD ANONIMA,437,5539,Diverticulo de esofago,14009,93
APOS SANATORIO MAYO PRIVADO SOCIEDAD ANONIMA,437,5601,Escision de diverticulo faringo-esofagico,14061,92
APOS SANATORIO MAYO PRIVADO SOCIEDAD ANONIMA,437,5001,"Abceso, Flemon, Drenaje",13644,89
APOS SANATORIO MAYO PRIVADO SOCIEDAD ANONIMA,437,5548,Drenaje de glandula y o saco lagrimal,14019,90
APOS SANATORIO MAYO PRIVADO SOCIEDAD ANONIMA,437,5549,Drenaje del septum,14020,90
APOS SANATORIO MAYO PRIVADO SOCIEDAD ANONIMA,437,5550,Drenaje del wirsung,14021,92
APOS SANATORIO MAYO PRIVADO SOCIEDAD ANONIMA,437,5551,Drenaje percutaneo de las vias biliares,14022,93
APOS SANATORIO MAYO PRIVADO SOCIEDAD ANONIMA,437,5553,Drenaje ventricular continuo,14025,91
APOS SANATORIO MAYO PRIVADO SOCIEDAD ANONIMA,437,5590,Epididimotomia y drenaje,14054,90
APOS SANATORIO MAYO PRIVADO SOCIEDAD ANONIMA,437,5891,Incision y drenaje de amigdalas o tejido peri-amigdalino,14281,90
APOS SANATORIO MAYO PRIVADO SOCIEDAD ANONIMA,437,5892,Incision y drenaje de glandula parotida o submaxilar,14282,90
APOS SANATORIO MAYO PRIVADO SOCIEDAD ANONIMA,437,5897,Incision y drenaje de piso de la boca o mejilla,14285,90
APOS SANATORIO MAYO PRIVADO SOCIEDAD ANONIMA,437,5900,Incision y/o drenaje de tejido retro-faringeo por via oral,14288,90
APOS SANATORIO MAYO PRIVADO SOCIEDAD ANONIMA,437,6175,Pancreatectomia con exploracion y drenaje,14470,94
APOS SANATORIO MAYO PRIVADO SOCIEDAD ANONIMA,437,6250,Puncion / drenaje del Douglas,14536,89
APOS SANATORIO MAYO PRIVADO SOCIEDAD ANONIMA,437,6391,"Reseccion de lesion local de septum, cornetes, hematoma septal o drenaje del septum",14624,91
APOS SANATORIO MAYO PRIVADO SOCIEDAD ANONIMA,437,5895,Incision y drenaje de lesion dentaria,15230,90
APOS SANATORIO MAYO PRIVADO SOCIEDAD ANONIMA,437,7592,Pleurodesis quimica por tubo de drenaje,15364,90
APOS SANATORIO MAYO PRIVADO SOCIEDAD ANONIMA,437,5893,Incision y drenaje de la auricula,15490,90
APOS SANATORIO MAYO PRIVADO SOCIEDAD ANONIMA,437,5555,Duodenopancreatectomia,15310,95
APOS SANATORIO MAYO PRIVADO SOCIEDAD ANONIMA,437,6683,Video esofago gastro duodenoscopia Veda,15333,90
APOS SANATORIO MAYO PRIVADO SOCIEDAD ANONIMA,437,6684,Video gastro duodenoscopia con polipectomia Veda,15334,90
APOS SANATORIO MAYO PRIVADO SOCIEDAD ANONIMA,437,5557,Ecocardiografia transtoracica o transesofagica intra-operatoria,14027,91
APOS SANATORIO MAYO PRIVADO SOCIEDAD ANONIMA,437,5558,Ecocardiograma transesofagico,14028,91
APOS SANATORIO MAYO PRIVADO SOCIEDAD ANONIMA,437,5560,Ecografia trans-toracica o trans-esofagica intra-operatoria,14972,91
APOS SANATORIO MAYO PRIVADO SOCIEDAD ANONIMA,437,6256,Puncion ovarica guiada por ecografia (incluye icsi),15399,91
APOS SANATORIO MAYO PRIVADO SOCIEDAD ANONIMA,437,5559,Ecografia de ojo,15520,89
APOS SANATORIO MAYO PRIVADO SOCIEDAD ANONIMA,437,5562,Ectropion simple y/o entropion,14975,90
APOS SANATORIO MAYO PRIVADO SOCIEDAD ANONIMA,437,7525,Implante de electrodo espinal para estimulacion medular (trial),51347,95
APOS SANATORIO MAYO PRIVADO SOCIEDAD ANONIMA,437,5563,Electro-retinograma,14030,89
APOS SANATORIO MAYO PRIVADO SOCIEDAD ANONIMA,437,5647,Estudio electrofisiologico,14095,92
APOS SANATORIO MAYO PRIVADO SOCIEDAD ANONIMA,437,5565,Emasculacion total con vaciamiento inguino-abdominal,14032,94
APOS SANATORIO MAYO PRIVADO SOCIEDAD ANONIMA,437,5566,Embarazo ectopico hemorragico,14033,92
APOS SANATORIO MAYO PRIVADO SOCIEDAD ANONIMA,437,5567,Embarazo ectopico no complicado,14034,91
APOS SANATORIO MAYO PRIVADO SOCIEDAD ANONIMA,437,5568,Embolectomia de arteria periferica,14035,92
APOS SANATORIO MAYO PRIVADO SOCIEDAD ANONIMA,437,5569,Embolectomia renal,15413,90
APOS SANATORIO MAYO PRIVADO SOCIEDAD ANONIMA,437,5570,Embolizacion de tumor cerebral por hemodinamia,14036,94
APOS SANATORIO MAYO PRIVADO SOCIEDAD ANONIMA,437,5571,Embolizacion de tumor extracraneal por via periferica,14037,92
APOS SANATORIO MAYO PRIVADO SOCIEDAD ANONIMA,437,5572,Embolizacion extra-craneal por via periferica,14038,93
APOS SANATORIO MAYO PRIVADO SOCIEDAD ANONIMA,437,5573,Embolizacion hepatica,14039,93
APOS SANATORIO MAYO PRIVADO SOCIEDAD ANONIMA,437,5575,Embolizacion por via periferica en hemodinamia,14041,91
APOS SANATORIO MAYO PRIVADO SOCIEDAD ANONIMA,437,5576,Encefalo-meningocele,14042,94
APOS SANATORIO MAYO PRIVADO SOCIEDAD ANONIMA,437,6050,Neumoencefalografia,15530,91
APOS SANATORIO MAYO PRIVADO SOCIEDAD ANONIMA,437,6714,Endometriosis Convencional - Laparatomia,60865,93
APOS SANATORIO MAYO PRIVADO SOCIEDAD ANONIMA,437,5577,Endometriosis tratamiento por videolaparoscopia,14043,94
APOS SANATORIO MAYO PRIVADO SOCIEDAD ANONIMA,437,6685,Video-laparoscopia ginecologica diagnostica (incluye endometriosis y prueba de Cote),14832,92
APOS SANATORIO MAYO PRIVADO SOCIEDAD ANONIMA,437,5578,Endoprotesis vasculares perifericas en hemodinamia (no de aorta),14044,94
APOS SANATORIO MAYO PRIVADO SOCIEDAD ANONIMA,437,5881,Implante de endoprotesis en arterias o venas toracicas o abdominales,14278,95
APOS SANATORIO MAYO PRIVADO SOCIEDAD ANONIMA,437,5579,Endoscopia nasal diagnostica,14045,91
APOS SANATORIO MAYO PRIVADO SOCIEDAD ANONIMA,437,5618,Esfenoidectomia por video-endoscopia,14076,93
APOS SANATORIO MAYO PRIVADO SOCIEDAD ANONIMA,437,5650,Etmoidectomia por videoendoscopia,14098,93
APOS SANATORIO MAYO PRIVADO SOCIEDAD ANONIMA,437,5705,Extraccion de calculo por endoscopia,14131,91
APOS SANATORIO MAYO PRIVADO SOCIEDAD ANONIMA,437,6006,Maxilectomia radical por video-endoscopia,14361,93
APOS SANATORIO MAYO PRIVADO SOCIEDAD ANONIMA,437,6008,Maxilectomia simple por video-endoscopia,14362,92
APOS SANATORIO MAYO PRIVADO SOCIEDAD ANONIMA,437,6228,Polipectomia nasal endoscopica (extirpacion de polipos nasales por video-endoscopia),14521,92
APOS SANATORIO MAYO PRIVADO SOCIEDAD ANONIMA,437,6486,"Sinusotomias por videoendoscopia (etmoidectomia, esfenoidectomia, etc)",14699,93
APOS SANATORIO MAYO PRIVADO SOCIEDAD ANONIMA,437,6596,Tratamiento de ulceras y fistulas traqueoesofagicas por endoscopias,14764,91
APOS SANATORIO MAYO PRIVADO SOCIEDAD ANONIMA,437,7582,Endoscopia con Argon plasma,15338,92
APOS SANATORIO MAYO PRIVADO SOCIEDAD ANONIMA,437,6459,Septumplastia por videoendoscopia,15514,92
APOS SANATORIO MAYO PRIVADO SOCIEDAD ANONIMA,437,5581,Enfermedad de Quervain,14048,91
APOS SANATORIO MAYO PRIVADO SOCIEDAD ANONIMA,437,5582,"Enterolisis como unica intervencion, debridamiento intestinal",60873,92
APOS SANATORIO MAYO PRIVADO SOCIEDAD ANONIMA,437,5583,Enterolisis por videolaparoscopia,14049,93
APOS SANATORIO MAYO PRIVADO SOCIEDAD ANONIMA,437,5808,Enterolisis,15326,92
APOS SANATORIO MAYO PRIVADO SOCIEDAD ANONIMA,437,8100,Enterolisis abdominal laparoscopica (como unica intervencion),15348,92
APOS SANATORIO MAYO PRIVADO SOCIEDAD ANONIMA,437,5585,Enterorrafia simple,14050,91
APOS SANATORIO MAYO PRIVADO SOCIEDAD ANONIMA,437,5584,Enterorrafia multiple (dos o mas),15327,93
APOS SANATORIO MAYO PRIVADO SOCIEDAD ANONIMA,437,7588,Enteroscopia alta,15344,93
APOS SANATORIO MAYO PRIVADO SOCIEDAD ANONIMA,437,7589,Enteroscopia baja,15345,93
APOS SANATORIO MAYO PRIVADO SOCIEDAD ANONIMA,437,7590,Enteroscopia mixta 100% mas 75%,15346,93
APOS SANATORIO MAYO PRIVADO SOCIEDAD ANONIMA,437,5586,Enterostomia temporaria o definitiva,14051,91
APOS SANATORIO MAYO PRIVADO SOCIEDAD ANONIMA,437,5587,Enucleacion ocular,14052,91
APOS SANATORIO MAYO PRIVADO SOCIEDAD ANONIMA,437,5588,Epicanto,14976,90
APOS SANATORIO MAYO PRIVADO SOCIEDAD ANONIMA,437,5589,Epididimectomia,14053,91
APOS SANATORIO MAYO PRIVADO SOCIEDAD ANONIMA,437,5591,Epidurograma,14977,95
APOS SANATORIO MAYO PRIVADO SOCIEDAD ANONIMA,437,5592,Epiduroplastia (incluye dosis esteroides por cateter),15273,94
APOS SANATORIO MAYO PRIVADO SOCIEDAD ANONIMA,437,5593,Epiduroscopia,14978,95
APOS SANATORIO MAYO PRIVADO SOCIEDAD ANONIMA,437,5594,Epifisiolisis,14055,91
APOS SANATORIO MAYO PRIVADO SOCIEDAD ANONIMA,437,5595,Epifisiolisis de la cabeza femoral (desplazamiento del nucleo epifisiario en relacion al cuello femoral),14056,92
APOS SANATORIO MAYO PRIVADO SOCIEDAD ANONIMA,437,5596,Episiorrafia,14057,90
APOS SANATORIO MAYO PRIVADO SOCIEDAD ANONIMA,437,5597,Escapula alata,14059,93
APOS SANATORIO MAYO PRIVADO SOCIEDAD ANONIMA,437,6126,Operacion de hueso escapular,14431,91
APOS SANATORIO MAYO PRIVADO SOCIEDAD ANONIMA,437,6140,"Osteosintesis de clavicula, costilla o escapula",14442,92
APOS SANATORIO MAYO PRIVADO SOCIEDAD ANONIMA,437,5598,"Escara, reseccion con el paciente en decubito dorsal o lateral",15225,90
APOS SANATORIO MAYO PRIVADO SOCIEDAD ANONIMA,437,6382,Reseccion de escara con el paciente en decubito lateral o dorsal,15234,91
APOS SANATORIO MAYO PRIVADO SOCIEDAD ANONIMA,437,5599,"Escara, reseccion con el paciente en decubito ventral",15237,91
APOS SANATORIO MAYO PRIVADO SOCIEDAD ANONIMA,437,6383,Reseccion de escara con el paciente en decubito ventral,15256,92
APOS SANATORIO MAYO PRIVADO SOCIEDAD ANONIMA,437,5602,Escision de lesion conjuntival,14062,90
APOS SANATORIO MAYO PRIVADO SOCIEDAD ANONIMA,437,5604,Escision de lesion local de conducto auditivo externo (CAE),14063,89
APOS SANATORIO MAYO PRIVADO SOCIEDAD ANONIMA,437,5605,Escision de lesion local de parpados,14064,90
APOS SANATORIO MAYO PRIVADO SOCIEDAD ANONIMA,437,5606,Escision de lesion localizada superficial de lengua,14065,90
APOS SANATORIO MAYO PRIVADO SOCIEDAD ANONIMA,437,5607,Escision de lesion primaria de encias mas vaciamiento cervical,14066,93
APOS SANATORIO MAYO PRIVADO SOCIEDAD ANONIMA,437,5608,Escision de polipo retrocoanal,14067,90
APOS SANATORIO MAYO PRIVADO SOCIEDAD ANONIMA,437,5609,Escision de tumor del cavum (rino-faringe),14068,93
APOS SANATORIO MAYO PRIVADO SOCIEDAD ANONIMA,437,5610,Escision de tumores endonasales por rinotomia lateral,14069,92
APOS SANATORIO MAYO PRIVADO SOCIEDAD ANONIMA,437,5611,Escision local de lesion de labio,14070,89
APOS SANATORIO MAYO PRIVADO SOCIEDAD ANONIMA,437,5614,Escision radical de tumor de naso-faringe (cavum),14072,93
APOS SANATORIO MAYO PRIVADO SOCIEDAD ANONIMA,437,6129,Orbitotomia con escision de lesion de orbita,14434,91
APOS SANATORIO MAYO PRIVADO SOCIEDAD ANONIMA,437,5603,"Escision de lesion de conductos linfaticos (linfangioma, higroma)",14979,92
APOS SANATORIO MAYO PRIVADO SOCIEDAD ANONIMA,437,5613,Escision radical de glandula submaxilar,15500,92
APOS SANATORIO MAYO PRIVADO SOCIEDAD ANONIMA,437,5615,Esclerotomia,14073,91
APOS SANATORIO MAYO PRIVADO SOCIEDAD ANONIMA,437,5617,Escrotoplastia,14075,91
APOS SANATORIO MAYO PRIVADO SOCIEDAD ANONIMA,437,5619,Esfinteroplastia con colostomia,14077,92
APOS SANATORIO MAYO PRIVADO SOCIEDAD ANONIMA,437,5620,Esfinteroplastia tipo plicatura,14078,91
APOS SANATORIO MAYO PRIVADO SOCIEDAD ANONIMA,437,5621,Esfinterotomia - esfinterectomia,14079,89
APOS SANATORIO MAYO PRIVADO SOCIEDAD ANONIMA,437,6015,Megaesofago,14367,93
APOS SANATORIO MAYO PRIVADO SOCIEDAD ANONIMA,437,6190,Perforaciones de esofago,14484,93
APOS SANATORIO MAYO PRIVADO SOCIEDAD ANONIMA,437,6335,Reemplazo de esofago,14579,95
APOS SANATORIO MAYO PRIVADO SOCIEDAD ANONIMA,437,6384,Reseccion de esofago,14617,94
APOS SANATORIO MAYO PRIVADO SOCIEDAD ANONIMA,437,5622,Esofago-gastrectomia,15319,98
APOS SANATORIO MAYO PRIVADO SOCIEDAD ANONIMA,437,5623,Esofagostomia,15320,92
APOS SANATORIO MAYO PRIVADO SOCIEDAD ANONIMA,437,5624,Esofaguectomia por videolaparoscopia,14080,95
APOS SANATORIO MAYO PRIVADO SOCIEDAD ANONIMA,437,5625,Esofaguectomia total,15321,94
APOS SANATORIO MAYO PRIVADO SOCIEDAD ANONIMA,437,7519,Implante definitivo de cateter espinal para bomba intratecal de morfina,51348,98
APOS SANATORIO MAYO PRIVADO SOCIEDAD ANONIMA,437,5626,Espina bifida,14081,94
APOS SANATORIO MAYO PRIVADO SOCIEDAD ANONIMA,437,5627,Esplenectomia electiva,14082,92
APOS SANATORIO MAYO PRIVADO SOCIEDAD ANONIMA,437,5628,Esplenectomia laparoscopica,14083,94
APOS SANATORIO MAYO PRIVADO SOCIEDAD ANONIMA,437,5631,Esplenectomia por videolaparoscopia,14084,94
APOS SANATORIO MAYO PRIVADO SOCIEDAD ANONIMA,437,5799,Gastrectomia total con o sin esplenectomia,14202,95
APOS SANATORIO MAYO PRIVADO SOCIEDAD ANONIMA,437,5629,Esplenectomia por rotura de bazo,15307,93
APOS SANATORIO MAYO PRIVADO SOCIEDAD ANONIMA,437,5630,Esplenectomia por toracotomia,15309,94
APOS SANATORIO MAYO PRIVADO SOCIEDAD ANONIMA,437,5632,Espleno-portografia,15306,91
APOS SANATORIO MAYO PRIVADO SOCIEDAD ANONIMA,437,5633,Esplenopancreatectomia corporo-caudal,15311,95
APOS SANATORIO MAYO PRIVADO SOCIEDAD ANONIMA,437,5634,Esqueletizacion del sistema venoso valvular o avalvular,14085,92
APOS SANATORIO MAYO PRIVADO SOCIEDAD ANONIMA,437,5635,Esquiascopias,14086,89
APOS SANATORIO MAYO PRIVADO SOCIEDAD ANONIMA,437,5636,Estafiloma,14087,90
APOS SANATORIO MAYO PRIVADO SOCIEDAD ANONIMA,437,5638,Estapedectomia,15493,93
APOS SANATORIO MAYO PRIVADO SOCIEDAD ANONIMA,437,5639,Estenosis traqueal sub-glotica,14089,92
APOS SANATORIO MAYO PRIVADO SOCIEDAD ANONIMA,437,5641,Estimulacion electrica transcutanea (EET): c/24 hs o fraccion,14981,90
APOS SANATORIO MAYO PRIVADO SOCIEDAD ANONIMA,437,5642,Estomatoplastia con injerto (inlcuye toma),14090,93
APOS SANATORIO MAYO PRIVADO SOCIEDAD ANONIMA,437,5643,Estrabismo  mas de  dos musculos,14091,92
APOS SANATORIO MAYO PRIVADO SOCIEDAD ANONIMA,437,5644,Estrabismo (dos musculos),14092,91
APOS SANATORIO MAYO PRIVADO SOCIEDAD ANONIMA,437,5645,Estrabismo bilateral,14093,94
APOS SANATORIO MAYO PRIVADO SOCIEDAD ANONIMA,437,5646,Estrabismo mas de cuatro musculos,14094,93
APOS SANATORIO MAYO PRIVADO SOCIEDAD ANONIMA,437,5648,Etmoidectomia endoscopica,14096,93
APOS SANATORIO MAYO PRIVADO SOCIEDAD ANONIMA,437,5649,Etmoidectomia interna,14097,92
APOS SANATORIO MAYO PRIVADO SOCIEDAD ANONIMA,437,5651,Evacuacion de hematoma extradural / subdural / intracerebral,14099,94
APOS SANATORIO MAYO PRIVADO SOCIEDAD ANONIMA,437,5652,Evacuacion por puncion de coleccion intra-cerebral o extra-cerebral,14100,93
APOS SANATORIO MAYO PRIVADO SOCIEDAD ANONIMA,437,5653,Eventracion,15295,92
APOS SANATORIO MAYO PRIVADO SOCIEDAD ANONIMA,437,5655,Evisceracion ocular,14101,91
APOS SANATORIO MAYO PRIVADO SOCIEDAD ANONIMA,437,5656,Examen con lampara de hendidura,14102,89
APOS SANATORIO MAYO PRIVADO SOCIEDAD ANONIMA,437,5659,Excentracion del contenido orbitario con reseccion total del maxilar superior,14105,94
APOS SANATORIO MAYO PRIVADO SOCIEDAD ANONIMA,437,5660,Excentracion del contenido orbitario y/o peri-orbitario,14106,92
APOS SANATORIO MAYO PRIVADO SOCIEDAD ANONIMA,437,5662,Exeresis de neuroma de Morton (tumoracion dolorosa de los nervios del pie),14107,92
APOS SANATORIO MAYO PRIVADO SOCIEDAD ANONIMA,437,5663,Exeresis de tumor hepatico por radiofrecuencia,14108,93
APOS SANATORIO MAYO PRIVADO SOCIEDAD ANONIMA,437,5757,Facofragmentacion y facoexeresis,14173,92
APOS SANATORIO MAYO PRIVADO SOCIEDAD ANONIMA,437,5962,Ligadura sub-aponeurotica de perforantes mas safenectomia interna con o sin exeresis escalonada de colaterales,14330,93
APOS SANATORIO MAYO PRIVADO SOCIEDAD ANONIMA,437,6116,Operacion de Cockett mas safenectomia interna con exeresis escalonada de colaterales insuficientes,14421,93
APOS SANATORIO MAYO PRIVADO SOCIEDAD ANONIMA,437,6447,Safenectomia interna unilateral con exeresis escalonada,14662,93
APOS SANATORIO MAYO PRIVADO SOCIEDAD ANONIMA,437,5661,Exeresis de ganglio centinela,14982,91
APOS SANATORIO MAYO PRIVADO SOCIEDAD ANONIMA,437,5664,Exoftalmia endocrina o de otras causas,14983,93
APOS SANATORIO MAYO PRIVADO SOCIEDAD ANONIMA,437,5665,Expansor de cuero cabelludo,14984,93
APOS SANATORIO MAYO PRIVADO SOCIEDAD ANONIMA,437,5666,Exploracion  de hombro doloroso,14109,92
APOS SANATORIO MAYO PRIVADO SOCIEDAD ANONIMA,437,5668,Exploracion de arteria periferica,14111,92
APOS SANATORIO MAYO PRIVADO SOCIEDAD ANONIMA,437,5669,Exploracion de columna por via anterior,14112,93
APOS SANATORIO MAYO PRIVADO SOCIEDAD ANONIMA,437,5670,Exploracion de heridas en partes blandas,14113,91
APOS SANATORIO MAYO PRIVADO SOCIEDAD ANONIMA,437,5674,Exploracion del plexo cervico-braquial,14117,92
APOS SANATORIO MAYO PRIVADO SOCIEDAD ANONIMA,437,5675,Exploracion del plexo lumbo-sacro,14118,93
APOS SANATORIO MAYO PRIVADO SOCIEDAD ANONIMA,437,5766,Fistula biliar con exploracion de vias biliares,14181,93
APOS SANATORIO MAYO PRIVADO SOCIEDAD ANONIMA,437,6295,Re-exploracion de tiroides y/o paratiroides (ejemplo:post-sangrado),14564,91
APOS SANATORIO MAYO PRIVADO SOCIEDAD ANONIMA,437,5689,Extirpacion de polipos nasales,14124,91
APOS SANATORIO MAYO PRIVADO SOCIEDAD ANONIMA,437,5694,Extirpacion de quiste tirogloso,14125,91
APOS SANATORIO MAYO PRIVADO SOCIEDAD ANONIMA,437,5696,Extirpacion de tumor de partes blandas de miembro superior o inferior,14127,90
APOS SANATORIO MAYO PRIVADO SOCIEDAD ANONIMA,437,5699,Extirpacion de tumor vesical por laparotomia,14128,92
APOS SANATORIO MAYO PRIVADO SOCIEDAD ANONIMA,437,5993,Marsupializacion / extirpacion de glandula de Bartholino,14355,90
APOS SANATORIO MAYO PRIVADO SOCIEDAD ANONIMA,437,5677,Extirpacion de angioma,14985,91
APOS SANATORIO MAYO PRIVADO SOCIEDAD ANONIMA,437,5684,"Extirpacion de nevus (hasta 3), en cabeza y cuello",14986,90
APOS SANATORIO MAYO PRIVADO SOCIEDAD ANONIMA,437,5685,"Extirpacion de nevus (hasta 3), excepto en cabeza y cuello",14987,89
APOS SANATORIO MAYO PRIVADO SOCIEDAD ANONIMA,437,5688,"Extirpacion de papilomas (hasta 5), excepto en cabeza y cuello",14988,89
APOS SANATORIO MAYO PRIVADO SOCIEDAD ANONIMA,437,5690,Extirpacion de quiste congenito tirogloso y similares,14989,91
APOS SANATORIO MAYO PRIVADO SOCIEDAD ANONIMA,437,5692,Extirpacion de quiste sebaceo en cabeza y/o cuello,14990,90
APOS SANATORIO MAYO PRIVADO SOCIEDAD ANONIMA,437,5693,"Extirpacion de quiste sebaceo, excepto en cabeza y cuello",14991,89
APOS SANATORIO MAYO PRIVADO SOCIEDAD ANONIMA,437,5697,Extirpacion de tumor osea mas reconstruccion,14992,93
APOS SANATORIO MAYO PRIVADO SOCIEDAD ANONIMA,437,5698,Extirpacion de tumor oseo,14993,92
APOS SANATORIO MAYO PRIVADO SOCIEDAD ANONIMA,437,5683,Extirpacion de mas de 5 papilomas; excepto en cabeza y cuello,15222,90
APOS SANATORIO MAYO PRIVADO SOCIEDAD ANONIMA,437,5687,Extirpacion de nevus (mas de 3); excepto en cabeza y cuello,15224,90
APOS SANATORIO MAYO PRIVADO SOCIEDAD ANONIMA,437,5702,Extirpacion parcial de nariz,15229,90
APOS SANATORIO MAYO PRIVADO SOCIEDAD ANONIMA,437,5701,Extirpacion dentaria,15231,90
APOS SANATORIO MAYO PRIVADO SOCIEDAD ANONIMA,437,5686,Extirpacion de nevus (mas de 3); en cabeza y cuello,15239,91
APOS SANATORIO MAYO PRIVADO SOCIEDAD ANONIMA,437,6244,Proctectomia (extirpacion del recto),15357,92
APOS SANATORIO MAYO PRIVADO SOCIEDAD ANONIMA,437,7602,Extirpacion de calculos endovesicales a cielo abierto,15425,93
APOS SANATORIO MAYO PRIVADO SOCIEDAD ANONIMA,437,7603,Extirpacion de calculos endovesicales por citoscopia,15426,94
APOS SANATORIO MAYO PRIVADO SOCIEDAD ANONIMA,437,5682,Extirpacion de ganglion,15449,90
APOS SANATORIO MAYO PRIVADO SOCIEDAD ANONIMA,437,5691,Extirpacion de quiste muscular,15454,90
APOS SANATORIO MAYO PRIVADO SOCIEDAD ANONIMA,437,5700,Extirpacion del coccix,15483,91
APOS SANATORIO MAYO PRIVADO SOCIEDAD ANONIMA,437,5695,Extirpacion de ranula,15496,90
APOS SANATORIO MAYO PRIVADO SOCIEDAD ANONIMA,437,6710,Extraccion de Implante Mamario,60861,93
APOS SANATORIO MAYO PRIVADO SOCIEDAD ANONIMA,437,6711,Extraccion de Implante Mamario mas Pexia,60862,94
APOS SANATORIO MAYO PRIVADO SOCIEDAD ANONIMA,437,5703,Extraccion cruenta de calculos salivales,14129,90
APOS SANATORIO MAYO PRIVADO SOCIEDAD ANONIMA,437,5706,Extraccion de calculo por via endoscopica,14132,90
APOS SANATORIO MAYO PRIVADO SOCIEDAD ANONIMA,437,5707,Extraccion de cateter central / cateter doble Y / tunelizado / cateter para quimioterapia,14133,90
APOS SANATORIO MAYO PRIVADO SOCIEDAD ANONIMA,437,5708,Extraccion de cateter central / doble Y / tunelizado / similares,14134,90
APOS SANATORIO MAYO PRIVADO SOCIEDAD ANONIMA,437,5711,Extraccion de clavo intramedular,14135,92
APOS SANATORIO MAYO PRIVADO SOCIEDAD ANONIMA,437,5729,Extraccion de material de osteosintesis de columna,14152,92
APOS SANATORIO MAYO PRIVADO SOCIEDAD ANONIMA,437,5730,"Extraccion de material de osteosintesis de miembro superior (placas, tornillos, etc)",14154,90
APOS SANATORIO MAYO PRIVADO SOCIEDAD ANONIMA,437,5733,Extraccion de protesis de columna,14157,93
APOS SANATORIO MAYO PRIVADO SOCIEDAD ANONIMA,437,5734,Extraccion de protesis de rodilla (1 elemento),14158,92
APOS SANATORIO MAYO PRIVADO SOCIEDAD ANONIMA,437,5737,Extraccion de protesis total de rodilla,14160,92
APOS SANATORIO MAYO PRIVADO SOCIEDAD ANONIMA,437,5739,Extraccion de puntos de la conjuntiva,14162,89
APOS SANATORIO MAYO PRIVADO SOCIEDAD ANONIMA,437,5740,Extraccion de puntos de parpados,14163,89
APOS SANATORIO MAYO PRIVADO SOCIEDAD ANONIMA,437,5741,Extraccion de taponaje de loge prostatica,14164,90
APOS SANATORIO MAYO PRIVADO SOCIEDAD ANONIMA,437,5743,Extraccion de tutor externo,14166,90
APOS SANATORIO MAYO PRIVADO SOCIEDAD ANONIMA,437,5748,Extraccion extra-capsular de cristalino,14167,92
APOS SANATORIO MAYO PRIVADO SOCIEDAD ANONIMA,437,5749,Extraccion intra-capsular de cristalino,14168,92
APOS SANATORIO MAYO PRIVADO SOCIEDAD ANONIMA,437,5750,Extraccion manual de placenta como unico procedimiento,14169,90
APOS SANATORIO MAYO PRIVADO SOCIEDAD ANONIMA,437,6432,"Revision de protesis de hombro, solo su extraccion",14652,93
APOS SANATORIO MAYO PRIVADO SOCIEDAD ANONIMA,437,6550,Toillete cardiaco post-quirurgico con o sin extraccion de alambres,15188,94
APOS SANATORIO MAYO PRIVADO SOCIEDAD ANONIMA,437,5744,Extraccion dentaria hasta 3 piezas,15236,91
APOS SANATORIO MAYO PRIVADO SOCIEDAD ANONIMA,437,5751,Extracciones dentarias multiples,15255,92
APOS SANATORIO MAYO PRIVADO SOCIEDAD ANONIMA,437,7586,Extraccion de balon intragastrico,15342,92
APOS SANATORIO MAYO PRIVADO SOCIEDAD ANONIMA,437,8110,Extraccion de cateter de doble “J” (tipo pig-tail o similares),15414,90
APOS SANATORIO MAYO PRIVADO SOCIEDAD ANONIMA,437,8112,Extraccion de cateter de pig-tail,15421,90
APOS SANATORIO MAYO PRIVADO SOCIEDAD ANONIMA,437,5745,Extraccion dentaria (pieza unica),15498,90
APOS SANATORIO MAYO PRIVADO SOCIEDAD ANONIMA,437,5746,Extraccion dentaria de piezas multiples,15501,92
APOS SANATORIO MAYO PRIVADO SOCIEDAD ANONIMA,437,5728,Extraccion de masas cristalinas,15527,91
APOS SANATORIO MAYO PRIVADO SOCIEDAD ANONIMA,437,5758,Faringoplastia,14174,93
APOS SANATORIO MAYO PRIVADO SOCIEDAD ANONIMA,437,5760,Fenestracion del conducto semicircular externo,14176,93
APOS SANATORIO MAYO PRIVADO SOCIEDAD ANONIMA,437,5761,Feocromocitoma,14177,95
APOS SANATORIO MAYO PRIVADO SOCIEDAD ANONIMA,437,7527,Feocromocitoma por video-laparoscopia,15387,98
APOS SANATORIO MAYO PRIVADO SOCIEDAD ANONIMA,437,6324,Reduccion cruenta de luxacion o fractura de columna sin fijacion,14572,93
APOS SANATORIO MAYO PRIVADO SOCIEDAD ANONIMA,437,6429,Revision de fijacion de columna,14649,98
APOS SANATORIO MAYO PRIVADO SOCIEDAD ANONIMA,437,5762,Fijacion interdentaria,15489,91
APOS SANATORIO MAYO PRIVADO SOCIEDAD ANONIMA,437,5763,Fimosis / parafimosis / postioplastia,14178,91
APOS SANATORIO MAYO PRIVADO SOCIEDAD ANONIMA,437,5764,Fistula anal / fistulectomia / fistulotomia,14179,90
APOS SANATORIO MAYO PRIVADO SOCIEDAD ANONIMA,437,5765,Fistula arterio-venosa para hemodialisis,14180,92
APOS SANATORIO MAYO PRIVADO SOCIEDAD ANONIMA,437,5768,Fistula umbilical,14182,91
APOS SANATORIO MAYO PRIVADO SOCIEDAD ANONIMA,437,5770,Fistula vagino-perineal,14184,91
APOS SANATORIO MAYO PRIVADO SOCIEDAD ANONIMA,437,5771,Fistula vesico-parietal,14185,91
APOS SANATORIO MAYO PRIVADO SOCIEDAD ANONIMA,437,5772,Fistula vesico-rectal,14186,91
APOS SANATORIO MAYO PRIVADO SOCIEDAD ANONIMA,437,5773,Fistula vesico-ureteral,14187,91
APOS SANATORIO MAYO PRIVADO SOCIEDAD ANONIMA,437,5767,Fistula en columna,15484,93
APOS SANATORIO MAYO PRIVADO SOCIEDAD ANONIMA,437,5775,Fistulografia,14189,89
APOS SANATORIO MAYO PRIVADO SOCIEDAD ANONIMA,437,5776,Fisura anal,14190,90
APOS SANATORIO MAYO PRIVADO SOCIEDAD ANONIMA,437,5859,"Hipertelorismo, fisura facial media",14262,98
APOS SANATORIO MAYO PRIVADO SOCIEDAD ANONIMA,437,5939,"Laringotomia mediana, laringofisura, como unica operacion",14309,92
APOS SANATORIO MAYO PRIVADO SOCIEDAD ANONIMA,437,5777,"Fisura congenita del esqueleto facial (Treacher Collins, etc.)",14996,95
APOS SANATORIO MAYO PRIVADO SOCIEDAD ANONIMA,437,5778,Flebectomia segmentaria / varices residuales como unica operacion,14191,91
APOS SANATORIO MAYO PRIVADO SOCIEDAD ANONIMA,437,6448,Safenectomia interna unilateral con flebectomia segmentaria o de varices residuales,14663,93
APOS SANATORIO MAYO PRIVADO SOCIEDAD ANONIMA,437,6591,Tratamiento con laser mas flebectomia segmentaria,14759,94
APOS SANATORIO MAYO PRIVADO SOCIEDAD ANONIMA,437,5779,Flebografia de miembros,14192,90
APOS SANATORIO MAYO PRIVADO SOCIEDAD ANONIMA,437,5780,Flemon de mano,14193,90
APOS SANATORIO MAYO PRIVADO SOCIEDAD ANONIMA,437,5781,Flemon de pared,15360,89
APOS SANATORIO MAYO PRIVADO SOCIEDAD ANONIMA,437,5782,Fondo de ojo,14194,89
APOS SANATORIO MAYO PRIVADO SOCIEDAD ANONIMA,437,5783,Formacion de vagina artificial,14196,95
APOS SANATORIO MAYO PRIVADO SOCIEDAD ANONIMA,437,6128,Operaciones plasticas de malformaciones  congenitas ano-rectales con 1 o 2 equipos,14433,95
APOS SANATORIO MAYO PRIVADO SOCIEDAD ANONIMA,437,6130,Oreja en asa y otras malformaciones,15098,91
APOS SANATORIO MAYO PRIVADO SOCIEDAD ANONIMA,437,5785,Fractura bi-maleolar de tobillo (osteosintesis de tibia y perone por distintas vias),14198,93
APOS SANATORIO MAYO PRIVADO SOCIEDAD ANONIMA,437,5789,Fractura del peñasco (tratamiento quirurgico),14199,94
APOS SANATORIO MAYO PRIVADO SOCIEDAD ANONIMA,437,5966,Limpieza quirurgica de fractura expuesta (no de femur),14334,91
APOS SANATORIO MAYO PRIVADO SOCIEDAD ANONIMA,437,5967,Limpieza quirurgica de fractura expuesta de femur,14335,92
APOS SANATORIO MAYO PRIVADO SOCIEDAD ANONIMA,437,5968,Limpieza quirurgica de fractura expuesta de miembro superior,14338,91
APOS SANATORIO MAYO PRIVADO SOCIEDAD ANONIMA,437,6147,Osteosintesis de fractura de pelvis,14446,94
APOS SANATORIO MAYO PRIVADO SOCIEDAD ANONIMA,437,6148,Osteosintesis de fractura de platillo tibial,14448,93
APOS SANATORIO MAYO PRIVADO SOCIEDAD ANONIMA,437,6327,Reduccion de fractura o luxacion de coccix,14574,93
APOS SANATORIO MAYO PRIVADO SOCIEDAD ANONIMA,437,6332,Reduccion quirurgica / osteosintesis de fractura de maxilar superior e inferior,14577,93
APOS SANATORIO MAYO PRIVADO SOCIEDAD ANONIMA,437,6333,Reduccion quirurgica / osteosintesis de fracturas en general,14578,92
APOS SANATORIO MAYO PRIVADO SOCIEDAD ANONIMA,437,5786,Fractura compleja de maxilares y huesos de la cara,14998,94
APOS SANATORIO MAYO PRIVADO SOCIEDAD ANONIMA,437,5787,Fractura compleja de orbita/ reduccion/ osteosintesis y/o injerto,14999,93
APOS SANATORIO MAYO PRIVADO SOCIEDAD ANONIMA,437,5788,Fractura de orbita y/o malar,15000,93
APOS SANATORIO MAYO PRIVADO SOCIEDAD ANONIMA,437,5790,"Fractura nasal asociada (naso-orbitaria, etc.)",15001,92
APOS SANATORIO MAYO PRIVADO SOCIEDAD ANONIMA,437,5791,Fractura simple,15002,90
APOS SANATORIO MAYO PRIVADO SOCIEDAD ANONIMA,437,5792,"Fractura simple de orbita, reduccion y osteosintesis",15003,91
APOS SANATORIO MAYO PRIVADO SOCIEDAD ANONIMA,437,6326,Reduccion de fractura nasal,15228,90
APOS SANATORIO MAYO PRIVADO SOCIEDAD ANONIMA,437,7591,Osteosintesis fracturas costales,15363,93
APOS SANATORIO MAYO PRIVADO SOCIEDAD ANONIMA,437,8114,Reduccion incruenta de fracturas,15436,90
APOS SANATORIO MAYO PRIVADO SOCIEDAD ANONIMA,437,6137,"Osteosintesis (reduccion quirurgica) de fractura: carpo, tarso, humero, cubito, radio, clavicula, costilla, externon, rotula, etc.",15438,92
APOS SANATORIO MAYO PRIVADO SOCIEDAD ANONIMA,437,5793,Fractura supracondilea de codo,15465,92
APOS SANATORIO MAYO PRIVADO SOCIEDAD ANONIMA,437,6322,Reduccion cruenta de fractura de pelvis,15482,93
APOS SANATORIO MAYO PRIVADO SOCIEDAD ANONIMA,437,5794,Frenulotomia,15405,89
APOS SANATORIO MAYO PRIVADO SOCIEDAD ANONIMA,437,5795,Fulguracion corneal con o sin raspado,14200,89
APOS SANATORIO MAYO PRIVADO SOCIEDAD ANONIMA,437,5796,Fulguracion de neo de recto,14201,91
APOS SANATORIO MAYO PRIVADO SOCIEDAD ANONIMA,437,5798,Gastrectomia subtotal,15316,94
APOS SANATORIO MAYO PRIVADO SOCIEDAD ANONIMA,437,5800,Gastrectomia total por toraco-laparotomia,15317,95
APOS SANATORIO MAYO PRIVADO SOCIEDAD ANONIMA,437,5797,Gastrectomia por videolaparoscopia,15318,95
APOS SANATORIO MAYO PRIVADO SOCIEDAD ANONIMA,437,5802,Gastroquisis (tratamiento quirurgico),14204,95
APOS SANATORIO MAYO PRIVADO SOCIEDAD ANONIMA,437,6604,Tratamiento quirurgico de la gastroquisis,14768,95
APOS SANATORIO MAYO PRIVADO SOCIEDAD ANONIMA,437,5803,Gastrorrafia / herida o traumatismo estomago,14205,92
APOS SANATORIO MAYO PRIVADO SOCIEDAD ANONIMA,437,5807,Gastrostomia por via endoscopica,14207,91
APOS SANATORIO MAYO PRIVADO SOCIEDAD ANONIMA,437,5806,Gastrostomia percutanea,15312,91
APOS SANATORIO MAYO PRIVADO SOCIEDAD ANONIMA,437,5809,Ginecomastia unilateral / mama supernumeraria,14209,92
APOS SANATORIO MAYO PRIVADO SOCIEDAD ANONIMA,437,5810,Gingivectomia parcial por tumores,14210,91
APOS SANATORIO MAYO PRIVADO SOCIEDAD ANONIMA,437,5811,Gingivectomia total ampliada,14211,92
APOS SANATORIO MAYO PRIVADO SOCIEDAD ANONIMA,437,6112,Operacion comando de lengua (glosectomia total),14417,95
APOS SANATORIO MAYO PRIVADO SOCIEDAD ANONIMA,437,5812,Glosectomia subtotal,15503,93
APOS SANATORIO MAYO PRIVADO SOCIEDAD ANONIMA,437,5813,Glosoplastia,14212,90
APOS SANATORIO MAYO PRIVADO SOCIEDAD ANONIMA,437,5815,Gonioscopia,14213,89
APOS SANATORIO MAYO PRIVADO SOCIEDAD ANONIMA,437,5818,Granuloma de traquea,14215,91
APOS SANATORIO MAYO PRIVADO SOCIEDAD ANONIMA,437,5817,"Grandes quemados, injertos",15005,93
APOS SANATORIO MAYO PRIVADO SOCIEDAD ANONIMA,437,5819,Hallux valgus completo unilateral,14217,91
APOS SANATORIO MAYO PRIVADO SOCIEDAD ANONIMA,437,5820,Hematoma retroperitoneal,14218,92
APOS SANATORIO MAYO PRIVADO SOCIEDAD ANONIMA,437,6628,Tumor de pared (hematoma supra-infra aponeurotico),14789,91
APOS SANATORIO MAYO PRIVADO SOCIEDAD ANONIMA,437,5822,Hemi-paratiroidectomia,14220,92
APOS SANATORIO MAYO PRIVADO SOCIEDAD ANONIMA,437,5825,Hemihepatectomia,14224,95
APOS SANATORIO MAYO PRIVADO SOCIEDAD ANONIMA,437,5826,Hemitiroidectomia,14225,92
APOS SANATORIO MAYO PRIVADO SOCIEDAD ANONIMA,437,6024,Microsomia hemifacial / osteotomias e injertos oseos en mandibula,15052,93
APOS SANATORIO MAYO PRIVADO SOCIEDAD ANONIMA,437,6597,Tratamiento endoscopico de la hemorragia digestiva,14765,91
APOS SANATORIO MAYO PRIVADO SOCIEDAD ANONIMA,437,5828,Hemorroidectomia,14227,91
APOS SANATORIO MAYO PRIVADO SOCIEDAD ANONIMA,437,5829,Hepatectomia lobar derecha o izquierda,14228,95
APOS SANATORIO MAYO PRIVADO SOCIEDAD ANONIMA,437,5830,Herida de pared abdominal de mas de 20 cm,14229,90
APOS SANATORIO MAYO PRIVADO SOCIEDAD ANONIMA,437,5831,Herida de parpado,14230,90
APOS SANATORIO MAYO PRIVADO SOCIEDAD ANONIMA,437,5832,Herida de via lagrimal,14231,92
APOS SANATORIO MAYO PRIVADO SOCIEDAD ANONIMA,437,5833,Herida hasta aponeurosis de menos de 20 cm,14232,89
APOS SANATORIO MAYO PRIVADO SOCIEDAD ANONIMA,437,5834,Herida penetrante de ojo,14233,92
APOS SANATORIO MAYO PRIVADO SOCIEDAD ANONIMA,437,5835,Herida traumatica de higado,14234,93
APOS SANATORIO MAYO PRIVADO SOCIEDAD ANONIMA,437,6495,Sutura de herida de cornea con prolapso de iris y o herida de cristalino,14703,92
APOS SANATORIO MAYO PRIVADO SOCIEDAD ANONIMA,437,6496,Sutura de herida simple de higado,14704,91
APOS SANATORIO MAYO PRIVADO SOCIEDAD ANONIMA,437,5836,Heridas complejas de labio,15006,91
APOS SANATORIO MAYO PRIVADO SOCIEDAD ANONIMA,437,6504,Sutura simple de herida (menos de 5 cm) en cabeza y/o cuello,15173,90
APOS SANATORIO MAYO PRIVADO SOCIEDAD ANONIMA,437,6553,"Toillete quirurgico de herida, con o sin debridamiento",15189,90
APOS SANATORIO MAYO PRIVADO SOCIEDAD ANONIMA,437,6503,Sutura simple de herida (menos de 10 cm); excepto en cabeza y cuello,15202,89
APOS SANATORIO MAYO PRIVADO SOCIEDAD ANONIMA,437,6502,Sutura simple de herida (mas de 10 cm); excepto en cabeza y cuello,15221,90
APOS SANATORIO MAYO PRIVADO SOCIEDAD ANONIMA,437,5837,Hernia atascada,14235,92
APOS SANATORIO MAYO PRIVADO SOCIEDAD ANONIMA,437,5838,Hernia de disco cervical (via anterior),14236,94
APOS SANATORIO MAYO PRIVADO SOCIEDAD ANONIMA,437,5839,Hernia de disco cervical un espacio (via posterior),14237,94
APOS SANATORIO MAYO PRIVADO SOCIEDAD ANONIMA,437,5840,Hernia de disco dorsal o lumbar,14238,93
APOS SANATORIO MAYO PRIVADO SOCIEDAD ANONIMA,437,5841,Hernia de disco dorso-lumbar multiple,14239,94
APOS SANATORIO MAYO PRIVADO SOCIEDAD ANONIMA,437,5842,Hernia de hiato a cielo abierto,14240,92
APOS SANATORIO MAYO PRIVADO SOCIEDAD ANONIMA,437,5843,Hernia diafragmatica congenita,14241,107
APOS SANATORIO MAYO PRIVADO SOCIEDAD ANONIMA,437,5844,Hernia diafragmatica por via abdominal,14242,94
APOS SANATORIO MAYO PRIVADO SOCIEDAD ANONIMA,437,5845,Hernia diafragmatica por via toracica,14243,94
APOS SANATORIO MAYO PRIVADO SOCIEDAD ANONIMA,437,5846,Hernia diafragmatica por via toraco-abdominal,14246,95
APOS SANATORIO MAYO PRIVADO SOCIEDAD ANONIMA,437,5847,Hernia diafragmatica por video-toracoscopia,14247,95
APOS SANATORIO MAYO PRIVADO SOCIEDAD ANONIMA,437,5848,Hernia estrangulada,14251,91
APOS SANATORIO MAYO PRIVADO SOCIEDAD ANONIMA,437,5849,Hernia estrangulada con reseccion intestinal,14252,93
APOS SANATORIO MAYO PRIVADO SOCIEDAD ANONIMA,437,5853,Hernia recidivada,14255,91
APOS SANATORIO MAYO PRIVADO SOCIEDAD ANONIMA,437,5854,"Hernia umbilical, inguinal, crural o epigastrica",14256,91
APOS SANATORIO MAYO PRIVADO SOCIEDAD ANONIMA,437,8119,Hernia inguinal bilateral,15294,92
APOS SANATORIO MAYO PRIVADO SOCIEDAD ANONIMA,437,5852,Hernia inguinal por videolaparoscopia,15349,93
APOS SANATORIO MAYO PRIVADO SOCIEDAD ANONIMA,437,6364,Reparacion de hernia muscular,15455,91
APOS SANATORIO MAYO PRIVADO SOCIEDAD ANONIMA,437,5855,Hidrocele,14257,90
APOS SANATORIO MAYO PRIVADO SOCIEDAD ANONIMA,437,6653,Varicocele o hidrocele por videolaparoscopia,14806,91
APOS SANATORIO MAYO PRIVADO SOCIEDAD ANONIMA,437,5856,Himenectomia,14258,90
APOS SANATORIO MAYO PRIVADO SOCIEDAD ANONIMA,437,5857,Hipema,14259,91
APOS SANATORIO MAYO PRIVADO SOCIEDAD ANONIMA,437,5858,Hiperhidrosis selectiva por video-toracoscopia,14260,95
APOS SANATORIO MAYO PRIVADO SOCIEDAD ANONIMA,437,6469,Simpatectomia lumbar o toracica por video-toracoscopia (hiperhidrosis selectiva por toracoscopia),14682,95
APOS SANATORIO MAYO PRIVADO SOCIEDAD ANONIMA,437,5860,Hipertrofia del piloro por via laparoscopica,14263,93
APOS SANATORIO MAYO PRIVADO SOCIEDAD ANONIMA,437,5861,Hipertrofia del piloro-piloromiotomia,14264,92
APOS SANATORIO MAYO PRIVADO SOCIEDAD ANONIMA,437,5862,Hipofisectomia transepto-esfenoidal,14265,98
APOS SANATORIO MAYO PRIVADO SOCIEDAD ANONIMA,437,5863,Hipospadia / epispadia (cada tiempo),15007,93
APOS SANATORIO MAYO PRIVADO SOCIEDAD ANONIMA,437,8109,Hipospadia / epispadia / plastica de pene,15410,93
APOS SANATORIO MAYO PRIVADO SOCIEDAD ANONIMA,437,5864,Hipotermia controlada: 1ras 24 hs o fraccion,15008,90
APOS SANATORIO MAYO PRIVADO SOCIEDAD ANONIMA,437,5865,Hipotermia controlada: c/24 hs 0 fraccion siguiente,15009,89
APOS SANATORIO MAYO PRIVADO SOCIEDAD ANONIMA,437,5866,Histerectomia con o sin anexectomia,14266,93
APOS SANATORIO MAYO PRIVADO SOCIEDAD ANONIMA,437,5867,Histerectomia con o sin anexectomia por video-laparoscopia,14267,94
APOS SANATORIO MAYO PRIVADO SOCIEDAD ANONIMA,437,5868,Histerectomia con o sin anexectomia por videolaparoscopia,14268,94
APOS SANATORIO MAYO PRIVADO SOCIEDAD ANONIMA,437,6123,Operacion de Wertheim-Meigs (colpo-anexo-histerectomia total ampliada),14428,95
APOS SANATORIO MAYO PRIVADO SOCIEDAD ANONIMA,437,5869,Histerectomia fundica,15396,91
APOS SANATORIO MAYO PRIVADO SOCIEDAD ANONIMA,437,5871,Histeroscopia por video diagnostica,14271,90
APOS SANATORIO MAYO PRIVADO SOCIEDAD ANONIMA,437,5872,"Histeroscopia por video terapeutica (miomectomia, polipectomia, etc)",14272,91
APOS SANATORIO MAYO PRIVADO SOCIEDAD ANONIMA,437,7600,"Histeroscopia por video para tratamiento de fertilidad, ICSI",15397,93
APOS SANATORIO MAYO PRIVADO SOCIEDAD ANONIMA,437,5873,Huevo muerto y retenido / legrado,14274,90
APOS SANATORIO MAYO PRIVADO SOCIEDAD ANONIMA,437,5874,Ileostomia,14275,91
APOS SANATORIO MAYO PRIVADO SOCIEDAD ANONIMA,437,5098,Ano imperforado con recto alto,13702,93
APOS SANATORIO MAYO PRIVADO SOCIEDAD ANONIMA,437,5099,Ano imperforado con recto bajo,13703,92
APOS SANATORIO MAYO PRIVADO SOCIEDAD ANONIMA,437,5875,Implantacion de circulacion asistida,15550,92
APOS SANATORIO MAYO PRIVADO SOCIEDAD ANONIMA,437,5877,Implante coclear,14276,95
APOS SANATORIO MAYO PRIVADO SOCIEDAD ANONIMA,437,5880,Implante de celulas B,14277,95
APOS SANATORIO MAYO PRIVADO SOCIEDAD ANONIMA,437,5889,Implante secundario de lente intraocular,14280,93
APOS SANATORIO MAYO PRIVADO SOCIEDAD ANONIMA,437,6348,Reimplante de miembro inferior,14592,95
APOS SANATORIO MAYO PRIVADO SOCIEDAD ANONIMA,437,6349,Reimplante de miembro superior,14593,98
APOS SANATORIO MAYO PRIVADO SOCIEDAD ANONIMA,437,6353,Reimplante ureteral bilateral con afinamiento,14596,94
APOS SANATORIO MAYO PRIVADO SOCIEDAD ANONIMA,437,6354,Reimplante ureteral bilateral por videolaparoscopia,14597,95
APOS SANATORIO MAYO PRIVADO SOCIEDAD ANONIMA,437,6355,Reimplante ureteral unilateral,14599,92
APOS SANATORIO MAYO PRIVADO SOCIEDAD ANONIMA,437,6356,Reimplante ureteral unilateral con afinamiento,14600,93
APOS SANATORIO MAYO PRIVADO SOCIEDAD ANONIMA,437,6357,Reimplante ureteral unilateral por videolaparoscopia,14601,94
APOS SANATORIO MAYO PRIVADO SOCIEDAD ANONIMA,437,6424,Retinopexia con o sin esclerectomia e implante,14645,94
APOS SANATORIO MAYO PRIVADO SOCIEDAD ANONIMA,437,5876,Implante capilar,15010,95
APOS SANATORIO MAYO PRIVADO SOCIEDAD ANONIMA,437,5878,Implante de cateter tunelizado definitivo con bomba subcutanea,15011,94
APOS SANATORIO MAYO PRIVADO SOCIEDAD ANONIMA,437,5882,Implante de estimulador medular definitivo,15012,98
APOS SANATORIO MAYO PRIVADO SOCIEDAD ANONIMA,437,5885,Implante intraorbitario (melanoma de retina),15013,90
APOS SANATORIO MAYO PRIVADO SOCIEDAD ANONIMA,437,5888,Implante mamario mas pexia,15015,94
APOS SANATORIO MAYO PRIVADO SOCIEDAD ANONIMA,437,5886,Implante mamario,15261,93
APOS SANATORIO MAYO PRIVADO SOCIEDAD ANONIMA,437,5890,Implantes gluteos,15262,93
APOS SANATORIO MAYO PRIVADO SOCIEDAD ANONIMA,437,5883,Implante de estimulador medular transitorio,15280,95
APOS SANATORIO MAYO PRIVADO SOCIEDAD ANONIMA,437,5901,Inclusion de semillas radioactivas en perine,14289,92
APOS SANATORIO MAYO PRIVADO SOCIEDAD ANONIMA,437,7790,Infiltracion de toxina botulinica en Trigger-Points (hasta 3),69287,91
APOS SANATORIO MAYO PRIVADO SOCIEDAD ANONIMA,437,7791,Infiltracion de toxina botulinica en Trigger-Points (mas de 3),69288,92
APOS SANATORIO MAYO PRIVADO SOCIEDAD ANONIMA,437,7792,Infiltracion trigger points (hasta 4),69289,90
APOS SANATORIO MAYO PRIVADO SOCIEDAD ANONIMA,437,8537,Infiltracion de toxina botulinica en Trigger point ( mas de 3 ),69387,93
APOS SANATORIO MAYO PRIVADO SOCIEDAD ANONIMA,437,5908,Infiltracion toxina botulinica puntos gatillos (hasta 5 ),15019,90
APOS SANATORIO MAYO PRIVADO SOCIEDAD ANONIMA,437,5909,Infiltracion toxina botulinica puntos gatillos (mas de 5 ),15020,91
APOS SANATORIO MAYO PRIVADO SOCIEDAD ANONIMA,437,5906,"Infiltracion contic, AL, Aines etc en puntos gatillos (hasta 5)",15210,89
APOS SANATORIO MAYO PRIVADO SOCIEDAD ANONIMA,437,5907,"Infiltracion contic, AL, Aines etc en puntos gatillos (mas de 5)",15217,90
APOS SANATORIO MAYO PRIVADO SOCIEDAD ANONIMA,437,7587,Re inflado de balon intragastrico,15343,92
APOS SANATORIO MAYO PRIVADO SOCIEDAD ANONIMA,437,6716,Obtencion de Injerto Oseo y Tendinoso,60867,92
APOS SANATORIO MAYO PRIVADO SOCIEDAD ANONIMA,437,6717,Uso de Injerto Oseo y/o Tendon,60868,91
APOS SANATORIO MAYO PRIVADO SOCIEDAD ANONIMA,437,5910,Injerto de cornea,14290,94
APOS SANATORIO MAYO PRIVADO SOCIEDAD ANONIMA,437,5911,Injerto de esclera,14291,92
APOS SANATORIO MAYO PRIVADO SOCIEDAD ANONIMA,437,6097,Neurorrafia con o sin injerto de un solo nervio,14405,92
APOS SANATORIO MAYO PRIVADO SOCIEDAD ANONIMA,437,6103,Obtencion de injerto simple de hueso,14409,90
APOS SANATORIO MAYO PRIVADO SOCIEDAD ANONIMA,437,6217,Plastica de uretra con injerto de mucosa yugal o lingual,14510,94
APOS SANATORIO MAYO PRIVADO SOCIEDAD ANONIMA,437,6221,Plastica o injerto del tendon de aquiles o rotuliano,14513,92
APOS SANATORIO MAYO PRIVADO SOCIEDAD ANONIMA,437,6245,Protesis peneana con o sin injerto,14533,95
APOS SANATORIO MAYO PRIVADO SOCIEDAD ANONIMA,437,6369,"Reparacion plastica de la orbita, con o sin injerto de piel",14611,92
APOS SANATORIO MAYO PRIVADO SOCIEDAD ANONIMA,437,6408,Reseccion diafisiaria con protesis y/o injerto de sustitucion,14632,93
APOS SANATORIO MAYO PRIVADO SOCIEDAD ANONIMA,437,5912,Injerto de piel,15021,90
APOS SANATORIO MAYO PRIVADO SOCIEDAD ANONIMA,437,5913,Injerto libre de ceja,15022,90
APOS SANATORIO MAYO PRIVADO SOCIEDAD ANONIMA,437,6121,Operacion de Ross (reemplazo valvular aortico con auto-injerto con valvula pulmonar),15097,96
APOS SANATORIO MAYO PRIVADO SOCIEDAD ANONIMA,437,6317,Reconstruccion total de orbita con injerto por tumores esfeno-orbitarios o anoftalmia congenita,15140,94
APOS SANATORIO MAYO PRIVADO SOCIEDAD ANONIMA,437,6439,"Rinoplastia compleja con o sin injerto, no estetica",15164,91
APOS SANATORIO MAYO PRIVADO SOCIEDAD ANONIMA,437,8117,Neurorrafia con o sin injerto de nervio (cada uno),15451,92
APOS SANATORIO MAYO PRIVADO SOCIEDAD ANONIMA,437,5917,Insuficiencia mitral con CIV post-infarto,15025,98
APOS SANATORIO MAYO PRIVADO SOCIEDAD ANONIMA,437,5918,Interconsulta anestesiologica,15026,89
APOS SANATORIO MAYO PRIVADO SOCIEDAD ANONIMA,437,8104,Interconsulta para tratamiento del dolor,15203,89
APOS SANATORIO MAYO PRIVADO SOCIEDAD ANONIMA,437,5919,Intervenciones en nervios opticos,14295,95
APOS SANATORIO MAYO PRIVADO SOCIEDAD ANONIMA,437,5920,Intervenciones estereotaxicas (inicio en TAC y que continuan en quirofano),14296,95
APOS SANATORIO MAYO PRIVADO SOCIEDAD ANONIMA,437,5921,Intubacion con fibroscopia (bronco-fibroscopio),14297,90
APOS SANATORIO MAYO PRIVADO SOCIEDAD ANONIMA,437,5922,Intubacion laringotraqueal (como unico procedimiento) fuera del acto anestesico,15504,89
APOS SANATORIO MAYO PRIVADO SOCIEDAD ANONIMA,437,5924,Inyeccion de sustancias retro-bulbares,14298,91
APOS SANATORIO MAYO PRIVADO SOCIEDAD ANONIMA,437,5926,Inyeccion para-vertebral de troncos y ganglios simpaticos,14299,90
APOS SANATORIO MAYO PRIVADO SOCIEDAD ANONIMA,437,5927,Inyeccion subconjuntival,14300,89
APOS SANATORIO MAYO PRIVADO SOCIEDAD ANONIMA,437,6251,Puncion arterial para inyeccion medicamentosa,14537,89
APOS SANATORIO MAYO PRIVADO SOCIEDAD ANONIMA,437,5923,Inyeccion de glicerol en el G de Gasser,15027,95
APOS SANATORIO MAYO PRIVADO SOCIEDAD ANONIMA,437,5925,Inyeccion esclerosante en angioma,15028,90
APOS SANATORIO MAYO PRIVADO SOCIEDAD ANONIMA,437,5928,Laberintectomia,14301,93
APOS SANATORIO MAYO PRIVADO SOCIEDAD ANONIMA,437,6475,Sinequias de labios mayores y/o menores,14687,90
APOS SANATORIO MAYO PRIVADO SOCIEDAD ANONIMA,437,5561,Ectoprion de labio,14974,90
APOS SANATORIO MAYO PRIVADO SOCIEDAD ANONIMA,437,5929,Labio leporino bilateral completo,15029,94
APOS SANATORIO MAYO PRIVADO SOCIEDAD ANONIMA,437,5930,Labio leporino unilateral completo,15030,93
APOS SANATORIO MAYO PRIVADO SOCIEDAD ANONIMA,437,5931,Labio leporino unilateral incompleto,15031,93
APOS SANATORIO MAYO PRIVADO SOCIEDAD ANONIMA,437,6272,Queiloplastia (reconstruccion quirurgica del labio),15116,92
APOS SANATORIO MAYO PRIVADO SOCIEDAD ANONIMA,437,6373,Reseccion cuneiforme de labio,15149,90
APOS SANATORIO MAYO PRIVADO SOCIEDAD ANONIMA,437,5932,Laminectomia descompresiva,14302,93
APOS SANATORIO MAYO PRIVADO SOCIEDAD ANONIMA,437,5933,Laparotomia contenida (lavado de cavidad),14304,91
APOS SANATORIO MAYO PRIVADO SOCIEDAD ANONIMA,437,5934,Laparotomia exploradora en paciente critico,14305,94
APOS SANATORIO MAYO PRIVADO SOCIEDAD ANONIMA,437,5936,Laparotomia terapeutica en paciente critico,14306,95
APOS SANATORIO MAYO PRIVADO SOCIEDAD ANONIMA,437,5935,"Laparotomia exploradora, como unica intervencion",15297,91
APOS SANATORIO MAYO PRIVADO SOCIEDAD ANONIMA,437,6040,Nefrectomia por toraco-freno-laparotomia,15418,95
APOS SANATORIO MAYO PRIVADO SOCIEDAD ANONIMA,437,5937,Laringo-faringuectomia,14307,95
APOS SANATORIO MAYO PRIVADO SOCIEDAD ANONIMA,437,5938,"Laringoplastia, cordopexia, aritenoidopexia",14308,92
APOS SANATORIO MAYO PRIVADO SOCIEDAD ANONIMA,437,5943,Laser de vagina,14313,92
APOS SANATORIO MAYO PRIVADO SOCIEDAD ANONIMA,437,6418,Reseccion tumor bronquial con laser,14641,95
APOS SANATORIO MAYO PRIVADO SOCIEDAD ANONIMA,437,5944,Laser panfacial,15032,93
APOS SANATORIO MAYO PRIVADO SOCIEDAD ANONIMA,437,6412,TUR-P por laser (adenomectomia),15431,94
APOS SANATORIO MAYO PRIVADO SOCIEDAD ANONIMA,437,6241,Prostatectomia por laser,15432,95
APOS SANATORIO MAYO PRIVADO SOCIEDAD ANONIMA,437,5945,Lavado bronquial para desobstruccion,14314,91
APOS SANATORIO MAYO PRIVADO SOCIEDAD ANONIMA,437,5946,Lavado de cavidad,14316,90
APOS SANATORIO MAYO PRIVADO SOCIEDAD ANONIMA,437,5947,Lavado de la cavidad,14317,90
APOS SANATORIO MAYO PRIVADO SOCIEDAD ANONIMA,437,6488,Sondaje y lavado de via lagrimal,14700,90
APOS SANATORIO MAYO PRIVADO SOCIEDAD ANONIMA,437,5948,Legrado por mola o similar,14318,90
APOS SANATORIO MAYO PRIVADO SOCIEDAD ANONIMA,437,5949,Legrado uterino,14319,90
APOS SANATORIO MAYO PRIVADO SOCIEDAD ANONIMA,437,7508,Termolesion por Rf. del Nervio Occipital Mayor uni o bilateral,51338,95
APOS SANATORIO MAYO PRIVADO SOCIEDAD ANONIMA,437,7509,Termolesion por Rf. facetaria (ramo medio) cervical/dorsal/lumbar hasta 3 niveles,51339,95
APOS SANATORIO MAYO PRIVADO SOCIEDAD ANONIMA,437,7510,Termolesion por Rf. facetaria (ramo medio) cervical/doral/lumbar mas de 3 niveles,51340,98
APOS SANATORIO MAYO PRIVADO SOCIEDAD ANONIMA,437,7511,Termolesion por Rf. facetaria + Rf. radicular (1 o mas niveles),51341,98
APOS SANATORIO MAYO PRIVADO SOCIEDAD ANONIMA,437,7512,Termolesion por Rf. de mas de 2 nervios craneales,51342,95
APOS SANATORIO MAYO PRIVADO SOCIEDAD ANONIMA,437,7514,Termolesion por Rf. del ganglio simpatico toracico/dorsal/lumbar/hipogastrico sup,51343,95
APOS SANATORIO MAYO PRIVADO SOCIEDAD ANONIMA,437,7520,Termolesion por Rf. de rodilla (N.geniculados) unilateral,51349,95
APOS SANATORIO MAYO PRIVADO SOCIEDAD ANONIMA,437,7521,Termolesion por Rf. de rodilla (N.geniculados) bilateral,51350,98
APOS SANATORIO MAYO PRIVADO SOCIEDAD ANONIMA,437,7522,Termolesion por Rf. de hombro (N.supraespinoso) bilateral,51351,95
APOS SANATORIO MAYO PRIVADO SOCIEDAD ANONIMA,437,8556,Termolesion por Rf. de hasta 2 nervios craneales,69400,95
APOS SANATORIO MAYO PRIVADO SOCIEDAD ANONIMA,437,5953,Lesiones adquiridas o congenitas vertebro-meningo-medulares (compresion tumoral),14323,94
APOS SANATORIO MAYO PRIVADO SOCIEDAD ANONIMA,437,5951,Lesion por compresion de G de Gasser con balon de Foggarty,15033,95
APOS SANATORIO MAYO PRIVADO SOCIEDAD ANONIMA,437,6534,Termolesion por rf de G Esfenopalatino,15183,94
APOS SANATORIO MAYO PRIVADO SOCIEDAD ANONIMA,437,6535,"Termolesion por Rf. del ganglio de la raiz dorsal, cervical, lumbar y sacra. (hasta 2 niveles)",15184,95
APOS SANATORIO MAYO PRIVADO SOCIEDAD ANONIMA,437,6536,"Termolesion por Rf. del ganglio de raiz dorsal, cervical, lumbar y sacra. (mas de 2 niveles)",15185,98
APOS SANATORIO MAYO PRIVADO SOCIEDAD ANONIMA,437,6537,"Termolesion por rf de rama media cerv, dorsal o lumbar cada nivel adic",15186,95
APOS SANATORIO MAYO PRIVADO SOCIEDAD ANONIMA,437,6538,"Termolesion por rf de rama media cerv, dorsal o lumbar.",15187,95
APOS SANATORIO MAYO PRIVADO SOCIEDAD ANONIMA,437,5954,Levantamiento de vejiga por via abdominal (tipo Bursch),14324,92
APOS SANATORIO MAYO PRIVADO SOCIEDAD ANONIMA,437,6001,Mastopexia unilateral (levantamiento mamario),15045,94
APOS SANATORIO MAYO PRIVADO SOCIEDAD ANONIMA,437,5955,Lifting,15034,94
APOS SANATORIO MAYO PRIVADO SOCIEDAD ANONIMA,437,5956,Lifting endoscopico,15035,95
APOS SANATORIO MAYO PRIVADO SOCIEDAD ANONIMA,437,5957,Ligadura bilateral de trompas (anti-concepcion) a cielo abierto,14325,91
APOS SANATORIO MAYO PRIVADO SOCIEDAD ANONIMA,437,5958,Ligadura bilateral de trompas (anti-concepcion) por video-laparoscopia,14326,92
APOS SANATORIO MAYO PRIVADO SOCIEDAD ANONIMA,437,5959,Ligadura bilateral de trompas a cielo abierto,14327,91
APOS SANATORIO MAYO PRIVADO SOCIEDAD ANONIMA,437,5960,Ligadura bilateral de trompas por videolaparoscopia,14328,92
APOS SANATORIO MAYO PRIVADO SOCIEDAD ANONIMA,437,5961,Ligadura del paquete esfeno-palatino,14329,92
APOS SANATORIO MAYO PRIVADO SOCIEDAD ANONIMA,437,5963,Ligadura sub-aponeurotica de venas perforantes o comunicantes insuficientes (tipo: Linton / Cigorraga / Cockett),14331,91
APOS SANATORIO MAYO PRIVADO SOCIEDAD ANONIMA,437,5964,Ligadura unilateral de troncos profundos de los miembros,14332,92
APOS SANATORIO MAYO PRIVADO SOCIEDAD ANONIMA,437,6501,Sutura o ligadura de vasos profundos del cuello,14708,92
APOS SANATORIO MAYO PRIVADO SOCIEDAD ANONIMA,437,5965,Ligamentopexia abdominal,14333,91
APOS SANATORIO MAYO PRIVADO SOCIEDAD ANONIMA,437,5969,Limpieza quirurgica de mano (como unica intervencion),14339,90
APOS SANATORIO MAYO PRIVADO SOCIEDAD ANONIMA,437,5971,Linfadenectomia mediastinica,14340,94
APOS SANATORIO MAYO PRIVADO SOCIEDAD ANONIMA,437,5972,Linfadenectomia retroperitoneal (tipo lumboaortica o similares),14341,93
APOS SANATORIO MAYO PRIVADO SOCIEDAD ANONIMA,437,5973,Linfadenectomia retroperitoneal por video,14342,94
APOS SANATORIO MAYO PRIVADO SOCIEDAD ANONIMA,437,5974,Linfadenectomia retroperitoneal por videolaparoscopia,14343,94
APOS SANATORIO MAYO PRIVADO SOCIEDAD ANONIMA,437,6242,Prostatectomia radical + linfadenectomia,14530,94
APOS SANATORIO MAYO PRIVADO SOCIEDAD ANONIMA,437,5970,"Linfadenectomia cervical, axilar o inguinal como unica operacion",15036,92
APOS SANATORIO MAYO PRIVADO SOCIEDAD ANONIMA,437,5977,"Lipoma, reseccion con el paciente en decubito dorsal o lateral",15226,90
APOS SANATORIO MAYO PRIVADO SOCIEDAD ANONIMA,437,5978,"Lipoma, reseccion con el paciente en decubito ventral",15238,91
APOS SANATORIO MAYO PRIVADO SOCIEDAD ANONIMA,437,5982,Litotricia endoluminal calculo unico,14344,91
APOS SANATORIO MAYO PRIVADO SOCIEDAD ANONIMA,437,5983,Litotricia endoluminal calculos multiples,14345,92
APOS SANATORIO MAYO PRIVADO SOCIEDAD ANONIMA,437,5984,Litotricia extracorporea,14346,91
APOS SANATORIO MAYO PRIVADO SOCIEDAD ANONIMA,437,5985,Litotricia por onda de choque extracorporea (litotricia extracorporea),14348,91
APOS SANATORIO MAYO PRIVADO SOCIEDAD ANONIMA,437,5986,Litotricia ureteral por via endoscopica (incluye litotricia endoluminal),14349,92
APOS SANATORIO MAYO PRIVADO SOCIEDAD ANONIMA,437,5988,Lobectomia o segmentectomia a cielo abierto,14351,94
APOS SANATORIO MAYO PRIVADO SOCIEDAD ANONIMA,437,6457,Segmentectomia o lobectomia por video-toracoscopia,14669,95
APOS SANATORIO MAYO PRIVADO SOCIEDAD ANONIMA,437,5987,Lobectomia,15536,98
APOS SANATORIO MAYO PRIVADO SOCIEDAD ANONIMA,437,6168,Otoplastia de lobulo hendido,14466,90
APOS SANATORIO MAYO PRIVADO SOCIEDAD ANONIMA,437,6185,Parotidectomia de lobulo superficial,14478,92
APOS SANATORIO MAYO PRIVADO SOCIEDAD ANONIMA,437,5989,Lobulo hendido de oreja,15041,90
APOS SANATORIO MAYO PRIVADO SOCIEDAD ANONIMA,437,5990,Luxacion recidivante de hombro por via convencional,14352,92
APOS SANATORIO MAYO PRIVADO SOCIEDAD ANONIMA,437,8120,Reduccion cruenta de luxacion de columna,15440,93
APOS SANATORIO MAYO PRIVADO SOCIEDAD ANONIMA,437,8116,Reduccion incruenta de luxaciones,15458,90
APOS SANATORIO MAYO PRIVADO SOCIEDAD ANONIMA,437,6330,Reduccion incruenta de luxacion de maxilar,15488,90
APOS SANATORIO MAYO PRIVADO SOCIEDAD ANONIMA,437,6100,Nodulectomia de mama unilateral,14408,91
APOS SANATORIO MAYO PRIVADO SOCIEDAD ANONIMA,437,6278,Quiste de mama unilateral,14554,90
APOS SANATORIO MAYO PRIVADO SOCIEDAD ANONIMA,437,5992,Mama supernumeraria unilateral,15042,92
APOS SANATORIO MAYO PRIVADO SOCIEDAD ANONIMA,437,6312,Reconstruccion mamaria con dorsal ancho,15134,98
APOS SANATORIO MAYO PRIVADO SOCIEDAD ANONIMA,437,6264,Puncion de mama unilateral,15388,89
APOS SANATORIO MAYO PRIVADO SOCIEDAD ANONIMA,437,5995,Mastectomia radical con vaciamiento ganglionar,14356,95
APOS SANATORIO MAYO PRIVADO SOCIEDAD ANONIMA,437,5996,Mastectomia subradical unilateral / mastoplastia unilateral (operacion de Urban),14357,94
APOS SANATORIO MAYO PRIVADO SOCIEDAD ANONIMA,437,7598,Mastectomia ( mas ganglio centinela),15392,93
APOS SANATORIO MAYO PRIVADO SOCIEDAD ANONIMA,437,7599,Mastectomia ( mas vaciamiento axilar ),15393,94
APOS SANATORIO MAYO PRIVADO SOCIEDAD ANONIMA,437,5998,Mastoidectomia simple o radical (operacion radical de oido),14359,92
APOS SANATORIO MAYO PRIVADO SOCIEDAD ANONIMA,437,6542,Timpano-mastoidectomia,14720,94
APOS SANATORIO MAYO PRIVADO SOCIEDAD ANONIMA,437,6002,Mastotomia unilateral,14360,90
APOS SANATORIO MAYO PRIVADO SOCIEDAD ANONIMA,437,6017,Meniscectomia maxilar,14370,91
APOS SANATORIO MAYO PRIVADO SOCIEDAD ANONIMA,437,6111,Operacion comando de glandula submaxilar,14416,95
APOS SANATORIO MAYO PRIVADO SOCIEDAD ANONIMA,437,6152,Osteosintesis de malar o maxilar (2 placas titanio),14452,93
APOS SANATORIO MAYO PRIVADO SOCIEDAD ANONIMA,437,6153,Osteosintesis de malar o maxilar (mas de 2 placas titanio),14453,94
APOS SANATORIO MAYO PRIVADO SOCIEDAD ANONIMA,437,6279,Quiste de maxilar (pieza dental incluida),14555,91
APOS SANATORIO MAYO PRIVADO SOCIEDAD ANONIMA,437,6481,Sinusotomia maxilar radical,14694,92
APOS SANATORIO MAYO PRIVADO SOCIEDAD ANONIMA,437,6482,Sinusotomia maxilar simple,14695,92
APOS SANATORIO MAYO PRIVADO SOCIEDAD ANONIMA,437,6483,"Sinusotomias combinadas (frontal, etmoidal, etc.) por via externa transmaxilar",14696,93
APOS SANATORIO MAYO PRIVADO SOCIEDAD ANONIMA,437,6003,Maxilar inferior: prognatismo / retrognatismo,15046,93
APOS SANATORIO MAYO PRIVADO SOCIEDAD ANONIMA,437,6004,Maxilar superior: prognasia / retrognasia,15047,94
APOS SANATORIO MAYO PRIVADO SOCIEDAD ANONIMA,437,6393,Reseccion de maxilar inferior con vaciamiento (comando),15152,98
APOS SANATORIO MAYO PRIVADO SOCIEDAD ANONIMA,437,6005,Maxilectomia radical por via endoscopica,15048,93
APOS SANATORIO MAYO PRIVADO SOCIEDAD ANONIMA,437,6007,Maxilectomia simple por via endoscopica,15049,92
APOS SANATORIO MAYO PRIVADO SOCIEDAD ANONIMA,437,6009,Meatotomia,15406,89
APOS SANATORIO MAYO PRIVADO SOCIEDAD ANONIMA,437,6010,Mediastinitis / toillette mediastinal,15050,94
APOS SANATORIO MAYO PRIVADO SOCIEDAD ANONIMA,437,6011,Mediastinoscopia,14363,92
APOS SANATORIO MAYO PRIVADO SOCIEDAD ANONIMA,437,6014,Megacolon congenito,14366,93
APOS SANATORIO MAYO PRIVADO SOCIEDAD ANONIMA,437,6605,Tratamiento quirurgico del megacolon,14769,93
APOS SANATORIO MAYO PRIVADO SOCIEDAD ANONIMA,437,6016,Meningocele,14369,94
APOS SANATORIO MAYO PRIVADO SOCIEDAD ANONIMA,437,6027,Mielomeningocele,14379,94
APOS SANATORIO MAYO PRIVADO SOCIEDAD ANONIMA,437,6018,Metastasis hepatica / fenolizacion termo-tratamiento,14371,93
APOS SANATORIO MAYO PRIVADO SOCIEDAD ANONIMA,437,6019,Metatarsalgia / ratas articulares,14372,90
APOS SANATORIO MAYO PRIVADO SOCIEDAD ANONIMA,437,6025,"Microtia, reconstruccion en varios tiempos",15053,90
APOS SANATORIO MAYO PRIVADO SOCIEDAD ANONIMA,437,6026,Mielografia,14378,90
APOS SANATORIO MAYO PRIVADO SOCIEDAD ANONIMA,437,6030,Miomectomia vaginal (mioma nascens),69299,90
APOS SANATORIO MAYO PRIVADO SOCIEDAD ANONIMA,437,6028,Miomectomia / histerorrafia,14380,92
APOS SANATORIO MAYO PRIVADO SOCIEDAD ANONIMA,437,6029,Miomectomia por videolaparoscopia,14381,93
APOS SANATORIO MAYO PRIVADO SOCIEDAD ANONIMA,437,6686,"Video-laparoscopia ginecologica terapeutica (incluye miomectomia, quiste de ovario, etc)",14833,93
APOS SANATORIO MAYO PRIVADO SOCIEDAD ANONIMA,437,6691,"Videolaparoscopia terapeutica (incluye quiste de ovario, lisis pelvianas, miomectomias,",15400,93
APOS SANATORIO MAYO PRIVADO SOCIEDAD ANONIMA,437,6031,Miringoplastia,14383,91
APOS SANATORIO MAYO PRIVADO SOCIEDAD ANONIMA,437,6033,"Morfina o morfinosimiles por via epidural o subaracnoidea, por sesion: continua 1ras 24 hs o fraccion",15054,91
APOS SANATORIO MAYO PRIVADO SOCIEDAD ANONIMA,437,6034,Movilizacion (quiropraxia ),14385,89
APOS SANATORIO MAYO PRIVADO SOCIEDAD ANONIMA,437,6035,Movilizacion del estribo,14386,90
APOS SANATORIO MAYO PRIVADO SOCIEDAD ANONIMA,437,7580,Mucosectomia,15336,92
APOS SANATORIO MAYO PRIVADO SOCIEDAD ANONIMA,437,6037,Nariz leporina compleja,15055,91
APOS SANATORIO MAYO PRIVADO SOCIEDAD ANONIMA,437,6438,Rinofina (rosacea fimatosa de nariz),15163,91
APOS SANATORIO MAYO PRIVADO SOCIEDAD ANONIMA,437,6420,"Resecciones totales de huesos (radio, cubito, perone, astralago, calcaneo, clavicula, malar, huesos propios de la nariz etc.)",15439,93
APOS SANATORIO MAYO PRIVADO SOCIEDAD ANONIMA,437,6038,Nefrectomia parcial,14388,94
APOS SANATORIO MAYO PRIVADO SOCIEDAD ANONIMA,437,6039,Nefrectomia parcial o total por video-laparoscopia,14389,95
APOS SANATORIO MAYO PRIVADO SOCIEDAD ANONIMA,437,6041,Nefrectomia radical + vaciamiento ganglionar,14390,95
APOS SANATORIO MAYO PRIVADO SOCIEDAD ANONIMA,437,6043,Nefrectomia total o parcial por videolaparoscopia,14391,95
APOS SANATORIO MAYO PRIVADO SOCIEDAD ANONIMA,437,6042,Nefrectomia total,15417,94
APOS SANATORIO MAYO PRIVADO SOCIEDAD ANONIMA,437,6045,Nefrolitotomia,14394,93
APOS SANATORIO MAYO PRIVADO SOCIEDAD ANONIMA,437,6046,Nefrolitotomia percutanea,14395,94
APOS SANATORIO MAYO PRIVADO SOCIEDAD ANONIMA,437,6047,Nefropexia,14396,92
APOS SANATORIO MAYO PRIVADO SOCIEDAD ANONIMA,437,6048,Nefrostomia percutanea,15416,92
APOS SANATORIO MAYO PRIVADO SOCIEDAD ANONIMA,437,6051,Neumonectomia a cielo abierto,14398,94
APOS SANATORIO MAYO PRIVADO SOCIEDAD ANONIMA,437,6052,Neumonectomia por video-toracoscopia,14399,95
APOS SANATORIO MAYO PRIVADO SOCIEDAD ANONIMA,437,7515,Neurolisis por Rf. del simpatico dorsal,51344,98
APOS SANATORIO MAYO PRIVADO SOCIEDAD ANONIMA,437,7516,Neurolisis por Rf. simpatico lumbar unilateral,51345,95
APOS SANATORIO MAYO PRIVADO SOCIEDAD ANONIMA,437,7517,Neurolisis por Rf. simpatico lumbar bilateral,51346,98
APOS SANATORIO MAYO PRIVADO SOCIEDAD ANONIMA,437,8540,Neurolisis de nervio periferico bajo radioscopia,69390,93
APOS SANATORIO MAYO PRIVADO SOCIEDAD ANONIMA,437,8541,Neurolisis quimica del plexo hipogastrico superior,69391,94
APOS SANATORIO MAYO PRIVADO SOCIEDAD ANONIMA,437,6065,Neurolisis de nervios perifericos,14401,90
APOS SANATORIO MAYO PRIVADO SOCIEDAD ANONIMA,437,6066,Neurolisis extracraneal,14402,90
APOS SANATORIO MAYO PRIVADO SOCIEDAD ANONIMA,437,6075,Neurolisis quimica,14403,90
APOS SANATORIO MAYO PRIVADO SOCIEDAD ANONIMA,437,6085,Neurolisis transoval del trgemino,14404,91
APOS SANATORIO MAYO PRIVADO SOCIEDAD ANONIMA,437,6057,Neurolisis - modulacion ganglio estrellado con Rf,15058,95
APOS SANATORIO MAYO PRIVADO SOCIEDAD ANONIMA,437,6058,Neurolisis - modulacion nervio periferico con Rf,15059,92
APOS SANATORIO MAYO PRIVADO SOCIEDAD ANONIMA,437,6056,Neurolisis  nervio glosofaringeo con Rf,15060,94
APOS SANATORIO MAYO PRIVADO SOCIEDAD ANONIMA,437,6063,Neurolisis por rf de articulacion sacro-iliaca bilateral,15061,95
APOS SANATORIO MAYO PRIVADO SOCIEDAD ANONIMA,437,6064,Neurolisis con rf de articulacion sacro-iliaca unilateral,15062,94
APOS SANATORIO MAYO PRIVADO SOCIEDAD ANONIMA,437,6059,neurolisis con Rf de nervios esplacnicos,15063,94
APOS SANATORIO MAYO PRIVADO SOCIEDAD ANONIMA,437,6061,Neurolisis con Rf de nervios facetarios (mas de 2 niveles),15064,94
APOS SANATORIO MAYO PRIVADO SOCIEDAD ANONIMA,437,6062,Neurolisis con Rf de plexo celiaco,15065,94
APOS SANATORIO MAYO PRIVADO SOCIEDAD ANONIMA,437,6067,Neurolisis ganglio esfeno-palatino con Rf,15066,94
APOS SANATORIO MAYO PRIVADO SOCIEDAD ANONIMA,437,6068,Neurolisis nervio periferico con Rx,15067,92
APOS SANATORIO MAYO PRIVADO SOCIEDAD ANONIMA,437,6069,Neurolisis nervio periferico sin Rx,15068,91
APOS SANATORIO MAYO PRIVADO SOCIEDAD ANONIMA,437,6070,Neurolisis pcon Rf de ganglio de Walter,15069,95
APOS SANATORIO MAYO PRIVADO SOCIEDAD ANONIMA,437,6071,Neurolisis por Rf de plexo hipogastrico superior,15071,94
APOS SANATORIO MAYO PRIVADO SOCIEDAD ANONIMA,437,6072,Neurolisis por rf de simpatico dorsal,15073,95
APOS SANATORIO MAYO PRIVADO SOCIEDAD ANONIMA,437,6073,Neurolisis por rf simpatico lumbar bilateral,15074,95
APOS SANATORIO MAYO PRIVADO SOCIEDAD ANONIMA,437,6074,Neurolisis por rf simpatico lumbar unilateral,15075,95
APOS SANATORIO MAYO PRIVADO SOCIEDAD ANONIMA,437,6076,Neurolisis quimica de ganglio de Walter,15076,95
APOS SANATORIO MAYO PRIVADO SOCIEDAD ANONIMA,437,6077,Neurolisis por Rf. del plexo hipogastrico superior,15078,95
APOS SANATORIO MAYO PRIVADO SOCIEDAD ANONIMA,437,6078,Neurolisis quimica del simpatico dorsal,15080,95
APOS SANATORIO MAYO PRIVADO SOCIEDAD ANONIMA,437,6079,Neurolisis quimica del simpatico lumbar bilateral,15081,95
APOS SANATORIO MAYO PRIVADO SOCIEDAD ANONIMA,437,6080,Neurolisis quimica de simpatico lumbar unilateral,15082,94
APOS SANATORIO MAYO PRIVADO SOCIEDAD ANONIMA,437,6081,Neurolisis quimica ganglio estrellado,15083,94
APOS SANATORIO MAYO PRIVADO SOCIEDAD ANONIMA,437,6082,Neurolisis quimica nervios esplacnicos,15084,94
APOS SANATORIO MAYO PRIVADO SOCIEDAD ANONIMA,437,6083,Neurolisis quimica plexo celiaco,15086,94
APOS SANATORIO MAYO PRIVADO SOCIEDAD ANONIMA,437,6086,Neurolisis del trigemino con Rf,15087,95
APOS SANATORIO MAYO PRIVADO SOCIEDAD ANONIMA,437,6087,Neurolisis-modulacion del trigemino con Rf,15088,98
APOS SANATORIO MAYO PRIVADO SOCIEDAD ANONIMA,437,6088,Neurolisis-modulacion ganglio esfeno-palatino con Rf,15089,95
APOS SANATORIO MAYO PRIVADO SOCIEDAD ANONIMA,437,6089,Neurolisis-modulacion nervio glosofaringeo con Rf,15090,95
APOS SANATORIO MAYO PRIVADO SOCIEDAD ANONIMA,437,6060,Neurolisis con Rf de nervios facetarios (2 niveles),15263,93
APOS SANATORIO MAYO PRIVADO SOCIEDAD ANONIMA,437,6090,Neuromodulacion articulacion de hombro con Rf pulsada,15091,91
APOS SANATORIO MAYO PRIVADO SOCIEDAD ANONIMA,437,6091,Neuromodulacion articulacion de rodilla con Rf pulsada,15092,91
APOS SANATORIO MAYO PRIVADO SOCIEDAD ANONIMA,437,6092,Neuromodulacion con Rf pulsada de articulacion AA o AO,15093,93
APOS SANATORIO MAYO PRIVADO SOCIEDAD ANONIMA,437,6093,Neuromodulacion con Rf pulsada ganglio raiz dorsal  (1 nivel),15094,92
APOS SANATORIO MAYO PRIVADO SOCIEDAD ANONIMA,437,6094,Neuromodulacion con Rf pulsada ganglio raiz dorsal (mas de 1 nivel),15095,93
APOS SANATORIO MAYO PRIVADO SOCIEDAD ANONIMA,437,6095,Neuromodulacion percutanea de nervio periferico,15096,94
APOS SANATORIO MAYO PRIVADO SOCIEDAD ANONIMA,437,6096,Neuromodulacion sistemica con anestesicos locales en dolor neuropatico.,15215,90
APOS SANATORIO MAYO PRIVADO SOCIEDAD ANONIMA,437,6098,Neurotomia del nervio optico,14406,90
APOS SANATORIO MAYO PRIVADO SOCIEDAD ANONIMA,437,6099,Neurotomia trigeminal / vestibular / glosofaringeo,14407,95
APOS SANATORIO MAYO PRIVADO SOCIEDAD ANONIMA,437,6104,Oclusion con reseccion de intestino,14410,93
APOS SANATORIO MAYO PRIVADO SOCIEDAD ANONIMA,437,6105,Omentectomia,15328,93
APOS SANATORIO MAYO PRIVADO SOCIEDAD ANONIMA,437,6106,Onfalitis,14411,91
APOS SANATORIO MAYO PRIVADO SOCIEDAD ANONIMA,437,6107,Ooforectomia simple unilateral,14412,91
APOS SANATORIO MAYO PRIVADO SOCIEDAD ANONIMA,437,6108,Ooforo-salpinguectomia unilateral,14413,91
APOS SANATORIO MAYO PRIVADO SOCIEDAD ANONIMA,437,6708,Operacion Comando de Parotida,60859,95
APOS SANATORIO MAYO PRIVADO SOCIEDAD ANONIMA,437,6109,Operacion comando de encias o trigono-retromolar,14414,93
APOS SANATORIO MAYO PRIVADO SOCIEDAD ANONIMA,437,6110,Operacion comando de faringe con vaciamiento,14415,95
APOS SANATORIO MAYO PRIVADO SOCIEDAD ANONIMA,437,6113,Operacion comando de paladar blando,14418,95
APOS SANATORIO MAYO PRIVADO SOCIEDAD ANONIMA,437,6114,Operacion comando de piso de boca,14419,95
APOS SANATORIO MAYO PRIVADO SOCIEDAD ANONIMA,437,6115,Operacion correctora de glaucoma,14420,92
APOS SANATORIO MAYO PRIVADO SOCIEDAD ANONIMA,437,6117,Operacion de Dixon (para tumores del 1/3 superior del recto),14422,93
APOS SANATORIO MAYO PRIVADO SOCIEDAD ANONIMA,437,6118,Operacion de Dixon laparoscopica (para tumores del 1/3 superior del recto),14423,94
APOS SANATORIO MAYO PRIVADO SOCIEDAD ANONIMA,437,6119,Operacion de Frikolm (hasta 2 discos),14425,94
APOS SANATORIO MAYO PRIVADO SOCIEDAD ANONIMA,437,6120,Operacion de Lefort o similares para prolapso vaginal,14426,91
APOS SANATORIO MAYO PRIVADO SOCIEDAD ANONIMA,437,6122,Operacion de Sugarbaker (HIPEC) para carcinomatosis toracica (QMT + hipertermia intracavitaria),14427,107
APOS SANATORIO MAYO PRIVADO SOCIEDAD ANONIMA,437,6124,Operacion de Wertheim-Meigs con lavaje intracavitario con circulacion extracorporea (tipo Sugarbaker),14429,107
APOS SANATORIO MAYO PRIVADO SOCIEDAD ANONIMA,437,6125,Operacion de Wertheim-Meigs por video-laparoscopia,14430,98
APOS SANATORIO MAYO PRIVADO SOCIEDAD ANONIMA,437,6226,Plicatura intestinal (operacion de Noble),14519,93
APOS SANATORIO MAYO PRIVADO SOCIEDAD ANONIMA,437,6460,Septumplastia y/o reseccion del tabique nasal (operacion de Killian o similar),14672,92
APOS SANATORIO MAYO PRIVADO SOCIEDAD ANONIMA,437,6197,Peritonectomia + quimioterapia con hipertermia intracavitaria (HIPEC - operacion de Sugarbaker,15300,107
APOS SANATORIO MAYO PRIVADO SOCIEDAD ANONIMA,437,6406,"Reseccion de tumor, intraorbitario mediante orbitotomia",15160,91
APOS SANATORIO MAYO PRIVADO SOCIEDAD ANONIMA,437,6131,Orquidectomia,14435,91
APOS SANATORIO MAYO PRIVADO SOCIEDAD ANONIMA,437,6132,Orquidopexia,14436,91
APOS SANATORIO MAYO PRIVADO SOCIEDAD ANONIMA,437,6133,Orzuelo,14437,89
APOS SANATORIO MAYO PRIVADO SOCIEDAD ANONIMA,437,6134,Osteoclasia,14438,90
APOS SANATORIO MAYO PRIVADO SOCIEDAD ANONIMA,437,5398,Osteosintesis de Perone,60851,92
APOS SANATORIO MAYO PRIVADO SOCIEDAD ANONIMA,437,6138,Osteosintesis clavicular,14439,92
APOS SANATORIO MAYO PRIVADO SOCIEDAD ANONIMA,437,6139,Osteosintesis de calcaneo,14441,92
APOS SANATORIO MAYO PRIVADO SOCIEDAD ANONIMA,437,6143,Osteosintesis de escafoide,14443,93
APOS SANATORIO MAYO PRIVADO SOCIEDAD ANONIMA,437,6145,Osteosintesis de falange o metacarpiano (hasta 3 huesos),14444,91
APOS SANATORIO MAYO PRIVADO SOCIEDAD ANONIMA,437,6146,"Osteosintesis de femur (tipo Kuncher, clavo gamma o similares)",14445,93
APOS SANATORIO MAYO PRIVADO SOCIEDAD ANONIMA,437,6149,Osteosintesis de hasta 2 huesos del carpo,14449,92
APOS SANATORIO MAYO PRIVADO SOCIEDAD ANONIMA,437,6154,Osteosintesis de mas de 2 huesos del carpo,14454,93
APOS SANATORIO MAYO PRIVADO SOCIEDAD ANONIMA,437,6155,Osteosintesis de muñeca con clavija percutanea (tipo Sauve-Kapandi y similares),14455,91
APOS SANATORIO MAYO PRIVADO SOCIEDAD ANONIMA,437,6156,Osteosintesis de rotula,14456,92
APOS SANATORIO MAYO PRIVADO SOCIEDAD ANONIMA,437,6157,Osteosintesis de tarso o metatarso hasta 2 huesos,14457,92
APOS SANATORIO MAYO PRIVADO SOCIEDAD ANONIMA,437,6158,Osteosintesis de tibia,14458,92
APOS SANATORIO MAYO PRIVADO SOCIEDAD ANONIMA,437,6159,Osteosintesis de tobillo,14459,92
APOS SANATORIO MAYO PRIVADO SOCIEDAD ANONIMA,437,6161,Osteosintesis tarso o metatarso mas de 2 huesos,14460,93
APOS SANATORIO MAYO PRIVADO SOCIEDAD ANONIMA,437,6160,Osteosintesis del malar,15099,92
APOS SANATORIO MAYO PRIVADO SOCIEDAD ANONIMA,437,6144,Osteosintesis de esternon como unica intervencion,15362,92
APOS SANATORIO MAYO PRIVADO SOCIEDAD ANONIMA,437,6141,Osteosintesis de cubito o radio,15463,92
APOS SANATORIO MAYO PRIVADO SOCIEDAD ANONIMA,437,6151,Osteosintesis de humero,15464,92
APOS SANATORIO MAYO PRIVADO SOCIEDAD ANONIMA,437,6142,Osteosintesis de cubito y radio (por diferentes vias),15467,93
APOS SANATORIO MAYO PRIVADO SOCIEDAD ANONIMA,437,6162,Osteotomia correctora de pie,14461,91
APOS SANATORIO MAYO PRIVADO SOCIEDAD ANONIMA,437,6163,Osteotomia correctora de tibia y perone,14463,92
APOS SANATORIO MAYO PRIVADO SOCIEDAD ANONIMA,437,6167,Osteotomia simple,14465,90
APOS SANATORIO MAYO PRIVADO SOCIEDAD ANONIMA,437,6166,Osteotomia de femur,15478,93
APOS SANATORIO MAYO PRIVADO SOCIEDAD ANONIMA,437,6719,Trombectomia Pulmonar Mecanica En Tepa Paciente Critico,60870,96
APOS SANATORIO MAYO PRIVADO SOCIEDAD ANONIMA,437,8553,Revision del manejo del dolor agudo (no postoperatorio) en pacientes internados,69401,89
APOS SANATORIO MAYO PRIVADO SOCIEDAD ANONIMA,437,6169,Paciente oncologico - atencion clinica por 2 a 14 dias,15103,91
APOS SANATORIO MAYO PRIVADO SOCIEDAD ANONIMA,437,6170,Paciente oncologico - atencion clinica x mes o frac. > a 14 d.,15268,93
APOS SANATORIO MAYO PRIVADO SOCIEDAD ANONIMA,437,6171,Palatoplastia,14467,91
APOS SANATORIO MAYO PRIVADO SOCIEDAD ANONIMA,437,6273,Queiloplastia con palatoplastia,15117,93
APOS SANATORIO MAYO PRIVADO SOCIEDAD ANONIMA,437,6172,Palatorrafia,15104,91
APOS SANATORIO MAYO PRIVADO SOCIEDAD ANONIMA,437,6176,Pancreatectomia por Videolaparoscopia,14471,95
APOS SANATORIO MAYO PRIVADO SOCIEDAD ANONIMA,437,6177,Papilotomia del conducto de Warthon y/o Stenon,14472,90
APOS SANATORIO MAYO PRIVADO SOCIEDAD ANONIMA,437,6178,Papilotomia endoscopica / ERCP (colangio-pancreatografia endoscopica retrogada),14473,92
APOS SANATORIO MAYO PRIVADO SOCIEDAD ANONIMA,437,6179,Paratiroidectomia,14474,93
APOS SANATORIO MAYO PRIVADO SOCIEDAD ANONIMA,437,6180,Paratiroidectomia por via endoscopica,14475,94
APOS SANATORIO MAYO PRIVADO SOCIEDAD ANONIMA,437,6181,Paratiroidectomia total con vaciamiento ganglionar,14476,94
APOS SANATORIO MAYO PRIVADO SOCIEDAD ANONIMA,437,6182,Paratiroidectomia total con vaciamiento ganglionar por via endoscopica,14477,95
APOS SANATORIO MAYO PRIVADO SOCIEDAD ANONIMA,437,6184,Parche hematico,15105,90
APOS SANATORIO MAYO PRIVADO SOCIEDAD ANONIMA,437,5020,Parchehematico de sangreo similar (blood parch) en cefalea post puncion,15248,91
APOS SANATORIO MAYO PRIVADO SOCIEDAD ANONIMA,437,6186,Parotidectomia total,14479,93
APOS SANATORIO MAYO PRIVADO SOCIEDAD ANONIMA,437,5235,By-pass de vasos perifericos unilateral,13786,94
APOS SANATORIO MAYO PRIVADO SOCIEDAD ANONIMA,437,5236,By-pass temporo-silviano,13787,96
APOS SANATORIO MAYO PRIVADO SOCIEDAD ANONIMA,437,6188,Pectus excavatum / pectus carinatum,14481,94
APOS SANATORIO MAYO PRIVADO SOCIEDAD ANONIMA,437,6189,Pectus excavatum / pectus carinatum por video-toracoscopia,14482,95
APOS SANATORIO MAYO PRIVADO SOCIEDAD ANONIMA,437,6191,Pericardiectomia amplia (pericarditis constrictiva),15106,94
APOS SANATORIO MAYO PRIVADO SOCIEDAD ANONIMA,437,6192,Pericardiectomia no constrictiva,15107,93
APOS SANATORIO MAYO PRIVADO SOCIEDAD ANONIMA,437,6193,Pericardiocentesis,14486,91
APOS SANATORIO MAYO PRIVADO SOCIEDAD ANONIMA,437,6194,Pericardiotomia,15108,92
APOS SANATORIO MAYO PRIVADO SOCIEDAD ANONIMA,437,6195,Peridural por distocia,14487,92
APOS SANATORIO MAYO PRIVADO SOCIEDAD ANONIMA,437,6196,Perineorrafia,14488,90
APOS SANATORIO MAYO PRIVADO SOCIEDAD ANONIMA,437,6198,Peritoneocentesis,14489,90
APOS SANATORIO MAYO PRIVADO SOCIEDAD ANONIMA,437,6199,Peritonitis generalizada,14490,93
APOS SANATORIO MAYO PRIVADO SOCIEDAD ANONIMA,437,6203,Pielografia ascendente por ureteroscopia,14494,90
APOS SANATORIO MAYO PRIVADO SOCIEDAD ANONIMA,437,6204,Pielolitotomia,14495,92
APOS SANATORIO MAYO PRIVADO SOCIEDAD ANONIMA,437,6205,Pielolitotomia por videolaparoscopia,14496,93
APOS SANATORIO MAYO PRIVADO SOCIEDAD ANONIMA,437,6206,Pieloplastia,14497,92
APOS SANATORIO MAYO PRIVADO SOCIEDAD ANONIMA,437,6207,Pieloplastia por lumbotomia,14498,93
APOS SANATORIO MAYO PRIVADO SOCIEDAD ANONIMA,437,6208,Pielotomia por videolaparoscopia,14499,93
APOS SANATORIO MAYO PRIVADO SOCIEDAD ANONIMA,437,6201,Pie plano unilateral,14492,92
APOS SANATORIO MAYO PRIVADO SOCIEDAD ANONIMA,437,6712,Plastica de Codo,60863,93
APOS SANATORIO MAYO PRIVADO SOCIEDAD ANONIMA,437,6715,Plastica de Manguito Rotador por Artroscopia,60866,94
APOS SANATORIO MAYO PRIVADO SOCIEDAD ANONIMA,437,5580,Plastica peneana,14047,93
APOS SANATORIO MAYO PRIVADO SOCIEDAD ANONIMA,437,6209,Plastica anal / anoplastia,14500,91
APOS SANATORIO MAYO PRIVADO SOCIEDAD ANONIMA,437,6210,Plastica de canal estrecho de columna con disectomia hasta 2 espacios,14501,98
APOS SANATORIO MAYO PRIVADO SOCIEDAD ANONIMA,437,6211,Plastica de canal estrecho de columna mas de 2 espacios,14502,98
APOS SANATORIO MAYO PRIVADO SOCIEDAD ANONIMA,437,6212,Plastica de colostomia,14503,91
APOS SANATORIO MAYO PRIVADO SOCIEDAD ANONIMA,437,6213,Plastica de la union uretero-pielica,14504,92
APOS SANATORIO MAYO PRIVADO SOCIEDAD ANONIMA,437,6214,Plastica de ligamentos de rodilla no cruzados,14505,93
APOS SANATORIO MAYO PRIVADO SOCIEDAD ANONIMA,437,6215,Plastica de manguito rotador no artroscopica,14506,93
APOS SANATORIO MAYO PRIVADO SOCIEDAD ANONIMA,437,6216,Plastica de uretra / uretroplastia,14509,92
APOS SANATORIO MAYO PRIVADO SOCIEDAD ANONIMA,437,6218,Plastica de via lagrimal,14511,93
APOS SANATORIO MAYO PRIVADO SOCIEDAD ANONIMA,437,6219,Plastica del cuadriceps,14512,91
APOS SANATORIO MAYO PRIVADO SOCIEDAD ANONIMA,437,6222,Plastica pielo-ureteral por videolaparoscopia,14514,94
APOS SANATORIO MAYO PRIVADO SOCIEDAD ANONIMA,437,6223,Plastica ureteral,14516,92
APOS SANATORIO MAYO PRIVADO SOCIEDAD ANONIMA,437,6224,Plastica ureteral o de la union pielo-pielica por videolaparoscopia,14517,94
APOS SANATORIO MAYO PRIVADO SOCIEDAD ANONIMA,437,6362,Reparacion artroscopica quirurgica de tobillo (plastica de tobillo por video-artroscopia),14604,93
APOS SANATORIO MAYO PRIVADO SOCIEDAD ANONIMA,437,6370,Reparacion plastica de ligamento peroneo-astragalino anterior y/o lateral y/o peroneo-calcaneo,14612,93
APOS SANATORIO MAYO PRIVADO SOCIEDAD ANONIMA,437,6336,Reemplazo de una valvula cardiaca y plastica de otra,15142,98
APOS SANATORIO MAYO PRIVADO SOCIEDAD ANONIMA,437,6405,"Reseccion de tumor maligno externo, con reconstruccion plastica",15159,92
APOS SANATORIO MAYO PRIVADO SOCIEDAD ANONIMA,437,7539,Plastica o comisurotomias valvulares Ao o pulmonares en el recien nacido.,15288,98
APOS SANATORIO MAYO PRIVADO SOCIEDAD ANONIMA,437,6220,Plastica del pabellon auricular,15492,92
APOS SANATORIO MAYO PRIVADO SOCIEDAD ANONIMA,437,7595,Pleurectomia parcial por video-toracoscopia,15372,94
APOS SANATORIO MAYO PRIVADO SOCIEDAD ANONIMA,437,6225,Pleurodesis quimica por video-toracoscopia,14518,94
APOS SANATORIO MAYO PRIVADO SOCIEDAD ANONIMA,437,6227,Polidactilia,14520,91
APOS SANATORIO MAYO PRIVADO SOCIEDAD ANONIMA,437,6229,Polipo de cuello uterino,14522,89
APOS SANATORIO MAYO PRIVADO SOCIEDAD ANONIMA,437,6230,Potenciales evocados,14523,89
APOS SANATORIO MAYO PRIVADO SOCIEDAD ANONIMA,437,6231,Potenciales evocados somatosensoriales,14524,91
APOS SANATORIO MAYO PRIVADO SOCIEDAD ANONIMA,437,6582,Trasplante oseo en procedimientos primarios,14750,94
APOS SANATORIO MAYO PRIVADO SOCIEDAD ANONIMA,437,6593,Tratamiento de las secuelas por paralisis (por cada procedimiento),14761,91
APOS SANATORIO MAYO PRIVADO SOCIEDAD ANONIMA,437,6235,Proctectomia con prostatectomia,15358,93
APOS SANATORIO MAYO PRIVADO SOCIEDAD ANONIMA,437,6236,Proctorrafia,14525,90
APOS SANATORIO MAYO PRIVADO SOCIEDAD ANONIMA,437,6237,Prolapso rectal,14526,91
APOS SANATORIO MAYO PRIVADO SOCIEDAD ANONIMA,437,6238,Prostatectomia o adenectomia con o sin vasectomia por videolaparoscopia,14527,94
APOS SANATORIO MAYO PRIVADO SOCIEDAD ANONIMA,437,6239,"Prostatectomia o adenectomia por via abdominal, con o sin vasectomia",14528,93
APOS SANATORIO MAYO PRIVADO SOCIEDAD ANONIMA,437,6240,Prostatectomia o adenomectomia por videolaparoscopia,14529,94
APOS SANATORIO MAYO PRIVADO SOCIEDAD ANONIMA,437,6243,Prostatectomia radical por videolaparoscopia,14531,95
APOS SANATORIO MAYO PRIVADO SOCIEDAD ANONIMA,437,6274,Querato-protesis,14550,94
APOS SANATORIO MAYO PRIVADO SOCIEDAD ANONIMA,437,6434,Revision de protesis total de rodilla,14654,95
APOS SANATORIO MAYO PRIVADO SOCIEDAD ANONIMA,437,6580,Trasplante oseo combinado con protesis,14748,95
APOS SANATORIO MAYO PRIVADO SOCIEDAD ANONIMA,437,6246,Protesis testicular unilateral,15411,93
APOS SANATORIO MAYO PRIVADO SOCIEDAD ANONIMA,437,6248,Ptosis palpebral,14534,91
APOS SANATORIO MAYO PRIVADO SOCIEDAD ANONIMA,437,6247,Ptosis de parpado,15111,92
APOS SANATORIO MAYO PRIVADO SOCIEDAD ANONIMA,437,8653,Puncion guiada por TAC en quirofano,69398,91
APOS SANATORIO MAYO PRIVADO SOCIEDAD ANONIMA,437,6260,Puncion de camara anterior para daignosticos,14543,89
APOS SANATORIO MAYO PRIVADO SOCIEDAD ANONIMA,437,6261,Puncion de derrame escrotal,14544,89
APOS SANATORIO MAYO PRIVADO SOCIEDAD ANONIMA,437,6265,Puncion del antro mastoideo,14545,90
APOS SANATORIO MAYO PRIVADO SOCIEDAD ANONIMA,437,6267,Puncion del seno esfenoidal,14547,91
APOS SANATORIO MAYO PRIVADO SOCIEDAD ANONIMA,437,6270,Puncion trans-fontanoidal,14548,90
APOS SANATORIO MAYO PRIVADO SOCIEDAD ANONIMA,437,6271,Puncion ventricular por trepanacion,14549,92
APOS SANATORIO MAYO PRIVADO SOCIEDAD ANONIMA,437,6262,Puncion de ganglio linfatico,15115,89
APOS SANATORIO MAYO PRIVADO SOCIEDAD ANONIMA,437,6268,Puncion pleural,15361,89
APOS SANATORIO MAYO PRIVADO SOCIEDAD ANONIMA,437,6263,Puncion de la cavidad pleural para lavaje,15366,91
APOS SANATORIO MAYO PRIVADO SOCIEDAD ANONIMA,437,6269,Puncion raquidea diagnostica,15528,90
APOS SANATORIO MAYO PRIVADO SOCIEDAD ANONIMA,437,6275,Queratocentesis,14551,90
APOS SANATORIO MAYO PRIVADO SOCIEDAD ANONIMA,437,6276,Quiste artro-sinovial,14552,90
APOS SANATORIO MAYO PRIVADO SOCIEDAD ANONIMA,437,6277,Quiste de cordon,14553,90
APOS SANATORIO MAYO PRIVADO SOCIEDAD ANONIMA,437,6280,Quiste de ovario,14556,91
APOS SANATORIO MAYO PRIVADO SOCIEDAD ANONIMA,437,6281,Quiste de pancreas,14557,92
APOS SANATORIO MAYO PRIVADO SOCIEDAD ANONIMA,437,6282,Quiste de tumor de cuello,14558,92
APOS SANATORIO MAYO PRIVADO SOCIEDAD ANONIMA,437,6283,Quiste hidatidico de bazo,14559,92
APOS SANATORIO MAYO PRIVADO SOCIEDAD ANONIMA,437,6284,Quiste hidatidico de higado,14560,93
APOS SANATORIO MAYO PRIVADO SOCIEDAD ANONIMA,437,6285,Quiste o tumor de mesenterio,14561,92
APOS SANATORIO MAYO PRIVADO SOCIEDAD ANONIMA,437,6286,Quiste o tumor del hueco popliteo,14562,92
APOS SANATORIO MAYO PRIVADO SOCIEDAD ANONIMA,437,6399,Reseccion de quiste oseo,14629,90
APOS SANATORIO MAYO PRIVADO SOCIEDAD ANONIMA,437,6287,Quiste sacro-coccigeo en decubito ventral (ej. quiste pilonidal),15240,91
APOS SANATORIO MAYO PRIVADO SOCIEDAD ANONIMA,437,6293,Radioterapia de intensidad modulada (IMRT),15120,91
APOS SANATORIO MAYO PRIVADO SOCIEDAD ANONIMA,437,6294,Radioterapia intraoperatoria,15121,95
APOS SANATORIO MAYO PRIVADO SOCIEDAD ANONIMA,437,6472,Simulacion de tratamiento para radioterapia,15170,90
APOS SANATORIO MAYO PRIVADO SOCIEDAD ANONIMA,437,6296,Reanimacion fuera del acto anestesiologico,15122,92
APOS SANATORIO MAYO PRIVADO SOCIEDAD ANONIMA,437,6298,Recarga de bomba de infusion,15124,90
APOS SANATORIO MAYO PRIVADO SOCIEDAD ANONIMA,437,6299,Recarga bomba elastomerica,15211,89
APOS SANATORIO MAYO PRIVADO SOCIEDAD ANONIMA,437,6304,Reconstruccion de las vias biliares,14566,95
APOS SANATORIO MAYO PRIVADO SOCIEDAD ANONIMA,437,6308,Reconstruccion de pene y/o testiculo,14567,93
APOS SANATORIO MAYO PRIVADO SOCIEDAD ANONIMA,437,6319,Reconstruccion total de parpado,14570,92
APOS SANATORIO MAYO PRIVADO SOCIEDAD ANONIMA,437,6300,Reconstruccion de areola y/o pezon,15125,91
APOS SANATORIO MAYO PRIVADO SOCIEDAD ANONIMA,437,6301,Reconstruccion de cavidad orbitaria,15126,93
APOS SANATORIO MAYO PRIVADO SOCIEDAD ANONIMA,437,6302,Reconstruccion de conducto auditivo externo,15127,92
APOS SANATORIO MAYO PRIVADO SOCIEDAD ANONIMA,437,6303,Reconstruccion de la pared abdominal,15128,93
APOS SANATORIO MAYO PRIVADO SOCIEDAD ANONIMA,437,6305,Reconstruccion de ombligo,15129,90
APOS SANATORIO MAYO PRIVADO SOCIEDAD ANONIMA,437,6307,Reconstruccion de pene y/o escroto,15131,92
APOS SANATORIO MAYO PRIVADO SOCIEDAD ANONIMA,437,6288,Reconstruccion de vulva,15132,93
APOS SANATORIO MAYO PRIVADO SOCIEDAD ANONIMA,437,6313,Reconstruccion nasal parcial,15136,91
APOS SANATORIO MAYO PRIVADO SOCIEDAD ANONIMA,437,6314,Reconstruccion parcial de orbita o malar,15137,92
APOS SANATORIO MAYO PRIVADO SOCIEDAD ANONIMA,437,6316,Reconstruccion total de orbita,15139,93
APOS SANATORIO MAYO PRIVADO SOCIEDAD ANONIMA,437,6404,Reseccion de tumor de orbita con reseccion osea y reconstruccion inmediata,15158,93
APOS SANATORIO MAYO PRIVADO SOCIEDAD ANONIMA,437,6702,Reseccion de Tumor de Recto,60853,93
APOS SANATORIO MAYO PRIVADO SOCIEDAD ANONIMA,437,6320,Recto-sigmoidoscopia,14571,89
APOS SANATORIO MAYO PRIVADO SOCIEDAD ANONIMA,437,6414,Reseccion parcial osea infecciosa o tumoral de columna (corporectomia),14637,94
APOS SANATORIO MAYO PRIVADO SOCIEDAD ANONIMA,437,6425,Retinopexia y esclerectomia,14646,93
APOS SANATORIO MAYO PRIVADO SOCIEDAD ANONIMA,437,6451,Salpinguectomia con o sin ooferectomia por videolaproscopia,14666,93
APOS SANATORIO MAYO PRIVADO SOCIEDAD ANONIMA,437,6610,Trombo-endarterectomia de vasos perifericos,14773,94
APOS SANATORIO MAYO PRIVADO SOCIEDAD ANONIMA,437,6695,Vitrectomia,14840,94
APOS SANATORIO MAYO PRIVADO SOCIEDAD ANONIMA,437,6455,Secuestrectomia,15308,93
APOS SANATORIO MAYO PRIVADO SOCIEDAD ANONIMA,437,6321,Rectoscopia,15332,89
APOS SANATORIO MAYO PRIVADO SOCIEDAD ANONIMA,437,6637,Tumorectomia,15389,91
APOS SANATORIO MAYO PRIVADO SOCIEDAD ANONIMA,437,6644,Ureterectomia,15423,91
APOS SANATORIO MAYO PRIVADO SOCIEDAD ANONIMA,437,6328,Reduccion incruenta cervical o dorsal,14575,92
APOS SANATORIO MAYO PRIVADO SOCIEDAD ANONIMA,437,6339,Reemplazo total de femur,14583,95
APOS SANATORIO MAYO PRIVADO SOCIEDAD ANONIMA,437,6340,Reemplazo total de hombro,14584,95
APOS SANATORIO MAYO PRIVADO SOCIEDAD ANONIMA,437,6341,Reemplazo total de rodilla,14585,95
APOS SANATORIO MAYO PRIVADO SOCIEDAD ANONIMA,437,6334,Reemplazo bi-valvular,15141,98
APOS SANATORIO MAYO PRIVADO SOCIEDAD ANONIMA,437,6342,Reemplazo valvular,15143,95
APOS SANATORIO MAYO PRIVADO SOCIEDAD ANONIMA,437,7535,Reemplazo valvular en hemodinamia ( TAVI),15549,98
APOS SANATORIO MAYO PRIVADO SOCIEDAD ANONIMA,437,6359,Reintervencion cardiaca dentro de las primeras 24 horas (ejemplo: sangrado),15147,94
APOS SANATORIO MAYO PRIVADO SOCIEDAD ANONIMA,437,6360,Remodelacion de la boveda craneana (turricefalia / plagiocefalia),14603,95
APOS SANATORIO MAYO PRIVADO SOCIEDAD ANONIMA,437,6361,"Remodelacion de la boveda craneana (turricefalia, plagioce falia)",15148,95
APOS SANATORIO MAYO PRIVADO SOCIEDAD ANONIMA,437,6367,Reparacion ligamentaria de rodilla (ligamento laterales y/o cruzados),51397,94
APOS SANATORIO MAYO PRIVADO SOCIEDAD ANONIMA,437,6365,Reparacion de senos craneales,14607,94
APOS SANATORIO MAYO PRIVADO SOCIEDAD ANONIMA,437,6368,"Reparacion ligamentaria de tobillo (ligamentos laterales, etc)",14610,93
APOS SANATORIO MAYO PRIVADO SOCIEDAD ANONIMA,437,6000,Reseccion de Tabique Vaginal por Videolaparoscopia,60852,92
APOS SANATORIO MAYO PRIVADO SOCIEDAD ANONIMA,437,6372,Reseccion costal,14613,90
APOS SANATORIO MAYO PRIVADO SOCIEDAD ANONIMA,437,6374,Reseccion cuneiforme de ovario,14614,91
APOS SANATORIO MAYO PRIVADO SOCIEDAD ANONIMA,437,6380,Reseccion de cuello de vejiga,14616,91
APOS SANATORIO MAYO PRIVADO SOCIEDAD ANONIMA,437,6385,Reseccion de espolon calcaneo,14619,91
APOS SANATORIO MAYO PRIVADO SOCIEDAD ANONIMA,437,6386,Reseccion de exostosis,14620,90
APOS SANATORIO MAYO PRIVADO SOCIEDAD ANONIMA,437,6390,Reseccion de intestino delgado,14623,93
APOS SANATORIO MAYO PRIVADO SOCIEDAD ANONIMA,437,6394,Reseccion de osteoma del CAE,14625,92
APOS SANATORIO MAYO PRIVADO SOCIEDAD ANONIMA,437,6395,Reseccion de plexo hipogastrico,14626,92
APOS SANATORIO MAYO PRIVADO SOCIEDAD ANONIMA,437,6397,Reseccion de plexo hipogastrico por videolaparoscopia,14628,93
APOS SANATORIO MAYO PRIVADO SOCIEDAD ANONIMA,437,6407,Reseccion del plexo hipogastrico,14631,92
APOS SANATORIO MAYO PRIVADO SOCIEDAD ANONIMA,437,6411,Reseccion parcial de hueso infeccioso o tumoral,14634,92
APOS SANATORIO MAYO PRIVADO SOCIEDAD ANONIMA,437,6413,Reseccion parcial de pelvis infecciosa o tumoral,14636,92
APOS SANATORIO MAYO PRIVADO SOCIEDAD ANONIMA,437,6415,Reseccion submucosa del cornete inferior,14639,91
APOS SANATORIO MAYO PRIVADO SOCIEDAD ANONIMA,437,6416,Reseccion total de paladar,14640,94
APOS SANATORIO MAYO PRIVADO SOCIEDAD ANONIMA,437,6419,Reseccion tumoral de nervio periferico,14642,91
APOS SANATORIO MAYO PRIVADO SOCIEDAD ANONIMA,437,6396,Reseccion de plexo hipogastrico por videolaparoscopia,15154,93
APOS SANATORIO MAYO PRIVADO SOCIEDAD ANONIMA,437,6398,Reseccion de queloide,15155,91
APOS SANATORIO MAYO PRIVADO SOCIEDAD ANONIMA,437,6402,Reseccion de tumor de mas de 5 cm,15156,91
APOS SANATORIO MAYO PRIVADO SOCIEDAD ANONIMA,437,6403,Reseccion de tumor de menos de 5 cm,15157,90
APOS SANATORIO MAYO PRIVADO SOCIEDAD ANONIMA,437,6381,Reseccion de epiplon,15298,91
APOS SANATORIO MAYO PRIVADO SOCIEDAD ANONIMA,437,6371,Reseccion pleuro-parietal,15367,93
APOS SANATORIO MAYO PRIVADO SOCIEDAD ANONIMA,437,6401,Reseccion de tabique vaginal,15402,91
APOS SANATORIO MAYO PRIVADO SOCIEDAD ANONIMA,437,6417,Reseccion transuretral de prostata (TUR-P),15430,93
APOS SANATORIO MAYO PRIVADO SOCIEDAD ANONIMA,437,6389,Reseccion de hasta 3 falanges,15459,90
APOS SANATORIO MAYO PRIVADO SOCIEDAD ANONIMA,437,6392,Reseccion de mas de 3 falanges,15460,91
APOS SANATORIO MAYO PRIVADO SOCIEDAD ANONIMA,437,6375,Reseccion de cabeza de radio o cubito,15462,91
APOS SANATORIO MAYO PRIVADO SOCIEDAD ANONIMA,437,6422,Retinografia,14643,89
APOS SANATORIO MAYO PRIVADO SOCIEDAD ANONIMA,437,6426,Retiro de cables endocavitarios,14647,92
APOS SANATORIO MAYO PRIVADO SOCIEDAD ANONIMA,437,6427,Retoque de muñon,14648,91
APOS SANATORIO MAYO PRIVADO SOCIEDAD ANONIMA,437,6428,Retromentonismo no estetico,15162,91
APOS SANATORIO MAYO PRIVADO SOCIEDAD ANONIMA,437,8539,Internacion. Primera o revision.,69389,90
APOS SANATORIO MAYO PRIVADO SOCIEDAD ANONIMA,437,6437,Rino-septumplastia,14657,93
APOS SANATORIO MAYO PRIVADO SOCIEDAD ANONIMA,437,6514,Taponamiento intra-uterino,14711,90
APOS SANATORIO MAYO PRIVADO SOCIEDAD ANONIMA,437,6606,Tratamiento quirurgico del neurinoma del acustico por via optica,14770,95
APOS SANATORIO MAYO PRIVADO SOCIEDAD ANONIMA,437,6440,"Rinoplastia simple, no estetica",15165,90
APOS SANATORIO MAYO PRIVADO SOCIEDAD ANONIMA,437,6442,Rizotomia del ligamento dentado,14658,93
APOS SANATORIO MAYO PRIVADO SOCIEDAD ANONIMA,437,6443,Rizotomia dorsal selectiva,14659,94
APOS SANATORIO MAYO PRIVADO SOCIEDAD ANONIMA,437,6444,Rizotomia retrogaseriana estereotaxica por rf,15270,94
APOS SANATORIO MAYO PRIVADO SOCIEDAD ANONIMA,437,7513,Rizotomia estereotaxica por crioterapia del G de Gasser,15271,98
APOS SANATORIO MAYO PRIVADO SOCIEDAD ANONIMA,437,6445,Safenectomia externa unilateral,14660,92
APOS SANATORIO MAYO PRIVADO SOCIEDAD ANONIMA,437,6446,Safenectomia interna unilateral,14661,92
APOS SANATORIO MAYO PRIVADO SOCIEDAD ANONIMA,437,6449,Salpingolisis / salpingoplastia unilateral,14664,92
APOS SANATORIO MAYO PRIVADO SOCIEDAD ANONIMA,437,6450,Salpingolisis / salpingoplastia unilateral por videolaparoscopia,14665,93
APOS SANATORIO MAYO PRIVADO SOCIEDAD ANONIMA,437,6453,Seccion de frenillo lingual,14667,89
APOS SANATORIO MAYO PRIVADO SOCIEDAD ANONIMA,437,6452,Seccion de aductores con o sin tenotomia,15456,92
APOS SANATORIO MAYO PRIVADO SOCIEDAD ANONIMA,437,6454,Secuelas de paralisis facial en todas sus formas,15169,92
APOS SANATORIO MAYO PRIVADO SOCIEDAD ANONIMA,437,6456,Segmentectomia hepatica,14668,95
APOS SANATORIO MAYO PRIVADO SOCIEDAD ANONIMA,437,6458,Septostomia inter-auricular o ventricular en hemodinamia (tipo Raskind o similares),14670,95
APOS SANATORIO MAYO PRIVADO SOCIEDAD ANONIMA,437,6461,Shunt porto-sistemico transyugular intra-hepatico (TIPS),14673,95
APOS SANATORIO MAYO PRIVADO SOCIEDAD ANONIMA,437,6462,Sialografia,14675,89
APOS SANATORIO MAYO PRIVADO SOCIEDAD ANONIMA,437,6463,Sigmoidectomia,14676,94
APOS SANATORIO MAYO PRIVADO SOCIEDAD ANONIMA,437,6464,Sigmoidectomia por videolaparoscopia,14677,95
APOS SANATORIO MAYO PRIVADO SOCIEDAD ANONIMA,437,6465,Simpatectomia abdominal o lumbar,14678,91
APOS SANATORIO MAYO PRIVADO SOCIEDAD ANONIMA,437,6466,Simpatectomia cervical,14679,92
APOS SANATORIO MAYO PRIVADO SOCIEDAD ANONIMA,437,6467,Simpatectomia lumbar,14680,91
APOS SANATORIO MAYO PRIVADO SOCIEDAD ANONIMA,437,6468,Simpatectomia lumbar o toracica (hiper-hidrosis),14681,93
APOS SANATORIO MAYO PRIVADO SOCIEDAD ANONIMA,437,6470,Simpatectomia periarterial,14683,91
APOS SANATORIO MAYO PRIVADO SOCIEDAD ANONIMA,437,6471,Simpatectomia toracica,14684,93
APOS SANATORIO MAYO PRIVADO SOCIEDAD ANONIMA,437,6473,Sindactilia,14685,91
APOS SANATORIO MAYO PRIVADO SOCIEDAD ANONIMA,437,6474,Sindrome apico-transverso,14686,95
APOS SANATORIO MAYO PRIVADO SOCIEDAD ANONIMA,437,6476,Sinovectomia,14688,91
APOS SANATORIO MAYO PRIVADO SOCIEDAD ANONIMA,437,6478,Sinusotomia esfenoidal,14691,92
APOS SANATORIO MAYO PRIVADO SOCIEDAD ANONIMA,437,6479,Sinusotomia frontal externa (trepanacion del seno frontal),14692,91
APOS SANATORIO MAYO PRIVADO SOCIEDAD ANONIMA,437,6480,Sinusotomia frontal radical por via externa,14693,92
APOS SANATORIO MAYO PRIVADO SOCIEDAD ANONIMA,437,6484,Sinusotomias combinadas por via endoscopica,14697,94
APOS SANATORIO MAYO PRIVADO SOCIEDAD ANONIMA,437,6485,Sinusotomias por via endoscopica,14698,93
APOS SANATORIO MAYO PRIVADO SOCIEDAD ANONIMA,437,6489,Spect cerebral,15172,91
APOS SANATORIO MAYO PRIVADO SOCIEDAD ANONIMA,437,8101,Spect cerebral en niños,15531,91
APOS SANATORIO MAYO PRIVADO SOCIEDAD ANONIMA,437,6490,Suprarrenalectomia laparoscopica unilateral,15385,95
APOS SANATORIO MAYO PRIVADO SOCIEDAD ANONIMA,437,6491,Sutura de conjuntiva,14701,90
APOS SANATORIO MAYO PRIVADO SOCIEDAD ANONIMA,437,6494,Sutura de faringe,14702,92
APOS SANATORIO MAYO PRIVADO SOCIEDAD ANONIMA,437,6497,Sutura de lengua,14705,90
APOS SANATORIO MAYO PRIVADO SOCIEDAD ANONIMA,437,6498,Sutura de vasos perifericos,14706,92
APOS SANATORIO MAYO PRIVADO SOCIEDAD ANONIMA,437,6500,Sutura del paladar,14707,90
APOS SANATORIO MAYO PRIVADO SOCIEDAD ANONIMA,437,6499,Sutura del pabellon auricular,15491,90
APOS SANATORIO MAYO PRIVADO SOCIEDAD ANONIMA,437,6493,Sutura de encia,15495,90
APOS SANATORIO MAYO PRIVADO SOCIEDAD ANONIMA,437,6492,Sutura de cornea,15525,91
APOS SANATORIO MAYO PRIVADO SOCIEDAD ANONIMA,437,6513,Taponaje anterior y/o posterior,14710,89
APOS SANATORIO MAYO PRIVADO SOCIEDAD ANONIMA,437,6515,Tarsorrafia,15179,90
APOS SANATORIO MAYO PRIVADO SOCIEDAD ANONIMA,437,6516,Telecanto,15180,92
APOS SANATORIO MAYO PRIVADO SOCIEDAD ANONIMA,437,6517,Tenolisis (hasta 3 tendones),14712,91
APOS SANATORIO MAYO PRIVADO SOCIEDAD ANONIMA,437,6518,Tenolisis o tenorrafia (4 o mas tendones),14713,92
APOS SANATORIO MAYO PRIVADO SOCIEDAD ANONIMA,437,6520,Tenoplastia simple (hasta 3 tendones),14714,92
APOS SANATORIO MAYO PRIVADO SOCIEDAD ANONIMA,437,6519,Tenoplastia multiple (mas de 3 tendones),15452,93
APOS SANATORIO MAYO PRIVADO SOCIEDAD ANONIMA,437,6521,Tenorrafia (hasta 3 tendones),14715,91
APOS SANATORIO MAYO PRIVADO SOCIEDAD ANONIMA,437,6522,Tenorrafia del tendon de aquiles o rotuliano,14716,91
APOS SANATORIO MAYO PRIVADO SOCIEDAD ANONIMA,437,6524,Tenotomia simple,14717,90
APOS SANATORIO MAYO PRIVADO SOCIEDAD ANONIMA,437,6523,Tenotomia multiple,15450,91
APOS SANATORIO MAYO PRIVADO SOCIEDAD ANONIMA,437,6554,Toma de tension ocular,14731,89
APOS SANATORIO MAYO PRIVADO SOCIEDAD ANONIMA,437,6511,Tens (maximo seis sesiones al mes),15181,89
APOS SANATORIO MAYO PRIVADO SOCIEDAD ANONIMA,437,8545,Quimioterapia intratecal,69395,94
APOS SANATORIO MAYO PRIVADO SOCIEDAD ANONIMA,437,6525,Terapia sistemica del dolor postoperatorio ( todo el periodo),15182,90
APOS SANATORIO MAYO PRIVADO SOCIEDAD ANONIMA,437,6540,Test de duccion forzada y fuerza generada,14718,89
APOS SANATORIO MAYO PRIVADO SOCIEDAD ANONIMA,437,6539,"Test de Opioide, Baclofren, etc, intratecal",15249,91
APOS SANATORIO MAYO PRIVADO SOCIEDAD ANONIMA,437,6630,Tumor de testiculo,15409,91
APOS SANATORIO MAYO PRIVADO SOCIEDAD ANONIMA,437,6541,Timectomia por miastenia gravis,14719,94
APOS SANATORIO MAYO PRIVADO SOCIEDAD ANONIMA,437,6543,Timpanoplastia,14721,93
APOS SANATORIO MAYO PRIVADO SOCIEDAD ANONIMA,437,6544,Tiroidectomia por via endoscopica,14722,94
APOS SANATORIO MAYO PRIVADO SOCIEDAD ANONIMA,437,6545,Tiroidectomia total,14723,93
APOS SANATORIO MAYO PRIVADO SOCIEDAD ANONIMA,437,6546,Tiroidectomia total con vaciamiento cervical,14724,94
APOS SANATORIO MAYO PRIVADO SOCIEDAD ANONIMA,437,6547,Tiroidectomia total con vaciamiento cervical por via endoscopica,14725,95
APOS SANATORIO MAYO PRIVADO SOCIEDAD ANONIMA,437,6548,Toilette quirurgico con debridamiento,14726,90
APOS SANATORIO MAYO PRIVADO SOCIEDAD ANONIMA,437,6549,Toilette quirurgico de columna,14727,92
APOS SANATORIO MAYO PRIVADO SOCIEDAD ANONIMA,437,6551,Toillete quirurgica,14728,89
APOS SANATORIO MAYO PRIVADO SOCIEDAD ANONIMA,437,6555,Tomografia computada de ojo,15521,90
APOS SANATORIO MAYO PRIVADO SOCIEDAD ANONIMA,437,6556,Toracoplastia,14732,92
APOS SANATORIO MAYO PRIVADO SOCIEDAD ANONIMA,437,6509,"TAC de torax, con o sin contraste",15177,91
APOS SANATORIO MAYO PRIVADO SOCIEDAD ANONIMA,437,6558,Torticolis congenita,15486,94
APOS SANATORIO MAYO PRIVADO SOCIEDAD ANONIMA,437,6561,Traccion esqueletica,15435,89
APOS SANATORIO MAYO PRIVADO SOCIEDAD ANONIMA,437,6560,Traccion de partes blandas,15453,89
APOS SANATORIO MAYO PRIVADO SOCIEDAD ANONIMA,437,6562,Tractotomia,15535,94
APOS SANATORIO MAYO PRIVADO SOCIEDAD ANONIMA,437,6563,Transferencias tendinosas (mas de 3 tendones),14735,93
APOS SANATORIO MAYO PRIVADO SOCIEDAD ANONIMA,437,6564,Transferencias tendinosas (trasplante y alargamiento) en miembro superior o inferior (hasta 3 tendones),14736,92
APOS SANATORIO MAYO PRIVADO SOCIEDAD ANONIMA,437,6565,Transposicion de nervio periferico,14737,92
APOS SANATORIO MAYO PRIVADO SOCIEDAD ANONIMA,437,6566,Transposicion de tendones en miembro superior o miembro inferior,14738,93
APOS SANATORIO MAYO PRIVADO SOCIEDAD ANONIMA,437,6567,Transposicion del cubital,14739,91
APOS SANATORIO MAYO PRIVADO SOCIEDAD ANONIMA,437,6568,Traqueoplastia,14740,94
APOS SANATORIO MAYO PRIVADO SOCIEDAD ANONIMA,437,6569,Traqueorrafia,14742,92
APOS SANATORIO MAYO PRIVADO SOCIEDAD ANONIMA,437,6571,Traqueostomia o traqueotomia como unica intervencion,14744,91
APOS SANATORIO MAYO PRIVADO SOCIEDAD ANONIMA,437,6570,Traqueostomia como unica intervencion,15190,91
APOS SANATORIO MAYO PRIVADO SOCIEDAD ANONIMA,437,6572,Traqueostomia percutanea,15383,91
APOS SANATORIO MAYO PRIVADO SOCIEDAD ANONIMA,437,6574,Trasplante de corazon y pulmon,14745,108
APOS SANATORIO MAYO PRIVADO SOCIEDAD ANONIMA,437,6578,Trasplante de pancreas,14746,106
APOS SANATORIO MAYO PRIVADO SOCIEDAD ANONIMA,437,6579,Trasplante hepatico,14747,107
APOS SANATORIO MAYO PRIVADO SOCIEDAD ANONIMA,437,6584,Trasplante oseo intercalares,14752,94
APOS SANATORIO MAYO PRIVADO SOCIEDAD ANONIMA,437,6585,Trasplante oseo osteo-articulares,14753,94
APOS SANATORIO MAYO PRIVADO SOCIEDAD ANONIMA,437,6586,Trasplante pulmonar,14754,106
APOS SANATORIO MAYO PRIVADO SOCIEDAD ANONIMA,437,6587,Trasplante renal,14755,96
APOS SANATORIO MAYO PRIVADO SOCIEDAD ANONIMA,437,6588,Trasplante reno-pancreatico,14756,107
APOS SANATORIO MAYO PRIVADO SOCIEDAD ANONIMA,437,6589,Trasplante y alargamiento (hasta 3 tendones),14757,92
APOS SANATORIO MAYO PRIVADO SOCIEDAD ANONIMA,437,6590,Trasplante y alargamiento (mas de 3 tendones),14758,93
APOS SANATORIO MAYO PRIVADO SOCIEDAD ANONIMA,437,6573,Trasplante de corazon,15191,106
APOS SANATORIO MAYO PRIVADO SOCIEDAD ANONIMA,437,6575,Trasplante de corazon-pulmon,15192,108
APOS SANATORIO MAYO PRIVADO SOCIEDAD ANONIMA,437,6576,Trasplante de corazon-riñon,15193,107
APOS SANATORIO MAYO PRIVADO SOCIEDAD ANONIMA,437,6577,Trasplante de medula osea,15257,92
APOS SANATORIO MAYO PRIVADO SOCIEDAD ANONIMA,437,6594,Tratamiento de las varices esofagicas (bandas / escleroris / balon),14762,91
APOS SANATORIO MAYO PRIVADO SOCIEDAD ANONIMA,437,6600,Tratamiento endovascular de arterias uterinas,14767,94
APOS SANATORIO MAYO PRIVADO SOCIEDAD ANONIMA,437,6607,Tratamiento quirurgico del onfalocele,14771,94
APOS SANATORIO MAYO PRIVADO SOCIEDAD ANONIMA,437,6608,"Tratamiento sistemico del dolor, por dia de tratamiento",15209,89
APOS SANATORIO MAYO PRIVADO SOCIEDAD ANONIMA,437,6510,TAC tridimensional,15178,91
APOS SANATORIO MAYO PRIVADO SOCIEDAD ANONIMA,437,6720,Trombectomia Intracraneal Por Hemodinamia,60871,96
APOS SANATORIO MAYO PRIVADO SOCIEDAD ANONIMA,437,6609,Trombectomia venosa profunda,14772,93
APOS SANATORIO MAYO PRIVADO SOCIEDAD ANONIMA,437,6611,Trombosis hemorroidal,14774,90
APOS SANATORIO MAYO PRIVADO SOCIEDAD ANONIMA,437,6612,Trombosis mesenterica,14775,93
APOS SANATORIO MAYO PRIVADO SOCIEDAD ANONIMA,437,5752,Extrirpacion de tumor oseo (mas de 5 cm),14170,91
APOS SANATORIO MAYO PRIVADO SOCIEDAD ANONIMA,437,5753,Extrirpacion de tumor oseo (menos de 5 cm),14171,90
APOS SANATORIO MAYO PRIVADO SOCIEDAD ANONIMA,437,6613,Tumor benigno de ano,14776,91
APOS SANATORIO MAYO PRIVADO SOCIEDAD ANONIMA,437,6615,Tumor benigno de vulva,14777,89
APOS SANATORIO MAYO PRIVADO SOCIEDAD ANONIMA,437,6616,Tumor beningo de vagina,14778,90
APOS SANATORIO MAYO PRIVADO SOCIEDAD ANONIMA,437,6617,Tumor cerebral intracraneal (mas de 8 horas de duracion),14779,98
APOS SANATORIO MAYO PRIVADO SOCIEDAD ANONIMA,437,6618,Tumor cerebral intracraneal (menos de 8 horas de duracion),14780,98
APOS SANATORIO MAYO PRIVADO SOCIEDAD ANONIMA,437,6620,Tumor de fosa posterior (mas de 8 horas de duracion),14782,98
APOS SANATORIO MAYO PRIVADO SOCIEDAD ANONIMA,437,6621,Tumor de fosa posterior (menos de 8 horas de duracion),14783,98
APOS SANATORIO MAYO PRIVADO SOCIEDAD ANONIMA,437,6622,Tumor de hipofisis (mas de 8 horas de duracion),14784,98
APOS SANATORIO MAYO PRIVADO SOCIEDAD ANONIMA,437,6623,Tumor de hipofisis (menos de 8 horas de duracion),14785,98
APOS SANATORIO MAYO PRIVADO SOCIEDAD ANONIMA,437,6624,Tumor de la pared costal,14786,91
APOS SANATORIO MAYO PRIVADO SOCIEDAD ANONIMA,437,6625,Tumor de la pared costal por videotoracoscopia,14787,92
APOS SANATORIO MAYO PRIVADO SOCIEDAD ANONIMA,437,6627,Tumor de ovario,14788,92
APOS SANATORIO MAYO PRIVADO SOCIEDAD ANONIMA,437,6629,Tumor de partes blandas,14790,90
APOS SANATORIO MAYO PRIVADO SOCIEDAD ANONIMA,437,6633,Tumor fibroso de pie,14791,90
APOS SANATORIO MAYO PRIVADO SOCIEDAD ANONIMA,437,6634,Tumor retroperitoneal,14792,94
APOS SANATORIO MAYO PRIVADO SOCIEDAD ANONIMA,437,6635,Tumor retroperitoneal por videolaparoscopia,14793,95
APOS SANATORIO MAYO PRIVADO SOCIEDAD ANONIMA,437,6638,Tumores mediastinales a cielo abierto,14794,94
APOS SANATORIO MAYO PRIVADO SOCIEDAD ANONIMA,437,6639,Tumores mediastinales por toracoscopia,14795,95
APOS SANATORIO MAYO PRIVADO SOCIEDAD ANONIMA,437,6632,Tumor del hueco supra-clavicular,15196,91
APOS SANATORIO MAYO PRIVADO SOCIEDAD ANONIMA,437,6636,Tumoracion cardiaca con CEC (tumor de auricula y/o ventriculo; tipo mixoma o similares),15283,98
APOS SANATORIO MAYO PRIVADO SOCIEDAD ANONIMA,437,6631,Tumor del glomus carotideo,15540,95
APOS SANATORIO MAYO PRIVADO SOCIEDAD ANONIMA,437,6640,Turbinectomia parcial o completa simple (unica o muliple),14796,92
APOS SANATORIO MAYO PRIVADO SOCIEDAD ANONIMA,437,6642,Turbinectomia video-endoscopica,14798,93
APOS SANATORIO MAYO PRIVADO SOCIEDAD ANONIMA,437,6645,Ureterolitotomia,14800,92
APOS SANATORIO MAYO PRIVADO SOCIEDAD ANONIMA,437,6675,Video cisto-ureteroscopia,14823,90
APOS SANATORIO MAYO PRIVADO SOCIEDAD ANONIMA,437,6646,Ureteroscopia,15420,89
APOS SANATORIO MAYO PRIVADO SOCIEDAD ANONIMA,437,6647,Ureterostomia,15424,91
APOS SANATORIO MAYO PRIVADO SOCIEDAD ANONIMA,437,6648,Uretro-cisto-fibroscopia,14801,90
APOS SANATORIO MAYO PRIVADO SOCIEDAD ANONIMA,437,6649,Uretrografia,14802,89
APOS SANATORIO MAYO PRIVADO SOCIEDAD ANONIMA,437,6650,Uretrorrafia,14803,90
APOS SANATORIO MAYO PRIVADO SOCIEDAD ANONIMA,437,6651,Uretrotomia interna / uretroscopia,14804,89
APOS SANATORIO MAYO PRIVADO SOCIEDAD ANONIMA,437,5941,Laringuectomia radical con vaciamiento cervical,14311,95
APOS SANATORIO MAYO PRIVADO SOCIEDAD ANONIMA,437,6655,Vaciamiento inguino-abdominal convencional,14807,93
APOS SANATORIO MAYO PRIVADO SOCIEDAD ANONIMA,437,6656,Vaciamiento inguino-abdominal o inguino-escrotal por video,14808,94
APOS SANATORIO MAYO PRIVADO SOCIEDAD ANONIMA,437,6657,Vaciamiento inguino-escrotal convencional,14809,93
APOS SANATORIO MAYO PRIVADO SOCIEDAD ANONIMA,437,6696,Vulvectomia con vaciamiento ganglionar,14841,94
APOS SANATORIO MAYO PRIVADO SOCIEDAD ANONIMA,437,6654,Vaciamiento ganglionar lumbo-aortico,15197,94
APOS SANATORIO MAYO PRIVADO SOCIEDAD ANONIMA,437,6658,Vaciamiento radical unilateral de cuello,15199,93
APOS SANATORIO MAYO PRIVADO SOCIEDAD ANONIMA,437,6659,Vagotomia / vagotomia selectiva / gastropexia,14811,92
APOS SANATORIO MAYO PRIVADO SOCIEDAD ANONIMA,437,6660,Vagotomia por videolaparoscopia,14812,93
APOS SANATORIO MAYO PRIVADO SOCIEDAD ANONIMA,437,6661,Valvuloplastia aortica / pulmonar / tricuspidea / mitral / en hemodinamia,14813,95
APOS SANATORIO MAYO PRIVADO SOCIEDAD ANONIMA,437,6662,Valvuloplastia mitral / tricuspidea / aortica / pulmonar,15200,95
APOS SANATORIO MAYO PRIVADO SOCIEDAD ANONIMA,437,7534,Valvuloplastia aortica / pulmonar / tricuspidea / mitral / en hemodinamia en el recien nacido,15548,98
APOS SANATORIO MAYO PRIVADO SOCIEDAD ANONIMA,437,6663,Vaporizacion prostatica por plasma (TURis) (hiperplasia benigna de prostata),14814,93
APOS SANATORIO MAYO PRIVADO SOCIEDAD ANONIMA,437,6652,Varicocele,14805,90
APOS SANATORIO MAYO PRIVADO SOCIEDAD ANONIMA,437,6665,Varicocele pelviano,14816,91
APOS SANATORIO MAYO PRIVADO SOCIEDAD ANONIMA,437,6666,Vasectomia,15407,91
APOS SANATORIO MAYO PRIVADO SOCIEDAD ANONIMA,437,6049,Neo-vejiga a cielo abierto,14397,95
APOS SANATORIO MAYO PRIVADO SOCIEDAD ANONIMA,437,6667,Ventana pleuro-pericardica,14817,94
APOS SANATORIO MAYO PRIVADO SOCIEDAD ANONIMA,437,6668,Ventana pleuro-pericardica por video,14818,95
APOS SANATORIO MAYO PRIVADO SOCIEDAD ANONIMA,437,6669,Ventriculo-cisternotomia,14819,94
APOS SANATORIO MAYO PRIVADO SOCIEDAD ANONIMA,437,6670,Ventriculo-cisternotomia videoasistida,14820,95
APOS SANATORIO MAYO PRIVADO SOCIEDAD ANONIMA,437,6721,VERTEBROPLASTIA CONVENCIONAL,60872,91
APOS SANATORIO MAYO PRIVADO SOCIEDAD ANONIMA,437,6671,Vertebroplastia percutanea (1 Vertebra),14821,94
APOS SANATORIO MAYO PRIVADO SOCIEDAD ANONIMA,437,6672,Vertebroplastia percutanea (2 o mas vertebras),14822,95
APOS SANATORIO MAYO PRIVADO SOCIEDAD ANONIMA,437,6366,Videoartroscopia Compleja de Rodilla,14608,94
APOS SANATORIO MAYO PRIVADO SOCIEDAD ANONIMA,437,6676,"Video-artroscopia compleja (hombro, codo, tobillo)",14824,93
APOS SANATORIO MAYO PRIVADO SOCIEDAD ANONIMA,437,6678,Video-artroscopia de hombro / codo,14827,93
APOS SANATORIO MAYO PRIVADO SOCIEDAD ANONIMA,437,6679,Video-artroscopia de tobillo,14828,93
APOS SANATORIO MAYO PRIVADO SOCIEDAD ANONIMA,437,6680,Video-artroscopia simple de rodilla (incluye menisectomia artroscopica de rodilla),14829,93
APOS SANATORIO MAYO PRIVADO SOCIEDAD ANONIMA,437,6682,Video-cistoscopia,14831,90
APOS SANATORIO MAYO PRIVADO SOCIEDAD ANONIMA,437,6687,Videobroncofibroscopia,14834,91
APOS SANATORIO MAYO PRIVADO SOCIEDAD ANONIMA,437,6690,Videolaparoscopia terapeutica,14837,93
APOS SANATORIO MAYO PRIVADO SOCIEDAD ANONIMA,437,6694,Videotoracoscopia convertida a via convencional,14839,95
APOS SANATORIO MAYO PRIVADO SOCIEDAD ANONIMA,437,7604,Video artroscopia simple de hombro,15443,92
APOS SANATORIO MAYO PRIVADO SOCIEDAD ANONIMA,437,7605,Video artroscopia simple de muñeca,15444,92
APOS SANATORIO MAYO PRIVADO SOCIEDAD ANONIMA,437,7606,Video artroscopia compleja de muñeca,15446,93
APOS SANATORIO MAYO PRIVADO SOCIEDAD ANONIMA,437,7607,Video artroscopia compleja de hombro,15447,93
APOS SANATORIO MAYO PRIVADO SOCIEDAD ANONIMA,437,6697,Vulvectomia simple,14842,91
APOS SANATORIO MAYO PRIVADO SOCIEDAD ANONIMA,437,6698,Yeyunostomia,15325,91
APOS SANATORIO MAYO PRIVADO SOCIEDAD ANONIMA,437,6202,Pie zambo / varo / equino supinado,14493,92
PROVINCIA ART DESDE 01.05.22,420,6689,Videolaparoscopia exploradora de abdomen,14836,92
PROVINCIA ART DESDE 01.05.22,420,6692,Videolaparoscopia terapeutica de abdomen,14838,93
PROVINCIA ART DESDE 01.05.22,420,5975,"Lipoaspiracion (cadera, muslo, abdomen) (hasta 2 zonas)",15037,93
PROVINCIA ART DESDE 01.05.22,420,5976,"Lipoaspiracion (cadera, muslo, abdomen) (mas de 2 zonas)",15038,94
PROVINCIA ART DESDE 01.05.22,420,5979,Liposuccion de abdomen,15039,93
PROVINCIA ART DESDE 01.05.22,420,6506,"TAC de abdomen, con o sin contraste",15174,91
PROVINCIA ART DESDE 01.05.22,420,5002,Abdominoplastia,14843,94
PROVINCIA ART DESDE 01.05.22,420,5004,Ablacion por radiofrecuencia de arritmias complejas (tipo fibrilacion auricular),13645,98
PROVINCIA ART DESDE 01.05.22,420,5005,Ablacion por radiofrecuencia de arritmias simples (tipo haz de His),13646,95
PROVINCIA ART DESDE 01.05.22,420,6187,Patelectomia (ablacion de la rotula),14480,91
PROVINCIA ART DESDE 01.05.22,420,5003,Ablacion de corazon,14844,95
PROVINCIA ART DESDE 01.05.22,420,5083,Anestesiologo en ablacion de organos,14864,92
PROVINCIA ART DESDE 01.05.22,420,6053,Neuroablacion aferentes articulacion de cadera con Rf,15056,93
PROVINCIA ART DESDE 01.05.22,420,7532,Ablacion por radiofrecuencia de arritmias con navegador de impedancia,15546,95
PROVINCIA ART DESDE 01.05.22,420,5006,Abocamiento del ureter a piel,13647,92
PROVINCIA ART DESDE 01.05.22,420,5007,Aborto del segundo trimestre con mecanismo de parto seguido o no de legrado,13648,91
PROVINCIA ART DESDE 01.05.22,420,5009,Absceso de mama / drenaje unilateral,13649,89
PROVINCIA ART DESDE 01.05.22,420,5010,Absceso de pancreas,13650,92
PROVINCIA ART DESDE 01.05.22,420,5011,Absceso de pared,13651,89
PROVINCIA ART DESDE 01.05.22,420,5012,Absceso de parpado,13652,89
PROVINCIA ART DESDE 01.05.22,420,5014,Absceso perianal,13653,89
PROVINCIA ART DESDE 01.05.22,420,5015,Absceso perirectal,13654,91
PROVINCIA ART DESDE 01.05.22,420,5540,Drenaje de absceso de glandula de Bartholino,14011,89
PROVINCIA ART DESDE 01.05.22,420,5542,Drenaje de absceso hepatico guiado por ecografia,14012,91
PROVINCIA ART DESDE 01.05.22,420,5544,Drenaje de absceso subfrenico,14014,91
PROVINCIA ART DESDE 01.05.22,420,5545,Drenaje de absceso subfrenico por via laparoscopica,14015,93
PROVINCIA ART DESDE 01.05.22,420,5546,Drenaje de absceso testicular,14016,89
PROVINCIA ART DESDE 01.05.22,420,5547,Drenaje de absceso y/o quiste pancreatico guiado por ecografia,14017,91
PROVINCIA ART DESDE 01.05.22,420,5894,"Incision y drenaje de laringe, absceso, pericondritis, etc.",14283,92
PROVINCIA ART DESDE 01.05.22,420,5896,Incision y drenaje de paladar (absceso),14284,90
PROVINCIA ART DESDE 01.05.22,420,5950,"Lesion local de pulmon (absceso, tumor)",14321,93
PROVINCIA ART DESDE 01.05.22,420,5541,Drenaje de absceso en cabeza y/o cuello,14970,90
PROVINCIA ART DESDE 01.05.22,420,5543,"Drenaje de absceso o hematoma, excepto en cabeza y cuello",14971,89
PROVINCIA ART DESDE 01.05.22,420,8107,Absceso de higado,15303,92
PROVINCIA ART DESDE 01.05.22,420,5013,Absceso gluteo,15469,89
PROVINCIA ART DESDE 01.05.22,420,5814,Glosotomia con drenaje de absceso o hematoma,15497,90
PROVINCIA ART DESDE 01.05.22,420,6135,"Osteoplastia / osteosintesis en: pseudo-artrosis, consolidacion viciosa, acortamiento, alargamiento, injerto de huesos",69350,93
PROVINCIA ART DESDE 01.05.22,420,5016,Acortamiento de metatarsianos,13655,91
PROVINCIA ART DESDE 01.05.22,420,6136,"Osteoplastia de tibia y/o perone: alargamiento, acortamiento / pseudoartrosis / consolidacion viciosa / injerto de huesos.",15476,93
PROVINCIA ART DESDE 01.05.22,420,5017,Acromioplastia,13656,92
PROVINCIA ART DESDE 01.05.22,420,6379,"Reseccion de clavicula o acromion, acromioplastia",14615,92
PROVINCIA ART DESDE 01.05.22,420,5018,Acupuntura por sesion,14845,89
PROVINCIA ART DESDE 01.05.22,420,5019,"Acupuntura, acupuntura laser o electroacupuntura, por sesion, maximo 6",14846,89
PROVINCIA ART DESDE 01.05.22,420,5021,Adenomastectomia unilateral,13657,92
PROVINCIA ART DESDE 01.05.22,420,5023,Adrenalectomia unilateral,13658,94
PROVINCIA ART DESDE 01.05.22,420,5574,Embolizacion o alcoholizacion coronaria,14040,93
PROVINCIA ART DESDE 01.05.22,420,5024,Alcoholizacion o fenolizacion de dos nervios perifericos,14847,91
PROVINCIA ART DESDE 01.05.22,420,5025,Alcoholizacion o fenolizacion de mas de dos nervios perifericos,14848,92
PROVINCIA ART DESDE 01.05.22,420,5026,Alcoholizacion o fenolizacion de par craneal (no V par),14849,93
PROVINCIA ART DESDE 01.05.22,420,5028,Alcoholizacion o fenolizacion de rama secundaria de par craneal,14850,92
PROVINCIA ART DESDE 01.05.22,420,5032,"Alcoholizacion o fenolizacion peridural, cervical, dorsal o lumbar",14851,94
PROVINCIA ART DESDE 01.05.22,420,5035,Alcoholizacion o fenolizacion rama primaria de V par,14852,94
PROVINCIA ART DESDE 01.05.22,420,5036,"Alcoholizacion o fenolizacion subaracnoidea cervical, dorsal o lumbar",14853,95
PROVINCIA ART DESDE 01.05.22,420,5037,Amigdalectomia y/o adenoidectomia,13659,92
PROVINCIA ART DESDE 01.05.22,420,5038,Amigdalectomia y/o adenoidectomia por radiofrecuencia,13660,93
PROVINCIA ART DESDE 01.05.22,420,5827,Hemorragia post-adeno-amigdalectomia,14226,91
PROVINCIA ART DESDE 01.05.22,420,6400,Reseccion de resto de amigdalectomia y/o resto de adeno-amigdalectomia,14630,91
PROVINCIA ART DESDE 01.05.22,420,7609,Amigdalectomia  mas septumplastia,15508,94
PROVINCIA ART DESDE 01.05.22,420,7610,Amigdalectomia  mas miringoplastia,15509,94
PROVINCIA ART DESDE 01.05.22,420,7611,Amigdalectomia  mas colocacion de TTT,15510,94
PROVINCIA ART DESDE 01.05.22,420,7529,Amigdalectomia  mas septumplastia mas colocacion de TTT,15511,95
PROVINCIA ART DESDE 01.05.22,420,7530,Amigdalectomia  mas septumplastia mas miringoplastia,15512,95
PROVINCIA ART DESDE 01.05.22,420,5039,Amniocentesis,13662,90
PROVINCIA ART DESDE 01.05.22,420,5041,Amputacion de antebrazo,13663,95
PROVINCIA ART DESDE 01.05.22,420,5042,Amputacion de brazo,13664,95
PROVINCIA ART DESDE 01.05.22,420,5043,Amputacion de cuello como unico procedimiento,13665,90
PROVINCIA ART DESDE 01.05.22,420,5044,Amputacion de dedo,13666,90
PROVINCIA ART DESDE 01.05.22,420,5045,Amputacion de hasta 2 dedos del pie,13667,90
PROVINCIA ART DESDE 01.05.22,420,5046,Amputacion de mano,13668,95
PROVINCIA ART DESDE 01.05.22,420,5047,Amputacion de mas de 2 dedos del pie,13669,91
PROVINCIA ART DESDE 01.05.22,420,5048,Amputacion de mas de 3 dedos,13670,91
PROVINCIA ART DESDE 01.05.22,420,5049,Amputacion de menos de 3 dedos,13671,90
PROVINCIA ART DESDE 01.05.22,420,5050,"Amputacion de muslo, pie o antepie",13672,92
PROVINCIA ART DESDE 01.05.22,420,5053,Amputacion de pierna (supracondilea),13673,92
PROVINCIA ART DESDE 01.05.22,420,5054,Amputacion inter-ilio-abdominal,13674,95
PROVINCIA ART DESDE 01.05.22,420,5055,Amputacion inter-ilio-femoral,13675,94
PROVINCIA ART DESDE 01.05.22,420,5056,Amputacion parcial o total de pene,13676,92
PROVINCIA ART DESDE 01.05.22,420,5997,Mastectomia unilateral (amputacion simple de mama),14358,92
PROVINCIA ART DESDE 01.05.22,420,5051,Amputacion de oreja,14854,91
PROVINCIA ART DESDE 01.05.22,420,5462,Crioneurolisis de neuroma de amputacion,14955,92
PROVINCIA ART DESDE 01.05.22,420,5040,Amputacion abdomino-perineal (operacion de Miles o similares) (se reseca recto y ano y se deja colosto- mia definitiva en FII),15359,95
PROVINCIA ART DESDE 01.05.22,420,5052,Amputacion de pie,15473,92
PROVINCIA ART DESDE 01.05.22,420,8500,"Analgesia peridural, lumbar o toracica, colocacion de cateter, puesta en marcha de la infusion. Dia 0",66589,92
PROVINCIA ART DESDE 01.05.22,420,8503,"Analgesia peridural continua, con bomba, control dias subsiguientes a la colocacion. Hasta 72 hs. Por dia.",69333,90
PROVINCIA ART DESDE 01.05.22,420,8504,"Analgesia peridural continua, sin bomba, control dias subsiguientes a la colocacion. Hasta 72 hs. Por dia.",69334,89
PROVINCIA ART DESDE 01.05.22,420,8505,"Analgesia intratecal, controles dias subsiguientes. Por dia (hasta 48 hs)",69355,91
PROVINCIA ART DESDE 01.05.22,420,8506,"Analgesia intratecal, dosis unica, colocacion",69356,91
PROVINCIA ART DESDE 01.05.22,420,8516,"Analgesia sistemica continua, sin PCA, instalacion y puesta en marcha",69366,90
PROVINCIA ART DESDE 01.05.22,420,8533,Control diario de analgesia sistemica sin bomba de infusion por dia,69383,90
PROVINCIA ART DESDE 01.05.22,420,5057,Analgesia / anestesia raquidea o peridural en periodo expulsivo,13677,92
PROVINCIA ART DESDE 01.05.22,420,5061,"Analgesia regional continua , primer dia cateter. Incluye colocacion de",14855,92
PROVINCIA ART DESDE 01.05.22,420,5062,Analgesia regional continua c/24 hs o fraccion siguiente,14856,89
PROVINCIA ART DESDE 01.05.22,420,5066,Analgesia regional continua con colocacion de cateter: 1ras 24 hs o fraccion siguiente,14857,91
PROVINCIA ART DESDE 01.05.22,420,5067,"Analgesia regional continua, dias siguientes, por dia",14858,89
PROVINCIA ART DESDE 01.05.22,420,5069,Analgesia regional por bloqueo subaracnoideo con fenol o similar,14859,90
PROVINCIA ART DESDE 01.05.22,420,5077,Anestesia o sedacion-analgesia para fenolizacion de plexo vegetativo,14860,91
PROVINCIA ART DESDE 01.05.22,420,5078,Anestesia o sedacion-analgesia para termolesion por rf,14861,92
PROVINCIA ART DESDE 01.05.22,420,5143,Barbotaje de liquido cefaloraquideo / crioanalgesia,14873,90
PROVINCIA ART DESDE 01.05.22,420,5220,"Bloqueo periferico para analgesia postquirurgica: interescalencio, infraclavicular, femoral, ciatico, etc.",14905,91
PROVINCIA ART DESDE 01.05.22,420,6012,"Medicacion sistemica antalgica (neuroleptoanalgesia, agripnianalgesia): 1ras 24 hs o fraccion",15051,90
PROVINCIA ART DESDE 01.05.22,420,6013,"Medicacion sistemica antalgica (neuroleptoanalgesia, agripnianalgesia): c/24hs o fraccion sig.",15204,89
PROVINCIA ART DESDE 01.05.22,420,5059,Analgesia continua sistemica con o sin Pca. Controles,15208,89
PROVINCIA ART DESDE 01.05.22,420,5064,"Analgesia regional continua con bomba de infusion para SDRC, (DSR) dias subsiguientes",15212,89
PROVINCIA ART DESDE 01.05.22,420,5076,"Anestesia o sedacion-analgesia para bloqueos diagnosticos, corticoides",15216,90
PROVINCIA ART DESDE 01.05.22,420,5058,Analgesia continua sistemica con o sin Pca. instalacion y primer dia de tratamiento,15218,90
PROVINCIA ART DESDE 01.05.22,420,5879,Implante de cateter tunelizado para analgesia postop. o de corta duracion,15250,91
PROVINCIA ART DESDE 01.05.22,420,5063,"Analgesia regional continua con bomba de infusion para SDRC, (DSR) colocacion y primer dia",15251,92
PROVINCIA ART DESDE 01.05.22,420,7518,Adesiolisis radicular segun Raez. No incluye honorarios por analgesia,15281,95
PROVINCIA ART DESDE 01.05.22,420,5060,Analgesia durante el trabajo de parto (peridural continua o perfusion de remifentanilo) menos de 90 minutos,15403,92
PROVINCIA ART DESDE 01.05.22,420,5070,Anastomosis bilio-digestiva con o sin colecistectomia,13678,94
PROVINCIA ART DESDE 01.05.22,420,5071,Anastomosis de conducto deferente,13679,90
PROVINCIA ART DESDE 01.05.22,420,5072,Anastomosis pancreato-digestiva,13680,93
PROVINCIA ART DESDE 01.05.22,420,5073,Anastomosis porto-cava o espleno-renal,13681,95
PROVINCIA ART DESDE 01.05.22,420,5074,Anastomosis termino-terminal,13682,92
PROVINCIA ART DESDE 01.05.22,420,5075,Anastomosis uretero-sigmoidea,13683,93
PROVINCIA ART DESDE 01.05.22,420,5358,Coledoco-duodeno-anastomosis,13878,93
PROVINCIA ART DESDE 01.05.22,420,5428,"Correccion de fistula biliar con anastomosis bilio-digestiva, con o sin colecistectomia",13930,94
PROVINCIA ART DESDE 01.05.22,420,5479,Dacrio-cistorrinoanastomosis,13963,93
PROVINCIA ART DESDE 01.05.22,420,5769,Fistula uretero-vaginal con anastomosis uretero-vesical,14183,94
PROVINCIA ART DESDE 01.05.22,420,5774,Fistula vesico-utero-vaginal con anastomosis uretero-intestinal,14188,94
PROVINCIA ART DESDE 01.05.22,420,5801,Gastroenteroanastomosis,14203,93
PROVINCIA ART DESDE 01.05.22,420,5916,Injerto y/o anastomosis facial / hipogloso o similar,14294,92
PROVINCIA ART DESDE 01.05.22,420,5658,Examen ginecologico bajo anestesia,69298,89
PROVINCIA ART DESDE 01.05.22,420,8501,"Bloqueo peridural con anestesia local, opioides y/o corticoides (lumbar, Dorsal o Caudal)",69326,91
PROVINCIA ART DESDE 01.05.22,420,8502,"Bloqueo peridural con anestesia local, opioides y/o corticoides (lumbar, Dorsal o Caudal) bajo radioscopia",69327,92
PROVINCIA ART DESDE 01.05.22,420,8655,Anestesia para implante transitorio/definitivo de bomba intratecal (estimulador medular),71246,94
PROVINCIA ART DESDE 01.05.22,420,5079,Anestesia para neurotomia (facial / glosofaringeo / neumogastrico),13684,91
PROVINCIA ART DESDE 01.05.22,420,5080,Anestesia para neurotomia (infra o supraorbitaria / suboccipital / temporal superior),13685,91
PROVINCIA ART DESDE 01.05.22,420,5657,Examen gineco-obstetrico bajo anestesia,14103,89
PROVINCIA ART DESDE 01.05.22,420,6036,Movilizaciones bajo anestesia general o regional,14387,89
PROVINCIA ART DESDE 01.05.22,420,6559,Trabajo de parto bajo anestesia epidural continua que fracasa y que termina en cesarea,14734,94
PROVINCIA ART DESDE 01.05.22,420,5081,Anestesia para sesion de cobaltoterapia o acelerador,14862,90
PROVINCIA ART DESDE 01.05.22,420,5082,Anestesia para terapia electroconvulsiva,14863,90
PROVINCIA ART DESDE 01.05.22,420,5413,"Conduccion del trabajo de parto bajo anestesia epidural continua, que termina en parto (mas de 90 minutos)",15404,93
PROVINCIA ART DESDE 01.05.22,420,5084,Aneurisma de la aorta abdominal complicado,13686,98
PROVINCIA ART DESDE 01.05.22,420,5085,Aneurisma de la aorta abdominal no complicado,13687,95
PROVINCIA ART DESDE 01.05.22,420,5086,Aneurisma del cayado de la aorta ascendente o descendente,13688,98
PROVINCIA ART DESDE 01.05.22,420,5088,Aneurismas medulares,13689,95
PROVINCIA ART DESDE 01.05.22,420,5089,Aneurismas o malformaciones A-V medulares,13690,95
PROVINCIA ART DESDE 01.05.22,420,5090,Angiografia de control del tratamiento de aneurisma,13691,92
PROVINCIA ART DESDE 01.05.22,420,5302,Cirugia de aneurisma cerebral (mas de 8 horas de duracion),13834,98
PROVINCIA ART DESDE 01.05.22,420,5303,Cirugia de aneurisma cerebral (menos de 8 horas de duracion),13835,98
PROVINCIA ART DESDE 01.05.22,420,5423,Correccion de aneurisma de fistula arterio-venosa,13925,93
PROVINCIA ART DESDE 01.05.22,420,5424,Correccion de aneurisma o pseudo-aneurisma femoral,13926,94
PROVINCIA ART DESDE 01.05.22,420,6592,Tratamiento de aneurisma con coils con o sin colocacion de stent,14760,95
PROVINCIA ART DESDE 01.05.22,420,6595,Tratamiento de pseudoaneurisma con o sin colocacion de stent,14763,95
PROVINCIA ART DESDE 01.05.22,420,6599,Tratamiento endovascular de aneurisma o pseudoaneurisma periferico,14766,94
PROVINCIA ART DESDE 01.05.22,420,5087,Aneurisma ventricular,14865,95
PROVINCIA ART DESDE 01.05.22,420,7551,Tratamiento endovascular aneurisma cerebral (embolizacion de aneurisma cerebral por hemodinamia),15532,95
PROVINCIA ART DESDE 01.05.22,420,6601,Tratamiento endovascular de dos o mas aneurismas cerebrales (embolizacion de 2 o mas aneurismas cerebrales),15533,98
PROVINCIA ART DESDE 01.05.22,420,7550,Tratamiento quirurgico de aneurisma o pseudo-aneurisma humeral o femoral con by-pass,15544,98
PROVINCIA ART DESDE 01.05.22,420,7584,Angiodisplasia,15340,92
PROVINCIA ART DESDE 01.05.22,420,5091,Angiografia de vasos de miembros inferior o superior,13692,92
PROVINCIA ART DESDE 01.05.22,420,5092,Angiografia de vasos uterinos,13694,92
PROVINCIA ART DESDE 01.05.22,420,5093,Angiografia del cuello,13695,92
PROVINCIA ART DESDE 01.05.22,420,5094,Angiografia medular,13698,92
PROVINCIA ART DESDE 01.05.22,420,5095,Angioplastia coronaria con o sin colocacion de stent,13699,94
PROVINCIA ART DESDE 01.05.22,420,5096,Angioplastia de mas de un vaso con o sin stent,13700,93
PROVINCIA ART DESDE 01.05.22,420,5097,Angioplastia de un vaso periferico con o sin stent,13701,92
PROVINCIA ART DESDE 01.05.22,420,7536,Angioplastia o remplazo valvular en pacientes con ASA 4,15289,98
PROVINCIA ART DESDE 01.05.22,420,7533,Correccion de coartacion de aorta en hemodinamia en el recien nacido (Angioplastia),15547,98
PROVINCIA ART DESDE 01.05.22,420,5100,Anquilosis temporo-mandibular bilateral,14866,93
PROVINCIA ART DESDE 01.05.22,420,5101,"Anquilosis temporo-mandibular, unilateral",14867,92
PROVINCIA ART DESDE 01.05.22,420,5102,Antrotomia y atico-antrotomia,13704,92
PROVINCIA ART DESDE 01.05.22,420,8542,Nucleoplastia y / o anuloplastia con Rf. ( 2 o 3 discos),69392,98
PROVINCIA ART DESDE 01.05.22,420,5103,Anuloplastia mitral o tricuspidea,14868,95
PROVINCIA ART DESDE 01.05.22,420,7505,Nucleoplastia y/o anuloplastia con Rf (un disco),15274,98
PROVINCIA ART DESDE 01.05.22,420,7506,Nucleoplastia y/o anuloplastia con Rf (dos a tres discos),15278,98
PROVINCIA ART DESDE 01.05.22,420,5104,Aortografia por cateterismo,13705,92
PROVINCIA ART DESDE 01.05.22,420,5105,Aortografia por puncion,13706,91
PROVINCIA ART DESDE 01.05.22,420,6707,Apendicectomia Convertida,60858,94
PROVINCIA ART DESDE 01.05.22,420,5106,Apendicectomia por via convencional,13707,92
PROVINCIA ART DESDE 01.05.22,420,5107,Apendicectomia por videolaparoscopia,13708,93
PROVINCIA ART DESDE 01.05.22,420,5517,Diatermia o crioaplicacion escleral,13993,90
PROVINCIA ART DESDE 01.05.22,420,6423,Retinopexia (diatermia y o crioaplicacion),14644,92
PROVINCIA ART DESDE 01.05.22,420,5108,Aplicacion de laser en retina,15526,90
PROVINCIA ART DESDE 01.05.22,420,5109,Aponeurotomia / fasciotomia cutanea,13710,90
PROVINCIA ART DESDE 01.05.22,420,6703,Tac de Columna (Cada Area),60854,91
PROVINCIA ART DESDE 01.05.22,420,5264,Cesarea,13803,93
PROVINCIA ART DESDE 01.05.22,420,5265,Cesarea por placenta acreta o sus variedades con o sin embolizacion y que termina en histerectomia,13804,98
PROVINCIA ART DESDE 01.05.22,420,6688,"Videolaparoscopia diagnostica (incluye endometriosis, prueba de Cote y ligadura tubarea bilateral)",14835,92
PROVINCIA ART DESDE 01.05.22,420,6421,Resonancia (un area) con espectroscopia,15161,93
PROVINCIA ART DESDE 01.05.22,420,6289,"RMN (dos areas), con o sin contraste",15166,92
PROVINCIA ART DESDE 01.05.22,420,6290,"RMN (mas de dos areas), con o sin contraste",15167,93
PROVINCIA ART DESDE 01.05.22,420,6291,"RMN (un area), con o sin contraste",15168,91
PROVINCIA ART DESDE 01.05.22,420,6507,TAC de cerebro / orbita / cara / cuello (un area) (con o sin contraste),15175,90
PROVINCIA ART DESDE 01.05.22,420,5110,Arreglos dentales de mas de 4 piezas (obturacion dentaria),13711,93
PROVINCIA ART DESDE 01.05.22,420,5111,Arreglos dentales hasta 4 piezas (obturacion dentaria),13712,92
PROVINCIA ART DESDE 01.05.22,420,5112,Arteriografia,13713,90
PROVINCIA ART DESDE 01.05.22,420,5113,Arteriografia cerebral por cateterismo,13714,90
PROVINCIA ART DESDE 01.05.22,420,5114,Arteriografia renal,13715,90
PROVINCIA ART DESDE 01.05.22,420,6174,Panarteriografia cerebral,14469,92
PROVINCIA ART DESDE 01.05.22,420,5115,Artrocentesis,13716,89
PROVINCIA ART DESDE 01.05.22,420,5116,Artrodesis cervical,13717,95
PROVINCIA ART DESDE 01.05.22,420,5117,Artrodesis de cadera,13718,93
PROVINCIA ART DESDE 01.05.22,420,5118,Artrodesis de hasta tres dedos,13719,91
PROVINCIA ART DESDE 01.05.22,420,5119,Artrodesis de hombro,13720,92
PROVINCIA ART DESDE 01.05.22,420,5120,Artrodesis de mas de 3 dedos en miembro inferior,13721,92
PROVINCIA ART DESDE 01.05.22,420,5121,Artrodesis de mas de tres dedos,13722,92
PROVINCIA ART DESDE 01.05.22,420,5122,Artrodesis de menos de 3 dedos,13723,91
PROVINCIA ART DESDE 01.05.22,420,5123,Artrodesis de menos de 3 dedos en miembro inferior,13724,91
PROVINCIA ART DESDE 01.05.22,420,5124,Artrodesis de muñeca / tarso / hombro / codo,13725,92
PROVINCIA ART DESDE 01.05.22,420,5125,Artrodesis de pie y tibioastragalina,13726,92
PROVINCIA ART DESDE 01.05.22,420,5126,Artrodesis de rodilla,13727,92
PROVINCIA ART DESDE 01.05.22,420,5127,Artrodesis dinamica de columna (colocacion de espaciadores),13728,95
PROVINCIA ART DESDE 01.05.22,420,5128,Artrodesis instrumentada de columna cervical,13729,95
PROVINCIA ART DESDE 01.05.22,420,5129,Artrodesis instrumentada de columna dorso-lumbar (tipo Harrington y similares),13730,95
PROVINCIA ART DESDE 01.05.22,420,5130,Artrodesis tibio-peronea-astragalina o medio tarsiana de Chopart,13731,93
PROVINCIA ART DESDE 01.05.22,420,7500,Artrodesis dorsal lumbar o sacra,15485,95
PROVINCIA ART DESDE 01.05.22,420,5131,Artrolisis,13733,90
PROVINCIA ART DESDE 01.05.22,420,5136,Artrotomia / artrolisis / exploracion intra-articular,13738,91
PROVINCIA ART DESDE 01.05.22,420,5132,Artroplastia (no de cadera),13734,93
PROVINCIA ART DESDE 01.05.22,420,5133,Artroplastia de cadera,13735,94
PROVINCIA ART DESDE 01.05.22,420,5134,Artroplastia de hombro,13736,93
PROVINCIA ART DESDE 01.05.22,420,5135,Artroplastia de un dedo,13737,91
PROVINCIA ART DESDE 01.05.22,420,5821,Hemi-artroplastia de cadera,14219,93
PROVINCIA ART DESDE 01.05.22,420,6337,Reemplazo parcial de cadera / hemi-artroplastia,14581,93
PROVINCIA ART DESDE 01.05.22,420,6581,Trasplante oseo con artroplastias primarias,14749,95
PROVINCIA ART DESDE 01.05.22,420,6583,Trasplante oseo en revision de artroplastias,14751,98
PROVINCIA ART DESDE 01.05.22,420,5137,"Aspiracion, lavado e implante de vitreo",13739,92
PROVINCIA ART DESDE 01.05.22,420,5139,Atresia ano-rectal en pediatria / malformaciones congenitas anorectales,13740,95
PROVINCIA ART DESDE 01.05.22,420,5140,Atresia de coanas por via palatina,13741,94
PROVINCIA ART DESDE 01.05.22,420,5141,Atresia de esofago por video-toracoscopia,13742,98
PROVINCIA ART DESDE 01.05.22,420,5991,Malformaciones congenitas de esofago (atresia de esofago / fistula traqueo-esofagica),14353,95
PROVINCIA ART DESDE 01.05.22,420,5142,Auriculotomia,14872,95
PROVINCIA ART DESDE 01.05.22,420,5144,Bermellectomia,14874,90
PROVINCIA ART DESDE 01.05.22,420,5182,Biopsia y/o cauterizacion de cuello uterino,69297,89
PROVINCIA ART DESDE 01.05.22,420,5145,"Biopsia (peritoneo, epiplon, etc)",13745,91
PROVINCIA ART DESDE 01.05.22,420,5146,Biopsia costal,13746,89
PROVINCIA ART DESDE 01.05.22,420,5147,Biopsia de Daniels del hueco supraclavicular,13747,91
PROVINCIA ART DESDE 01.05.22,420,5148,Biopsia de encia,13748,90
PROVINCIA ART DESDE 01.05.22,420,5149,Biopsia de endocardio / miocardio en hemodinamia,13749,93
PROVINCIA ART DESDE 01.05.22,420,5150,Biopsia de epididimo,13750,90
PROVINCIA ART DESDE 01.05.22,420,5151,Biopsia de faringe y/o amigdala,13751,90
PROVINCIA ART DESDE 01.05.22,420,5153,Biopsia de ganglios linfaticos de la pared toracica,13752,90
PROVINCIA ART DESDE 01.05.22,420,5154,Biopsia de glandula salival,13753,90
PROVINCIA ART DESDE 01.05.22,420,5155,Biopsia de higado a cielo abierto o laparoscopica,13754,91
PROVINCIA ART DESDE 01.05.22,420,5156,Biopsia de higado laparoscopica,13755,91
PROVINCIA ART DESDE 01.05.22,420,5157,Biopsia de laringe,13756,91
PROVINCIA ART DESDE 01.05.22,420,5158,Biopsia de lesion nasofaringea,13757,90
PROVINCIA ART DESDE 01.05.22,420,5159,Biopsia de mama unilateral,13758,90
PROVINCIA ART DESDE 01.05.22,420,5160,Biopsia de pancreas a cielo abierto,13759,92
PROVINCIA ART DESDE 01.05.22,420,5161,Biopsia de pene,13760,89
PROVINCIA ART DESDE 01.05.22,420,5162,Biopsia de pericardio,13761,92
PROVINCIA ART DESDE 01.05.22,420,5165,Biopsia de testiculo,13762,90
PROVINCIA ART DESDE 01.05.22,420,5166,Biopsia de vagina,13763,89
PROVINCIA ART DESDE 01.05.22,420,5167,Biopsia de vejiga,13764,90
PROVINCIA ART DESDE 01.05.22,420,5168,Biopsia de vertebra,13765,91
PROVINCIA ART DESDE 01.05.22,420,5169,Biopsia de vulva,13766,89
PROVINCIA ART DESDE 01.05.22,420,5170,Biopsia del paladar,13767,90
PROVINCIA ART DESDE 01.05.22,420,5171,Biopsia muscular,13768,90
PROVINCIA ART DESDE 01.05.22,420,5173,Biopsia o sutura de la boca o mejilla,13769,90
PROVINCIA ART DESDE 01.05.22,420,5175,Biopsia prostatica por puncion,13770,89
PROVINCIA ART DESDE 01.05.22,420,5176,Biopsia quirurgica de femur o cadera,13771,91
PROVINCIA ART DESDE 01.05.22,420,5177,Biopsia quirurgica de hueso (no de femur o cadera),13773,90
PROVINCIA ART DESDE 01.05.22,420,5178,Biopsia radioquirurgica de mama,13774,91
PROVINCIA ART DESDE 01.05.22,420,5179,Biopsia renal percutanea (quirofano),13775,89
PROVINCIA ART DESDE 01.05.22,420,5180,Biopsia renal percutanea guiado por ecografia u otro metodo (fuera de quirofano),13776,90
PROVINCIA ART DESDE 01.05.22,420,5181,Biopsia traqueal o bronquial,13777,90
PROVINCIA ART DESDE 01.05.22,420,5405,Colonovideoscopia con o sin biopsia,13913,91
PROVINCIA ART DESDE 01.05.22,420,5552,Drenaje pleural por toracotomia minima y/o biopsia pleural,14024,90
PROVINCIA ART DESDE 01.05.22,420,5676,Exploracion renal con o sin biopsia,14119,91
PROVINCIA ART DESDE 01.05.22,420,5718,Extraccion de cuerpo extraño de orbita / exploracion / biopsia / drenaje,14143,91
PROVINCIA ART DESDE 01.05.22,420,5898,Incision y drenaje del CAE y/o biopsia,14286,90
PROVINCIA ART DESDE 01.05.22,420,5899,Incision y drenaje/ biopsia o sutura de labio,14287,89
PROVINCIA ART DESDE 01.05.22,420,6249,Puncion / biopsia de prostata bajo control ecografico,14535,90
PROVINCIA ART DESDE 01.05.22,420,6252,Puncion biopsia de hueso,14538,89
PROVINCIA ART DESDE 01.05.22,420,6253,Puncion biopsia de tiroides,14539,89
PROVINCIA ART DESDE 01.05.22,420,6254,Puncion biopsia de tiroides a cielo abierto,14540,90
PROVINCIA ART DESDE 01.05.22,420,6258,Puncion biopsia percutanea de bazo o pancreas,14541,89
PROVINCIA ART DESDE 01.05.22,420,6259,Puncion biopsia percutanea de higado,14542,89
PROVINCIA ART DESDE 01.05.22,420,6266,Puncion del seno con o sin insercion de sonda y/o biopsia de seno paranasal,14546,89
PROVINCIA ART DESDE 01.05.22,420,6505,Sutura y/o biopsia de nariz,14709,90
PROVINCIA ART DESDE 01.05.22,420,6557,Toracotomia exploradora amplia y/o biopsia pulmonar,14733,94
PROVINCIA ART DESDE 01.05.22,420,5152,Biopsia de ganglios linfaticos de cuello,14875,90
PROVINCIA ART DESDE 01.05.22,420,5163,Biopsia de piel en cabeza y/o cuello,14876,90
PROVINCIA ART DESDE 01.05.22,420,5164,"Biopsia de piel, excepto en cabeza y cuello",14877,89
PROVINCIA ART DESDE 01.05.22,420,5172,Biopsia o exeresis de ganglios linfaticos,14878,90
PROVINCIA ART DESDE 01.05.22,420,5174,Biopsia osea a cielo abierto,14879,90
PROVINCIA ART DESDE 01.05.22,420,6257,Puncion biopsia guiada por ecografia,15113,91
PROVINCIA ART DESDE 01.05.22,420,6255,Puncion biopsia guiada por TAC (fuera de quirofano),15114,90
PROVINCIA ART DESDE 01.05.22,420,7594,Biopsia Pulmonar o Mediastinal por video-toracoscopia,15371,92
PROVINCIA ART DESDE 01.05.22,420,6127,Operacion del hueco supraclavicular (tipo biopsia de Daniels),15480,91
PROVINCIA ART DESDE 01.05.22,420,5184,Blefaroplastia bilateral,14880,93
PROVINCIA ART DESDE 01.05.22,420,5185,"Blefaroplastia simple, no estetica",14881,92
PROVINCIA ART DESDE 01.05.22,420,8103,Blefaroplastia unilateral,15254,92
PROVINCIA ART DESDE 01.05.22,420,5183,Blefaroplastia,15524,92
PROVINCIA ART DESDE 01.05.22,420,7778,"Bloqueo regional periferico dosis unica, un solo nervio, eco guiado",69275,91
PROVINCIA ART DESDE 01.05.22,420,7779,"Bloqueo regional periferico dosis unica, mas de un nervio, eco guiado",69276,92
PROVINCIA ART DESDE 01.05.22,420,7780,"Bloqueo regional periferico continuo con cateter, sin bomba control dias sub siguientes a la colocacion (hasta 72 horas) por dia",69277,89
PROVINCIA ART DESDE 01.05.22,420,7781,"Bloqueo regional periferico continuo con cateter, con bomba control dias subsiguientes a la colocacion (hasta 72 horas) por dia",69278,90
PROVINCIA ART DESDE 01.05.22,420,7782,"Bloqueo del musculo erector espinal, ecoguiado, dosis unica",69279,91
PROVINCIA ART DESDE 01.05.22,420,7783,"Bloqueo del musculo erector espinal, ecoguiado continuo. Colocacion de cateter",69280,92
PROVINCIA ART DESDE 01.05.22,420,7784,"Bloqueo del musculo erector espinal, continuo, sin bomba, control dias subsiguientes hasta 48 por dia",69281,89
PROVINCIA ART DESDE 01.05.22,420,7785,"Bloqueo del musculo erector espinal, continuo, con bomba, control dias subsiguientes hasta 48 horas por dia",69282,90
PROVINCIA ART DESDE 01.05.22,420,7787,Bloqueo radicular selectivo cervical/dorsal o lumbar (hasta 2 niveles),69283,93
PROVINCIA ART DESDE 01.05.22,420,7786,Bloqueo radicular selectivo cervical/dorsal o lumbar (mas de 2 niveles),69284,94
PROVINCIA ART DESDE 01.05.22,420,7788,Bloqueo radicular selectivo (hasta 2 niveles),69285,92
PROVINCIA ART DESDE 01.05.22,420,7789,Bloqueo radicular selectivo (mas de 2 niveles),69286,93
PROVINCIA ART DESDE 01.05.22,420,8517,Bloqueo del nervio Occipital Mayor unilateral,69367,93
PROVINCIA ART DESDE 01.05.22,420,8518,Bloqueo diagnostico de cadera/hombro,69368,94
PROVINCIA ART DESDE 01.05.22,420,8519,Bloqueo diagnostico del ganglio estrellado,69369,94
PROVINCIA ART DESDE 01.05.22,420,8520,"Bloqueo facetario cervical, dorsal o lumbar bajo radioscopia",69370,94
PROVINCIA ART DESDE 01.05.22,420,8521,"Bloqueo ganglio simpatico toracico, lumbar, dorsal o hipogastrico superior",69371,95
PROVINCIA ART DESDE 01.05.22,420,8525,Bloqueo paravertebral unilateral,69375,93
PROVINCIA ART DESDE 01.05.22,420,8526,Bloqueo terapeutico de rodilla (N. geniculados) unilateral,69376,93
PROVINCIA ART DESDE 01.05.22,420,8527,Bloqueo transforminal (mas de 1 nivel),69377,93
PROVINCIA ART DESDE 01.05.22,420,8528,Bloqueo transforminal selectivo,69378,92
PROVINCIA ART DESDE 01.05.22,420,8654,"Bloqueo regional continuo, con colocacion de cateter, eco guiado. Dia 0",69399,92
PROVINCIA ART DESDE 01.05.22,420,5215,Bloqueo extra-craneal antalgico,13779,90
PROVINCIA ART DESDE 01.05.22,420,5186,Bloqueo de G Esfenopalatino,14882,94
PROVINCIA ART DESDE 01.05.22,420,5191,Bloqueo de hasta dos nervios craneales (no G de Gasser) x sesion,14883,90
PROVINCIA ART DESDE 01.05.22,420,5192,Bloqueo de mas de dos nervios craneales (no G Gasser) por sesion,14884,91
PROVINCIA ART DESDE 01.05.22,420,5193,Bloqueo de nervio periferico por sesion,14885,89
PROVINCIA ART DESDE 01.05.22,420,5194,Bloqueo diagnostico / terapeutico de hombro,14886,90
PROVINCIA ART DESDE 01.05.22,420,5195,Bloqueo diagnostico / terapeutico de rodilla,14887,90
PROVINCIA ART DESDE 01.05.22,420,5196,Bloqueo diagnostico articulacion atlanto axoidea uni o bilateral,14888,91
PROVINCIA ART DESDE 01.05.22,420,5197,Bloqueo diagnostico articulacion atlanto-occipital uni o bilateral,14889,91
PROVINCIA ART DESDE 01.05.22,420,5198,Bloqueo diagnostico de cadera,14890,91
PROVINCIA ART DESDE 01.05.22,420,5199,"Bloqueo diagnostico diferencial, por sesion",14891,89
PROVINCIA ART DESDE 01.05.22,420,5200,Bloqueo diagnostico ganglio de Walter,14892,92
PROVINCIA ART DESDE 01.05.22,420,5201,Bloqueo diagnostico nervio periferico bajo radioscopia,14894,91
PROVINCIA ART DESDE 01.05.22,420,5202,Bloqueo diagnostico nervio periferico sin Rx,14895,90
PROVINCIA ART DESDE 01.05.22,420,5203,"Bloqueo diagnostico o neurolisis de plexo celiaco, ganglio estrellado, o similar .",14896,90
PROVINCIA ART DESDE 01.05.22,420,5204,Bloqueo diagnostico o terapeutico art sacro-iliaca bilateral,14897,93
PROVINCIA ART DESDE 01.05.22,420,5205,Bloqueo diagnostico o terapeutico art sacro-iliaca unilateral,14898,92
PROVINCIA ART DESDE 01.05.22,420,5206,Bloqueo diagnostico o terapeutico de G Estrellado. Unilateral,14899,91
PROVINCIA ART DESDE 01.05.22,420,5207,Bloqueo diagnostico o terapeutico de G Simpatico lumbar.,14900,92
PROVINCIA ART DESDE 01.05.22,420,5210,Bloqueo diagnostico o terapeutico de Ganglio de Walther,14901,91
PROVINCIA ART DESDE 01.05.22,420,5216,Bloqueo facetario diagnostico ( hasta dos facetas),14902,92
PROVINCIA ART DESDE 01.05.22,420,5217,Bloqueo facetario diagnostico (mas de 2 facetas),14903,93
PROVINCIA ART DESDE 01.05.22,420,5219,Bloqueo paravertebral mas de dos nervios por sesion,14904,91
PROVINCIA ART DESDE 01.05.22,420,5223,Bloqueo transforaminal (mas de 1 nivel),14906,92
PROVINCIA ART DESDE 01.05.22,420,5218,Bloqueo paravertebral hasta dos nervios,15213,90
PROVINCIA ART DESDE 01.05.22,420,5221,Bloqueo regional Bier con farmacos para diagnostico,15214,90
PROVINCIA ART DESDE 01.05.22,420,5222,Bloqueo transforaminal (1 nivel),15243,91
PROVINCIA ART DESDE 01.05.22,420,5209,Bloqueo diagnostico o terapeutico de G Estrellado guiado por imagenes,15252,92
PROVINCIA ART DESDE 01.05.22,420,5212,Bloqueo diagnostico o terapeutico facetario (art cervical o dorsal) (una faceta),15265,93
PROVINCIA ART DESDE 01.05.22,420,5213,Bloqueo diagnostico/ terapeutico   facetario art cervicalo dorsal (masde1faceta),15267,93
PROVINCIA ART DESDE 01.05.22,420,5208,Bloqueo diagnostico o terapeutico de G Simpatico toracico,15269,93
PROVINCIA ART DESDE 01.05.22,420,7523,Rf. / Bloqueo de Ganglio de Gasser,15282,95
PROVINCIA ART DESDE 01.05.22,420,7593,Bloqueo nervio frenico  para neumotorax recidivante,15365,91
PROVINCIA ART DESDE 01.05.22,420,5225,Bocio endotoracico,13780,94
PROVINCIA ART DESDE 01.05.22,420,5227,Braquiterapia ginecologica (colocacion de radium intra-cavitario),13781,91
PROVINCIA ART DESDE 01.05.22,420,5228,Braquiterapia intersticial de cabeza y cuello,14908,91
PROVINCIA ART DESDE 01.05.22,420,5230,Braquiterapia urologica,14909,91
PROVINCIA ART DESDE 01.05.22,420,5231,Braquiterapia urologica con abordaje abdominal para reseccion de plexos hipogastricos,14910,94
PROVINCIA ART DESDE 01.05.22,420,5229,Braquiterapia intersticial de partes blandas,15245,91
PROVINCIA ART DESDE 01.05.22,420,5226,Braquiterapia en cancer de prostata,15429,91
PROVINCIA ART DESDE 01.05.22,420,5232,Broncorrafia,13782,93
PROVINCIA ART DESDE 01.05.22,420,5233,Broncoscopia con broncoscopio rigido,13783,91
PROVINCIA ART DESDE 01.05.22,420,5234,Bursitis,13784,90
PROVINCIA ART DESDE 01.05.22,420,6387,Reseccion de exostosis y bursitis (operacion de Haglund - prolongacion osea en el dorso del talon -),14622,90
PROVINCIA ART DESDE 01.05.22,420,5237,Cadera en resorte,13788,93
PROVINCIA ART DESDE 01.05.22,420,5395,Colocacion de tutor externo (excepto de cadera y maxilar),13903,92
PROVINCIA ART DESDE 01.05.22,420,5396,Colocacion de tutor externo de cadera,13904,93
PROVINCIA ART DESDE 01.05.22,420,5446,"Correccion quirurgica de luxacion congenita de cadera, cruenta, con o sin osteotomia",13950,94
PROVINCIA ART DESDE 01.05.22,420,5536,Displasia de cadera,14005,92
PROVINCIA ART DESDE 01.05.22,420,5731,Extraccion de placas y/o tornillos (no de rodilla ni de cadera),14155,90
PROVINCIA ART DESDE 01.05.22,420,5732,Extraccion de placas y/o tornillos de cadera o rodilla,14156,91
PROVINCIA ART DESDE 01.05.22,420,5736,Extraccion de protesis total de cadera,14159,93
PROVINCIA ART DESDE 01.05.22,420,5738,Extraccion de protesis y reemplazo en el mismo acto (rodilla o cadera),14161,95
PROVINCIA ART DESDE 01.05.22,420,6150,"Osteosintesis de hombro, rodilla y cadera",14450,93
PROVINCIA ART DESDE 01.05.22,420,6331,"Reduccion incruenta de luxaciones (hombro, codo, cadera, rodilla)",14576,90
PROVINCIA ART DESDE 01.05.22,420,6338,Reemplazo total de cadera,14582,95
PROVINCIA ART DESDE 01.05.22,420,6430,Revision de osteosintesis (no de cadera),14650,93
PROVINCIA ART DESDE 01.05.22,420,6431,Revision de osteosintesis de cadera,14651,94
PROVINCIA ART DESDE 01.05.22,420,6433,Revision de protesis total de cadera,14653,95
PROVINCIA ART DESDE 01.05.22,420,6552,Toillete quirurgico de cadera,14729,91
PROVINCIA ART DESDE 01.05.22,420,6677,Video-artroscopia de cadera,14825,94
PROVINCIA ART DESDE 01.05.22,420,5902,"Infiltracion art rodilla, cadera, codo, hombro y otras, guiadas por, (art adic)",15016,91
PROVINCIA ART DESDE 01.05.22,420,5903,"Infiltracion art rodilla, cadera, codo, hombro y otras. art adicional",15017,90
PROVINCIA ART DESDE 01.05.22,420,5905,"Infiltracion articulacion rodilla, cadera, codo, hombro y otras una",15018,90
PROVINCIA ART DESDE 01.05.22,420,5980,Liposuccion de cadera,15040,93
PROVINCIA ART DESDE 01.05.22,420,8118,Reduccion incruenta de luxacion (ejemplo cadera),15470,90
PROVINCIA ART DESDE 01.05.22,420,5735,Extraccion de protesis parcial de cadera,15474,92
PROVINCIA ART DESDE 01.05.22,420,6410,Reseccion parcial de cadera,15475,93
PROVINCIA ART DESDE 01.05.22,420,6323,Reduccion cruenta de luxacion de cadera,15479,93
PROVINCIA ART DESDE 01.05.22,420,8115,Reduccion incruenta de luxacion de cadera,15481,90
PROVINCIA ART DESDE 01.05.22,420,5238,Calcificaciones de hombro,13789,90
PROVINCIA ART DESDE 01.05.22,420,10005,Recambio o retirada de bomba de infusion continua,69332,94
PROVINCIA ART DESDE 01.05.22,420,5240,Cambio de generador,13790,91
PROVINCIA ART DESDE 01.05.22,420,6297,Recambio de cateter de derivacion ventriculo-peritoneal,14565,92
PROVINCIA ART DESDE 01.05.22,420,6436,Revision y recambio de protesis de hombro,14656,95
PROVINCIA ART DESDE 01.05.22,420,5239,Cambio Implantes,14911,94
PROVINCIA ART DESDE 01.05.22,420,6358,"Reintervencion alejada mas de 24 horas (cambio de valvula, by-pass, protesis, banding)",15146,98
PROVINCIA ART DESDE 01.05.22,420,5243,Canalizacion de via central,15232,90
PROVINCIA ART DESDE 01.05.22,420,5241,Canalizacion arterial,15233,90
PROVINCIA ART DESDE 01.05.22,420,5242,Canalizacion de venas o arterias como unico procedimiento,15538,89
PROVINCIA ART DESDE 01.05.22,420,5244,Cantotomia externa,15227,90
PROVINCIA ART DESDE 01.05.22,420,5245,Capsulectomia,15242,91
PROVINCIA ART DESDE 01.05.22,420,5246,Capsuloplastia,13791,91
PROVINCIA ART DESDE 01.05.22,420,10002,Capsulotomia,69331,90
PROVINCIA ART DESDE 01.05.22,420,5247,Capsulotomia (cristalino),13792,90
PROVINCIA ART DESDE 01.05.22,420,5248,Cardiomioplastia,14912,95
PROVINCIA ART DESDE 01.05.22,420,5249,Cardiorrafia,14913,94
PROVINCIA ART DESDE 01.05.22,420,5250,Cardioversion electrica de arritmias,13793,90
PROVINCIA ART DESDE 01.05.22,420,5251,Caruncula uretral,13794,89
PROVINCIA ART DESDE 01.05.22,420,5253,Cateterismo cardiaco mas angiocardiografia,13795,91
PROVINCIA ART DESDE 01.05.22,420,5254,Cateterismo cardiaco para toma de presiones y muestras de sangre,13796,91
PROVINCIA ART DESDE 01.05.22,420,5255,Cateterismo de ambas carotidas con o sin colocacion de stents,13797,93
PROVINCIA ART DESDE 01.05.22,420,5256,Cateterismo del ureter,13798,90
PROVINCIA ART DESDE 01.05.22,420,5257,Cateterismo vesical / cistomanometria,13799,91
PROVINCIA ART DESDE 01.05.22,420,8102,Cateterismo cardiaco mas angiocardiografia CA,15541,92
PROVINCIA ART DESDE 01.05.22,420,5258,Cauterizacion del cuello uterino con laser,13800,91
PROVINCIA ART DESDE 01.05.22,420,5259,Cavernostomia,15368,93
PROVINCIA ART DESDE 01.05.22,420,5260,Cavografia toracica o abdominal (colocacion de portacath),13801,91
PROVINCIA ART DESDE 01.05.22,420,6200,Pie Bot / cavo / equino unilateral,14491,92
PROVINCIA ART DESDE 01.05.22,420,7542,"Tetralogia de Fallot, canal atrioventricular, Tubo VD-AP, Anomalia total del retorno venoso pulmonar, Estenosis SubAo, Comisurotomia Ao o Pulmonar, Valvuloplatia Ao o Pulmonar, Glenn, Cavopulmonar, Cirugia de MAZE, Sindrome de Cimitarra, Rastelli, Senning, Jatene, Cirugia de Ross no en el recien nacido",15287,98
PROVINCIA ART DESDE 01.05.22,420,5261,Cecostomia,15324,91
PROVINCIA ART DESDE 01.05.22,420,5262,Centellograma oseo radio-isotopico,14914,90
PROVINCIA ART DESDE 01.05.22,420,5263,Cerclaje (correccion de incontinencia cervical),13802,90
PROVINCIA ART DESDE 01.05.22,420,5335,"Cirugias de cardiopatias congenitas sin CEC (cierre de ductus, cerclaje de arteria pulmonar, coartacion de aorta)",14926,95
PROVINCIA ART DESDE 01.05.22,420,7543,"Cirugias de cardiopatias congenitas complejas (transposicion, tronco arterioso, ductus arterioso permiable, cerclaje de la arteria pulmonar, anillo vascular, subclavia drecha aberrante)",15285,98
PROVINCIA ART DESDE 01.05.22,420,8108,Colpopexia / cerclaje,15395,91
PROVINCIA ART DESDE 01.05.22,420,5712,Extraccion de cuerpo extraño de cerebro,14136,94
PROVINCIA ART DESDE 01.05.22,420,5884,Implante de material radioactivo en cerebro,14279,98
PROVINCIA ART DESDE 01.05.22,420,5266,Chalazion,15522,89
PROVINCIA ART DESDE 01.05.22,420,5267,Cicatriz retractil de cuello / reseccion e injerto,14915,92
PROVINCIA ART DESDE 01.05.22,420,6376,Reseccion de cicatriz grande / zetoplastia,15150,92
PROVINCIA ART DESDE 01.05.22,420,6377,Reseccion de cicatriz retractil en cuello con o sin injerto,15151,93
PROVINCIA ART DESDE 01.05.22,420,6378,Reseccion simple de cicatriz,15220,90
PROVINCIA ART DESDE 01.05.22,420,6388,Reseccion de gran cicatriz / zetaplastia,15241,91
PROVINCIA ART DESDE 01.05.22,420,5268,Cierre de Hartmann,13805,93
PROVINCIA ART DESDE 01.05.22,420,5269,Cierre de Hartmann por videolaparoscopia,13806,94
PROVINCIA ART DESDE 01.05.22,420,5270,Cierre de colostomia,13807,91
PROVINCIA ART DESDE 01.05.22,420,5272,Cierre de defectos septales con dispositivos de tipo Amplatzer,13808,95
PROVINCIA ART DESDE 01.05.22,420,5273,Cierre de defectos septales congenitos simples en hemodinamia,13809,94
PROVINCIA ART DESDE 01.05.22,420,5274,Cierre de ductus arterioso permeable con coils o similar en hemodinamia,13810,95
PROVINCIA ART DESDE 01.05.22,420,5275,Cierre de faringostomia,13811,92
PROVINCIA ART DESDE 01.05.22,420,5276,Cierre de fistula arterio-venosa de hemodialisis,13812,91
PROVINCIA ART DESDE 01.05.22,420,5277,Cierre de fistula branquial y/o quiste branquial o vestigio,13813,92
PROVINCIA ART DESDE 01.05.22,420,5278,Cierre de fistula bronco-cutanea,13814,92
PROVINCIA ART DESDE 01.05.22,420,5279,Cierre de fistula esofago-cutanea,13816,94
PROVINCIA ART DESDE 01.05.22,420,5280,Cierre de fistula externa de boca,13818,91
PROVINCIA ART DESDE 01.05.22,420,5281,Cierre de fistula mastoidea,13819,92
PROVINCIA ART DESDE 01.05.22,420,5282,Cierre de fistula meningea por via transinusal,13820,93
PROVINCIA ART DESDE 01.05.22,420,5283,Cierre de fistula oral del seno maxilar (buco-antral),13821,92
PROVINCIA ART DESDE 01.05.22,420,5284,Cierre de fistula traqueo-esofagica,13822,94
PROVINCIA ART DESDE 01.05.22,420,5285,Cierre de fistula uretro-rectal,13824,92
PROVINCIA ART DESDE 01.05.22,420,5286,Cierre de gastrostomia y/o fistula gastrica,13825,92
PROVINCIA ART DESDE 01.05.22,420,5288,Cierre de ileostomia,13826,91
PROVINCIA ART DESDE 01.05.22,420,5289,Cierre de traqueostomia,13827,90
PROVINCIA ART DESDE 01.05.22,420,6643,ulcera perforada / gastrorrafia/ herida perforada / cierre de fistula gastrica,14799,93
PROVINCIA ART DESDE 01.05.22,420,5271,Cierre de defectos septales adquiridos,14916,95
PROVINCIA ART DESDE 01.05.22,420,5287,Cierre de grandes defectos con combinacion de varios colgajos,14918,93
PROVINCIA ART DESDE 01.05.22,420,5290,Cierre diferido de torax posterior a cirugia cardiaca,14920,94
PROVINCIA ART DESDE 01.05.22,420,5334,Cirugias de cardiopatias congenitas simples (cierre de defectos septales),14925,95
PROVINCIA ART DESDE 01.05.22,420,5637,Estafilorrafia (cierre del paladar blando),14980,91
PROVINCIA ART DESDE 01.05.22,420,6614,Tumor benigno de mas de 5 cm / extirpacion y cierre plastico,15194,91
PROVINCIA ART DESDE 01.05.22,420,5291,Circuncision,15408,91
PROVINCIA ART DESDE 01.05.22,420,7000,Cirugia Suspendida,43224,89
PROVINCIA ART DESDE 01.05.22,420,6704,Cirugia de Bahas,60855,94
PROVINCIA ART DESDE 01.05.22,420,9008,Cirugias Cardiacas con valor diferenciado Clinica Reg. Del Sud,69335,61
PROVINCIA ART DESDE 01.05.22,420,8529,Cirugia tricompartimental de piso pelvico,69379,93
PROVINCIA ART DESDE 01.05.22,420,5292,Cirugia antireflujo esofagico (Nissen) a cielo abierto,13828,93
PROVINCIA ART DESDE 01.05.22,420,5293,Cirugia artroscopica de hombro (cirugia de Bankart artroscopica y similares),13829,93
PROVINCIA ART DESDE 01.05.22,420,5295,"Cirugia compleja de columna (escoliosis congenita / adquirida, con test del despertar o potenciales evocados)",13830,98
PROVINCIA ART DESDE 01.05.22,420,5296,"Cirugia compleja de columna, con abordaje anterior y posterior y/o con patologia asociada",13831,98
PROVINCIA ART DESDE 01.05.22,420,5298,Cirugia de Bricker (cistectomia radical + reemplazo vesical con asa ileal),13832,96
PROVINCIA ART DESDE 01.05.22,420,5301,Cirugia de agenesia del CAE,13833,92
PROVINCIA ART DESDE 01.05.22,420,5306,Cirugia de craneo video-asistida (mas de 8 horas de duracion),13836,98
PROVINCIA ART DESDE 01.05.22,420,5307,Cirugia de craneo video-asistida (menos de 8 horas de duracion),13837,98
PROVINCIA ART DESDE 01.05.22,420,5308,"Cirugia de la 1ra porcion del nervio facial, el nervio auditivo o el vestibular",13838,94
PROVINCIA ART DESDE 01.05.22,420,5309,Cirugia de la 2da y 3ra porcion del nervio facial,13839,94
PROVINCIA ART DESDE 01.05.22,420,5311,"Cirugia de la fosa pterigo-maxilar (exploracion, escision de tumores, etc)",13840,93
PROVINCIA ART DESDE 01.05.22,420,5312,Cirugia de la obesidad (by-pass gastrico) a cielo abierto,13841,95
PROVINCIA ART DESDE 01.05.22,420,5313,Cirugia de la obesidad (by-pass gastrico) por video,13842,98
PROVINCIA ART DESDE 01.05.22,420,5314,Cirugia de la obesidad (manga gastrica) por video,13843,95
PROVINCIA ART DESDE 01.05.22,420,5315,Cirugia de la vena cava,13844,94
PROVINCIA ART DESDE 01.05.22,420,5316,Cirugia de las arritmias / colocacion de cardio-desfibrilador endocavitario,13845,95
PROVINCIA ART DESDE 01.05.22,420,5317,Cirugia de las ramas de la aorta abdominal,13846,94
PROVINCIA ART DESDE 01.05.22,420,5318,Cirugia de los grandes troncos arterio-venosos del torax,13847,94
PROVINCIA ART DESDE 01.05.22,420,5319,Cirugia de tumores etmoidales,13848,93
PROVINCIA ART DESDE 01.05.22,420,5320,Cirugia del conducto auditivo interno y su contenido,13849,94
PROVINCIA ART DESDE 01.05.22,420,5321,Cirugia del glomus yugularis,13850,94
PROVINCIA ART DESDE 01.05.22,420,5322,Cirugia del saco endolinfatico,13851,93
PROVINCIA ART DESDE 01.05.22,420,5323,Cirugia endoscopica de tejido linfoideo rino-faringeo,13852,92
PROVINCIA ART DESDE 01.05.22,420,5325,Cirugia para el tratamiento del mal de Parkinson (menos de 8 horas de duracion),13854,98
PROVINCIA ART DESDE 01.05.22,420,5326,Cirugia plastica por agenesia del oido medio,13855,94
PROVINCIA ART DESDE 01.05.22,420,5330,Cirugia vasculo-renal,13856,93
PROVINCIA ART DESDE 01.05.22,420,5331,Cirugia videoartroscopica de codo,13857,93
PROVINCIA ART DESDE 01.05.22,420,5332,Cirugia videoartroscopica de hombro (cirugia de Bankart artroscopica y similar),13858,93
PROVINCIA ART DESDE 01.05.22,420,5336,Cirugias intra-uterinas a cielo abierto o por puncion,13859,96
PROVINCIA ART DESDE 01.05.22,420,5497,Dermolipectomia post-cirugia bariatrica,13975,94
PROVINCIA ART DESDE 01.05.22,420,5756,Facoexeresis con implante de lente intraocular (cirugia de cataratas),14172,93
PROVINCIA ART DESDE 01.05.22,420,5816,Gran cirugia reconstructora de mano,14214,95
PROVINCIA ART DESDE 01.05.22,420,5850,Hernia hiatal por videolaparoscopia (cirugia antireflujo por videolaparoscopia),14253,94
PROVINCIA ART DESDE 01.05.22,420,6020,Microcirugia de la via espermal,14373,98
PROVINCIA ART DESDE 01.05.22,420,6021,Microcirugia de laringe,14374,92
PROVINCIA ART DESDE 01.05.22,420,6022,Microcirugia tubaria unilateral,14375,93
PROVINCIA ART DESDE 01.05.22,420,6023,Microcirugia tubaria unilateral por videolaparoscopia,14376,95
PROVINCIA ART DESDE 01.05.22,420,6350,Reimplante de miembros o dedos por microcirugia,14594,98
PROVINCIA ART DESDE 01.05.22,420,6352,Reimplante total o parcial de miembro con microcirugia,14595,98
PROVINCIA ART DESDE 01.05.22,420,6664,Varices residuales (microcirugia),14815,91
PROVINCIA ART DESDE 01.05.22,420,5297,Cirugia coronaria o valvular por mini-toracotomia,14921,98
PROVINCIA ART DESDE 01.05.22,420,5304,Cirugia de by-pass aorto-coronario,14922,95
PROVINCIA ART DESDE 01.05.22,420,5300,Cirugia de Norwood,14923,96
PROVINCIA ART DESDE 01.05.22,420,5327,Cirugia reductiva bilateral de mama,14924,98
PROVINCIA ART DESDE 01.05.22,420,5368,Colgajos libres con micro-cirugia vascular,14936,94
PROVINCIA ART DESDE 01.05.22,420,5887,Implante mamario en cirugia reconstructiva,15014,94
PROVINCIA ART DESDE 01.05.22,420,5999,Mastomegalia / cirugia reductora no estetica unilateral,15043,94
PROVINCIA ART DESDE 01.05.22,420,6292,Radioneurocirugia esterotaxica,15119,95
PROVINCIA ART DESDE 01.05.22,420,6344,Reemplazo valvular o bi-valvular con cirugia de revascularizacion,15144,96
PROVINCIA ART DESDE 01.05.22,420,6351,Reimplante de oreja con microcirugia vascular,15145,94
PROVINCIA ART DESDE 01.05.22,420,7537,Cirugia de  by- pass aorto- coronaria sin CEC,15284,98
PROVINCIA ART DESDE 01.05.22,420,7538,cirugia de Co Ao (con o sin CEC),15286,98
PROVINCIA ART DESDE 01.05.22,420,7541,"Cirugia de transposicion de grandes vasos, Tronco arterioso, Norwood, Anomalia total del retorno venoso",15293,96
PROVINCIA ART DESDE 01.05.22,420,6700,Cirugia reduccion volumenes pulmonares por video,15370,99
PROVINCIA ART DESDE 01.05.22,420,6701,Cirugia de adecuacion de sexo,15398,106
PROVINCIA ART DESDE 01.05.22,420,7528,"Cirugia de Mitrofanoff (apendico-vesicostomia) (ptes paraplejicos, vejiga neurogenica, espina bifida)",15428,95
PROVINCIA ART DESDE 01.05.22,420,5305,Cirugia de columna por videofibroscopia,15487,98
PROVINCIA ART DESDE 01.05.22,420,5324,Cirugia para el tratamiento del mal de Parkinson (mas de 8 horas de duracion)8,15537,98
PROVINCIA ART DESDE 01.05.22,420,5310,Cirugia de la carotida,15542,94
PROVINCIA ART DESDE 01.05.22,420,5337,Cistectomia parcial,13861,93
PROVINCIA ART DESDE 01.05.22,420,5338,Cistectomia parcial con reimplante de ureter,13862,93
PROVINCIA ART DESDE 01.05.22,420,5339,Cistectomia parcial o total por video-laparoscopia,13863,95
PROVINCIA ART DESDE 01.05.22,420,5340,Cistectomia total,13864,94
PROVINCIA ART DESDE 01.05.22,420,5348,Colecistectomia laparoscopica convertida,13869,94
PROVINCIA ART DESDE 01.05.22,420,5349,Colecistectomia simple,13870,92
PROVINCIA ART DESDE 01.05.22,420,5554,Duodeno-papilotomia con o sin colecistectomia,14026,93
PROVINCIA ART DESDE 01.05.22,420,5671,Exploracion de las vias biliares por laparoscopia con o sin colecistectomia,14114,94
PROVINCIA ART DESDE 01.05.22,420,5672,Exploracion de vias biliares con o sin colecistectomia,14115,93
PROVINCIA ART DESDE 01.05.22,420,5673,Exploracion de vias biliares por via laparoscopica con o sin colecistectomia,14116,94
PROVINCIA ART DESDE 01.05.22,420,6044,Nefro-ureterectomia con o sin cistectomia parcial,14393,95
PROVINCIA ART DESDE 01.05.22,420,5347,Colecistectomia por videolaparoscopia,15305,93
PROVINCIA ART DESDE 01.05.22,420,5341,Cistoplastia,13865,93
PROVINCIA ART DESDE 01.05.22,420,6709,Cistorrafia por Videolaparoscopia,60860,92
PROVINCIA ART DESDE 01.05.22,420,5342,Cistorrafia,13866,90
PROVINCIA ART DESDE 01.05.22,420,5343,Cistostomia (talla vesical),13867,90
PROVINCIA ART DESDE 01.05.22,420,5350,Colecistostomia,13871,92
PROVINCIA ART DESDE 01.05.22,420,5351,Colecistostomia percutanea,15302,91
PROVINCIA ART DESDE 01.05.22,420,5564,Electrocoagulacion de cornetes,14031,91
PROVINCIA ART DESDE 01.05.22,420,5612,Escision o electrocoagulacion de amigdala lingual,14071,90
PROVINCIA ART DESDE 01.05.22,420,5784,Fotocoagulacion de retina,14197,90
PROVINCIA ART DESDE 01.05.22,420,6409,Reseccion endoscopica de vejiga por electrocoagulacion (TUR-V),14633,92
PROVINCIA ART DESDE 01.05.22,420,7583,Coagulacion de angiodisplacias con argon plasma,15339,92
PROVINCIA ART DESDE 01.05.22,420,5426,Correccion de coartacion de aorta en hemodinamia,13928,95
PROVINCIA ART DESDE 01.05.22,420,5344,Coartacion de aorta con CEC (CEC: circulacion extra-corporea),14927,95
PROVINCIA ART DESDE 01.05.22,420,5345,Coartacion de aorta sin CEC (CEC: circulacion extra-corporea),14928,95
PROVINCIA ART DESDE 01.05.22,420,5346,Cobalto-terapia,13868,92
PROVINCIA ART DESDE 01.05.22,420,5352,Colectomia o hemicolectomia abdomino -pelvica (operacion de Miles),13872,95
PROVINCIA ART DESDE 01.05.22,420,5354,Colectomia total por videolaparoscopia,13873,96
PROVINCIA ART DESDE 01.05.22,420,5355,Colectomia transversa segmentaria (operacion de Hartmann),13875,94
PROVINCIA ART DESDE 01.05.22,420,5356,Colectomia transversa segmentaria de Hartman por videolaparoscopia (Hartman laparoscopica),13876,95
PROVINCIA ART DESDE 01.05.22,420,5357,Colectomia transversa segmentaria por videolaparoscopia (Hartman laparoscopica),13877,95
PROVINCIA ART DESDE 01.05.22,420,5823,Hemicolectomia,14221,94
PROVINCIA ART DESDE 01.05.22,420,5824,Hemicolectomia por videolaparoscopia,14222,95
PROVINCIA ART DESDE 01.05.22,420,5353,Colectomia total,15330,95
PROVINCIA ART DESDE 01.05.22,420,7524,Colectomia o hemicolectomia abdomino -pelvica (operacion de Miles) por videolaparoscopia,15331,98
PROVINCIA ART DESDE 01.05.22,420,5359,Coledocotomia como unica intervencion,15304,92
PROVINCIA ART DESDE 01.05.22,420,5360,Colesteatoma,13879,92
PROVINCIA ART DESDE 01.05.22,420,5600,Escision ampliada de mucosa yugal y recomposicion inmediata con injerto o colgajo,14060,93
PROVINCIA ART DESDE 01.05.22,420,5914,Injerto o colgajo de piel de dedos (hasta 3),14292,90
PROVINCIA ART DESDE 01.05.22,420,5915,Injerto o colgajo de piel de dedos (mas de 3),14293,91
PROVINCIA ART DESDE 01.05.22,420,6309,Reconstruccion diferida de piramide nasal con colgajo,14568,92
PROVINCIA ART DESDE 01.05.22,420,6318,Reconstruccion total de paladar inmediata con injerto o colgajo,14569,95
PROVINCIA ART DESDE 01.05.22,420,5361,Colgajo alejado,14929,92
PROVINCIA ART DESDE 01.05.22,420,5362,Colgajo de vecindad,14930,91
PROVINCIA ART DESDE 01.05.22,420,5363,Colgajo de vecindad o a la distancia para reconstruccion total de labio,14931,93
PROVINCIA ART DESDE 01.05.22,420,5364,Colgajo diferido,14932,91
PROVINCIA ART DESDE 01.05.22,420,5365,"Colgajo en isla, reparacion de ceja",14933,91
PROVINCIA ART DESDE 01.05.22,420,5366,Colgajo miocutaneo,14934,92
PROVINCIA ART DESDE 01.05.22,420,5367,Colgajo para reconstruccion parcial de labio,14935,91
PROVINCIA ART DESDE 01.05.22,420,5754,"FLAP unilateral completo (FLAP: colgajo, segmento de tejido que se trasplanta de una zona a otra del cuerpo)",14997,94
PROVINCIA ART DESDE 01.05.22,420,6306,reconstruccion de oreja parcial o total mediante colgajos y o injertos,15130,92
PROVINCIA ART DESDE 01.05.22,420,6311,Reconstruccion mamaria con colgajo cutaneo o miocutaneo,15133,95
PROVINCIA ART DESDE 01.05.22,420,6310,Reconstruccion mamaria con TRAM (colgajo miocutaneo del recto abdominal transverso),15135,98
PROVINCIA ART DESDE 01.05.22,420,6315,Reconstruccion total de nariz mediante colgajos,15138,93
PROVINCIA ART DESDE 01.05.22,420,6626,"Tumor de labio superior e inferior, con o sin colgajos",15195,94
PROVINCIA ART DESDE 01.05.22,420,5755,"FLAP unilateral incompleto (FLAP: colgajo, segmento de tejido que se trasplanta de una zona",15258,93
PROVINCIA ART DESDE 01.05.22,420,5678,Extirpacion de apendices pre-auriculares (coloboma auris),14120,90
PROVINCIA ART DESDE 01.05.22,420,5369,"Coloboma de parpado, reconstruccion simple",14937,90
PROVINCIA ART DESDE 01.05.22,420,7794,Titulacion espinal de opioides para colocacion de bomba implantables (test),69291,93
PROVINCIA ART DESDE 01.05.22,420,9541,Colocacion de Protesis,69346,95
PROVINCIA ART DESDE 01.05.22,420,5371,"Colocacion de VAC (vacum, por ejemplo en rodilla)",13880,89
PROVINCIA ART DESDE 01.05.22,420,5373,Colocacion de cateter intra-hepatico para quimioterapia,13881,92
PROVINCIA ART DESDE 01.05.22,420,5374,Colocacion de cateter para medicion de PIC (PIC: presion intra-craneal),13882,93
PROVINCIA ART DESDE 01.05.22,420,5375,Colocacion de coils en vasculatura toracica o abdominal,13883,94
PROVINCIA ART DESDE 01.05.22,420,5377,Colocacion de endoprotesis de aorta en hemodinamia,13884,95
PROVINCIA ART DESDE 01.05.22,420,5378,Colocacion de endoprotesis en arterias o venas toracicas o abdominales,13885,98
PROVINCIA ART DESDE 01.05.22,420,5379,Colocacion de esfinter artificial,13886,92
PROVINCIA ART DESDE 01.05.22,420,5380,Colocacion de filtros en la vena cava,13887,93
PROVINCIA ART DESDE 01.05.22,420,5381,Colocacion de marcapaso endocavitario,13888,91
PROVINCIA ART DESDE 01.05.22,420,5382,Colocacion de marcapaso epicardico,13889,92
PROVINCIA ART DESDE 01.05.22,420,5383,Colocacion de protesis / stent en esofago,13890,91
PROVINCIA ART DESDE 01.05.22,420,5384,Colocacion de protesis cervical / dorsal / o lumbar,13891,95
PROVINCIA ART DESDE 01.05.22,420,5385,Colocacion de radium intra-cavitario,13892,91
PROVINCIA ART DESDE 01.05.22,420,5386,Colocacion de semillas radioactivas transrectal,13893,92
PROVINCIA ART DESDE 01.05.22,420,5387,Colocacion de sonda de alimentacion por endoscopia,13894,90
PROVINCIA ART DESDE 01.05.22,420,5388,Colocacion de stent colonico,13895,91
PROVINCIA ART DESDE 01.05.22,420,5389,Colocacion de stent en duodeno por endoscopia,13896,91
PROVINCIA ART DESDE 01.05.22,420,5390,Colocacion de stent en la  via biliar por endoscopia,13897,92
PROVINCIA ART DESDE 01.05.22,420,5392,Colocacion de stent traqueal o bronquial,13899,93
PROVINCIA ART DESDE 01.05.22,420,5393,Colocacion de taponaje vesical,13901,90
PROVINCIA ART DESDE 01.05.22,420,5394,Colocacion de tips para cirrosis,13902,92
PROVINCIA ART DESDE 01.05.22,420,5397,Colocacion de tutor externo maxilar,13905,93
PROVINCIA ART DESDE 01.05.22,420,5399,Colocacion de via central / colocacion cateter doble Y / tunelizado / cateter para quimioterapia / cateter picc,13907,91
PROVINCIA ART DESDE 01.05.22,420,5400,"Colocacion de yeso de antebrazo, braquipalmar, pierna o pedico",13908,89
PROVINCIA ART DESDE 01.05.22,420,5402,Colocacion o extraccion de balon gastrico en obesidad (gastroenterologia),13909,92
PROVINCIA ART DESDE 01.05.22,420,5403,Colocacion percutanea de stents para las vias biliares (por puncion hepatica),13910,93
PROVINCIA ART DESDE 01.05.22,420,5404,Colocacion y extraccion de yesos,13912,89
PROVINCIA ART DESDE 01.05.22,420,5444,"Correccion incontinencia orina (Bursch, Marshal- Marchetti, colocacion de malla de Sling)",13947,92
PROVINCIA ART DESDE 01.05.22,420,5477,"DIU, colocacion o extraccion",13961,89
PROVINCIA ART DESDE 01.05.22,420,5522,Dilatacion de traquea y/o colocacion de stent bronquial,13999,93
PROVINCIA ART DESDE 01.05.22,420,5523,Dilatacion del ureter + colocacion de pig-tail,14000,91
PROVINCIA ART DESDE 01.05.22,420,5804,Gastrostomia (colocacion / extraccion y/o recolocacion) (tipo boton gastrico),14206,91
PROVINCIA ART DESDE 01.05.22,420,6032,Miringotomia (paracentesis) con o sin colocacion de tubos trans-timpanicos (diabolos o similar),14384,90
PROVINCIA ART DESDE 01.05.22,420,6363,Reparacion de hernia con colocacion de malla de tipo Marlex o similares,14606,92
PROVINCIA ART DESDE 01.05.22,420,5376,Colocacion de desfibrilador interno,14938,93
PROVINCIA ART DESDE 01.05.22,420,5370,Colocacion de expansor mamario,15259,93
PROVINCIA ART DESDE 01.05.22,420,7552,Mastectomia bilateral con colocacion de protesis,15292,98
PROVINCIA ART DESDE 01.05.22,420,7585,Colocacion de balon intragastrico,15341,92
PROVINCIA ART DESDE 01.05.22,420,8111,Colocacion de cateter doble “J” (tipo pig-tail o similares),15415,91
PROVINCIA ART DESDE 01.05.22,420,8113,Colocacion de cateter de pig-tail,15422,91
PROVINCIA ART DESDE 01.05.22,420,5401,"Colocacion de yeso de tipo: minerva, corse, toracobraquial; pelvi-rotuliano o pelvi-pedico",15434,90
PROVINCIA ART DESDE 01.05.22,420,7531,Colocacion  de protesis,15543,95
PROVINCIA ART DESDE 01.05.22,420,7581,Colonoscopia con polipectomia con clips o Mucosectomia,15337,92
PROVINCIA ART DESDE 01.05.22,420,5406,Colonovideoscopia con polipectomia,13914,91
PROVINCIA ART DESDE 01.05.22,420,5407,Colpoperineorrafia anterior y/o posterior,13915,92
PROVINCIA ART DESDE 01.05.22,420,5870,Histerectomia vaginal con o sin colpoperineorrafia,14269,93
PROVINCIA ART DESDE 01.05.22,420,5408,Colpopexia,13916,91
PROVINCIA ART DESDE 01.05.22,420,5409,Colpopexia con malla de Sling o similares,13917,92
PROVINCIA ART DESDE 01.05.22,420,5410,Colpotomia / lesion local de vagina,13918,89
PROVINCIA ART DESDE 01.05.22,420,5411,Comisuroplastia,14939,90
PROVINCIA ART DESDE 01.05.22,420,5412,Condilomas acuminados (fulguracion),13919,89
PROVINCIA ART DESDE 01.05.22,420,5414,Conizacion de cuello uterino o leep,13921,90
PROVINCIA ART DESDE 01.05.22,420,5415,Conjuntivoplastia,13922,91
PROVINCIA ART DESDE 01.05.22,420,5419,Conversion electrica de arritmias cardiacas,14941,90
PROVINCIA ART DESDE 01.05.22,420,5420,Cordocentesis (transfusion intra-uterina),13923,91
PROVINCIA ART DESDE 01.05.22,420,5421,Cordotomia,15529,94
PROVINCIA ART DESDE 01.05.22,420,5422,Correccion de adherencias vaginales,13924,90
PROVINCIA ART DESDE 01.05.22,420,5425,Correccion de cistocele,13927,91
PROVINCIA ART DESDE 01.05.22,420,5427,Correccion de diastasis de los rectos,13929,91
PROVINCIA ART DESDE 01.05.22,420,5430,Correccion de fistula recto-uterina o vesico-uterina,13931,93
PROVINCIA ART DESDE 01.05.22,420,5431,Correccion de fistula recto-vaginal,13932,92
PROVINCIA ART DESDE 01.05.22,420,5432,Correccion de fistula recto-vaginal + reconstruccion del esfinter anal,13933,93
PROVINCIA ART DESDE 01.05.22,420,5433,Correccion de fistula vesico-vaginal,13934,92
PROVINCIA ART DESDE 01.05.22,420,5434,"Correccion de incontinencia de orina (Marshall-Marchetti, Bursch o similares)",13935,92
PROVINCIA ART DESDE 01.05.22,420,5435,Correccion de incontinencia de orina con malla de tipo Sling,13936,92
PROVINCIA ART DESDE 01.05.22,420,5436,Correccion de incontinencia de orina por video,13937,93
PROVINCIA ART DESDE 01.05.22,420,5437,Correccion de incontinencia de orina por video-laparoscopia,13938,93
PROVINCIA ART DESDE 01.05.22,420,5438,Correccion de inversion uterina,13939,90
PROVINCIA ART DESDE 01.05.22,420,5439,Correccion de malformaciones uterinas,13940,94
PROVINCIA ART DESDE 01.05.22,420,5440,Correccion de reflujo vesico-ureteral (RVU),13941,92
PROVINCIA ART DESDE 01.05.22,420,5441,Correccion de tunel carpiano,13943,91
PROVINCIA ART DESDE 01.05.22,420,5442,Correccion de tunel carpiano por videoartroscopia,13944,92
PROVINCIA ART DESDE 01.05.22,420,5443,Correccion del reflujo por inyeccion sub-ureteral de sustancia bultica (tipo Vantrix® o Coaptite®),13945,92
PROVINCIA ART DESDE 01.05.22,420,5445,Correccion quirurgica de acalasia,13948,93
PROVINCIA ART DESDE 01.05.22,420,5447,Correccion quirurgica del sindrome del tunel carpiano,13951,91
PROVINCIA ART DESDE 01.05.22,420,5704,Extraccion de barra post-correccion de pectus excavatum,14130,92
PROVINCIA ART DESDE 01.05.22,420,5429,Correccion de fistula congenita de cuello,14943,91
PROVINCIA ART DESDE 01.05.22,420,8535,Infiltracion con corticoides/ A. locales/ Aines en puntos gatillos (hasta 5),69385,90
PROVINCIA ART DESDE 01.05.22,420,8536,Infiltracion con corticoides/ A. locales/ Aines en puntos gatillos (mas de 5),69386,91
PROVINCIA ART DESDE 01.05.22,420,5448,"Corticoides epidurales, por sesion",14944,90
PROVINCIA ART DESDE 01.05.22,420,5451,"Corticoterapia peridural ( dorsal, lumbar o caudal, sin control x imagenes)",14947,91
PROVINCIA ART DESDE 01.05.22,420,5452,"Corticoterapia peridural (dorsal, lumbar o caudal con control x imagenes)",14948,92
PROVINCIA ART DESDE 01.05.22,420,5453,Corticoterapia peridural cervical con o sin control por imagenes (por sesion),14949,93
PROVINCIA ART DESDE 01.05.22,420,5449,Corticoterapia foraminal cervical guiada por imagenes,15264,94
PROVINCIA ART DESDE 01.05.22,420,5450,Corticoterapia foraminal dorsal o lumbar guiada por imagenes (hasta dos),15266,93
PROVINCIA ART DESDE 01.05.22,420,5454,Craneoestenosis / craneosinostosis,13952,95
PROVINCIA ART DESDE 01.05.22,420,5952,Lesion tumoral de los huesos del craneo,14322,92
PROVINCIA ART DESDE 01.05.22,420,6165,"Osteotomia craneo-facial sin tiempo neuroquirurgico (Crouzon, Apert, etc.)",14464,98
PROVINCIA ART DESDE 01.05.22,420,6325,Reduccion de fractura expuesta de craneo,14573,93
PROVINCIA ART DESDE 01.05.22,420,6164,Osteotomia craneo-facial con tiempo neuroquirurgico,15100,98
PROVINCIA ART DESDE 01.05.22,420,5455,Craneoplastia,15276,94
PROVINCIA ART DESDE 01.05.22,420,5456,Craneotomia exploradora,15534,93
PROVINCIA ART DESDE 01.05.22,420,5457,"Cricotomia, laringorrafia, como unica operacion",15507,92
PROVINCIA ART DESDE 01.05.22,420,5458,Crioneurolisis de articulacion sacro-iliaca bilateral,14951,94
PROVINCIA ART DESDE 01.05.22,420,5459,Crioneurolisis de articulacion sacro-iliaca unilateral,14952,93
PROVINCIA ART DESDE 01.05.22,420,5460,Crioneurolisis de nervio facetario (hasta 2 nervios),14953,93
PROVINCIA ART DESDE 01.05.22,420,5461,Crioneurolisis de nervio facetario (mas 2 nervios),14954,94
PROVINCIA ART DESDE 01.05.22,420,5463,Crioneurolisis de neuroma postquirurgicos,14956,92
PROVINCIA ART DESDE 01.05.22,420,5464,Criptorquidea,13953,91
PROVINCIA ART DESDE 01.05.22,420,5465,Criptorquidea u orquidopexia por video-laparoscopia,13954,92
PROVINCIA ART DESDE 01.05.22,420,5466,Criptorquidea u orquidopexia por videolaparoscopia,13955,92
PROVINCIA ART DESDE 01.05.22,420,5470,Cuadrantectomia unilateral,13956,92
PROVINCIA ART DESDE 01.05.22,420,7596,Cuadrantectomia / tumorectomia ( mas ganglio centinela),15390,92
PROVINCIA ART DESDE 01.05.22,420,7597,Cuadrantectomia / tumorectomia (mas  vaciamiento axilar),15391,93
PROVINCIA ART DESDE 01.05.22,420,5471,Cuerpo extraño / bolo fecal,13957,90
PROVINCIA ART DESDE 01.05.22,420,5472,Cuerpo extraño de pared,13958,89
PROVINCIA ART DESDE 01.05.22,420,5473,Cuerpo extraño de tobillo,13959,89
PROVINCIA ART DESDE 01.05.22,420,5616,Esclerotomia con extraccion de cuerpo extraño intraocular,14074,92
PROVINCIA ART DESDE 01.05.22,420,5667,Exploracion / extraccion de cuerpo extraño de faringe,14110,90
PROVINCIA ART DESDE 01.05.22,420,5713,Extraccion de cuerpo extraño de faringe / esofago / estomago,14137,91
PROVINCIA ART DESDE 01.05.22,420,5714,Extraccion de cuerpo extraño de fosa nasal,14139,90
PROVINCIA ART DESDE 01.05.22,420,5715,"Extraccion de cuerpo extraño de las vias aereas (traquea, bronquios)",14140,92
PROVINCIA ART DESDE 01.05.22,420,5716,Extraccion de cuerpo extraño de lengua,14141,90
PROVINCIA ART DESDE 01.05.22,420,5717,Extraccion de cuerpo extraño de mano,14142,90
PROVINCIA ART DESDE 01.05.22,420,5719,Extraccion de cuerpo extraño de pie,14144,91
PROVINCIA ART DESDE 01.05.22,420,5720,Extraccion de cuerpo extraño de traquea o bronquio,14145,92
PROVINCIA ART DESDE 01.05.22,420,5721,Extraccion de cuerpo extraño del conducto auditivo externo (CAE),14147,89
PROVINCIA ART DESDE 01.05.22,420,5722,Extraccion de cuerpo extraño en faringe /esofago / estomago / duodeno,14148,91
PROVINCIA ART DESDE 01.05.22,420,5723,Extraccion de cuerpo extraño endoocular,14149,92
PROVINCIA ART DESDE 01.05.22,420,5726,Extraccion de cuerpo extraño superficial (conjuntiva),14150,89
PROVINCIA ART DESDE 01.05.22,420,5727,"Extraccion de cuerpo extraño, exploracion de drenajes",14151,90
PROVINCIA ART DESDE 01.05.22,420,5724,Extraccion de cuerpo extraño profundo,14994,91
PROVINCIA ART DESDE 01.05.22,420,5725,Extraccion de cuerpo extraño profundo de cuello,14995,91
PROVINCIA ART DESDE 01.05.22,420,6508,"TAC de cuerpo entero, con o sin contraste",15176,92
PROVINCIA ART DESDE 01.05.22,420,5805,Gastrostomia / exploracion / extraccion de cuerpo extraño/ lesion local o tumor benigno,15313,92
PROVINCIA ART DESDE 01.05.22,420,5474,"Curacion de un gran quemado, mas del 30%",14957,92
PROVINCIA ART DESDE 01.05.22,420,5475,Curacion de un quemado hasta el 30%,14958,91
PROVINCIA ART DESDE 01.05.22,420,5476,Curetaje oseo,13960,89
PROVINCIA ART DESDE 01.05.22,420,5478,Dacrio-cistografia,13962,90
PROVINCIA ART DESDE 01.05.22,420,5480,Dacrio-cistorrinostomia,13964,93
PROVINCIA ART DESDE 01.05.22,420,5481,Decorticacion pleuropulmonar a cielo abierto,13965,95
PROVINCIA ART DESDE 01.05.22,420,5482,Decorticacion pleuropulmonar por video-toracoscopia,13966,95
PROVINCIA ART DESDE 01.05.22,420,5483,Dedo en gatillo o dedo en resorte,13967,90
PROVINCIA ART DESDE 01.05.22,420,5485,Dedos en martillo (cada uno),13968,89
PROVINCIA ART DESDE 01.05.22,420,5679,Extirpacion de aponeurosis palmar hasta 3 dedos,14121,91
PROVINCIA ART DESDE 01.05.22,420,5680,Extirpacion de aponeurosis palmar mas de 3 dedos (enfermedad de Dupuytren),14122,92
PROVINCIA ART DESDE 01.05.22,420,5681,Extirpacion de aponeurosis plantar hasta 3 dedos,14123,91
PROVINCIA ART DESDE 01.05.22,420,6173,Panadizo / flemon de dedos,14468,89
PROVINCIA ART DESDE 01.05.22,420,6345,Reimplante de 1 a 2 dedos,14586,92
PROVINCIA ART DESDE 01.05.22,420,6346,Reimplante de dedo (hasta 2),14587,92
PROVINCIA ART DESDE 01.05.22,420,6347,Reimplante de mas de 2 dedos,14589,93
PROVINCIA ART DESDE 01.05.22,420,6619,Tumor de dedo,14781,90
PROVINCIA ART DESDE 01.05.22,420,5484,Dedo en martillo traumatico (“mallet finger”),15461,91
PROVINCIA ART DESDE 01.05.22,420,5486,Denervacion articular,15442,92
PROVINCIA ART DESDE 01.05.22,420,5487,Derivacion aorto-bifemoral,13969,98
PROVINCIA ART DESDE 01.05.22,420,5488,Derivacion aorto-iliaca con o sin simpatectomia,13970,95
PROVINCIA ART DESDE 01.05.22,420,5489,Derivacion aorto-renal,13971,95
PROVINCIA ART DESDE 01.05.22,420,5491,Derivacion paliativa de esofago,13972,94
PROVINCIA ART DESDE 01.05.22,420,5493,Derivacion ventriculo-peritoneal o similar,13974,93
PROVINCIA ART DESDE 01.05.22,420,5742,Extraccion de tubo de derivacion,14165,91
PROVINCIA ART DESDE 01.05.22,420,6435,Revision o restitucion parcial o total de valvula derivativa (en derivaciones ventriculo-peritoneales o similar),14655,92
PROVINCIA ART DESDE 01.05.22,420,5492,Derivacion pericardio-peritoneal,14959,95
PROVINCIA ART DESDE 01.05.22,420,5490,Derivacion intestinal interna,15329,93
PROVINCIA ART DESDE 01.05.22,420,5494,Dermoabrasion,14960,91
PROVINCIA ART DESDE 01.05.22,420,5495,Dermolipectomia,14961,93
PROVINCIA ART DESDE 01.05.22,420,5496,Dermolipectomia con ombligo,14963,94
PROVINCIA ART DESDE 01.05.22,420,5498,Desarticulacion coxo-femoral,13976,95
PROVINCIA ART DESDE 01.05.22,420,5499,Desarticulacion del brazo,13977,95
PROVINCIA ART DESDE 01.05.22,420,5500,Desarticulacion escapulo-humeral,13978,95
PROVINCIA ART DESDE 01.05.22,420,5501,Desarticulacion interescapulo-toracica,13979,94
PROVINCIA ART DESDE 01.05.22,420,5504,Descompresion orbitaria unilateral,13980,93
PROVINCIA ART DESDE 01.05.22,420,7507,Descompresion discal con decompressor o similar,15275,98
PROVINCIA ART DESDE 01.05.22,420,5506,Desgarro de cuello uterino,69300,90
PROVINCIA ART DESDE 01.05.22,420,5505,Desgarro de cristalino,13981,91
PROVINCIA ART DESDE 01.05.22,420,5507,Desgarro de vagina / colporrafia o colpocleisis / fuera del trabajo de parto,13983,91
PROVINCIA ART DESDE 01.05.22,420,5508,Desgarro de vagina y/o esfinter,13984,90
PROVINCIA ART DESDE 01.05.22,420,5509,Desgarro muscular de cara anterior del muslo,13985,90
PROVINCIA ART DESDE 01.05.22,420,5510,Desgarro muscular de cara posterior del muslo (paciente en decubito ventral),13986,91
PROVINCIA ART DESDE 01.05.22,420,6477,Sintesis muscular (desgarro muscular simple),14690,90
PROVINCIA ART DESDE 01.05.22,420,5511,Determinacion de respuesta neuromoduladora sistemica a la anest.,14965,90
PROVINCIA ART DESDE 01.05.22,420,5512,Devolvulacion / desinvaginacion intestinal con reseccion intestinal,13987,93
PROVINCIA ART DESDE 01.05.22,420,5513,Devolvulacion / desinvaginacion intestinal sin reseccion intestinal,13988,91
PROVINCIA ART DESDE 01.05.22,420,5514,Devolvulacion endoscopica,13989,91
PROVINCIA ART DESDE 01.05.22,420,5515,Diagnostico estereotaxico para estudios de epilepsia,13990,93
PROVINCIA ART DESDE 01.05.22,420,5224,Bloquo diagnostico o terapeutico de G de Walther guiado por,14907,92
PROVINCIA ART DESDE 01.05.22,420,6234,Procedimiento diagnostico para implante de bomba de infusion,15272,94
PROVINCIA ART DESDE 01.05.22,420,5516,Diastasis del pubis,13992,92
PROVINCIA ART DESDE 01.05.22,420,5519,Dilatacion colonica por endoscopia,13994,91
PROVINCIA ART DESDE 01.05.22,420,5520,Dilatacion de esofago,13995,91
PROVINCIA ART DESDE 01.05.22,420,5521,Dilatacion de esofago/ pilorica / colonica,13998,91
PROVINCIA ART DESDE 01.05.22,420,5524,Dilatacion endoscopica de estenosis de via biliar,14001,92
PROVINCIA ART DESDE 01.05.22,420,5525,Dilatacion endoscopica de la via biliar,14002,92
PROVINCIA ART DESDE 01.05.22,420,5526,Dilatacion pilorica por endoscopia,14003,91
PROVINCIA ART DESDE 01.05.22,420,5528,Dilatacion uretral por video,14004,90
PROVINCIA ART DESDE 01.05.22,420,5518,Dilatacion anal,15355,90
PROVINCIA ART DESDE 01.05.22,420,5527,Dilatacion uretral,15412,89
PROVINCIA ART DESDE 01.05.22,420,5529,Dinamica renal (renograma isotopico),14966,90
PROVINCIA ART DESDE 01.05.22,420,5531,Discografia provocativa  (un disco),14967,92
PROVINCIA ART DESDE 01.05.22,420,5530,Discografia provocativa (dos a tres discos),15253,92
PROVINCIA ART DESDE 01.05.22,420,5532,Discograma discal diagnostica,14968,94
PROVINCIA ART DESDE 01.05.22,420,5534,Diseccion de la aorta ascente y/o reemplazo de la aorta,51394,98
PROVINCIA ART DESDE 01.05.22,420,5535,Diseccion quirurgica para linfadenografia,14969,90
PROVINCIA ART DESDE 01.05.22,420,5537,Diverticulo de Meckel por via convencional,14006,91
PROVINCIA ART DESDE 01.05.22,420,5538,Diverticulo de Meckel por videolaparoscopia,14007,92
PROVINCIA ART DESDE 01.05.22,420,5539,Diverticulo de esofago,14009,93
PROVINCIA ART DESDE 01.05.22,420,5601,Escision de diverticulo faringo-esofagico,14061,92
PROVINCIA ART DESDE 01.05.22,420,5001,"Abceso, Flemon, Drenaje",13644,89
PROVINCIA ART DESDE 01.05.22,420,5548,Drenaje de glandula y o saco lagrimal,14019,90
PROVINCIA ART DESDE 01.05.22,420,5549,Drenaje del septum,14020,90
PROVINCIA ART DESDE 01.05.22,420,5550,Drenaje del wirsung,14021,92
PROVINCIA ART DESDE 01.05.22,420,5551,Drenaje percutaneo de las vias biliares,14022,93
PROVINCIA ART DESDE 01.05.22,420,5553,Drenaje ventricular continuo,14025,91
PROVINCIA ART DESDE 01.05.22,420,5590,Epididimotomia y drenaje,14054,90
PROVINCIA ART DESDE 01.05.22,420,5891,Incision y drenaje de amigdalas o tejido peri-amigdalino,14281,90
PROVINCIA ART DESDE 01.05.22,420,5892,Incision y drenaje de glandula parotida o submaxilar,14282,90
PROVINCIA ART DESDE 01.05.22,420,5897,Incision y drenaje de piso de la boca o mejilla,14285,90
PROVINCIA ART DESDE 01.05.22,420,5900,Incision y/o drenaje de tejido retro-faringeo por via oral,14288,90
PROVINCIA ART DESDE 01.05.22,420,6175,Pancreatectomia con exploracion y drenaje,14470,94
PROVINCIA ART DESDE 01.05.22,420,6250,Puncion / drenaje del Douglas,14536,89
PROVINCIA ART DESDE 01.05.22,420,6391,"Reseccion de lesion local de septum, cornetes, hematoma septal o drenaje del septum",14624,91
PROVINCIA ART DESDE 01.05.22,420,5895,Incision y drenaje de lesion dentaria,15230,90
PROVINCIA ART DESDE 01.05.22,420,7592,Pleurodesis quimica por tubo de drenaje,15364,90
PROVINCIA ART DESDE 01.05.22,420,5893,Incision y drenaje de la auricula,15490,90
PROVINCIA ART DESDE 01.05.22,420,5555,Duodenopancreatectomia,15310,95
PROVINCIA ART DESDE 01.05.22,420,6683,Video esofago gastro duodenoscopia Veda,15333,90
PROVINCIA ART DESDE 01.05.22,420,6684,Video gastro duodenoscopia con polipectomia Veda,15334,90
PROVINCIA ART DESDE 01.05.22,420,5557,Ecocardiografia transtoracica o transesofagica intra-operatoria,14027,91
PROVINCIA ART DESDE 01.05.22,420,5558,Ecocardiograma transesofagico,14028,91
PROVINCIA ART DESDE 01.05.22,420,5560,Ecografia trans-toracica o trans-esofagica intra-operatoria,14972,91
PROVINCIA ART DESDE 01.05.22,420,6256,Puncion ovarica guiada por ecografia (incluye icsi),15399,91
PROVINCIA ART DESDE 01.05.22,420,5559,Ecografia de ojo,15520,89
PROVINCIA ART DESDE 01.05.22,420,5562,Ectropion simple y/o entropion,14975,90
PROVINCIA ART DESDE 01.05.22,420,7525,Implante de electrodo espinal para estimulacion medular (trial),51347,95
PROVINCIA ART DESDE 01.05.22,420,5563,Electro-retinograma,14030,89
PROVINCIA ART DESDE 01.05.22,420,5647,Estudio electrofisiologico,14095,92
PROVINCIA ART DESDE 01.05.22,420,5565,Emasculacion total con vaciamiento inguino-abdominal,14032,94
PROVINCIA ART DESDE 01.05.22,420,5566,Embarazo ectopico hemorragico,14033,92
PROVINCIA ART DESDE 01.05.22,420,5567,Embarazo ectopico no complicado,14034,91
PROVINCIA ART DESDE 01.05.22,420,5568,Embolectomia de arteria periferica,14035,92
PROVINCIA ART DESDE 01.05.22,420,5569,Embolectomia renal,15413,90
PROVINCIA ART DESDE 01.05.22,420,5570,Embolizacion de tumor cerebral por hemodinamia,14036,94
PROVINCIA ART DESDE 01.05.22,420,5571,Embolizacion de tumor extracraneal por via periferica,14037,92
PROVINCIA ART DESDE 01.05.22,420,5572,Embolizacion extra-craneal por via periferica,14038,93
PROVINCIA ART DESDE 01.05.22,420,5573,Embolizacion hepatica,14039,93
PROVINCIA ART DESDE 01.05.22,420,5575,Embolizacion por via periferica en hemodinamia,14041,91
PROVINCIA ART DESDE 01.05.22,420,5576,Encefalo-meningocele,14042,94
PROVINCIA ART DESDE 01.05.22,420,6050,Neumoencefalografia,15530,91
PROVINCIA ART DESDE 01.05.22,420,6714,Endometriosis Convencional - Laparatomia,60865,93
PROVINCIA ART DESDE 01.05.22,420,5577,Endometriosis tratamiento por videolaparoscopia,14043,94
PROVINCIA ART DESDE 01.05.22,420,6685,Video-laparoscopia ginecologica diagnostica (incluye endometriosis y prueba de Cote),14832,92
PROVINCIA ART DESDE 01.05.22,420,5578,Endoprotesis vasculares perifericas en hemodinamia (no de aorta),14044,94
PROVINCIA ART DESDE 01.05.22,420,5881,Implante de endoprotesis en arterias o venas toracicas o abdominales,14278,95
PROVINCIA ART DESDE 01.05.22,420,5579,Endoscopia nasal diagnostica,14045,91
PROVINCIA ART DESDE 01.05.22,420,5618,Esfenoidectomia por video-endoscopia,14076,93
PROVINCIA ART DESDE 01.05.22,420,5650,Etmoidectomia por videoendoscopia,14098,93
PROVINCIA ART DESDE 01.05.22,420,5705,Extraccion de calculo por endoscopia,14131,91
PROVINCIA ART DESDE 01.05.22,420,6006,Maxilectomia radical por video-endoscopia,14361,93
PROVINCIA ART DESDE 01.05.22,420,6008,Maxilectomia simple por video-endoscopia,14362,92
PROVINCIA ART DESDE 01.05.22,420,6228,Polipectomia nasal endoscopica (extirpacion de polipos nasales por video-endoscopia),14521,92
PROVINCIA ART DESDE 01.05.22,420,6486,"Sinusotomias por videoendoscopia (etmoidectomia, esfenoidectomia, etc)",14699,93
PROVINCIA ART DESDE 01.05.22,420,6596,Tratamiento de ulceras y fistulas traqueoesofagicas por endoscopias,14764,91
PROVINCIA ART DESDE 01.05.22,420,7582,Endoscopia con Argon plasma,15338,92
PROVINCIA ART DESDE 01.05.22,420,6459,Septumplastia por videoendoscopia,15514,92
PROVINCIA ART DESDE 01.05.22,420,5581,Enfermedad de Quervain,14048,91
PROVINCIA ART DESDE 01.05.22,420,5582,"Enterolisis como unica intervencion, debridamiento intestinal",60873,92
PROVINCIA ART DESDE 01.05.22,420,5583,Enterolisis por videolaparoscopia,14049,93
PROVINCIA ART DESDE 01.05.22,420,5808,Enterolisis,15326,92
PROVINCIA ART DESDE 01.05.22,420,8100,Enterolisis abdominal laparoscopica (como unica intervencion),15348,92
PROVINCIA ART DESDE 01.05.22,420,5585,Enterorrafia simple,14050,91
PROVINCIA ART DESDE 01.05.22,420,5584,Enterorrafia multiple (dos o mas),15327,93
PROVINCIA ART DESDE 01.05.22,420,7588,Enteroscopia alta,15344,93
PROVINCIA ART DESDE 01.05.22,420,7589,Enteroscopia baja,15345,93
PROVINCIA ART DESDE 01.05.22,420,7590,Enteroscopia mixta 100% mas 75%,15346,93
PROVINCIA ART DESDE 01.05.22,420,5586,Enterostomia temporaria o definitiva,14051,91
PROVINCIA ART DESDE 01.05.22,420,5587,Enucleacion ocular,14052,91
PROVINCIA ART DESDE 01.05.22,420,5588,Epicanto,14976,90
PROVINCIA ART DESDE 01.05.22,420,5589,Epididimectomia,14053,91
PROVINCIA ART DESDE 01.05.22,420,5591,Epidurograma,14977,95
PROVINCIA ART DESDE 01.05.22,420,5592,Epiduroplastia (incluye dosis esteroides por cateter),15273,94
PROVINCIA ART DESDE 01.05.22,420,5593,Epiduroscopia,14978,95
PROVINCIA ART DESDE 01.05.22,420,5594,Epifisiolisis,14055,91
PROVINCIA ART DESDE 01.05.22,420,5595,Epifisiolisis de la cabeza femoral (desplazamiento del nucleo epifisiario en relacion al cuello femoral),14056,92
PROVINCIA ART DESDE 01.05.22,420,5596,Episiorrafia,14057,90
PROVINCIA ART DESDE 01.05.22,420,5597,Escapula alata,14059,93
PROVINCIA ART DESDE 01.05.22,420,6126,Operacion de hueso escapular,14431,91
PROVINCIA ART DESDE 01.05.22,420,6140,"Osteosintesis de clavicula, costilla o escapula",14442,92
PROVINCIA ART DESDE 01.05.22,420,5598,"Escara, reseccion con el paciente en decubito dorsal o lateral",15225,90
PROVINCIA ART DESDE 01.05.22,420,6382,Reseccion de escara con el paciente en decubito lateral o dorsal,15234,91
PROVINCIA ART DESDE 01.05.22,420,5599,"Escara, reseccion con el paciente en decubito ventral",15237,91
PROVINCIA ART DESDE 01.05.22,420,6383,Reseccion de escara con el paciente en decubito ventral,15256,92
PROVINCIA ART DESDE 01.05.22,420,5602,Escision de lesion conjuntival,14062,90
PROVINCIA ART DESDE 01.05.22,420,5604,Escision de lesion local de conducto auditivo externo (CAE),14063,89
PROVINCIA ART DESDE 01.05.22,420,5605,Escision de lesion local de parpados,14064,90
PROVINCIA ART DESDE 01.05.22,420,5606,Escision de lesion localizada superficial de lengua,14065,90
PROVINCIA ART DESDE 01.05.22,420,5607,Escision de lesion primaria de encias mas vaciamiento cervical,14066,93
PROVINCIA ART DESDE 01.05.22,420,5608,Escision de polipo retrocoanal,14067,90
PROVINCIA ART DESDE 01.05.22,420,5609,Escision de tumor del cavum (rino-faringe),14068,93
PROVINCIA ART DESDE 01.05.22,420,5610,Escision de tumores endonasales por rinotomia lateral,14069,92
PROVINCIA ART DESDE 01.05.22,420,5611,Escision local de lesion de labio,14070,89
PROVINCIA ART DESDE 01.05.22,420,5614,Escision radical de tumor de naso-faringe (cavum),14072,93
PROVINCIA ART DESDE 01.05.22,420,6129,Orbitotomia con escision de lesion de orbita,14434,91
PROVINCIA ART DESDE 01.05.22,420,5603,"Escision de lesion de conductos linfaticos (linfangioma, higroma)",14979,92
PROVINCIA ART DESDE 01.05.22,420,5613,Escision radical de glandula submaxilar,15500,92
PROVINCIA ART DESDE 01.05.22,420,5615,Esclerotomia,14073,91
PROVINCIA ART DESDE 01.05.22,420,5617,Escrotoplastia,14075,91
PROVINCIA ART DESDE 01.05.22,420,5619,Esfinteroplastia con colostomia,14077,92
PROVINCIA ART DESDE 01.05.22,420,5620,Esfinteroplastia tipo plicatura,14078,91
PROVINCIA ART DESDE 01.05.22,420,5621,Esfinterotomia - esfinterectomia,14079,89
PROVINCIA ART DESDE 01.05.22,420,6015,Megaesofago,14367,93
PROVINCIA ART DESDE 01.05.22,420,6190,Perforaciones de esofago,14484,93
PROVINCIA ART DESDE 01.05.22,420,6335,Reemplazo de esofago,14579,95
PROVINCIA ART DESDE 01.05.22,420,6384,Reseccion de esofago,14617,94
PROVINCIA ART DESDE 01.05.22,420,5622,Esofago-gastrectomia,15319,98
PROVINCIA ART DESDE 01.05.22,420,5623,Esofagostomia,15320,92
PROVINCIA ART DESDE 01.05.22,420,5624,Esofaguectomia por videolaparoscopia,14080,95
PROVINCIA ART DESDE 01.05.22,420,5625,Esofaguectomia total,15321,94
PROVINCIA ART DESDE 01.05.22,420,7519,Implante definitivo de cateter espinal para bomba intratecal de morfina,51348,98
PROVINCIA ART DESDE 01.05.22,420,5626,Espina bifida,14081,94
PROVINCIA ART DESDE 01.05.22,420,5627,Esplenectomia electiva,14082,92
PROVINCIA ART DESDE 01.05.22,420,5628,Esplenectomia laparoscopica,14083,94
PROVINCIA ART DESDE 01.05.22,420,5631,Esplenectomia por videolaparoscopia,14084,94
PROVINCIA ART DESDE 01.05.22,420,5799,Gastrectomia total con o sin esplenectomia,14202,95
PROVINCIA ART DESDE 01.05.22,420,5629,Esplenectomia por rotura de bazo,15307,93
PROVINCIA ART DESDE 01.05.22,420,5630,Esplenectomia por toracotomia,15309,94
PROVINCIA ART DESDE 01.05.22,420,5632,Espleno-portografia,15306,91
PROVINCIA ART DESDE 01.05.22,420,5633,Esplenopancreatectomia corporo-caudal,15311,95
PROVINCIA ART DESDE 01.05.22,420,5634,Esqueletizacion del sistema venoso valvular o avalvular,14085,92
PROVINCIA ART DESDE 01.05.22,420,5635,Esquiascopias,14086,89
PROVINCIA ART DESDE 01.05.22,420,5636,Estafiloma,14087,90
PROVINCIA ART DESDE 01.05.22,420,5638,Estapedectomia,15493,93
PROVINCIA ART DESDE 01.05.22,420,5639,Estenosis traqueal sub-glotica,14089,92
PROVINCIA ART DESDE 01.05.22,420,5641,Estimulacion electrica transcutanea (EET): c/24 hs o fraccion,14981,90
PROVINCIA ART DESDE 01.05.22,420,5642,Estomatoplastia con injerto (inlcuye toma),14090,93
PROVINCIA ART DESDE 01.05.22,420,5643,Estrabismo  mas de  dos musculos,14091,92
PROVINCIA ART DESDE 01.05.22,420,5644,Estrabismo (dos musculos),14092,91
PROVINCIA ART DESDE 01.05.22,420,5645,Estrabismo bilateral,14093,94
PROVINCIA ART DESDE 01.05.22,420,5646,Estrabismo mas de cuatro musculos,14094,93
PROVINCIA ART DESDE 01.05.22,420,5648,Etmoidectomia endoscopica,14096,93
PROVINCIA ART DESDE 01.05.22,420,5649,Etmoidectomia interna,14097,92
PROVINCIA ART DESDE 01.05.22,420,5651,Evacuacion de hematoma extradural / subdural / intracerebral,14099,94
PROVINCIA ART DESDE 01.05.22,420,5652,Evacuacion por puncion de coleccion intra-cerebral o extra-cerebral,14100,93
PROVINCIA ART DESDE 01.05.22,420,5653,Eventracion,15295,92
PROVINCIA ART DESDE 01.05.22,420,5655,Evisceracion ocular,14101,91
PROVINCIA ART DESDE 01.05.22,420,5656,Examen con lampara de hendidura,14102,89
PROVINCIA ART DESDE 01.05.22,420,5659,Excentracion del contenido orbitario con reseccion total del maxilar superior,14105,94
PROVINCIA ART DESDE 01.05.22,420,5660,Excentracion del contenido orbitario y/o peri-orbitario,14106,92
PROVINCIA ART DESDE 01.05.22,420,5662,Exeresis de neuroma de Morton (tumoracion dolorosa de los nervios del pie),14107,92
PROVINCIA ART DESDE 01.05.22,420,5663,Exeresis de tumor hepatico por radiofrecuencia,14108,93
PROVINCIA ART DESDE 01.05.22,420,5757,Facofragmentacion y facoexeresis,14173,92
PROVINCIA ART DESDE 01.05.22,420,5962,Ligadura sub-aponeurotica de perforantes mas safenectomia interna con o sin exeresis escalonada de colaterales,14330,93
PROVINCIA ART DESDE 01.05.22,420,6116,Operacion de Cockett mas safenectomia interna con exeresis escalonada de colaterales insuficientes,14421,93
PROVINCIA ART DESDE 01.05.22,420,6447,Safenectomia interna unilateral con exeresis escalonada,14662,93
PROVINCIA ART DESDE 01.05.22,420,5661,Exeresis de ganglio centinela,14982,91
PROVINCIA ART DESDE 01.05.22,420,5664,Exoftalmia endocrina o de otras causas,14983,93
PROVINCIA ART DESDE 01.05.22,420,5665,Expansor de cuero cabelludo,14984,93
PROVINCIA ART DESDE 01.05.22,420,5666,Exploracion  de hombro doloroso,14109,92
PROVINCIA ART DESDE 01.05.22,420,5668,Exploracion de arteria periferica,14111,92
PROVINCIA ART DESDE 01.05.22,420,5669,Exploracion de columna por via anterior,14112,93
PROVINCIA ART DESDE 01.05.22,420,5670,Exploracion de heridas en partes blandas,14113,91
PROVINCIA ART DESDE 01.05.22,420,5674,Exploracion del plexo cervico-braquial,14117,92
PROVINCIA ART DESDE 01.05.22,420,5675,Exploracion del plexo lumbo-sacro,14118,93
PROVINCIA ART DESDE 01.05.22,420,5766,Fistula biliar con exploracion de vias biliares,14181,93
PROVINCIA ART DESDE 01.05.22,420,6295,Re-exploracion de tiroides y/o paratiroides (ejemplo:post-sangrado),14564,91
PROVINCIA ART DESDE 01.05.22,420,5689,Extirpacion de polipos nasales,14124,91
PROVINCIA ART DESDE 01.05.22,420,5694,Extirpacion de quiste tirogloso,14125,91
PROVINCIA ART DESDE 01.05.22,420,5696,Extirpacion de tumor de partes blandas de miembro superior o inferior,14127,90
PROVINCIA ART DESDE 01.05.22,420,5699,Extirpacion de tumor vesical por laparotomia,14128,92
PROVINCIA ART DESDE 01.05.22,420,5993,Marsupializacion / extirpacion de glandula de Bartholino,14355,90
PROVINCIA ART DESDE 01.05.22,420,5677,Extirpacion de angioma,14985,91
PROVINCIA ART DESDE 01.05.22,420,5684,"Extirpacion de nevus (hasta 3), en cabeza y cuello",14986,90
PROVINCIA ART DESDE 01.05.22,420,5685,"Extirpacion de nevus (hasta 3), excepto en cabeza y cuello",14987,89
PROVINCIA ART DESDE 01.05.22,420,5688,"Extirpacion de papilomas (hasta 5), excepto en cabeza y cuello",14988,89
PROVINCIA ART DESDE 01.05.22,420,5690,Extirpacion de quiste congenito tirogloso y similares,14989,91
PROVINCIA ART DESDE 01.05.22,420,5692,Extirpacion de quiste sebaceo en cabeza y/o cuello,14990,90
PROVINCIA ART DESDE 01.05.22,420,5693,"Extirpacion de quiste sebaceo, excepto en cabeza y cuello",14991,89
PROVINCIA ART DESDE 01.05.22,420,5697,Extirpacion de tumor osea mas reconstruccion,14992,93
PROVINCIA ART DESDE 01.05.22,420,5698,Extirpacion de tumor oseo,14993,92
PROVINCIA ART DESDE 01.05.22,420,5683,Extirpacion de mas de 5 papilomas; excepto en cabeza y cuello,15222,90
PROVINCIA ART DESDE 01.05.22,420,5687,Extirpacion de nevus (mas de 3); excepto en cabeza y cuello,15224,90
PROVINCIA ART DESDE 01.05.22,420,5702,Extirpacion parcial de nariz,15229,90
PROVINCIA ART DESDE 01.05.22,420,5701,Extirpacion dentaria,15231,90
PROVINCIA ART DESDE 01.05.22,420,5686,Extirpacion de nevus (mas de 3); en cabeza y cuello,15239,91
PROVINCIA ART DESDE 01.05.22,420,6244,Proctectomia (extirpacion del recto),15357,92
PROVINCIA ART DESDE 01.05.22,420,7602,Extirpacion de calculos endovesicales a cielo abierto,15425,93
PROVINCIA ART DESDE 01.05.22,420,7603,Extirpacion de calculos endovesicales por citoscopia,15426,94
PROVINCIA ART DESDE 01.05.22,420,5682,Extirpacion de ganglion,15449,90
PROVINCIA ART DESDE 01.05.22,420,5691,Extirpacion de quiste muscular,15454,90
PROVINCIA ART DESDE 01.05.22,420,5700,Extirpacion del coccix,15483,91
PROVINCIA ART DESDE 01.05.22,420,5695,Extirpacion de ranula,15496,90
PROVINCIA ART DESDE 01.05.22,420,6710,Extraccion de Implante Mamario,60861,93
PROVINCIA ART DESDE 01.05.22,420,6711,Extraccion de Implante Mamario mas Pexia,60862,94
PROVINCIA ART DESDE 01.05.22,420,5703,Extraccion cruenta de calculos salivales,14129,90
PROVINCIA ART DESDE 01.05.22,420,5706,Extraccion de calculo por via endoscopica,14132,90
PROVINCIA ART DESDE 01.05.22,420,5707,Extraccion de cateter central / cateter doble Y / tunelizado / cateter para quimioterapia,14133,90
PROVINCIA ART DESDE 01.05.22,420,5708,Extraccion de cateter central / doble Y / tunelizado / similares,14134,90
PROVINCIA ART DESDE 01.05.22,420,5711,Extraccion de clavo intramedular,14135,92
PROVINCIA ART DESDE 01.05.22,420,5729,Extraccion de material de osteosintesis de columna,14152,92
PROVINCIA ART DESDE 01.05.22,420,5730,"Extraccion de material de osteosintesis de miembro superior (placas, tornillos, etc)",14154,90
PROVINCIA ART DESDE 01.05.22,420,5733,Extraccion de protesis de columna,14157,93
PROVINCIA ART DESDE 01.05.22,420,5734,Extraccion de protesis de rodilla (1 elemento),14158,92
PROVINCIA ART DESDE 01.05.22,420,5737,Extraccion de protesis total de rodilla,14160,92
PROVINCIA ART DESDE 01.05.22,420,5739,Extraccion de puntos de la conjuntiva,14162,89
PROVINCIA ART DESDE 01.05.22,420,5740,Extraccion de puntos de parpados,14163,89
PROVINCIA ART DESDE 01.05.22,420,5741,Extraccion de taponaje de loge prostatica,14164,90
PROVINCIA ART DESDE 01.05.22,420,5743,Extraccion de tutor externo,14166,90
PROVINCIA ART DESDE 01.05.22,420,5748,Extraccion extra-capsular de cristalino,14167,92
PROVINCIA ART DESDE 01.05.22,420,5749,Extraccion intra-capsular de cristalino,14168,92
PROVINCIA ART DESDE 01.05.22,420,5750,Extraccion manual de placenta como unico procedimiento,14169,90
PROVINCIA ART DESDE 01.05.22,420,6432,"Revision de protesis de hombro, solo su extraccion",14652,93
PROVINCIA ART DESDE 01.05.22,420,6550,Toillete cardiaco post-quirurgico con o sin extraccion de alambres,15188,94
PROVINCIA ART DESDE 01.05.22,420,5744,Extraccion dentaria hasta 3 piezas,15236,91
PROVINCIA ART DESDE 01.05.22,420,5751,Extracciones dentarias multiples,15255,92
PROVINCIA ART DESDE 01.05.22,420,7586,Extraccion de balon intragastrico,15342,92
PROVINCIA ART DESDE 01.05.22,420,8110,Extraccion de cateter de doble “J” (tipo pig-tail o similares),15414,90
PROVINCIA ART DESDE 01.05.22,420,8112,Extraccion de cateter de pig-tail,15421,90
PROVINCIA ART DESDE 01.05.22,420,5745,Extraccion dentaria (pieza unica),15498,90
PROVINCIA ART DESDE 01.05.22,420,5746,Extraccion dentaria de piezas multiples,15501,92
PROVINCIA ART DESDE 01.05.22,420,5728,Extraccion de masas cristalinas,15527,91
PROVINCIA ART DESDE 01.05.22,420,5758,Faringoplastia,14174,93
PROVINCIA ART DESDE 01.05.22,420,5760,Fenestracion del conducto semicircular externo,14176,93
PROVINCIA ART DESDE 01.05.22,420,5761,Feocromocitoma,14177,95
PROVINCIA ART DESDE 01.05.22,420,7527,Feocromocitoma por video-laparoscopia,15387,98
PROVINCIA ART DESDE 01.05.22,420,6324,Reduccion cruenta de luxacion o fractura de columna sin fijacion,14572,93
PROVINCIA ART DESDE 01.05.22,420,6429,Revision de fijacion de columna,14649,98
PROVINCIA ART DESDE 01.05.22,420,5762,Fijacion interdentaria,15489,91
PROVINCIA ART DESDE 01.05.22,420,5763,Fimosis / parafimosis / postioplastia,14178,91
PROVINCIA ART DESDE 01.05.22,420,5764,Fistula anal / fistulectomia / fistulotomia,14179,90
PROVINCIA ART DESDE 01.05.22,420,5765,Fistula arterio-venosa para hemodialisis,14180,92
PROVINCIA ART DESDE 01.05.22,420,5768,Fistula umbilical,14182,91
PROVINCIA ART DESDE 01.05.22,420,5770,Fistula vagino-perineal,14184,91
PROVINCIA ART DESDE 01.05.22,420,5771,Fistula vesico-parietal,14185,91
PROVINCIA ART DESDE 01.05.22,420,5772,Fistula vesico-rectal,14186,91
PROVINCIA ART DESDE 01.05.22,420,5773,Fistula vesico-ureteral,14187,91
PROVINCIA ART DESDE 01.05.22,420,5767,Fistula en columna,15484,93
PROVINCIA ART DESDE 01.05.22,420,5775,Fistulografia,14189,89
PROVINCIA ART DESDE 01.05.22,420,5776,Fisura anal,14190,90
PROVINCIA ART DESDE 01.05.22,420,5859,"Hipertelorismo, fisura facial media",14262,98
PROVINCIA ART DESDE 01.05.22,420,5939,"Laringotomia mediana, laringofisura, como unica operacion",14309,92
PROVINCIA ART DESDE 01.05.22,420,5777,"Fisura congenita del esqueleto facial (Treacher Collins, etc.)",14996,95
PROVINCIA ART DESDE 01.05.22,420,5778,Flebectomia segmentaria / varices residuales como unica operacion,14191,91
PROVINCIA ART DESDE 01.05.22,420,6448,Safenectomia interna unilateral con flebectomia segmentaria o de varices residuales,14663,93
PROVINCIA ART DESDE 01.05.22,420,6591,Tratamiento con laser mas flebectomia segmentaria,14759,94
PROVINCIA ART DESDE 01.05.22,420,5779,Flebografia de miembros,14192,90
PROVINCIA ART DESDE 01.05.22,420,5780,Flemon de mano,14193,90
PROVINCIA ART DESDE 01.05.22,420,5781,Flemon de pared,15360,89
PROVINCIA ART DESDE 01.05.22,420,5782,Fondo de ojo,14194,89
PROVINCIA ART DESDE 01.05.22,420,5783,Formacion de vagina artificial,14196,95
PROVINCIA ART DESDE 01.05.22,420,6128,Operaciones plasticas de malformaciones  congenitas ano-rectales con 1 o 2 equipos,14433,95
PROVINCIA ART DESDE 01.05.22,420,6130,Oreja en asa y otras malformaciones,15098,91
PROVINCIA ART DESDE 01.05.22,420,5785,Fractura bi-maleolar de tobillo (osteosintesis de tibia y perone por distintas vias),14198,93
PROVINCIA ART DESDE 01.05.22,420,5789,Fractura del peñasco (tratamiento quirurgico),14199,94
PROVINCIA ART DESDE 01.05.22,420,5966,Limpieza quirurgica de fractura expuesta (no de femur),14334,91
PROVINCIA ART DESDE 01.05.22,420,5967,Limpieza quirurgica de fractura expuesta de femur,14335,92
PROVINCIA ART DESDE 01.05.22,420,5968,Limpieza quirurgica de fractura expuesta de miembro superior,14338,91
PROVINCIA ART DESDE 01.05.22,420,6147,Osteosintesis de fractura de pelvis,14446,94
PROVINCIA ART DESDE 01.05.22,420,6148,Osteosintesis de fractura de platillo tibial,14448,93
PROVINCIA ART DESDE 01.05.22,420,6327,Reduccion de fractura o luxacion de coccix,14574,93
PROVINCIA ART DESDE 01.05.22,420,6332,Reduccion quirurgica / osteosintesis de fractura de maxilar superior e inferior,14577,93
PROVINCIA ART DESDE 01.05.22,420,6333,Reduccion quirurgica / osteosintesis de fracturas en general,14578,92
PROVINCIA ART DESDE 01.05.22,420,5786,Fractura compleja de maxilares y huesos de la cara,14998,94
PROVINCIA ART DESDE 01.05.22,420,5787,Fractura compleja de orbita/ reduccion/ osteosintesis y/o injerto,14999,93
PROVINCIA ART DESDE 01.05.22,420,5788,Fractura de orbita y/o malar,15000,93
PROVINCIA ART DESDE 01.05.22,420,5790,"Fractura nasal asociada (naso-orbitaria, etc.)",15001,92
PROVINCIA ART DESDE 01.05.22,420,5791,Fractura simple,15002,90
PROVINCIA ART DESDE 01.05.22,420,5792,"Fractura simple de orbita, reduccion y osteosintesis",15003,91
PROVINCIA ART DESDE 01.05.22,420,6326,Reduccion de fractura nasal,15228,90
PROVINCIA ART DESDE 01.05.22,420,7591,Osteosintesis fracturas costales,15363,93
PROVINCIA ART DESDE 01.05.22,420,8114,Reduccion incruenta de fracturas,15436,90
PROVINCIA ART DESDE 01.05.22,420,6137,"Osteosintesis (reduccion quirurgica) de fractura: carpo, tarso, humero, cubito, radio, clavicula, costilla, externon, rotula, etc.",15438,92
PROVINCIA ART DESDE 01.05.22,420,5793,Fractura supracondilea de codo,15465,92
PROVINCIA ART DESDE 01.05.22,420,6322,Reduccion cruenta de fractura de pelvis,15482,93
PROVINCIA ART DESDE 01.05.22,420,5794,Frenulotomia,15405,89
PROVINCIA ART DESDE 01.05.22,420,5795,Fulguracion corneal con o sin raspado,14200,89
PROVINCIA ART DESDE 01.05.22,420,5796,Fulguracion de neo de recto,14201,91
PROVINCIA ART DESDE 01.05.22,420,5798,Gastrectomia subtotal,15316,94
PROVINCIA ART DESDE 01.05.22,420,5800,Gastrectomia total por toraco-laparotomia,15317,95
PROVINCIA ART DESDE 01.05.22,420,5797,Gastrectomia por videolaparoscopia,15318,95
PROVINCIA ART DESDE 01.05.22,420,5802,Gastroquisis (tratamiento quirurgico),14204,95
PROVINCIA ART DESDE 01.05.22,420,6604,Tratamiento quirurgico de la gastroquisis,14768,95
PROVINCIA ART DESDE 01.05.22,420,5803,Gastrorrafia / herida o traumatismo estomago,14205,92
PROVINCIA ART DESDE 01.05.22,420,5807,Gastrostomia por via endoscopica,14207,91
PROVINCIA ART DESDE 01.05.22,420,5806,Gastrostomia percutanea,15312,91
PROVINCIA ART DESDE 01.05.22,420,5809,Ginecomastia unilateral / mama supernumeraria,14209,92
PROVINCIA ART DESDE 01.05.22,420,5810,Gingivectomia parcial por tumores,14210,91
PROVINCIA ART DESDE 01.05.22,420,5811,Gingivectomia total ampliada,14211,92
PROVINCIA ART DESDE 01.05.22,420,6112,Operacion comando de lengua (glosectomia total),14417,95
PROVINCIA ART DESDE 01.05.22,420,5812,Glosectomia subtotal,15503,93
PROVINCIA ART DESDE 01.05.22,420,5813,Glosoplastia,14212,90
PROVINCIA ART DESDE 01.05.22,420,5815,Gonioscopia,14213,89
PROVINCIA ART DESDE 01.05.22,420,5818,Granuloma de traquea,14215,91
PROVINCIA ART DESDE 01.05.22,420,5817,"Grandes quemados, injertos",15005,93
PROVINCIA ART DESDE 01.05.22,420,5819,Hallux valgus completo unilateral,14217,91
PROVINCIA ART DESDE 01.05.22,420,5820,Hematoma retroperitoneal,14218,92
PROVINCIA ART DESDE 01.05.22,420,6628,Tumor de pared (hematoma supra-infra aponeurotico),14789,91
PROVINCIA ART DESDE 01.05.22,420,5822,Hemi-paratiroidectomia,14220,92
PROVINCIA ART DESDE 01.05.22,420,5825,Hemihepatectomia,14224,95
PROVINCIA ART DESDE 01.05.22,420,5826,Hemitiroidectomia,14225,92
PROVINCIA ART DESDE 01.05.22,420,6024,Microsomia hemifacial / osteotomias e injertos oseos en mandibula,15052,93
PROVINCIA ART DESDE 01.05.22,420,6597,Tratamiento endoscopico de la hemorragia digestiva,14765,91
PROVINCIA ART DESDE 01.05.22,420,5828,Hemorroidectomia,14227,91
PROVINCIA ART DESDE 01.05.22,420,5829,Hepatectomia lobar derecha o izquierda,14228,95
PROVINCIA ART DESDE 01.05.22,420,5830,Herida de pared abdominal de mas de 20 cm,14229,90
PROVINCIA ART DESDE 01.05.22,420,5831,Herida de parpado,14230,90
PROVINCIA ART DESDE 01.05.22,420,5832,Herida de via lagrimal,14231,92
PROVINCIA ART DESDE 01.05.22,420,5833,Herida hasta aponeurosis de menos de 20 cm,14232,89
PROVINCIA ART DESDE 01.05.22,420,5834,Herida penetrante de ojo,14233,92
PROVINCIA ART DESDE 01.05.22,420,5835,Herida traumatica de higado,14234,93
PROVINCIA ART DESDE 01.05.22,420,6495,Sutura de herida de cornea con prolapso de iris y o herida de cristalino,14703,92
PROVINCIA ART DESDE 01.05.22,420,6496,Sutura de herida simple de higado,14704,91
PROVINCIA ART DESDE 01.05.22,420,5836,Heridas complejas de labio,15006,91
PROVINCIA ART DESDE 01.05.22,420,6504,Sutura simple de herida (menos de 5 cm) en cabeza y/o cuello,15173,90
PROVINCIA ART DESDE 01.05.22,420,6553,"Toillete quirurgico de herida, con o sin debridamiento",15189,90
PROVINCIA ART DESDE 01.05.22,420,6503,Sutura simple de herida (menos de 10 cm); excepto en cabeza y cuello,15202,89
PROVINCIA ART DESDE 01.05.22,420,6502,Sutura simple de herida (mas de 10 cm); excepto en cabeza y cuello,15221,90
PROVINCIA ART DESDE 01.05.22,420,5837,Hernia atascada,14235,92
PROVINCIA ART DESDE 01.05.22,420,5838,Hernia de disco cervical (via anterior),14236,94
PROVINCIA ART DESDE 01.05.22,420,5839,Hernia de disco cervical un espacio (via posterior),14237,94
PROVINCIA ART DESDE 01.05.22,420,5840,Hernia de disco dorsal o lumbar,14238,93
PROVINCIA ART DESDE 01.05.22,420,5841,Hernia de disco dorso-lumbar multiple,14239,94
PROVINCIA ART DESDE 01.05.22,420,5842,Hernia de hiato a cielo abierto,14240,92
PROVINCIA ART DESDE 01.05.22,420,5843,Hernia diafragmatica congenita,14241,107
PROVINCIA ART DESDE 01.05.22,420,5844,Hernia diafragmatica por via abdominal,14242,94
PROVINCIA ART DESDE 01.05.22,420,5845,Hernia diafragmatica por via toracica,14243,94
PROVINCIA ART DESDE 01.05.22,420,5846,Hernia diafragmatica por via toraco-abdominal,14246,95
PROVINCIA ART DESDE 01.05.22,420,5847,Hernia diafragmatica por video-toracoscopia,14247,95
PROVINCIA ART DESDE 01.05.22,420,5848,Hernia estrangulada,14251,91
PROVINCIA ART DESDE 01.05.22,420,5849,Hernia estrangulada con reseccion intestinal,14252,93
PROVINCIA ART DESDE 01.05.22,420,5853,Hernia recidivada,14255,91
PROVINCIA ART DESDE 01.05.22,420,5854,"Hernia umbilical, inguinal, crural o epigastrica",14256,91
PROVINCIA ART DESDE 01.05.22,420,8119,Hernia inguinal bilateral,15294,92
PROVINCIA ART DESDE 01.05.22,420,5852,Hernia inguinal por videolaparoscopia,15349,93
PROVINCIA ART DESDE 01.05.22,420,6364,Reparacion de hernia muscular,15455,91
PROVINCIA ART DESDE 01.05.22,420,5855,Hidrocele,14257,90
PROVINCIA ART DESDE 01.05.22,420,6653,Varicocele o hidrocele por videolaparoscopia,14806,91
PROVINCIA ART DESDE 01.05.22,420,5856,Himenectomia,14258,90
PROVINCIA ART DESDE 01.05.22,420,5857,Hipema,14259,91
PROVINCIA ART DESDE 01.05.22,420,5858,Hiperhidrosis selectiva por video-toracoscopia,14260,95
PROVINCIA ART DESDE 01.05.22,420,6469,Simpatectomia lumbar o toracica por video-toracoscopia (hiperhidrosis selectiva por toracoscopia),14682,95
PROVINCIA ART DESDE 01.05.22,420,5860,Hipertrofia del piloro por via laparoscopica,14263,93
PROVINCIA ART DESDE 01.05.22,420,5861,Hipertrofia del piloro-piloromiotomia,14264,92
PROVINCIA ART DESDE 01.05.22,420,5862,Hipofisectomia transepto-esfenoidal,14265,98
PROVINCIA ART DESDE 01.05.22,420,5863,Hipospadia / epispadia (cada tiempo),15007,93
PROVINCIA ART DESDE 01.05.22,420,8109,Hipospadia / epispadia / plastica de pene,15410,93
PROVINCIA ART DESDE 01.05.22,420,5864,Hipotermia controlada: 1ras 24 hs o fraccion,15008,90
PROVINCIA ART DESDE 01.05.22,420,5865,Hipotermia controlada: c/24 hs 0 fraccion siguiente,15009,89
PROVINCIA ART DESDE 01.05.22,420,5866,Histerectomia con o sin anexectomia,14266,93
PROVINCIA ART DESDE 01.05.22,420,5867,Histerectomia con o sin anexectomia por video-laparoscopia,14267,94
PROVINCIA ART DESDE 01.05.22,420,5868,Histerectomia con o sin anexectomia por videolaparoscopia,14268,94
PROVINCIA ART DESDE 01.05.22,420,6123,Operacion de Wertheim-Meigs (colpo-anexo-histerectomia total ampliada),14428,95
PROVINCIA ART DESDE 01.05.22,420,5869,Histerectomia fundica,15396,91
PROVINCIA ART DESDE 01.05.22,420,5871,Histeroscopia por video diagnostica,14271,90
PROVINCIA ART DESDE 01.05.22,420,5872,"Histeroscopia por video terapeutica (miomectomia, polipectomia, etc)",14272,91
PROVINCIA ART DESDE 01.05.22,420,7600,"Histeroscopia por video para tratamiento de fertilidad, ICSI",15397,93
PROVINCIA ART DESDE 01.05.22,420,5873,Huevo muerto y retenido / legrado,14274,90
PROVINCIA ART DESDE 01.05.22,420,5874,Ileostomia,14275,91
PROVINCIA ART DESDE 01.05.22,420,5098,Ano imperforado con recto alto,13702,93
PROVINCIA ART DESDE 01.05.22,420,5099,Ano imperforado con recto bajo,13703,92
PROVINCIA ART DESDE 01.05.22,420,5875,Implantacion de circulacion asistida,15550,92
PROVINCIA ART DESDE 01.05.22,420,5877,Implante coclear,14276,95
PROVINCIA ART DESDE 01.05.22,420,5880,Implante de celulas B,14277,95
PROVINCIA ART DESDE 01.05.22,420,5889,Implante secundario de lente intraocular,14280,93
PROVINCIA ART DESDE 01.05.22,420,6348,Reimplante de miembro inferior,14592,95
PROVINCIA ART DESDE 01.05.22,420,6349,Reimplante de miembro superior,14593,98
PROVINCIA ART DESDE 01.05.22,420,6353,Reimplante ureteral bilateral con afinamiento,14596,94
PROVINCIA ART DESDE 01.05.22,420,6354,Reimplante ureteral bilateral por videolaparoscopia,14597,95
PROVINCIA ART DESDE 01.05.22,420,6355,Reimplante ureteral unilateral,14599,92
PROVINCIA ART DESDE 01.05.22,420,6356,Reimplante ureteral unilateral con afinamiento,14600,93
PROVINCIA ART DESDE 01.05.22,420,6357,Reimplante ureteral unilateral por videolaparoscopia,14601,94
PROVINCIA ART DESDE 01.05.22,420,6424,Retinopexia con o sin esclerectomia e implante,14645,94
PROVINCIA ART DESDE 01.05.22,420,5876,Implante capilar,15010,95
PROVINCIA ART DESDE 01.05.22,420,5878,Implante de cateter tunelizado definitivo con bomba subcutanea,15011,94
PROVINCIA ART DESDE 01.05.22,420,5882,Implante de estimulador medular definitivo,15012,98
PROVINCIA ART DESDE 01.05.22,420,5885,Implante intraorbitario (melanoma de retina),15013,90
PROVINCIA ART DESDE 01.05.22,420,5888,Implante mamario mas pexia,15015,94
PROVINCIA ART DESDE 01.05.22,420,5886,Implante mamario,15261,93
PROVINCIA ART DESDE 01.05.22,420,5890,Implantes gluteos,15262,93
PROVINCIA ART DESDE 01.05.22,420,5883,Implante de estimulador medular transitorio,15280,95
PROVINCIA ART DESDE 01.05.22,420,5901,Inclusion de semillas radioactivas en perine,14289,92
PROVINCIA ART DESDE 01.05.22,420,7790,Infiltracion de toxina botulinica en Trigger-Points (hasta 3),69287,91
PROVINCIA ART DESDE 01.05.22,420,7791,Infiltracion de toxina botulinica en Trigger-Points (mas de 3),69288,92
PROVINCIA ART DESDE 01.05.22,420,7792,Infiltracion trigger points (hasta 4),69289,90
PROVINCIA ART DESDE 01.05.22,420,8537,Infiltracion de toxina botulinica en Trigger point ( mas de 3 ),69387,93
PROVINCIA ART DESDE 01.05.22,420,5908,Infiltracion toxina botulinica puntos gatillos (hasta 5 ),15019,90
PROVINCIA ART DESDE 01.05.22,420,5909,Infiltracion toxina botulinica puntos gatillos (mas de 5 ),15020,91
PROVINCIA ART DESDE 01.05.22,420,5906,"Infiltracion contic, AL, Aines etc en puntos gatillos (hasta 5)",15210,89
PROVINCIA ART DESDE 01.05.22,420,5907,"Infiltracion contic, AL, Aines etc en puntos gatillos (mas de 5)",15217,90
PROVINCIA ART DESDE 01.05.22,420,7587,Re inflado de balon intragastrico,15343,92
PROVINCIA ART DESDE 01.05.22,420,6716,Obtencion de Injerto Oseo y Tendinoso,60867,92
PROVINCIA ART DESDE 01.05.22,420,6717,Uso de Injerto Oseo y/o Tendon,60868,91
PROVINCIA ART DESDE 01.05.22,420,5910,Injerto de cornea,14290,94
PROVINCIA ART DESDE 01.05.22,420,5911,Injerto de esclera,14291,92
PROVINCIA ART DESDE 01.05.22,420,6097,Neurorrafia con o sin injerto de un solo nervio,14405,92
PROVINCIA ART DESDE 01.05.22,420,6103,Obtencion de injerto simple de hueso,14409,90
PROVINCIA ART DESDE 01.05.22,420,6217,Plastica de uretra con injerto de mucosa yugal o lingual,14510,94
PROVINCIA ART DESDE 01.05.22,420,6221,Plastica o injerto del tendon de aquiles o rotuliano,14513,92
PROVINCIA ART DESDE 01.05.22,420,6245,Protesis peneana con o sin injerto,14533,95
PROVINCIA ART DESDE 01.05.22,420,6369,"Reparacion plastica de la orbita, con o sin injerto de piel",14611,92
PROVINCIA ART DESDE 01.05.22,420,6408,Reseccion diafisiaria con protesis y/o injerto de sustitucion,14632,93
PROVINCIA ART DESDE 01.05.22,420,5912,Injerto de piel,15021,90
PROVINCIA ART DESDE 01.05.22,420,5913,Injerto libre de ceja,15022,90
PROVINCIA ART DESDE 01.05.22,420,6121,Operacion de Ross (reemplazo valvular aortico con auto-injerto con valvula pulmonar),15097,96
PROVINCIA ART DESDE 01.05.22,420,6317,Reconstruccion total de orbita con injerto por tumores esfeno-orbitarios o anoftalmia congenita,15140,94
PROVINCIA ART DESDE 01.05.22,420,6439,"Rinoplastia compleja con o sin injerto, no estetica",15164,91
PROVINCIA ART DESDE 01.05.22,420,8117,Neurorrafia con o sin injerto de nervio (cada uno),15451,92
PROVINCIA ART DESDE 01.05.22,420,5917,Insuficiencia mitral con CIV post-infarto,15025,98
PROVINCIA ART DESDE 01.05.22,420,5918,Interconsulta anestesiologica,15026,89
PROVINCIA ART DESDE 01.05.22,420,8104,Interconsulta para tratamiento del dolor,15203,89
PROVINCIA ART DESDE 01.05.22,420,5919,Intervenciones en nervios opticos,14295,95
PROVINCIA ART DESDE 01.05.22,420,5920,Intervenciones estereotaxicas (inicio en TAC y que continuan en quirofano),14296,95
PROVINCIA ART DESDE 01.05.22,420,5921,Intubacion con fibroscopia (bronco-fibroscopio),14297,90
PROVINCIA ART DESDE 01.05.22,420,5922,Intubacion laringotraqueal (como unico procedimiento) fuera del acto anestesico,15504,89
PROVINCIA ART DESDE 01.05.22,420,5924,Inyeccion de sustancias retro-bulbares,14298,91
PROVINCIA ART DESDE 01.05.22,420,5926,Inyeccion para-vertebral de troncos y ganglios simpaticos,14299,90
PROVINCIA ART DESDE 01.05.22,420,5927,Inyeccion subconjuntival,14300,89
PROVINCIA ART DESDE 01.05.22,420,6251,Puncion arterial para inyeccion medicamentosa,14537,89
PROVINCIA ART DESDE 01.05.22,420,5923,Inyeccion de glicerol en el G de Gasser,15027,95
PROVINCIA ART DESDE 01.05.22,420,5925,Inyeccion esclerosante en angioma,15028,90
PROVINCIA ART DESDE 01.05.22,420,5928,Laberintectomia,14301,93
PROVINCIA ART DESDE 01.05.22,420,6475,Sinequias de labios mayores y/o menores,14687,90
PROVINCIA ART DESDE 01.05.22,420,5561,Ectoprion de labio,14974,90
PROVINCIA ART DESDE 01.05.22,420,5929,Labio leporino bilateral completo,15029,94
PROVINCIA ART DESDE 01.05.22,420,5930,Labio leporino unilateral completo,15030,93
PROVINCIA ART DESDE 01.05.22,420,5931,Labio leporino unilateral incompleto,15031,93
PROVINCIA ART DESDE 01.05.22,420,6272,Queiloplastia (reconstruccion quirurgica del labio),15116,92
PROVINCIA ART DESDE 01.05.22,420,6373,Reseccion cuneiforme de labio,15149,90
PROVINCIA ART DESDE 01.05.22,420,5932,Laminectomia descompresiva,14302,93
PROVINCIA ART DESDE 01.05.22,420,5933,Laparotomia contenida (lavado de cavidad),14304,91
PROVINCIA ART DESDE 01.05.22,420,5934,Laparotomia exploradora en paciente critico,14305,94
PROVINCIA ART DESDE 01.05.22,420,5936,Laparotomia terapeutica en paciente critico,14306,95
PROVINCIA ART DESDE 01.05.22,420,5935,"Laparotomia exploradora, como unica intervencion",15297,91
PROVINCIA ART DESDE 01.05.22,420,6040,Nefrectomia por toraco-freno-laparotomia,15418,95
PROVINCIA ART DESDE 01.05.22,420,5937,Laringo-faringuectomia,14307,95
PROVINCIA ART DESDE 01.05.22,420,5938,"Laringoplastia, cordopexia, aritenoidopexia",14308,92
PROVINCIA ART DESDE 01.05.22,420,5943,Laser de vagina,14313,92
PROVINCIA ART DESDE 01.05.22,420,6418,Reseccion tumor bronquial con laser,14641,95
PROVINCIA ART DESDE 01.05.22,420,5944,Laser panfacial,15032,93
PROVINCIA ART DESDE 01.05.22,420,6412,TUR-P por laser (adenomectomia),15431,94
PROVINCIA ART DESDE 01.05.22,420,6241,Prostatectomia por laser,15432,95
PROVINCIA ART DESDE 01.05.22,420,5945,Lavado bronquial para desobstruccion,14314,91
PROVINCIA ART DESDE 01.05.22,420,5946,Lavado de cavidad,14316,90
PROVINCIA ART DESDE 01.05.22,420,5947,Lavado de la cavidad,14317,90
PROVINCIA ART DESDE 01.05.22,420,6488,Sondaje y lavado de via lagrimal,14700,90
PROVINCIA ART DESDE 01.05.22,420,5948,Legrado por mola o similar,14318,90
PROVINCIA ART DESDE 01.05.22,420,5949,Legrado uterino,14319,90
PROVINCIA ART DESDE 01.05.22,420,7508,Termolesion por Rf. del Nervio Occipital Mayor uni o bilateral,51338,95
PROVINCIA ART DESDE 01.05.22,420,7509,Termolesion por Rf. facetaria (ramo medio) cervical/dorsal/lumbar hasta 3 niveles,51339,95
PROVINCIA ART DESDE 01.05.22,420,7510,Termolesion por Rf. facetaria (ramo medio) cervical/doral/lumbar mas de 3 niveles,51340,98
PROVINCIA ART DESDE 01.05.22,420,7511,Termolesion por Rf. facetaria + Rf. radicular (1 o mas niveles),51341,98
PROVINCIA ART DESDE 01.05.22,420,7512,Termolesion por Rf. de mas de 2 nervios craneales,51342,95
PROVINCIA ART DESDE 01.05.22,420,7514,Termolesion por Rf. del ganglio simpatico toracico/dorsal/lumbar/hipogastrico sup,51343,95
PROVINCIA ART DESDE 01.05.22,420,7520,Termolesion por Rf. de rodilla (N.geniculados) unilateral,51349,95
PROVINCIA ART DESDE 01.05.22,420,7521,Termolesion por Rf. de rodilla (N.geniculados) bilateral,51350,98
PROVINCIA ART DESDE 01.05.22,420,7522,Termolesion por Rf. de hombro (N.supraespinoso) bilateral,51351,95
PROVINCIA ART DESDE 01.05.22,420,8556,Termolesion por Rf. de hasta 2 nervios craneales,69400,95
PROVINCIA ART DESDE 01.05.22,420,5953,Lesiones adquiridas o congenitas vertebro-meningo-medulares (compresion tumoral),14323,94
PROVINCIA ART DESDE 01.05.22,420,5951,Lesion por compresion de G de Gasser con balon de Foggarty,15033,95
PROVINCIA ART DESDE 01.05.22,420,6534,Termolesion por rf de G Esfenopalatino,15183,94
PROVINCIA ART DESDE 01.05.22,420,6535,"Termolesion por Rf. del ganglio de la raiz dorsal, cervical, lumbar y sacra. (hasta 2 niveles)",15184,95
PROVINCIA ART DESDE 01.05.22,420,6536,"Termolesion por Rf. del ganglio de raiz dorsal, cervical, lumbar y sacra. (mas de 2 niveles)",15185,98
PROVINCIA ART DESDE 01.05.22,420,6537,"Termolesion por rf de rama media cerv, dorsal o lumbar cada nivel adic",15186,95
PROVINCIA ART DESDE 01.05.22,420,6538,"Termolesion por rf de rama media cerv, dorsal o lumbar.",15187,95
PROVINCIA ART DESDE 01.05.22,420,5954,Levantamiento de vejiga por via abdominal (tipo Bursch),14324,92
PROVINCIA ART DESDE 01.05.22,420,6001,Mastopexia unilateral (levantamiento mamario),15045,94
PROVINCIA ART DESDE 01.05.22,420,5955,Lifting,15034,94
PROVINCIA ART DESDE 01.05.22,420,5956,Lifting endoscopico,15035,95
PROVINCIA ART DESDE 01.05.22,420,5957,Ligadura bilateral de trompas (anti-concepcion) a cielo abierto,14325,91
PROVINCIA ART DESDE 01.05.22,420,5958,Ligadura bilateral de trompas (anti-concepcion) por video-laparoscopia,14326,92
PROVINCIA ART DESDE 01.05.22,420,5959,Ligadura bilateral de trompas a cielo abierto,14327,91
PROVINCIA ART DESDE 01.05.22,420,5960,Ligadura bilateral de trompas por videolaparoscopia,14328,92
PROVINCIA ART DESDE 01.05.22,420,5961,Ligadura del paquete esfeno-palatino,14329,92
PROVINCIA ART DESDE 01.05.22,420,5963,Ligadura sub-aponeurotica de venas perforantes o comunicantes insuficientes (tipo: Linton / Cigorraga / Cockett),14331,91
PROVINCIA ART DESDE 01.05.22,420,5964,Ligadura unilateral de troncos profundos de los miembros,14332,92
PROVINCIA ART DESDE 01.05.22,420,6501,Sutura o ligadura de vasos profundos del cuello,14708,92
PROVINCIA ART DESDE 01.05.22,420,5965,Ligamentopexia abdominal,14333,91
PROVINCIA ART DESDE 01.05.22,420,5969,Limpieza quirurgica de mano (como unica intervencion),14339,90
PROVINCIA ART DESDE 01.05.22,420,5971,Linfadenectomia mediastinica,14340,94
PROVINCIA ART DESDE 01.05.22,420,5972,Linfadenectomia retroperitoneal (tipo lumboaortica o similares),14341,93
PROVINCIA ART DESDE 01.05.22,420,5973,Linfadenectomia retroperitoneal por video,14342,94
PROVINCIA ART DESDE 01.05.22,420,5974,Linfadenectomia retroperitoneal por videolaparoscopia,14343,94
PROVINCIA ART DESDE 01.05.22,420,6242,Prostatectomia radical + linfadenectomia,14530,94
PROVINCIA ART DESDE 01.05.22,420,5970,"Linfadenectomia cervical, axilar o inguinal como unica operacion",15036,92
PROVINCIA ART DESDE 01.05.22,420,5977,"Lipoma, reseccion con el paciente en decubito dorsal o lateral",15226,90
PROVINCIA ART DESDE 01.05.22,420,5978,"Lipoma, reseccion con el paciente en decubito ventral",15238,91
PROVINCIA ART DESDE 01.05.22,420,5982,Litotricia endoluminal calculo unico,14344,91
PROVINCIA ART DESDE 01.05.22,420,5983,Litotricia endoluminal calculos multiples,14345,92
PROVINCIA ART DESDE 01.05.22,420,5984,Litotricia extracorporea,14346,91
PROVINCIA ART DESDE 01.05.22,420,5985,Litotricia por onda de choque extracorporea (litotricia extracorporea),14348,91
PROVINCIA ART DESDE 01.05.22,420,5986,Litotricia ureteral por via endoscopica (incluye litotricia endoluminal),14349,92
PROVINCIA ART DESDE 01.05.22,420,5988,Lobectomia o segmentectomia a cielo abierto,14351,94
PROVINCIA ART DESDE 01.05.22,420,6457,Segmentectomia o lobectomia por video-toracoscopia,14669,95
PROVINCIA ART DESDE 01.05.22,420,5987,Lobectomia,15536,98
PROVINCIA ART DESDE 01.05.22,420,6168,Otoplastia de lobulo hendido,14466,90
PROVINCIA ART DESDE 01.05.22,420,6185,Parotidectomia de lobulo superficial,14478,92
PROVINCIA ART DESDE 01.05.22,420,5989,Lobulo hendido de oreja,15041,90
PROVINCIA ART DESDE 01.05.22,420,5990,Luxacion recidivante de hombro por via convencional,14352,92
PROVINCIA ART DESDE 01.05.22,420,8120,Reduccion cruenta de luxacion de columna,15440,93
PROVINCIA ART DESDE 01.05.22,420,8116,Reduccion incruenta de luxaciones,15458,90
PROVINCIA ART DESDE 01.05.22,420,6330,Reduccion incruenta de luxacion de maxilar,15488,90
PROVINCIA ART DESDE 01.05.22,420,6100,Nodulectomia de mama unilateral,14408,91
PROVINCIA ART DESDE 01.05.22,420,6278,Quiste de mama unilateral,14554,90
PROVINCIA ART DESDE 01.05.22,420,5992,Mama supernumeraria unilateral,15042,92
PROVINCIA ART DESDE 01.05.22,420,6312,Reconstruccion mamaria con dorsal ancho,15134,98
PROVINCIA ART DESDE 01.05.22,420,6264,Puncion de mama unilateral,15388,89
PROVINCIA ART DESDE 01.05.22,420,5995,Mastectomia radical con vaciamiento ganglionar,14356,95
PROVINCIA ART DESDE 01.05.22,420,5996,Mastectomia subradical unilateral / mastoplastia unilateral (operacion de Urban),14357,94
PROVINCIA ART DESDE 01.05.22,420,7598,Mastectomia ( mas ganglio centinela),15392,93
PROVINCIA ART DESDE 01.05.22,420,7599,Mastectomia ( mas vaciamiento axilar ),15393,94
PROVINCIA ART DESDE 01.05.22,420,5998,Mastoidectomia simple o radical (operacion radical de oido),14359,92
PROVINCIA ART DESDE 01.05.22,420,6542,Timpano-mastoidectomia,14720,94
PROVINCIA ART DESDE 01.05.22,420,6002,Mastotomia unilateral,14360,90
PROVINCIA ART DESDE 01.05.22,420,6017,Meniscectomia maxilar,14370,91
PROVINCIA ART DESDE 01.05.22,420,6111,Operacion comando de glandula submaxilar,14416,95
PROVINCIA ART DESDE 01.05.22,420,6152,Osteosintesis de malar o maxilar (2 placas titanio),14452,93
PROVINCIA ART DESDE 01.05.22,420,6153,Osteosintesis de malar o maxilar (mas de 2 placas titanio),14453,94
PROVINCIA ART DESDE 01.05.22,420,6279,Quiste de maxilar (pieza dental incluida),14555,91
PROVINCIA ART DESDE 01.05.22,420,6481,Sinusotomia maxilar radical,14694,92
PROVINCIA ART DESDE 01.05.22,420,6482,Sinusotomia maxilar simple,14695,92
PROVINCIA ART DESDE 01.05.22,420,6483,"Sinusotomias combinadas (frontal, etmoidal, etc.) por via externa transmaxilar",14696,93
PROVINCIA ART DESDE 01.05.22,420,6003,Maxilar inferior: prognatismo / retrognatismo,15046,93
PROVINCIA ART DESDE 01.05.22,420,6004,Maxilar superior: prognasia / retrognasia,15047,94
PROVINCIA ART DESDE 01.05.22,420,6393,Reseccion de maxilar inferior con vaciamiento (comando),15152,98
PROVINCIA ART DESDE 01.05.22,420,6005,Maxilectomia radical por via endoscopica,15048,93
PROVINCIA ART DESDE 01.05.22,420,6007,Maxilectomia simple por via endoscopica,15049,92
PROVINCIA ART DESDE 01.05.22,420,6009,Meatotomia,15406,89
PROVINCIA ART DESDE 01.05.22,420,6010,Mediastinitis / toillette mediastinal,15050,94
PROVINCIA ART DESDE 01.05.22,420,6011,Mediastinoscopia,14363,92
PROVINCIA ART DESDE 01.05.22,420,6014,Megacolon congenito,14366,93
PROVINCIA ART DESDE 01.05.22,420,6605,Tratamiento quirurgico del megacolon,14769,93
PROVINCIA ART DESDE 01.05.22,420,6016,Meningocele,14369,94
PROVINCIA ART DESDE 01.05.22,420,6027,Mielomeningocele,14379,94
PROVINCIA ART DESDE 01.05.22,420,6018,Metastasis hepatica / fenolizacion termo-tratamiento,14371,93
PROVINCIA ART DESDE 01.05.22,420,6019,Metatarsalgia / ratas articulares,14372,90
PROVINCIA ART DESDE 01.05.22,420,6025,"Microtia, reconstruccion en varios tiempos",15053,90
PROVINCIA ART DESDE 01.05.22,420,6026,Mielografia,14378,90
PROVINCIA ART DESDE 01.05.22,420,6030,Miomectomia vaginal (mioma nascens),69299,90
PROVINCIA ART DESDE 01.05.22,420,6028,Miomectomia / histerorrafia,14380,92
PROVINCIA ART DESDE 01.05.22,420,6029,Miomectomia por videolaparoscopia,14381,93
PROVINCIA ART DESDE 01.05.22,420,6686,"Video-laparoscopia ginecologica terapeutica (incluye miomectomia, quiste de ovario, etc)",14833,93
PROVINCIA ART DESDE 01.05.22,420,6691,"Videolaparoscopia terapeutica (incluye quiste de ovario, lisis pelvianas, miomectomias,",15400,93
PROVINCIA ART DESDE 01.05.22,420,6031,Miringoplastia,14383,91
PROVINCIA ART DESDE 01.05.22,420,6033,"Morfina o morfinosimiles por via epidural o subaracnoidea, por sesion: continua 1ras 24 hs o fraccion",15054,91
PROVINCIA ART DESDE 01.05.22,420,6034,Movilizacion (quiropraxia ),14385,89
PROVINCIA ART DESDE 01.05.22,420,6035,Movilizacion del estribo,14386,90
PROVINCIA ART DESDE 01.05.22,420,7580,Mucosectomia,15336,92
PROVINCIA ART DESDE 01.05.22,420,6037,Nariz leporina compleja,15055,91
PROVINCIA ART DESDE 01.05.22,420,6438,Rinofina (rosacea fimatosa de nariz),15163,91
PROVINCIA ART DESDE 01.05.22,420,6420,"Resecciones totales de huesos (radio, cubito, perone, astralago, calcaneo, clavicula, malar, huesos propios de la nariz etc.)",15439,93
PROVINCIA ART DESDE 01.05.22,420,6038,Nefrectomia parcial,14388,94
PROVINCIA ART DESDE 01.05.22,420,6039,Nefrectomia parcial o total por video-laparoscopia,14389,95
PROVINCIA ART DESDE 01.05.22,420,6041,Nefrectomia radical + vaciamiento ganglionar,14390,95
PROVINCIA ART DESDE 01.05.22,420,6043,Nefrectomia total o parcial por videolaparoscopia,14391,95
PROVINCIA ART DESDE 01.05.22,420,6042,Nefrectomia total,15417,94
PROVINCIA ART DESDE 01.05.22,420,6045,Nefrolitotomia,14394,93
PROVINCIA ART DESDE 01.05.22,420,6046,Nefrolitotomia percutanea,14395,94
PROVINCIA ART DESDE 01.05.22,420,6047,Nefropexia,14396,92
PROVINCIA ART DESDE 01.05.22,420,6048,Nefrostomia percutanea,15416,92
PROVINCIA ART DESDE 01.05.22,420,6051,Neumonectomia a cielo abierto,14398,94
PROVINCIA ART DESDE 01.05.22,420,6052,Neumonectomia por video-toracoscopia,14399,95
PROVINCIA ART DESDE 01.05.22,420,7515,Neurolisis por Rf. del simpatico dorsal,51344,98
PROVINCIA ART DESDE 01.05.22,420,7516,Neurolisis por Rf. simpatico lumbar unilateral,51345,95
PROVINCIA ART DESDE 01.05.22,420,7517,Neurolisis por Rf. simpatico lumbar bilateral,51346,98
PROVINCIA ART DESDE 01.05.22,420,8540,Neurolisis de nervio periferico bajo radioscopia,69390,93
PROVINCIA ART DESDE 01.05.22,420,8541,Neurolisis quimica del plexo hipogastrico superior,69391,94
PROVINCIA ART DESDE 01.05.22,420,6065,Neurolisis de nervios perifericos,14401,90
PROVINCIA ART DESDE 01.05.22,420,6066,Neurolisis extracraneal,14402,90
PROVINCIA ART DESDE 01.05.22,420,6075,Neurolisis quimica,14403,90
PROVINCIA ART DESDE 01.05.22,420,6085,Neurolisis transoval del trgemino,14404,91
PROVINCIA ART DESDE 01.05.22,420,6057,Neurolisis - modulacion ganglio estrellado con Rf,15058,95
PROVINCIA ART DESDE 01.05.22,420,6058,Neurolisis - modulacion nervio periferico con Rf,15059,92
PROVINCIA ART DESDE 01.05.22,420,6056,Neurolisis  nervio glosofaringeo con Rf,15060,94
PROVINCIA ART DESDE 01.05.22,420,6063,Neurolisis por rf de articulacion sacro-iliaca bilateral,15061,95
PROVINCIA ART DESDE 01.05.22,420,6064,Neurolisis con rf de articulacion sacro-iliaca unilateral,15062,94
PROVINCIA ART DESDE 01.05.22,420,6059,neurolisis con Rf de nervios esplacnicos,15063,94
PROVINCIA ART DESDE 01.05.22,420,6061,Neurolisis con Rf de nervios facetarios (mas de 2 niveles),15064,94
PROVINCIA ART DESDE 01.05.22,420,6062,Neurolisis con Rf de plexo celiaco,15065,94
PROVINCIA ART DESDE 01.05.22,420,6067,Neurolisis ganglio esfeno-palatino con Rf,15066,94
PROVINCIA ART DESDE 01.05.22,420,6068,Neurolisis nervio periferico con Rx,15067,92
PROVINCIA ART DESDE 01.05.22,420,6069,Neurolisis nervio periferico sin Rx,15068,91
PROVINCIA ART DESDE 01.05.22,420,6070,Neurolisis pcon Rf de ganglio de Walter,15069,95
PROVINCIA ART DESDE 01.05.22,420,6071,Neurolisis por Rf de plexo hipogastrico superior,15071,94
PROVINCIA ART DESDE 01.05.22,420,6072,Neurolisis por rf de simpatico dorsal,15073,95
PROVINCIA ART DESDE 01.05.22,420,6073,Neurolisis por rf simpatico lumbar bilateral,15074,95
PROVINCIA ART DESDE 01.05.22,420,6074,Neurolisis por rf simpatico lumbar unilateral,15075,95
PROVINCIA ART DESDE 01.05.22,420,6076,Neurolisis quimica de ganglio de Walter,15076,95
PROVINCIA ART DESDE 01.05.22,420,6077,Neurolisis por Rf. del plexo hipogastrico superior,15078,95
PROVINCIA ART DESDE 01.05.22,420,6078,Neurolisis quimica del simpatico dorsal,15080,95
PROVINCIA ART DESDE 01.05.22,420,6079,Neurolisis quimica del simpatico lumbar bilateral,15081,95
PROVINCIA ART DESDE 01.05.22,420,6080,Neurolisis quimica de simpatico lumbar unilateral,15082,94
PROVINCIA ART DESDE 01.05.22,420,6081,Neurolisis quimica ganglio estrellado,15083,94
PROVINCIA ART DESDE 01.05.22,420,6082,Neurolisis quimica nervios esplacnicos,15084,94
PROVINCIA ART DESDE 01.05.22,420,6083,Neurolisis quimica plexo celiaco,15086,94
PROVINCIA ART DESDE 01.05.22,420,6086,Neurolisis del trigemino con Rf,15087,95
PROVINCIA ART DESDE 01.05.22,420,6087,Neurolisis-modulacion del trigemino con Rf,15088,98
PROVINCIA ART DESDE 01.05.22,420,6088,Neurolisis-modulacion ganglio esfeno-palatino con Rf,15089,95
PROVINCIA ART DESDE 01.05.22,420,6089,Neurolisis-modulacion nervio glosofaringeo con Rf,15090,95
PROVINCIA ART DESDE 01.05.22,420,6060,Neurolisis con Rf de nervios facetarios (2 niveles),15263,93
PROVINCIA ART DESDE 01.05.22,420,6090,Neuromodulacion articulacion de hombro con Rf pulsada,15091,91
PROVINCIA ART DESDE 01.05.22,420,6091,Neuromodulacion articulacion de rodilla con Rf pulsada,15092,91
PROVINCIA ART DESDE 01.05.22,420,6092,Neuromodulacion con Rf pulsada de articulacion AA o AO,15093,93
PROVINCIA ART DESDE 01.05.22,420,6093,Neuromodulacion con Rf pulsada ganglio raiz dorsal  (1 nivel),15094,92
PROVINCIA ART DESDE 01.05.22,420,6094,Neuromodulacion con Rf pulsada ganglio raiz dorsal (mas de 1 nivel),15095,93
PROVINCIA ART DESDE 01.05.22,420,6095,Neuromodulacion percutanea de nervio periferico,15096,94
PROVINCIA ART DESDE 01.05.22,420,6096,Neuromodulacion sistemica con anestesicos locales en dolor neuropatico.,15215,90
PROVINCIA ART DESDE 01.05.22,420,6098,Neurotomia del nervio optico,14406,90
PROVINCIA ART DESDE 01.05.22,420,6099,Neurotomia trigeminal / vestibular / glosofaringeo,14407,95
PROVINCIA ART DESDE 01.05.22,420,6104,Oclusion con reseccion de intestino,14410,93
PROVINCIA ART DESDE 01.05.22,420,6105,Omentectomia,15328,93
PROVINCIA ART DESDE 01.05.22,420,6106,Onfalitis,14411,91
PROVINCIA ART DESDE 01.05.22,420,6107,Ooforectomia simple unilateral,14412,91
PROVINCIA ART DESDE 01.05.22,420,6108,Ooforo-salpinguectomia unilateral,14413,91
PROVINCIA ART DESDE 01.05.22,420,6708,Operacion Comando de Parotida,60859,95
PROVINCIA ART DESDE 01.05.22,420,6109,Operacion comando de encias o trigono-retromolar,14414,93
PROVINCIA ART DESDE 01.05.22,420,6110,Operacion comando de faringe con vaciamiento,14415,95
PROVINCIA ART DESDE 01.05.22,420,6113,Operacion comando de paladar blando,14418,95
PROVINCIA ART DESDE 01.05.22,420,6114,Operacion comando de piso de boca,14419,95
PROVINCIA ART DESDE 01.05.22,420,6115,Operacion correctora de glaucoma,14420,92
PROVINCIA ART DESDE 01.05.22,420,6117,Operacion de Dixon (para tumores del 1/3 superior del recto),14422,93
PROVINCIA ART DESDE 01.05.22,420,6118,Operacion de Dixon laparoscopica (para tumores del 1/3 superior del recto),14423,94
PROVINCIA ART DESDE 01.05.22,420,6119,Operacion de Frikolm (hasta 2 discos),14425,94
PROVINCIA ART DESDE 01.05.22,420,6120,Operacion de Lefort o similares para prolapso vaginal,14426,91
PROVINCIA ART DESDE 01.05.22,420,6122,Operacion de Sugarbaker (HIPEC) para carcinomatosis toracica (QMT + hipertermia intracavitaria),14427,107
PROVINCIA ART DESDE 01.05.22,420,6124,Operacion de Wertheim-Meigs con lavaje intracavitario con circulacion extracorporea (tipo Sugarbaker),14429,107
PROVINCIA ART DESDE 01.05.22,420,6125,Operacion de Wertheim-Meigs por video-laparoscopia,14430,98
PROVINCIA ART DESDE 01.05.22,420,6226,Plicatura intestinal (operacion de Noble),14519,93
PROVINCIA ART DESDE 01.05.22,420,6460,Septumplastia y/o reseccion del tabique nasal (operacion de Killian o similar),14672,92
PROVINCIA ART DESDE 01.05.22,420,6197,Peritonectomia + quimioterapia con hipertermia intracavitaria (HIPEC - operacion de Sugarbaker,15300,107
PROVINCIA ART DESDE 01.05.22,420,6406,"Reseccion de tumor, intraorbitario mediante orbitotomia",15160,91
PROVINCIA ART DESDE 01.05.22,420,6131,Orquidectomia,14435,91
PROVINCIA ART DESDE 01.05.22,420,6132,Orquidopexia,14436,91
PROVINCIA ART DESDE 01.05.22,420,6133,Orzuelo,14437,89
PROVINCIA ART DESDE 01.05.22,420,6134,Osteoclasia,14438,90
PROVINCIA ART DESDE 01.05.22,420,5398,Osteosintesis de Perone,60851,92
PROVINCIA ART DESDE 01.05.22,420,6138,Osteosintesis clavicular,14439,92
PROVINCIA ART DESDE 01.05.22,420,6139,Osteosintesis de calcaneo,14441,92
PROVINCIA ART DESDE 01.05.22,420,6143,Osteosintesis de escafoide,14443,93
PROVINCIA ART DESDE 01.05.22,420,6145,Osteosintesis de falange o metacarpiano (hasta 3 huesos),14444,91
PROVINCIA ART DESDE 01.05.22,420,6146,"Osteosintesis de femur (tipo Kuncher, clavo gamma o similares)",14445,93
PROVINCIA ART DESDE 01.05.22,420,6149,Osteosintesis de hasta 2 huesos del carpo,14449,92
PROVINCIA ART DESDE 01.05.22,420,6154,Osteosintesis de mas de 2 huesos del carpo,14454,93
PROVINCIA ART DESDE 01.05.22,420,6155,Osteosintesis de muñeca con clavija percutanea (tipo Sauve-Kapandi y similares),14455,91
PROVINCIA ART DESDE 01.05.22,420,6156,Osteosintesis de rotula,14456,92
PROVINCIA ART DESDE 01.05.22,420,6157,Osteosintesis de tarso o metatarso hasta 2 huesos,14457,92
PROVINCIA ART DESDE 01.05.22,420,6158,Osteosintesis de tibia,14458,92
PROVINCIA ART DESDE 01.05.22,420,6159,Osteosintesis de tobillo,14459,92
PROVINCIA ART DESDE 01.05.22,420,6161,Osteosintesis tarso o metatarso mas de 2 huesos,14460,93
PROVINCIA ART DESDE 01.05.22,420,6160,Osteosintesis del malar,15099,92
PROVINCIA ART DESDE 01.05.22,420,6144,Osteosintesis de esternon como unica intervencion,15362,92
PROVINCIA ART DESDE 01.05.22,420,6141,Osteosintesis de cubito o radio,15463,92
PROVINCIA ART DESDE 01.05.22,420,6151,Osteosintesis de humero,15464,92
PROVINCIA ART DESDE 01.05.22,420,6142,Osteosintesis de cubito y radio (por diferentes vias),15467,93
PROVINCIA ART DESDE 01.05.22,420,6162,Osteotomia correctora de pie,14461,91
PROVINCIA ART DESDE 01.05.22,420,6163,Osteotomia correctora de tibia y perone,14463,92
PROVINCIA ART DESDE 01.05.22,420,6167,Osteotomia simple,14465,90
PROVINCIA ART DESDE 01.05.22,420,6166,Osteotomia de femur,15478,93
PROVINCIA ART DESDE 01.05.22,420,6719,Trombectomia Pulmonar Mecanica En Tepa Paciente Critico,60870,96
PROVINCIA ART DESDE 01.05.22,420,8553,Revision del manejo del dolor agudo (no postoperatorio) en pacientes internados,69401,89
PROVINCIA ART DESDE 01.05.22,420,6169,Paciente oncologico - atencion clinica por 2 a 14 dias,15103,91
PROVINCIA ART DESDE 01.05.22,420,6170,Paciente oncologico - atencion clinica x mes o frac. > a 14 d.,15268,93
PROVINCIA ART DESDE 01.05.22,420,6171,Palatoplastia,14467,91
PROVINCIA ART DESDE 01.05.22,420,6273,Queiloplastia con palatoplastia,15117,93
PROVINCIA ART DESDE 01.05.22,420,6172,Palatorrafia,15104,91
PROVINCIA ART DESDE 01.05.22,420,6176,Pancreatectomia por Videolaparoscopia,14471,95
PROVINCIA ART DESDE 01.05.22,420,6177,Papilotomia del conducto de Warthon y/o Stenon,14472,90
PROVINCIA ART DESDE 01.05.22,420,6178,Papilotomia endoscopica / ERCP (colangio-pancreatografia endoscopica retrogada),14473,92
PROVINCIA ART DESDE 01.05.22,420,6179,Paratiroidectomia,14474,93
PROVINCIA ART DESDE 01.05.22,420,6180,Paratiroidectomia por via endoscopica,14475,94
PROVINCIA ART DESDE 01.05.22,420,6181,Paratiroidectomia total con vaciamiento ganglionar,14476,94
PROVINCIA ART DESDE 01.05.22,420,6182,Paratiroidectomia total con vaciamiento ganglionar por via endoscopica,14477,95
PROVINCIA ART DESDE 01.05.22,420,6184,Parche hematico,15105,90
PROVINCIA ART DESDE 01.05.22,420,5020,Parchehematico de sangreo similar (blood parch) en cefalea post puncion,15248,91
PROVINCIA ART DESDE 01.05.22,420,6186,Parotidectomia total,14479,93
PROVINCIA ART DESDE 01.05.22,420,5235,By-pass de vasos perifericos unilateral,13786,94
PROVINCIA ART DESDE 01.05.22,420,5236,By-pass temporo-silviano,13787,96
PROVINCIA ART DESDE 01.05.22,420,6188,Pectus excavatum / pectus carinatum,14481,94
PROVINCIA ART DESDE 01.05.22,420,6189,Pectus excavatum / pectus carinatum por video-toracoscopia,14482,95
PROVINCIA ART DESDE 01.05.22,420,6191,Pericardiectomia amplia (pericarditis constrictiva),15106,94
PROVINCIA ART DESDE 01.05.22,420,6192,Pericardiectomia no constrictiva,15107,93
PROVINCIA ART DESDE 01.05.22,420,6193,Pericardiocentesis,14486,91
PROVINCIA ART DESDE 01.05.22,420,6194,Pericardiotomia,15108,92
PROVINCIA ART DESDE 01.05.22,420,6195,Peridural por distocia,14487,92
PROVINCIA ART DESDE 01.05.22,420,6196,Perineorrafia,14488,90
PROVINCIA ART DESDE 01.05.22,420,6198,Peritoneocentesis,14489,90
PROVINCIA ART DESDE 01.05.22,420,6199,Peritonitis generalizada,14490,93
PROVINCIA ART DESDE 01.05.22,420,6203,Pielografia ascendente por ureteroscopia,14494,90
PROVINCIA ART DESDE 01.05.22,420,6204,Pielolitotomia,14495,92
PROVINCIA ART DESDE 01.05.22,420,6205,Pielolitotomia por videolaparoscopia,14496,93
PROVINCIA ART DESDE 01.05.22,420,6206,Pieloplastia,14497,92
PROVINCIA ART DESDE 01.05.22,420,6207,Pieloplastia por lumbotomia,14498,93
PROVINCIA ART DESDE 01.05.22,420,6208,Pielotomia por videolaparoscopia,14499,93
PROVINCIA ART DESDE 01.05.22,420,6201,Pie plano unilateral,14492,92
PROVINCIA ART DESDE 01.05.22,420,6712,Plastica de Codo,60863,93
PROVINCIA ART DESDE 01.05.22,420,6715,Plastica de Manguito Rotador por Artroscopia,60866,94
PROVINCIA ART DESDE 01.05.22,420,5580,Plastica peneana,14047,93
PROVINCIA ART DESDE 01.05.22,420,6209,Plastica anal / anoplastia,14500,91
PROVINCIA ART DESDE 01.05.22,420,6210,Plastica de canal estrecho de columna con disectomia hasta 2 espacios,14501,98
PROVINCIA ART DESDE 01.05.22,420,6211,Plastica de canal estrecho de columna mas de 2 espacios,14502,98
PROVINCIA ART DESDE 01.05.22,420,6212,Plastica de colostomia,14503,91
PROVINCIA ART DESDE 01.05.22,420,6213,Plastica de la union uretero-pielica,14504,92
PROVINCIA ART DESDE 01.05.22,420,6214,Plastica de ligamentos de rodilla no cruzados,14505,93
PROVINCIA ART DESDE 01.05.22,420,6215,Plastica de manguito rotador no artroscopica,14506,93
PROVINCIA ART DESDE 01.05.22,420,6216,Plastica de uretra / uretroplastia,14509,92
PROVINCIA ART DESDE 01.05.22,420,6218,Plastica de via lagrimal,14511,93
PROVINCIA ART DESDE 01.05.22,420,6219,Plastica del cuadriceps,14512,91
PROVINCIA ART DESDE 01.05.22,420,6222,Plastica pielo-ureteral por videolaparoscopia,14514,94
PROVINCIA ART DESDE 01.05.22,420,6223,Plastica ureteral,14516,92
PROVINCIA ART DESDE 01.05.22,420,6224,Plastica ureteral o de la union pielo-pielica por videolaparoscopia,14517,94
PROVINCIA ART DESDE 01.05.22,420,6362,Reparacion artroscopica quirurgica de tobillo (plastica de tobillo por video-artroscopia),14604,93
PROVINCIA ART DESDE 01.05.22,420,6370,Reparacion plastica de ligamento peroneo-astragalino anterior y/o lateral y/o peroneo-calcaneo,14612,93
PROVINCIA ART DESDE 01.05.22,420,6336,Reemplazo de una valvula cardiaca y plastica de otra,15142,98
PROVINCIA ART DESDE 01.05.22,420,6405,"Reseccion de tumor maligno externo, con reconstruccion plastica",15159,92
PROVINCIA ART DESDE 01.05.22,420,7539,Plastica o comisurotomias valvulares Ao o pulmonares en el recien nacido.,15288,98
PROVINCIA ART DESDE 01.05.22,420,6220,Plastica del pabellon auricular,15492,92
PROVINCIA ART DESDE 01.05.22,420,7595,Pleurectomia parcial por video-toracoscopia,15372,94
PROVINCIA ART DESDE 01.05.22,420,6225,Pleurodesis quimica por video-toracoscopia,14518,94
PROVINCIA ART DESDE 01.05.22,420,6227,Polidactilia,14520,91
PROVINCIA ART DESDE 01.05.22,420,6229,Polipo de cuello uterino,14522,89
PROVINCIA ART DESDE 01.05.22,420,6230,Potenciales evocados,14523,89
PROVINCIA ART DESDE 01.05.22,420,6231,Potenciales evocados somatosensoriales,14524,91
PROVINCIA ART DESDE 01.05.22,420,6582,Trasplante oseo en procedimientos primarios,14750,94
PROVINCIA ART DESDE 01.05.22,420,6593,Tratamiento de las secuelas por paralisis (por cada procedimiento),14761,91
PROVINCIA ART DESDE 01.05.22,420,6235,Proctectomia con prostatectomia,15358,93
PROVINCIA ART DESDE 01.05.22,420,6236,Proctorrafia,14525,90
PROVINCIA ART DESDE 01.05.22,420,6237,Prolapso rectal,14526,91
PROVINCIA ART DESDE 01.05.22,420,6238,Prostatectomia o adenectomia con o sin vasectomia por videolaparoscopia,14527,94
PROVINCIA ART DESDE 01.05.22,420,6239,"Prostatectomia o adenectomia por via abdominal, con o sin vasectomia",14528,93
PROVINCIA ART DESDE 01.05.22,420,6240,Prostatectomia o adenomectomia por videolaparoscopia,14529,94
PROVINCIA ART DESDE 01.05.22,420,6243,Prostatectomia radical por videolaparoscopia,14531,95
PROVINCIA ART DESDE 01.05.22,420,6274,Querato-protesis,14550,94
PROVINCIA ART DESDE 01.05.22,420,6434,Revision de protesis total de rodilla,14654,95
PROVINCIA ART DESDE 01.05.22,420,6580,Trasplante oseo combinado con protesis,14748,95
PROVINCIA ART DESDE 01.05.22,420,6246,Protesis testicular unilateral,15411,93
PROVINCIA ART DESDE 01.05.22,420,6248,Ptosis palpebral,14534,91
PROVINCIA ART DESDE 01.05.22,420,6247,Ptosis de parpado,15111,92
PROVINCIA ART DESDE 01.05.22,420,8653,Puncion guiada por TAC en quirofano,69398,91
PROVINCIA ART DESDE 01.05.22,420,6260,Puncion de camara anterior para daignosticos,14543,89
PROVINCIA ART DESDE 01.05.22,420,6261,Puncion de derrame escrotal,14544,89
PROVINCIA ART DESDE 01.05.22,420,6265,Puncion del antro mastoideo,14545,90
PROVINCIA ART DESDE 01.05.22,420,6267,Puncion del seno esfenoidal,14547,91
PROVINCIA ART DESDE 01.05.22,420,6270,Puncion trans-fontanoidal,14548,90
PROVINCIA ART DESDE 01.05.22,420,6271,Puncion ventricular por trepanacion,14549,92
PROVINCIA ART DESDE 01.05.22,420,6262,Puncion de ganglio linfatico,15115,89
PROVINCIA ART DESDE 01.05.22,420,6268,Puncion pleural,15361,89
PROVINCIA ART DESDE 01.05.22,420,6263,Puncion de la cavidad pleural para lavaje,15366,91
PROVINCIA ART DESDE 01.05.22,420,6269,Puncion raquidea diagnostica,15528,90
PROVINCIA ART DESDE 01.05.22,420,6275,Queratocentesis,14551,90
PROVINCIA ART DESDE 01.05.22,420,6276,Quiste artro-sinovial,14552,90
PROVINCIA ART DESDE 01.05.22,420,6277,Quiste de cordon,14553,90
PROVINCIA ART DESDE 01.05.22,420,6280,Quiste de ovario,14556,91
PROVINCIA ART DESDE 01.05.22,420,6281,Quiste de pancreas,14557,92
PROVINCIA ART DESDE 01.05.22,420,6282,Quiste de tumor de cuello,14558,92
PROVINCIA ART DESDE 01.05.22,420,6283,Quiste hidatidico de bazo,14559,92
PROVINCIA ART DESDE 01.05.22,420,6284,Quiste hidatidico de higado,14560,93
PROVINCIA ART DESDE 01.05.22,420,6285,Quiste o tumor de mesenterio,14561,92
PROVINCIA ART DESDE 01.05.22,420,6286,Quiste o tumor del hueco popliteo,14562,92
PROVINCIA ART DESDE 01.05.22,420,6399,Reseccion de quiste oseo,14629,90
PROVINCIA ART DESDE 01.05.22,420,6287,Quiste sacro-coccigeo en decubito ventral (ej. quiste pilonidal),15240,91
PROVINCIA ART DESDE 01.05.22,420,6293,Radioterapia de intensidad modulada (IMRT),15120,91
PROVINCIA ART DESDE 01.05.22,420,6294,Radioterapia intraoperatoria,15121,95
PROVINCIA ART DESDE 01.05.22,420,6472,Simulacion de tratamiento para radioterapia,15170,90
PROVINCIA ART DESDE 01.05.22,420,6296,Reanimacion fuera del acto anestesiologico,15122,92
PROVINCIA ART DESDE 01.05.22,420,6298,Recarga de bomba de infusion,15124,90
PROVINCIA ART DESDE 01.05.22,420,6299,Recarga bomba elastomerica,15211,89
PROVINCIA ART DESDE 01.05.22,420,6304,Reconstruccion de las vias biliares,14566,95
PROVINCIA ART DESDE 01.05.22,420,6308,Reconstruccion de pene y/o testiculo,14567,93
PROVINCIA ART DESDE 01.05.22,420,6319,Reconstruccion total de parpado,14570,92
PROVINCIA ART DESDE 01.05.22,420,6300,Reconstruccion de areola y/o pezon,15125,91
PROVINCIA ART DESDE 01.05.22,420,6301,Reconstruccion de cavidad orbitaria,15126,93
PROVINCIA ART DESDE 01.05.22,420,6302,Reconstruccion de conducto auditivo externo,15127,92
PROVINCIA ART DESDE 01.05.22,420,6303,Reconstruccion de la pared abdominal,15128,93
PROVINCIA ART DESDE 01.05.22,420,6305,Reconstruccion de ombligo,15129,90
PROVINCIA ART DESDE 01.05.22,420,6307,Reconstruccion de pene y/o escroto,15131,92
PROVINCIA ART DESDE 01.05.22,420,6288,Reconstruccion de vulva,15132,93
PROVINCIA ART DESDE 01.05.22,420,6313,Reconstruccion nasal parcial,15136,91
PROVINCIA ART DESDE 01.05.22,420,6314,Reconstruccion parcial de orbita o malar,15137,92
PROVINCIA ART DESDE 01.05.22,420,6316,Reconstruccion total de orbita,15139,93
PROVINCIA ART DESDE 01.05.22,420,6404,Reseccion de tumor de orbita con reseccion osea y reconstruccion inmediata,15158,93
PROVINCIA ART DESDE 01.05.22,420,6702,Reseccion de Tumor de Recto,60853,93
PROVINCIA ART DESDE 01.05.22,420,6320,Recto-sigmoidoscopia,14571,89
PROVINCIA ART DESDE 01.05.22,420,6414,Reseccion parcial osea infecciosa o tumoral de columna (corporectomia),14637,94
PROVINCIA ART DESDE 01.05.22,420,6425,Retinopexia y esclerectomia,14646,93
PROVINCIA ART DESDE 01.05.22,420,6451,Salpinguectomia con o sin ooferectomia por videolaproscopia,14666,93
PROVINCIA ART DESDE 01.05.22,420,6610,Trombo-endarterectomia de vasos perifericos,14773,94
PROVINCIA ART DESDE 01.05.22,420,6695,Vitrectomia,14840,94
PROVINCIA ART DESDE 01.05.22,420,6455,Secuestrectomia,15308,93
PROVINCIA ART DESDE 01.05.22,420,6321,Rectoscopia,15332,89
PROVINCIA ART DESDE 01.05.22,420,6637,Tumorectomia,15389,91
PROVINCIA ART DESDE 01.05.22,420,6644,Ureterectomia,15423,91
PROVINCIA ART DESDE 01.05.22,420,6328,Reduccion incruenta cervical o dorsal,14575,92
PROVINCIA ART DESDE 01.05.22,420,6339,Reemplazo total de femur,14583,95
PROVINCIA ART DESDE 01.05.22,420,6340,Reemplazo total de hombro,14584,95
PROVINCIA ART DESDE 01.05.22,420,6341,Reemplazo total de rodilla,14585,95
PROVINCIA ART DESDE 01.05.22,420,6334,Reemplazo bi-valvular,15141,98
PROVINCIA ART DESDE 01.05.22,420,6342,Reemplazo valvular,15143,95
PROVINCIA ART DESDE 01.05.22,420,7535,Reemplazo valvular en hemodinamia ( TAVI),15549,98
PROVINCIA ART DESDE 01.05.22,420,6359,Reintervencion cardiaca dentro de las primeras 24 horas (ejemplo: sangrado),15147,94
PROVINCIA ART DESDE 01.05.22,420,6360,Remodelacion de la boveda craneana (turricefalia / plagiocefalia),14603,95
PROVINCIA ART DESDE 01.05.22,420,6361,"Remodelacion de la boveda craneana (turricefalia, plagioce falia)",15148,95
PROVINCIA ART DESDE 01.05.22,420,6367,Reparacion ligamentaria de rodilla (ligamento laterales y/o cruzados),51397,94
PROVINCIA ART DESDE 01.05.22,420,6365,Reparacion de senos craneales,14607,94
PROVINCIA ART DESDE 01.05.22,420,6368,"Reparacion ligamentaria de tobillo (ligamentos laterales, etc)",14610,93
PROVINCIA ART DESDE 01.05.22,420,6000,Reseccion de Tabique Vaginal por Videolaparoscopia,60852,92
PROVINCIA ART DESDE 01.05.22,420,6372,Reseccion costal,14613,90
PROVINCIA ART DESDE 01.05.22,420,6374,Reseccion cuneiforme de ovario,14614,91
PROVINCIA ART DESDE 01.05.22,420,6380,Reseccion de cuello de vejiga,14616,91
PROVINCIA ART DESDE 01.05.22,420,6385,Reseccion de espolon calcaneo,14619,91
PROVINCIA ART DESDE 01.05.22,420,6386,Reseccion de exostosis,14620,90
PROVINCIA ART DESDE 01.05.22,420,6390,Reseccion de intestino delgado,14623,93
PROVINCIA ART DESDE 01.05.22,420,6394,Reseccion de osteoma del CAE,14625,92
PROVINCIA ART DESDE 01.05.22,420,6395,Reseccion de plexo hipogastrico,14626,92
PROVINCIA ART DESDE 01.05.22,420,6397,Reseccion de plexo hipogastrico por videolaparoscopia,14628,93
PROVINCIA ART DESDE 01.05.22,420,6407,Reseccion del plexo hipogastrico,14631,92
PROVINCIA ART DESDE 01.05.22,420,6411,Reseccion parcial de hueso infeccioso o tumoral,14634,92
PROVINCIA ART DESDE 01.05.22,420,6413,Reseccion parcial de pelvis infecciosa o tumoral,14636,92
PROVINCIA ART DESDE 01.05.22,420,6415,Reseccion submucosa del cornete inferior,14639,91
PROVINCIA ART DESDE 01.05.22,420,6416,Reseccion total de paladar,14640,94
PROVINCIA ART DESDE 01.05.22,420,6419,Reseccion tumoral de nervio periferico,14642,91
PROVINCIA ART DESDE 01.05.22,420,6396,Reseccion de plexo hipogastrico por videolaparoscopia,15154,93
PROVINCIA ART DESDE 01.05.22,420,6398,Reseccion de queloide,15155,91
PROVINCIA ART DESDE 01.05.22,420,6402,Reseccion de tumor de mas de 5 cm,15156,91
PROVINCIA ART DESDE 01.05.22,420,6403,Reseccion de tumor de menos de 5 cm,15157,90
PROVINCIA ART DESDE 01.05.22,420,6381,Reseccion de epiplon,15298,91
PROVINCIA ART DESDE 01.05.22,420,6371,Reseccion pleuro-parietal,15367,93
PROVINCIA ART DESDE 01.05.22,420,6401,Reseccion de tabique vaginal,15402,91
PROVINCIA ART DESDE 01.05.22,420,6417,Reseccion transuretral de prostata (TUR-P),15430,93
PROVINCIA ART DESDE 01.05.22,420,6389,Reseccion de hasta 3 falanges,15459,90
PROVINCIA ART DESDE 01.05.22,420,6392,Reseccion de mas de 3 falanges,15460,91
PROVINCIA ART DESDE 01.05.22,420,6375,Reseccion de cabeza de radio o cubito,15462,91
PROVINCIA ART DESDE 01.05.22,420,6422,Retinografia,14643,89
PROVINCIA ART DESDE 01.05.22,420,6426,Retiro de cables endocavitarios,14647,92
PROVINCIA ART DESDE 01.05.22,420,6427,Retoque de muñon,14648,91
PROVINCIA ART DESDE 01.05.22,420,6428,Retromentonismo no estetico,15162,91
PROVINCIA ART DESDE 01.05.22,420,8539,Internacion. Primera o revision.,69389,90
PROVINCIA ART DESDE 01.05.22,420,6437,Rino-septumplastia,14657,93
PROVINCIA ART DESDE 01.05.22,420,6514,Taponamiento intra-uterino,14711,90
PROVINCIA ART DESDE 01.05.22,420,6606,Tratamiento quirurgico del neurinoma del acustico por via optica,14770,95
PROVINCIA ART DESDE 01.05.22,420,6440,"Rinoplastia simple, no estetica",15165,90
PROVINCIA ART DESDE 01.05.22,420,6442,Rizotomia del ligamento dentado,14658,93
PROVINCIA ART DESDE 01.05.22,420,6443,Rizotomia dorsal selectiva,14659,94
PROVINCIA ART DESDE 01.05.22,420,6444,Rizotomia retrogaseriana estereotaxica por rf,15270,94
PROVINCIA ART DESDE 01.05.22,420,7513,Rizotomia estereotaxica por crioterapia del G de Gasser,15271,98
PROVINCIA ART DESDE 01.05.22,420,6445,Safenectomia externa unilateral,14660,92
PROVINCIA ART DESDE 01.05.22,420,6446,Safenectomia interna unilateral,14661,92
PROVINCIA ART DESDE 01.05.22,420,6449,Salpingolisis / salpingoplastia unilateral,14664,92
PROVINCIA ART DESDE 01.05.22,420,6450,Salpingolisis / salpingoplastia unilateral por videolaparoscopia,14665,93
PROVINCIA ART DESDE 01.05.22,420,6453,Seccion de frenillo lingual,14667,89
PROVINCIA ART DESDE 01.05.22,420,6452,Seccion de aductores con o sin tenotomia,15456,92
PROVINCIA ART DESDE 01.05.22,420,6454,Secuelas de paralisis facial en todas sus formas,15169,92
PROVINCIA ART DESDE 01.05.22,420,6456,Segmentectomia hepatica,14668,95
PROVINCIA ART DESDE 01.05.22,420,6458,Septostomia inter-auricular o ventricular en hemodinamia (tipo Raskind o similares),14670,95
PROVINCIA ART DESDE 01.05.22,420,6461,Shunt porto-sistemico transyugular intra-hepatico (TIPS),14673,95
PROVINCIA ART DESDE 01.05.22,420,6462,Sialografia,14675,89
PROVINCIA ART DESDE 01.05.22,420,6463,Sigmoidectomia,14676,94
PROVINCIA ART DESDE 01.05.22,420,6464,Sigmoidectomia por videolaparoscopia,14677,95
PROVINCIA ART DESDE 01.05.22,420,6465,Simpatectomia abdominal o lumbar,14678,91
PROVINCIA ART DESDE 01.05.22,420,6466,Simpatectomia cervical,14679,92
PROVINCIA ART DESDE 01.05.22,420,6467,Simpatectomia lumbar,14680,91
PROVINCIA ART DESDE 01.05.22,420,6468,Simpatectomia lumbar o toracica (hiper-hidrosis),14681,93
PROVINCIA ART DESDE 01.05.22,420,6470,Simpatectomia periarterial,14683,91
PROVINCIA ART DESDE 01.05.22,420,6471,Simpatectomia toracica,14684,93
PROVINCIA ART DESDE 01.05.22,420,6473,Sindactilia,14685,91
PROVINCIA ART DESDE 01.05.22,420,6474,Sindrome apico-transverso,14686,95
PROVINCIA ART DESDE 01.05.22,420,6476,Sinovectomia,14688,91
PROVINCIA ART DESDE 01.05.22,420,6478,Sinusotomia esfenoidal,14691,92
PROVINCIA ART DESDE 01.05.22,420,6479,Sinusotomia frontal externa (trepanacion del seno frontal),14692,91
PROVINCIA ART DESDE 01.05.22,420,6480,Sinusotomia frontal radical por via externa,14693,92
PROVINCIA ART DESDE 01.05.22,420,6484,Sinusotomias combinadas por via endoscopica,14697,94
PROVINCIA ART DESDE 01.05.22,420,6485,Sinusotomias por via endoscopica,14698,93
PROVINCIA ART DESDE 01.05.22,420,6489,Spect cerebral,15172,91
PROVINCIA ART DESDE 01.05.22,420,8101,Spect cerebral en niños,15531,91
PROVINCIA ART DESDE 01.05.22,420,6490,Suprarrenalectomia laparoscopica unilateral,15385,95
PROVINCIA ART DESDE 01.05.22,420,6491,Sutura de conjuntiva,14701,90
PROVINCIA ART DESDE 01.05.22,420,6494,Sutura de faringe,14702,92
PROVINCIA ART DESDE 01.05.22,420,6497,Sutura de lengua,14705,90
PROVINCIA ART DESDE 01.05.22,420,6498,Sutura de vasos perifericos,14706,92
PROVINCIA ART DESDE 01.05.22,420,6500,Sutura del paladar,14707,90
PROVINCIA ART DESDE 01.05.22,420,6499,Sutura del pabellon auricular,15491,90
PROVINCIA ART DESDE 01.05.22,420,6493,Sutura de encia,15495,90
PROVINCIA ART DESDE 01.05.22,420,6492,Sutura de cornea,15525,91
PROVINCIA ART DESDE 01.05.22,420,6513,Taponaje anterior y/o posterior,14710,89
PROVINCIA ART DESDE 01.05.22,420,6515,Tarsorrafia,15179,90
PROVINCIA ART DESDE 01.05.22,420,6516,Telecanto,15180,92
PROVINCIA ART DESDE 01.05.22,420,6517,Tenolisis (hasta 3 tendones),14712,91
PROVINCIA ART DESDE 01.05.22,420,6518,Tenolisis o tenorrafia (4 o mas tendones),14713,92
PROVINCIA ART DESDE 01.05.22,420,6520,Tenoplastia simple (hasta 3 tendones),14714,92
PROVINCIA ART DESDE 01.05.22,420,6519,Tenoplastia multiple (mas de 3 tendones),15452,93
PROVINCIA ART DESDE 01.05.22,420,6521,Tenorrafia (hasta 3 tendones),14715,91
PROVINCIA ART DESDE 01.05.22,420,6522,Tenorrafia del tendon de aquiles o rotuliano,14716,91
PROVINCIA ART DESDE 01.05.22,420,6524,Tenotomia simple,14717,90
PROVINCIA ART DESDE 01.05.22,420,6523,Tenotomia multiple,15450,91
PROVINCIA ART DESDE 01.05.22,420,6554,Toma de tension ocular,14731,89
PROVINCIA ART DESDE 01.05.22,420,6511,Tens (maximo seis sesiones al mes),15181,89
PROVINCIA ART DESDE 01.05.22,420,8545,Quimioterapia intratecal,69395,94
PROVINCIA ART DESDE 01.05.22,420,6525,Terapia sistemica del dolor postoperatorio ( todo el periodo),15182,90
PROVINCIA ART DESDE 01.05.22,420,6540,Test de duccion forzada y fuerza generada,14718,89
PROVINCIA ART DESDE 01.05.22,420,6539,"Test de Opioide, Baclofren, etc, intratecal",15249,91
PROVINCIA ART DESDE 01.05.22,420,6630,Tumor de testiculo,15409,91
PROVINCIA ART DESDE 01.05.22,420,6541,Timectomia por miastenia gravis,14719,94
PROVINCIA ART DESDE 01.05.22,420,6543,Timpanoplastia,14721,93
PROVINCIA ART DESDE 01.05.22,420,6544,Tiroidectomia por via endoscopica,14722,94
PROVINCIA ART DESDE 01.05.22,420,6545,Tiroidectomia total,14723,93
PROVINCIA ART DESDE 01.05.22,420,6546,Tiroidectomia total con vaciamiento cervical,14724,94
PROVINCIA ART DESDE 01.05.22,420,6547,Tiroidectomia total con vaciamiento cervical por via endoscopica,14725,95
PROVINCIA ART DESDE 01.05.22,420,6548,Toilette quirurgico con debridamiento,14726,90
PROVINCIA ART DESDE 01.05.22,420,6549,Toilette quirurgico de columna,14727,92
PROVINCIA ART DESDE 01.05.22,420,6551,Toillete quirurgica,14728,89
PROVINCIA ART DESDE 01.05.22,420,6555,Tomografia computada de ojo,15521,90
PROVINCIA ART DESDE 01.05.22,420,6556,Toracoplastia,14732,92
PROVINCIA ART DESDE 01.05.22,420,6509,"TAC de torax, con o sin contraste",15177,91
PROVINCIA ART DESDE 01.05.22,420,6558,Torticolis congenita,15486,94
PROVINCIA ART DESDE 01.05.22,420,6561,Traccion esqueletica,15435,89
PROVINCIA ART DESDE 01.05.22,420,6560,Traccion de partes blandas,15453,89
PROVINCIA ART DESDE 01.05.22,420,6562,Tractotomia,15535,94
PROVINCIA ART DESDE 01.05.22,420,6563,Transferencias tendinosas (mas de 3 tendones),14735,93
PROVINCIA ART DESDE 01.05.22,420,6564,Transferencias tendinosas (trasplante y alargamiento) en miembro superior o inferior (hasta 3 tendones),14736,92
PROVINCIA ART DESDE 01.05.22,420,6565,Transposicion de nervio periferico,14737,92
PROVINCIA ART DESDE 01.05.22,420,6566,Transposicion de tendones en miembro superior o miembro inferior,14738,93
PROVINCIA ART DESDE 01.05.22,420,6567,Transposicion del cubital,14739,91
PROVINCIA ART DESDE 01.05.22,420,6568,Traqueoplastia,14740,94
PROVINCIA ART DESDE 01.05.22,420,6569,Traqueorrafia,14742,92
PROVINCIA ART DESDE 01.05.22,420,6571,Traqueostomia o traqueotomia como unica intervencion,14744,91
PROVINCIA ART DESDE 01.05.22,420,6570,Traqueostomia como unica intervencion,15190,91
PROVINCIA ART DESDE 01.05.22,420,6572,Traqueostomia percutanea,15383,91
PROVINCIA ART DESDE 01.05.22,420,6574,Trasplante de corazon y pulmon,14745,108
PROVINCIA ART DESDE 01.05.22,420,6578,Trasplante de pancreas,14746,106
PROVINCIA ART DESDE 01.05.22,420,6579,Trasplante hepatico,14747,107
PROVINCIA ART DESDE 01.05.22,420,6584,Trasplante oseo intercalares,14752,94
PROVINCIA ART DESDE 01.05.22,420,6585,Trasplante oseo osteo-articulares,14753,94
PROVINCIA ART DESDE 01.05.22,420,6586,Trasplante pulmonar,14754,106
PROVINCIA ART DESDE 01.05.22,420,6587,Trasplante renal,14755,96
PROVINCIA ART DESDE 01.05.22,420,6588,Trasplante reno-pancreatico,14756,107
PROVINCIA ART DESDE 01.05.22,420,6589,Trasplante y alargamiento (hasta 3 tendones),14757,92
PROVINCIA ART DESDE 01.05.22,420,6590,Trasplante y alargamiento (mas de 3 tendones),14758,93
PROVINCIA ART DESDE 01.05.22,420,6573,Trasplante de corazon,15191,106
PROVINCIA ART DESDE 01.05.22,420,6575,Trasplante de corazon-pulmon,15192,108
PROVINCIA ART DESDE 01.05.22,420,6576,Trasplante de corazon-riñon,15193,107
PROVINCIA ART DESDE 01.05.22,420,6577,Trasplante de medula osea,15257,92
PROVINCIA ART DESDE 01.05.22,420,6594,Tratamiento de las varices esofagicas (bandas / escleroris / balon),14762,91
PROVINCIA ART DESDE 01.05.22,420,6600,Tratamiento endovascular de arterias uterinas,14767,94
PROVINCIA ART DESDE 01.05.22,420,6607,Tratamiento quirurgico del onfalocele,14771,94
PROVINCIA ART DESDE 01.05.22,420,6608,"Tratamiento sistemico del dolor, por dia de tratamiento",15209,89
PROVINCIA ART DESDE 01.05.22,420,6510,TAC tridimensional,15178,91
PROVINCIA ART DESDE 01.05.22,420,6720,Trombectomia Intracraneal Por Hemodinamia,60871,96
PROVINCIA ART DESDE 01.05.22,420,6609,Trombectomia venosa profunda,14772,93
PROVINCIA ART DESDE 01.05.22,420,6611,Trombosis hemorroidal,14774,90
PROVINCIA ART DESDE 01.05.22,420,6612,Trombosis mesenterica,14775,93
PROVINCIA ART DESDE 01.05.22,420,5752,Extrirpacion de tumor oseo (mas de 5 cm),14170,91
PROVINCIA ART DESDE 01.05.22,420,5753,Extrirpacion de tumor oseo (menos de 5 cm),14171,90
PROVINCIA ART DESDE 01.05.22,420,6613,Tumor benigno de ano,14776,91
PROVINCIA ART DESDE 01.05.22,420,6615,Tumor benigno de vulva,14777,89
PROVINCIA ART DESDE 01.05.22,420,6616,Tumor beningo de vagina,14778,90
PROVINCIA ART DESDE 01.05.22,420,6617,Tumor cerebral intracraneal (mas de 8 horas de duracion),14779,98
PROVINCIA ART DESDE 01.05.22,420,6618,Tumor cerebral intracraneal (menos de 8 horas de duracion),14780,98
PROVINCIA ART DESDE 01.05.22,420,6620,Tumor de fosa posterior (mas de 8 horas de duracion),14782,98
PROVINCIA ART DESDE 01.05.22,420,6621,Tumor de fosa posterior (menos de 8 horas de duracion),14783,98
PROVINCIA ART DESDE 01.05.22,420,6622,Tumor de hipofisis (mas de 8 horas de duracion),14784,98
PROVINCIA ART DESDE 01.05.22,420,6623,Tumor de hipofisis (menos de 8 horas de duracion),14785,98
PROVINCIA ART DESDE 01.05.22,420,6624,Tumor de la pared costal,14786,91
PROVINCIA ART DESDE 01.05.22,420,6625,Tumor de la pared costal por videotoracoscopia,14787,92
PROVINCIA ART DESDE 01.05.22,420,6627,Tumor de ovario,14788,92
PROVINCIA ART DESDE 01.05.22,420,6629,Tumor de partes blandas,14790,90
PROVINCIA ART DESDE 01.05.22,420,6633,Tumor fibroso de pie,14791,90
PROVINCIA ART DESDE 01.05.22,420,6634,Tumor retroperitoneal,14792,94
PROVINCIA ART DESDE 01.05.22,420,6635,Tumor retroperitoneal por videolaparoscopia,14793,95
PROVINCIA ART DESDE 01.05.22,420,6638,Tumores mediastinales a cielo abierto,14794,94
PROVINCIA ART DESDE 01.05.22,420,6639,Tumores mediastinales por toracoscopia,14795,95
PROVINCIA ART DESDE 01.05.22,420,6632,Tumor del hueco supra-clavicular,15196,91
PROVINCIA ART DESDE 01.05.22,420,6636,Tumoracion cardiaca con CEC (tumor de auricula y/o ventriculo; tipo mixoma o similares),15283,98
PROVINCIA ART DESDE 01.05.22,420,6631,Tumor del glomus carotideo,15540,95
PROVINCIA ART DESDE 01.05.22,420,6640,Turbinectomia parcial o completa simple (unica o muliple),14796,92
PROVINCIA ART DESDE 01.05.22,420,6642,Turbinectomia video-endoscopica,14798,93
PROVINCIA ART DESDE 01.05.22,420,6645,Ureterolitotomia,14800,92
PROVINCIA ART DESDE 01.05.22,420,6675,Video cisto-ureteroscopia,14823,90
PROVINCIA ART DESDE 01.05.22,420,6646,Ureteroscopia,15420,89
PROVINCIA ART DESDE 01.05.22,420,6647,Ureterostomia,15424,91
PROVINCIA ART DESDE 01.05.22,420,6648,Uretro-cisto-fibroscopia,14801,90
PROVINCIA ART DESDE 01.05.22,420,6649,Uretrografia,14802,89
PROVINCIA ART DESDE 01.05.22,420,6650,Uretrorrafia,14803,90
PROVINCIA ART DESDE 01.05.22,420,6651,Uretrotomia interna / uretroscopia,14804,89
PROVINCIA ART DESDE 01.05.22,420,5941,Laringuectomia radical con vaciamiento cervical,14311,95
PROVINCIA ART DESDE 01.05.22,420,6655,Vaciamiento inguino-abdominal convencional,14807,93
PROVINCIA ART DESDE 01.05.22,420,6656,Vaciamiento inguino-abdominal o inguino-escrotal por video,14808,94
PROVINCIA ART DESDE 01.05.22,420,6657,Vaciamiento inguino-escrotal convencional,14809,93
PROVINCIA ART DESDE 01.05.22,420,6696,Vulvectomia con vaciamiento ganglionar,14841,94
PROVINCIA ART DESDE 01.05.22,420,6654,Vaciamiento ganglionar lumbo-aortico,15197,94
PROVINCIA ART DESDE 01.05.22,420,6658,Vaciamiento radical unilateral de cuello,15199,93
PROVINCIA ART DESDE 01.05.22,420,6659,Vagotomia / vagotomia selectiva / gastropexia,14811,92
PROVINCIA ART DESDE 01.05.22,420,6660,Vagotomia por videolaparoscopia,14812,93
PROVINCIA ART DESDE 01.05.22,420,6661,Valvuloplastia aortica / pulmonar / tricuspidea / mitral / en hemodinamia,14813,95
PROVINCIA ART DESDE 01.05.22,420,6662,Valvuloplastia mitral / tricuspidea / aortica / pulmonar,15200,95
PROVINCIA ART DESDE 01.05.22,420,7534,Valvuloplastia aortica / pulmonar / tricuspidea / mitral / en hemodinamia en el recien nacido,15548,98
PROVINCIA ART DESDE 01.05.22,420,6663,Vaporizacion prostatica por plasma (TURis) (hiperplasia benigna de prostata),14814,93
PROVINCIA ART DESDE 01.05.22,420,6652,Varicocele,14805,90
PROVINCIA ART DESDE 01.05.22,420,6665,Varicocele pelviano,14816,91
PROVINCIA ART DESDE 01.05.22,420,6666,Vasectomia,15407,91
PROVINCIA ART DESDE 01.05.22,420,6049,Neo-vejiga a cielo abierto,14397,95
PROVINCIA ART DESDE 01.05.22,420,6667,Ventana pleuro-pericardica,14817,94
PROVINCIA ART DESDE 01.05.22,420,6668,Ventana pleuro-pericardica por video,14818,95
PROVINCIA ART DESDE 01.05.22,420,6669,Ventriculo-cisternotomia,14819,94
PROVINCIA ART DESDE 01.05.22,420,6670,Ventriculo-cisternotomia videoasistida,14820,95
PROVINCIA ART DESDE 01.05.22,420,6721,VERTEBROPLASTIA CONVENCIONAL,60872,91
PROVINCIA ART DESDE 01.05.22,420,6671,Vertebroplastia percutanea (1 Vertebra),14821,94
PROVINCIA ART DESDE 01.05.22,420,6672,Vertebroplastia percutanea (2 o mas vertebras),14822,95
PROVINCIA ART DESDE 01.05.22,420,6366,Videoartroscopia Compleja de Rodilla,14608,94
PROVINCIA ART DESDE 01.05.22,420,6676,"Video-artroscopia compleja (hombro, codo, tobillo)",14824,93
PROVINCIA ART DESDE 01.05.22,420,6678,Video-artroscopia de hombro / codo,14827,93
PROVINCIA ART DESDE 01.05.22,420,6679,Video-artroscopia de tobillo,14828,93
PROVINCIA ART DESDE 01.05.22,420,6680,Video-artroscopia simple de rodilla (incluye menisectomia artroscopica de rodilla),14829,93
PROVINCIA ART DESDE 01.05.22,420,6682,Video-cistoscopia,14831,90
PROVINCIA ART DESDE 01.05.22,420,6687,Videobroncofibroscopia,14834,91
PROVINCIA ART DESDE 01.05.22,420,6690,Videolaparoscopia terapeutica,14837,93
PROVINCIA ART DESDE 01.05.22,420,6694,Videotoracoscopia convertida a via convencional,14839,95
PROVINCIA ART DESDE 01.05.22,420,7604,Video artroscopia simple de hombro,15443,92
PROVINCIA ART DESDE 01.05.22,420,7605,Video artroscopia simple de muñeca,15444,92
PROVINCIA ART DESDE 01.05.22,420,7606,Video artroscopia compleja de muñeca,15446,93
PROVINCIA ART DESDE 01.05.22,420,7607,Video artroscopia compleja de hombro,15447,93
PROVINCIA ART DESDE 01.05.22,420,6697,Vulvectomia simple,14842,91
PROVINCIA ART DESDE 01.05.22,420,6698,Yeyunostomia,15325,91
PROVINCIA ART DESDE 01.05.22,420,6202,Pie zambo / varo / equino supinado,14493,92
PRODUCTORES DE FRUTAS ARGENTINAS COOP.DE SEG.LDTA,70,6689,Videolaparoscopia exploradora de abdomen,14836,92
PRODUCTORES DE FRUTAS ARGENTINAS COOP.DE SEG.LDTA,70,6692,Videolaparoscopia terapeutica de abdomen,14838,93
PRODUCTORES DE FRUTAS ARGENTINAS COOP.DE SEG.LDTA,70,5975,"Lipoaspiracion (cadera, muslo, abdomen) (hasta 2 zonas)",15037,93
PRODUCTORES DE FRUTAS ARGENTINAS COOP.DE SEG.LDTA,70,5976,"Lipoaspiracion (cadera, muslo, abdomen) (mas de 2 zonas)",15038,94
PRODUCTORES DE FRUTAS ARGENTINAS COOP.DE SEG.LDTA,70,5979,Liposuccion de abdomen,15039,93
PRODUCTORES DE FRUTAS ARGENTINAS COOP.DE SEG.LDTA,70,6506,"TAC de abdomen, con o sin contraste",15174,91
PRODUCTORES DE FRUTAS ARGENTINAS COOP.DE SEG.LDTA,70,5002,Abdominoplastia,14843,94
PRODUCTORES DE FRUTAS ARGENTINAS COOP.DE SEG.LDTA,70,5004,Ablacion por radiofrecuencia de arritmias complejas (tipo fibrilacion auricular),13645,98
PRODUCTORES DE FRUTAS ARGENTINAS COOP.DE SEG.LDTA,70,5005,Ablacion por radiofrecuencia de arritmias simples (tipo haz de His),13646,95
PRODUCTORES DE FRUTAS ARGENTINAS COOP.DE SEG.LDTA,70,6187,Patelectomia (ablacion de la rotula),14480,91
PRODUCTORES DE FRUTAS ARGENTINAS COOP.DE SEG.LDTA,70,5003,Ablacion de corazon,14844,95
PRODUCTORES DE FRUTAS ARGENTINAS COOP.DE SEG.LDTA,70,5083,Anestesiologo en ablacion de organos,14864,92
PRODUCTORES DE FRUTAS ARGENTINAS COOP.DE SEG.LDTA,70,6053,Neuroablacion aferentes articulacion de cadera con Rf,15056,93
PRODUCTORES DE FRUTAS ARGENTINAS COOP.DE SEG.LDTA,70,7532,Ablacion por radiofrecuencia de arritmias con navegador de impedancia,15546,95
PRODUCTORES DE FRUTAS ARGENTINAS COOP.DE SEG.LDTA,70,5006,Abocamiento del ureter a piel,13647,92
PRODUCTORES DE FRUTAS ARGENTINAS COOP.DE SEG.LDTA,70,5007,Aborto del segundo trimestre con mecanismo de parto seguido o no de legrado,13648,91
PRODUCTORES DE FRUTAS ARGENTINAS COOP.DE SEG.LDTA,70,5009,Absceso de mama / drenaje unilateral,13649,89
PRODUCTORES DE FRUTAS ARGENTINAS COOP.DE SEG.LDTA,70,5010,Absceso de pancreas,13650,92
PRODUCTORES DE FRUTAS ARGENTINAS COOP.DE SEG.LDTA,70,5011,Absceso de pared,13651,89
PRODUCTORES DE FRUTAS ARGENTINAS COOP.DE SEG.LDTA,70,5012,Absceso de parpado,13652,89
PRODUCTORES DE FRUTAS ARGENTINAS COOP.DE SEG.LDTA,70,5014,Absceso perianal,13653,89
PRODUCTORES DE FRUTAS ARGENTINAS COOP.DE SEG.LDTA,70,5015,Absceso perirectal,13654,91
PRODUCTORES DE FRUTAS ARGENTINAS COOP.DE SEG.LDTA,70,5540,Drenaje de absceso de glandula de Bartholino,14011,89
PRODUCTORES DE FRUTAS ARGENTINAS COOP.DE SEG.LDTA,70,5542,Drenaje de absceso hepatico guiado por ecografia,14012,91
PRODUCTORES DE FRUTAS ARGENTINAS COOP.DE SEG.LDTA,70,5544,Drenaje de absceso subfrenico,14014,91
PRODUCTORES DE FRUTAS ARGENTINAS COOP.DE SEG.LDTA,70,5545,Drenaje de absceso subfrenico por via laparoscopica,14015,93
PRODUCTORES DE FRUTAS ARGENTINAS COOP.DE SEG.LDTA,70,5546,Drenaje de absceso testicular,14016,89
PRODUCTORES DE FRUTAS ARGENTINAS COOP.DE SEG.LDTA,70,5547,Drenaje de absceso y/o quiste pancreatico guiado por ecografia,14017,91
PRODUCTORES DE FRUTAS ARGENTINAS COOP.DE SEG.LDTA,70,5894,"Incision y drenaje de laringe, absceso, pericondritis, etc.",14283,92
PRODUCTORES DE FRUTAS ARGENTINAS COOP.DE SEG.LDTA,70,5896,Incision y drenaje de paladar (absceso),14284,90
PRODUCTORES DE FRUTAS ARGENTINAS COOP.DE SEG.LDTA,70,5950,"Lesion local de pulmon (absceso, tumor)",14321,93
PRODUCTORES DE FRUTAS ARGENTINAS COOP.DE SEG.LDTA,70,5541,Drenaje de absceso en cabeza y/o cuello,14970,90
PRODUCTORES DE FRUTAS ARGENTINAS COOP.DE SEG.LDTA,70,5543,"Drenaje de absceso o hematoma, excepto en cabeza y cuello",14971,89
PRODUCTORES DE FRUTAS ARGENTINAS COOP.DE SEG.LDTA,70,8107,Absceso de higado,15303,92
PRODUCTORES DE FRUTAS ARGENTINAS COOP.DE SEG.LDTA,70,5013,Absceso gluteo,15469,89
PRODUCTORES DE FRUTAS ARGENTINAS COOP.DE SEG.LDTA,70,5814,Glosotomia con drenaje de absceso o hematoma,15497,90
PRODUCTORES DE FRUTAS ARGENTINAS COOP.DE SEG.LDTA,70,6135,"Osteoplastia / osteosintesis en: pseudo-artrosis, consolidacion viciosa, acortamiento, alargamiento, injerto de huesos",69350,93
PRODUCTORES DE FRUTAS ARGENTINAS COOP.DE SEG.LDTA,70,5016,Acortamiento de metatarsianos,13655,91
PRODUCTORES DE FRUTAS ARGENTINAS COOP.DE SEG.LDTA,70,6136,"Osteoplastia de tibia y/o perone: alargamiento, acortamiento / pseudoartrosis / consolidacion viciosa / injerto de huesos.",15476,93
PRODUCTORES DE FRUTAS ARGENTINAS COOP.DE SEG.LDTA,70,5017,Acromioplastia,13656,92
PRODUCTORES DE FRUTAS ARGENTINAS COOP.DE SEG.LDTA,70,6379,"Reseccion de clavicula o acromion, acromioplastia",14615,92
PRODUCTORES DE FRUTAS ARGENTINAS COOP.DE SEG.LDTA,70,5018,Acupuntura por sesion,14845,89
PRODUCTORES DE FRUTAS ARGENTINAS COOP.DE SEG.LDTA,70,5019,"Acupuntura, acupuntura laser o electroacupuntura, por sesion, maximo 6",14846,89
PRODUCTORES DE FRUTAS ARGENTINAS COOP.DE SEG.LDTA,70,5021,Adenomastectomia unilateral,13657,92
PRODUCTORES DE FRUTAS ARGENTINAS COOP.DE SEG.LDTA,70,5023,Adrenalectomia unilateral,13658,94
PRODUCTORES DE FRUTAS ARGENTINAS COOP.DE SEG.LDTA,70,5574,Embolizacion o alcoholizacion coronaria,14040,93
PRODUCTORES DE FRUTAS ARGENTINAS COOP.DE SEG.LDTA,70,5024,Alcoholizacion o fenolizacion de dos nervios perifericos,14847,91
PRODUCTORES DE FRUTAS ARGENTINAS COOP.DE SEG.LDTA,70,5025,Alcoholizacion o fenolizacion de mas de dos nervios perifericos,14848,92
PRODUCTORES DE FRUTAS ARGENTINAS COOP.DE SEG.LDTA,70,5026,Alcoholizacion o fenolizacion de par craneal (no V par),14849,93
PRODUCTORES DE FRUTAS ARGENTINAS COOP.DE SEG.LDTA,70,5028,Alcoholizacion o fenolizacion de rama secundaria de par craneal,14850,92
PRODUCTORES DE FRUTAS ARGENTINAS COOP.DE SEG.LDTA,70,5032,"Alcoholizacion o fenolizacion peridural, cervical, dorsal o lumbar",14851,94
PRODUCTORES DE FRUTAS ARGENTINAS COOP.DE SEG.LDTA,70,5035,Alcoholizacion o fenolizacion rama primaria de V par,14852,94
PRODUCTORES DE FRUTAS ARGENTINAS COOP.DE SEG.LDTA,70,5036,"Alcoholizacion o fenolizacion subaracnoidea cervical, dorsal o lumbar",14853,95
PRODUCTORES DE FRUTAS ARGENTINAS COOP.DE SEG.LDTA,70,5037,Amigdalectomia y/o adenoidectomia,13659,92
PRODUCTORES DE FRUTAS ARGENTINAS COOP.DE SEG.LDTA,70,5038,Amigdalectomia y/o adenoidectomia por radiofrecuencia,13660,93
PRODUCTORES DE FRUTAS ARGENTINAS COOP.DE SEG.LDTA,70,5827,Hemorragia post-adeno-amigdalectomia,14226,91
PRODUCTORES DE FRUTAS ARGENTINAS COOP.DE SEG.LDTA,70,6400,Reseccion de resto de amigdalectomia y/o resto de adeno-amigdalectomia,14630,91
PRODUCTORES DE FRUTAS ARGENTINAS COOP.DE SEG.LDTA,70,7609,Amigdalectomia  mas septumplastia,15508,94
PRODUCTORES DE FRUTAS ARGENTINAS COOP.DE SEG.LDTA,70,7610,Amigdalectomia  mas miringoplastia,15509,94
PRODUCTORES DE FRUTAS ARGENTINAS COOP.DE SEG.LDTA,70,7611,Amigdalectomia  mas colocacion de TTT,15510,94
PRODUCTORES DE FRUTAS ARGENTINAS COOP.DE SEG.LDTA,70,7529,Amigdalectomia  mas septumplastia mas colocacion de TTT,15511,95
PRODUCTORES DE FRUTAS ARGENTINAS COOP.DE SEG.LDTA,70,7530,Amigdalectomia  mas septumplastia mas miringoplastia,15512,95
PRODUCTORES DE FRUTAS ARGENTINAS COOP.DE SEG.LDTA,70,5039,Amniocentesis,13662,90
PRODUCTORES DE FRUTAS ARGENTINAS COOP.DE SEG.LDTA,70,5041,Amputacion de antebrazo,13663,95
PRODUCTORES DE FRUTAS ARGENTINAS COOP.DE SEG.LDTA,70,5042,Amputacion de brazo,13664,95
PRODUCTORES DE FRUTAS ARGENTINAS COOP.DE SEG.LDTA,70,5043,Amputacion de cuello como unico procedimiento,13665,90
PRODUCTORES DE FRUTAS ARGENTINAS COOP.DE SEG.LDTA,70,5044,Amputacion de dedo,13666,90
PRODUCTORES DE FRUTAS ARGENTINAS COOP.DE SEG.LDTA,70,5045,Amputacion de hasta 2 dedos del pie,13667,90
PRODUCTORES DE FRUTAS ARGENTINAS COOP.DE SEG.LDTA,70,5046,Amputacion de mano,13668,95
PRODUCTORES DE FRUTAS ARGENTINAS COOP.DE SEG.LDTA,70,5047,Amputacion de mas de 2 dedos del pie,13669,91
PRODUCTORES DE FRUTAS ARGENTINAS COOP.DE SEG.LDTA,70,5048,Amputacion de mas de 3 dedos,13670,91
PRODUCTORES DE FRUTAS ARGENTINAS COOP.DE SEG.LDTA,70,5049,Amputacion de menos de 3 dedos,13671,90
PRODUCTORES DE FRUTAS ARGENTINAS COOP.DE SEG.LDTA,70,5050,"Amputacion de muslo, pie o antepie",13672,92
PRODUCTORES DE FRUTAS ARGENTINAS COOP.DE SEG.LDTA,70,5053,Amputacion de pierna (supracondilea),13673,92
PRODUCTORES DE FRUTAS ARGENTINAS COOP.DE SEG.LDTA,70,5054,Amputacion inter-ilio-abdominal,13674,95
PRODUCTORES DE FRUTAS ARGENTINAS COOP.DE SEG.LDTA,70,5055,Amputacion inter-ilio-femoral,13675,94
PRODUCTORES DE FRUTAS ARGENTINAS COOP.DE SEG.LDTA,70,5056,Amputacion parcial o total de pene,13676,92
PRODUCTORES DE FRUTAS ARGENTINAS COOP.DE SEG.LDTA,70,5997,Mastectomia unilateral (amputacion simple de mama),14358,92
PRODUCTORES DE FRUTAS ARGENTINAS COOP.DE SEG.LDTA,70,5051,Amputacion de oreja,14854,91
PRODUCTORES DE FRUTAS ARGENTINAS COOP.DE SEG.LDTA,70,5462,Crioneurolisis de neuroma de amputacion,14955,92
PRODUCTORES DE FRUTAS ARGENTINAS COOP.DE SEG.LDTA,70,5040,Amputacion abdomino-perineal (operacion de Miles o similares) (se reseca recto y ano y se deja colosto- mia definitiva en FII),15359,95
PRODUCTORES DE FRUTAS ARGENTINAS COOP.DE SEG.LDTA,70,5052,Amputacion de pie,15473,92
PRODUCTORES DE FRUTAS ARGENTINAS COOP.DE SEG.LDTA,70,8500,"Analgesia peridural, lumbar o toracica, colocacion de cateter, puesta en marcha de la infusion. Dia 0",66589,92
PRODUCTORES DE FRUTAS ARGENTINAS COOP.DE SEG.LDTA,70,8503,"Analgesia peridural continua, con bomba, control dias subsiguientes a la colocacion. Hasta 72 hs. Por dia.",69333,90
PRODUCTORES DE FRUTAS ARGENTINAS COOP.DE SEG.LDTA,70,8504,"Analgesia peridural continua, sin bomba, control dias subsiguientes a la colocacion. Hasta 72 hs. Por dia.",69334,89
PRODUCTORES DE FRUTAS ARGENTINAS COOP.DE SEG.LDTA,70,8505,"Analgesia intratecal, controles dias subsiguientes. Por dia (hasta 48 hs)",69355,91
PRODUCTORES DE FRUTAS ARGENTINAS COOP.DE SEG.LDTA,70,8506,"Analgesia intratecal, dosis unica, colocacion",69356,91
PRODUCTORES DE FRUTAS ARGENTINAS COOP.DE SEG.LDTA,70,8516,"Analgesia sistemica continua, sin PCA, instalacion y puesta en marcha",69366,90
PRODUCTORES DE FRUTAS ARGENTINAS COOP.DE SEG.LDTA,70,8533,Control diario de analgesia sistemica sin bomba de infusion por dia,69383,90
PRODUCTORES DE FRUTAS ARGENTINAS COOP.DE SEG.LDTA,70,5057,Analgesia / anestesia raquidea o peridural en periodo expulsivo,13677,92
PRODUCTORES DE FRUTAS ARGENTINAS COOP.DE SEG.LDTA,70,5061,"Analgesia regional continua , primer dia cateter. Incluye colocacion de",14855,92
PRODUCTORES DE FRUTAS ARGENTINAS COOP.DE SEG.LDTA,70,5062,Analgesia regional continua c/24 hs o fraccion siguiente,14856,89
PRODUCTORES DE FRUTAS ARGENTINAS COOP.DE SEG.LDTA,70,5066,Analgesia regional continua con colocacion de cateter: 1ras 24 hs o fraccion siguiente,14857,91
PRODUCTORES DE FRUTAS ARGENTINAS COOP.DE SEG.LDTA,70,5067,"Analgesia regional continua, dias siguientes, por dia",14858,89
PRODUCTORES DE FRUTAS ARGENTINAS COOP.DE SEG.LDTA,70,5069,Analgesia regional por bloqueo subaracnoideo con fenol o similar,14859,90
PRODUCTORES DE FRUTAS ARGENTINAS COOP.DE SEG.LDTA,70,5077,Anestesia o sedacion-analgesia para fenolizacion de plexo vegetativo,14860,91
PRODUCTORES DE FRUTAS ARGENTINAS COOP.DE SEG.LDTA,70,5078,Anestesia o sedacion-analgesia para termolesion por rf,14861,92
PRODUCTORES DE FRUTAS ARGENTINAS COOP.DE SEG.LDTA,70,5143,Barbotaje de liquido cefaloraquideo / crioanalgesia,14873,90
PRODUCTORES DE FRUTAS ARGENTINAS COOP.DE SEG.LDTA,70,5220,"Bloqueo periferico para analgesia postquirurgica: interescalencio, infraclavicular, femoral, ciatico, etc.",14905,91
PRODUCTORES DE FRUTAS ARGENTINAS COOP.DE SEG.LDTA,70,6012,"Medicacion sistemica antalgica (neuroleptoanalgesia, agripnianalgesia): 1ras 24 hs o fraccion",15051,90
PRODUCTORES DE FRUTAS ARGENTINAS COOP.DE SEG.LDTA,70,6013,"Medicacion sistemica antalgica (neuroleptoanalgesia, agripnianalgesia): c/24hs o fraccion sig.",15204,89
PRODUCTORES DE FRUTAS ARGENTINAS COOP.DE SEG.LDTA,70,5059,Analgesia continua sistemica con o sin Pca. Controles,15208,89
PRODUCTORES DE FRUTAS ARGENTINAS COOP.DE SEG.LDTA,70,5064,"Analgesia regional continua con bomba de infusion para SDRC, (DSR) dias subsiguientes",15212,89
PRODUCTORES DE FRUTAS ARGENTINAS COOP.DE SEG.LDTA,70,5076,"Anestesia o sedacion-analgesia para bloqueos diagnosticos, corticoides",15216,90
PRODUCTORES DE FRUTAS ARGENTINAS COOP.DE SEG.LDTA,70,5058,Analgesia continua sistemica con o sin Pca. instalacion y primer dia de tratamiento,15218,90
PRODUCTORES DE FRUTAS ARGENTINAS COOP.DE SEG.LDTA,70,5879,Implante de cateter tunelizado para analgesia postop. o de corta duracion,15250,91
PRODUCTORES DE FRUTAS ARGENTINAS COOP.DE SEG.LDTA,70,5063,"Analgesia regional continua con bomba de infusion para SDRC, (DSR) colocacion y primer dia",15251,92
PRODUCTORES DE FRUTAS ARGENTINAS COOP.DE SEG.LDTA,70,7518,Adesiolisis radicular segun Raez. No incluye honorarios por analgesia,15281,95
PRODUCTORES DE FRUTAS ARGENTINAS COOP.DE SEG.LDTA,70,5060,Analgesia durante el trabajo de parto (peridural continua o perfusion de remifentanilo) menos de 90 minutos,15403,92
PRODUCTORES DE FRUTAS ARGENTINAS COOP.DE SEG.LDTA,70,5070,Anastomosis bilio-digestiva con o sin colecistectomia,13678,94
PRODUCTORES DE FRUTAS ARGENTINAS COOP.DE SEG.LDTA,70,5071,Anastomosis de conducto deferente,13679,90
PRODUCTORES DE FRUTAS ARGENTINAS COOP.DE SEG.LDTA,70,5072,Anastomosis pancreato-digestiva,13680,93
PRODUCTORES DE FRUTAS ARGENTINAS COOP.DE SEG.LDTA,70,5073,Anastomosis porto-cava o espleno-renal,13681,95
PRODUCTORES DE FRUTAS ARGENTINAS COOP.DE SEG.LDTA,70,5074,Anastomosis termino-terminal,13682,92
PRODUCTORES DE FRUTAS ARGENTINAS COOP.DE SEG.LDTA,70,5075,Anastomosis uretero-sigmoidea,13683,93
PRODUCTORES DE FRUTAS ARGENTINAS COOP.DE SEG.LDTA,70,5358,Coledoco-duodeno-anastomosis,13878,93
PRODUCTORES DE FRUTAS ARGENTINAS COOP.DE SEG.LDTA,70,5428,"Correccion de fistula biliar con anastomosis bilio-digestiva, con o sin colecistectomia",13930,94
PRODUCTORES DE FRUTAS ARGENTINAS COOP.DE SEG.LDTA,70,5479,Dacrio-cistorrinoanastomosis,13963,93
PRODUCTORES DE FRUTAS ARGENTINAS COOP.DE SEG.LDTA,70,5769,Fistula uretero-vaginal con anastomosis uretero-vesical,14183,94
PRODUCTORES DE FRUTAS ARGENTINAS COOP.DE SEG.LDTA,70,5774,Fistula vesico-utero-vaginal con anastomosis uretero-intestinal,14188,94
PRODUCTORES DE FRUTAS ARGENTINAS COOP.DE SEG.LDTA,70,5801,Gastroenteroanastomosis,14203,93
PRODUCTORES DE FRUTAS ARGENTINAS COOP.DE SEG.LDTA,70,5916,Injerto y/o anastomosis facial / hipogloso o similar,14294,92
PRODUCTORES DE FRUTAS ARGENTINAS COOP.DE SEG.LDTA,70,5658,Examen ginecologico bajo anestesia,69298,89
PRODUCTORES DE FRUTAS ARGENTINAS COOP.DE SEG.LDTA,70,8501,"Bloqueo peridural con anestesia local, opioides y/o corticoides (lumbar, Dorsal o Caudal)",69326,91
PRODUCTORES DE FRUTAS ARGENTINAS COOP.DE SEG.LDTA,70,8502,"Bloqueo peridural con anestesia local, opioides y/o corticoides (lumbar, Dorsal o Caudal) bajo radioscopia",69327,92
PRODUCTORES DE FRUTAS ARGENTINAS COOP.DE SEG.LDTA,70,8655,Anestesia para implante transitorio/definitivo de bomba intratecal (estimulador medular),71246,94
PRODUCTORES DE FRUTAS ARGENTINAS COOP.DE SEG.LDTA,70,5079,Anestesia para neurotomia (facial / glosofaringeo / neumogastrico),13684,91
PRODUCTORES DE FRUTAS ARGENTINAS COOP.DE SEG.LDTA,70,5080,Anestesia para neurotomia (infra o supraorbitaria / suboccipital / temporal superior),13685,91
PRODUCTORES DE FRUTAS ARGENTINAS COOP.DE SEG.LDTA,70,5657,Examen gineco-obstetrico bajo anestesia,14103,89
PRODUCTORES DE FRUTAS ARGENTINAS COOP.DE SEG.LDTA,70,6036,Movilizaciones bajo anestesia general o regional,14387,89
PRODUCTORES DE FRUTAS ARGENTINAS COOP.DE SEG.LDTA,70,6559,Trabajo de parto bajo anestesia epidural continua que fracasa y que termina en cesarea,14734,94
PRODUCTORES DE FRUTAS ARGENTINAS COOP.DE SEG.LDTA,70,5081,Anestesia para sesion de cobaltoterapia o acelerador,14862,90
PRODUCTORES DE FRUTAS ARGENTINAS COOP.DE SEG.LDTA,70,5082,Anestesia para terapia electroconvulsiva,14863,90
PRODUCTORES DE FRUTAS ARGENTINAS COOP.DE SEG.LDTA,70,5413,"Conduccion del trabajo de parto bajo anestesia epidural continua, que termina en parto (mas de 90 minutos)",15404,93
PRODUCTORES DE FRUTAS ARGENTINAS COOP.DE SEG.LDTA,70,5084,Aneurisma de la aorta abdominal complicado,13686,98
PRODUCTORES DE FRUTAS ARGENTINAS COOP.DE SEG.LDTA,70,5085,Aneurisma de la aorta abdominal no complicado,13687,95
PRODUCTORES DE FRUTAS ARGENTINAS COOP.DE SEG.LDTA,70,5086,Aneurisma del cayado de la aorta ascendente o descendente,13688,98
PRODUCTORES DE FRUTAS ARGENTINAS COOP.DE SEG.LDTA,70,5088,Aneurismas medulares,13689,95
PRODUCTORES DE FRUTAS ARGENTINAS COOP.DE SEG.LDTA,70,5089,Aneurismas o malformaciones A-V medulares,13690,95
PRODUCTORES DE FRUTAS ARGENTINAS COOP.DE SEG.LDTA,70,5090,Angiografia de control del tratamiento de aneurisma,13691,92
PRODUCTORES DE FRUTAS ARGENTINAS COOP.DE SEG.LDTA,70,5302,Cirugia de aneurisma cerebral (mas de 8 horas de duracion),13834,98
PRODUCTORES DE FRUTAS ARGENTINAS COOP.DE SEG.LDTA,70,5303,Cirugia de aneurisma cerebral (menos de 8 horas de duracion),13835,98
PRODUCTORES DE FRUTAS ARGENTINAS COOP.DE SEG.LDTA,70,5423,Correccion de aneurisma de fistula arterio-venosa,13925,93
PRODUCTORES DE FRUTAS ARGENTINAS COOP.DE SEG.LDTA,70,5424,Correccion de aneurisma o pseudo-aneurisma femoral,13926,94
PRODUCTORES DE FRUTAS ARGENTINAS COOP.DE SEG.LDTA,70,6592,Tratamiento de aneurisma con coils con o sin colocacion de stent,14760,95
PRODUCTORES DE FRUTAS ARGENTINAS COOP.DE SEG.LDTA,70,6595,Tratamiento de pseudoaneurisma con o sin colocacion de stent,14763,95
PRODUCTORES DE FRUTAS ARGENTINAS COOP.DE SEG.LDTA,70,6599,Tratamiento endovascular de aneurisma o pseudoaneurisma periferico,14766,94
PRODUCTORES DE FRUTAS ARGENTINAS COOP.DE SEG.LDTA,70,5087,Aneurisma ventricular,14865,95
PRODUCTORES DE FRUTAS ARGENTINAS COOP.DE SEG.LDTA,70,7551,Tratamiento endovascular aneurisma cerebral (embolizacion de aneurisma cerebral por hemodinamia),15532,95
PRODUCTORES DE FRUTAS ARGENTINAS COOP.DE SEG.LDTA,70,6601,Tratamiento endovascular de dos o mas aneurismas cerebrales (embolizacion de 2 o mas aneurismas cerebrales),15533,98
PRODUCTORES DE FRUTAS ARGENTINAS COOP.DE SEG.LDTA,70,7550,Tratamiento quirurgico de aneurisma o pseudo-aneurisma humeral o femoral con by-pass,15544,98
PRODUCTORES DE FRUTAS ARGENTINAS COOP.DE SEG.LDTA,70,7584,Angiodisplasia,15340,92
PRODUCTORES DE FRUTAS ARGENTINAS COOP.DE SEG.LDTA,70,5091,Angiografia de vasos de miembros inferior o superior,13692,92
PRODUCTORES DE FRUTAS ARGENTINAS COOP.DE SEG.LDTA,70,5092,Angiografia de vasos uterinos,13694,92
PRODUCTORES DE FRUTAS ARGENTINAS COOP.DE SEG.LDTA,70,5093,Angiografia del cuello,13695,92
PRODUCTORES DE FRUTAS ARGENTINAS COOP.DE SEG.LDTA,70,5094,Angiografia medular,13698,92
PRODUCTORES DE FRUTAS ARGENTINAS COOP.DE SEG.LDTA,70,5095,Angioplastia coronaria con o sin colocacion de stent,13699,94
PRODUCTORES DE FRUTAS ARGENTINAS COOP.DE SEG.LDTA,70,5096,Angioplastia de mas de un vaso con o sin stent,13700,93
PRODUCTORES DE FRUTAS ARGENTINAS COOP.DE SEG.LDTA,70,5097,Angioplastia de un vaso periferico con o sin stent,13701,92
PRODUCTORES DE FRUTAS ARGENTINAS COOP.DE SEG.LDTA,70,7536,Angioplastia o remplazo valvular en pacientes con ASA 4,15289,98
PRODUCTORES DE FRUTAS ARGENTINAS COOP.DE SEG.LDTA,70,7533,Correccion de coartacion de aorta en hemodinamia en el recien nacido (Angioplastia),15547,98
PRODUCTORES DE FRUTAS ARGENTINAS COOP.DE SEG.LDTA,70,5100,Anquilosis temporo-mandibular bilateral,14866,93
PRODUCTORES DE FRUTAS ARGENTINAS COOP.DE SEG.LDTA,70,5101,"Anquilosis temporo-mandibular, unilateral",14867,92
PRODUCTORES DE FRUTAS ARGENTINAS COOP.DE SEG.LDTA,70,5102,Antrotomia y atico-antrotomia,13704,92
PRODUCTORES DE FRUTAS ARGENTINAS COOP.DE SEG.LDTA,70,8542,Nucleoplastia y / o anuloplastia con Rf. ( 2 o 3 discos),69392,98
PRODUCTORES DE FRUTAS ARGENTINAS COOP.DE SEG.LDTA,70,5103,Anuloplastia mitral o tricuspidea,14868,95
PRODUCTORES DE FRUTAS ARGENTINAS COOP.DE SEG.LDTA,70,7505,Nucleoplastia y/o anuloplastia con Rf (un disco),15274,98
PRODUCTORES DE FRUTAS ARGENTINAS COOP.DE SEG.LDTA,70,7506,Nucleoplastia y/o anuloplastia con Rf (dos a tres discos),15278,98
PRODUCTORES DE FRUTAS ARGENTINAS COOP.DE SEG.LDTA,70,5104,Aortografia por cateterismo,13705,92
PRODUCTORES DE FRUTAS ARGENTINAS COOP.DE SEG.LDTA,70,5105,Aortografia por puncion,13706,91
PRODUCTORES DE FRUTAS ARGENTINAS COOP.DE SEG.LDTA,70,6707,Apendicectomia Convertida,60858,94
PRODUCTORES DE FRUTAS ARGENTINAS COOP.DE SEG.LDTA,70,5106,Apendicectomia por via convencional,13707,92
PRODUCTORES DE FRUTAS ARGENTINAS COOP.DE SEG.LDTA,70,5107,Apendicectomia por videolaparoscopia,13708,93
PRODUCTORES DE FRUTAS ARGENTINAS COOP.DE SEG.LDTA,70,5517,Diatermia o crioaplicacion escleral,13993,90
PRODUCTORES DE FRUTAS ARGENTINAS COOP.DE SEG.LDTA,70,6423,Retinopexia (diatermia y o crioaplicacion),14644,92
PRODUCTORES DE FRUTAS ARGENTINAS COOP.DE SEG.LDTA,70,5108,Aplicacion de laser en retina,15526,90
PRODUCTORES DE FRUTAS ARGENTINAS COOP.DE SEG.LDTA,70,5109,Aponeurotomia / fasciotomia cutanea,13710,90
PRODUCTORES DE FRUTAS ARGENTINAS COOP.DE SEG.LDTA,70,6703,Tac de Columna (Cada Area),60854,91
PRODUCTORES DE FRUTAS ARGENTINAS COOP.DE SEG.LDTA,70,5264,Cesarea,13803,93
PRODUCTORES DE FRUTAS ARGENTINAS COOP.DE SEG.LDTA,70,5265,Cesarea por placenta acreta o sus variedades con o sin embolizacion y que termina en histerectomia,13804,98
PRODUCTORES DE FRUTAS ARGENTINAS COOP.DE SEG.LDTA,70,6688,"Videolaparoscopia diagnostica (incluye endometriosis, prueba de Cote y ligadura tubarea bilateral)",14835,92
PRODUCTORES DE FRUTAS ARGENTINAS COOP.DE SEG.LDTA,70,6421,Resonancia (un area) con espectroscopia,15161,93
PRODUCTORES DE FRUTAS ARGENTINAS COOP.DE SEG.LDTA,70,6289,"RMN (dos areas), con o sin contraste",15166,92
PRODUCTORES DE FRUTAS ARGENTINAS COOP.DE SEG.LDTA,70,6290,"RMN (mas de dos areas), con o sin contraste",15167,93
PRODUCTORES DE FRUTAS ARGENTINAS COOP.DE SEG.LDTA,70,6291,"RMN (un area), con o sin contraste",15168,91
PRODUCTORES DE FRUTAS ARGENTINAS COOP.DE SEG.LDTA,70,6507,TAC de cerebro / orbita / cara / cuello (un area) (con o sin contraste),15175,90
PRODUCTORES DE FRUTAS ARGENTINAS COOP.DE SEG.LDTA,70,5110,Arreglos dentales de mas de 4 piezas (obturacion dentaria),13711,93
PRODUCTORES DE FRUTAS ARGENTINAS COOP.DE SEG.LDTA,70,5111,Arreglos dentales hasta 4 piezas (obturacion dentaria),13712,92
PRODUCTORES DE FRUTAS ARGENTINAS COOP.DE SEG.LDTA,70,5112,Arteriografia,13713,90
PRODUCTORES DE FRUTAS ARGENTINAS COOP.DE SEG.LDTA,70,5113,Arteriografia cerebral por cateterismo,13714,90
PRODUCTORES DE FRUTAS ARGENTINAS COOP.DE SEG.LDTA,70,5114,Arteriografia renal,13715,90
PRODUCTORES DE FRUTAS ARGENTINAS COOP.DE SEG.LDTA,70,6174,Panarteriografia cerebral,14469,92
PRODUCTORES DE FRUTAS ARGENTINAS COOP.DE SEG.LDTA,70,5115,Artrocentesis,13716,89
PRODUCTORES DE FRUTAS ARGENTINAS COOP.DE SEG.LDTA,70,5116,Artrodesis cervical,13717,95
PRODUCTORES DE FRUTAS ARGENTINAS COOP.DE SEG.LDTA,70,5117,Artrodesis de cadera,13718,93
PRODUCTORES DE FRUTAS ARGENTINAS COOP.DE SEG.LDTA,70,5118,Artrodesis de hasta tres dedos,13719,91
PRODUCTORES DE FRUTAS ARGENTINAS COOP.DE SEG.LDTA,70,5119,Artrodesis de hombro,13720,92
PRODUCTORES DE FRUTAS ARGENTINAS COOP.DE SEG.LDTA,70,5120,Artrodesis de mas de 3 dedos en miembro inferior,13721,92
PRODUCTORES DE FRUTAS ARGENTINAS COOP.DE SEG.LDTA,70,5121,Artrodesis de mas de tres dedos,13722,92
PRODUCTORES DE FRUTAS ARGENTINAS COOP.DE SEG.LDTA,70,5122,Artrodesis de menos de 3 dedos,13723,91
PRODUCTORES DE FRUTAS ARGENTINAS COOP.DE SEG.LDTA,70,5123,Artrodesis de menos de 3 dedos en miembro inferior,13724,91
PRODUCTORES DE FRUTAS ARGENTINAS COOP.DE SEG.LDTA,70,5124,Artrodesis de muñeca / tarso / hombro / codo,13725,92
PRODUCTORES DE FRUTAS ARGENTINAS COOP.DE SEG.LDTA,70,5125,Artrodesis de pie y tibioastragalina,13726,92
PRODUCTORES DE FRUTAS ARGENTINAS COOP.DE SEG.LDTA,70,5126,Artrodesis de rodilla,13727,92
PRODUCTORES DE FRUTAS ARGENTINAS COOP.DE SEG.LDTA,70,5127,Artrodesis dinamica de columna (colocacion de espaciadores),13728,95
PRODUCTORES DE FRUTAS ARGENTINAS COOP.DE SEG.LDTA,70,5128,Artrodesis instrumentada de columna cervical,13729,95
PRODUCTORES DE FRUTAS ARGENTINAS COOP.DE SEG.LDTA,70,5129,Artrodesis instrumentada de columna dorso-lumbar (tipo Harrington y similares),13730,95
PRODUCTORES DE FRUTAS ARGENTINAS COOP.DE SEG.LDTA,70,5130,Artrodesis tibio-peronea-astragalina o medio tarsiana de Chopart,13731,93
PRODUCTORES DE FRUTAS ARGENTINAS COOP.DE SEG.LDTA,70,7500,Artrodesis dorsal lumbar o sacra,15485,95
PRODUCTORES DE FRUTAS ARGENTINAS COOP.DE SEG.LDTA,70,5131,Artrolisis,13733,90
PRODUCTORES DE FRUTAS ARGENTINAS COOP.DE SEG.LDTA,70,5136,Artrotomia / artrolisis / exploracion intra-articular,13738,91
PRODUCTORES DE FRUTAS ARGENTINAS COOP.DE SEG.LDTA,70,5132,Artroplastia (no de cadera),13734,93
PRODUCTORES DE FRUTAS ARGENTINAS COOP.DE SEG.LDTA,70,5133,Artroplastia de cadera,13735,94
PRODUCTORES DE FRUTAS ARGENTINAS COOP.DE SEG.LDTA,70,5134,Artroplastia de hombro,13736,93
PRODUCTORES DE FRUTAS ARGENTINAS COOP.DE SEG.LDTA,70,5135,Artroplastia de un dedo,13737,91
PRODUCTORES DE FRUTAS ARGENTINAS COOP.DE SEG.LDTA,70,5821,Hemi-artroplastia de cadera,14219,93
PRODUCTORES DE FRUTAS ARGENTINAS COOP.DE SEG.LDTA,70,6337,Reemplazo parcial de cadera / hemi-artroplastia,14581,93
PRODUCTORES DE FRUTAS ARGENTINAS COOP.DE SEG.LDTA,70,6581,Trasplante oseo con artroplastias primarias,14749,95
PRODUCTORES DE FRUTAS ARGENTINAS COOP.DE SEG.LDTA,70,6583,Trasplante oseo en revision de artroplastias,14751,98
PRODUCTORES DE FRUTAS ARGENTINAS COOP.DE SEG.LDTA,70,5137,"Aspiracion, lavado e implante de vitreo",13739,92
PRODUCTORES DE FRUTAS ARGENTINAS COOP.DE SEG.LDTA,70,5139,Atresia ano-rectal en pediatria / malformaciones congenitas anorectales,13740,95
PRODUCTORES DE FRUTAS ARGENTINAS COOP.DE SEG.LDTA,70,5140,Atresia de coanas por via palatina,13741,94
PRODUCTORES DE FRUTAS ARGENTINAS COOP.DE SEG.LDTA,70,5141,Atresia de esofago por video-toracoscopia,13742,98
PRODUCTORES DE FRUTAS ARGENTINAS COOP.DE SEG.LDTA,70,5991,Malformaciones congenitas de esofago (atresia de esofago / fistula traqueo-esofagica),14353,95
PRODUCTORES DE FRUTAS ARGENTINAS COOP.DE SEG.LDTA,70,5142,Auriculotomia,14872,95
PRODUCTORES DE FRUTAS ARGENTINAS COOP.DE SEG.LDTA,70,5144,Bermellectomia,14874,90
PRODUCTORES DE FRUTAS ARGENTINAS COOP.DE SEG.LDTA,70,5182,Biopsia y/o cauterizacion de cuello uterino,69297,89
PRODUCTORES DE FRUTAS ARGENTINAS COOP.DE SEG.LDTA,70,5145,"Biopsia (peritoneo, epiplon, etc)",13745,91
PRODUCTORES DE FRUTAS ARGENTINAS COOP.DE SEG.LDTA,70,5146,Biopsia costal,13746,89
PRODUCTORES DE FRUTAS ARGENTINAS COOP.DE SEG.LDTA,70,5147,Biopsia de Daniels del hueco supraclavicular,13747,91
PRODUCTORES DE FRUTAS ARGENTINAS COOP.DE SEG.LDTA,70,5148,Biopsia de encia,13748,90
PRODUCTORES DE FRUTAS ARGENTINAS COOP.DE SEG.LDTA,70,5149,Biopsia de endocardio / miocardio en hemodinamia,13749,93
PRODUCTORES DE FRUTAS ARGENTINAS COOP.DE SEG.LDTA,70,5150,Biopsia de epididimo,13750,90
PRODUCTORES DE FRUTAS ARGENTINAS COOP.DE SEG.LDTA,70,5151,Biopsia de faringe y/o amigdala,13751,90
PRODUCTORES DE FRUTAS ARGENTINAS COOP.DE SEG.LDTA,70,5153,Biopsia de ganglios linfaticos de la pared toracica,13752,90
PRODUCTORES DE FRUTAS ARGENTINAS COOP.DE SEG.LDTA,70,5154,Biopsia de glandula salival,13753,90
PRODUCTORES DE FRUTAS ARGENTINAS COOP.DE SEG.LDTA,70,5155,Biopsia de higado a cielo abierto o laparoscopica,13754,91
PRODUCTORES DE FRUTAS ARGENTINAS COOP.DE SEG.LDTA,70,5156,Biopsia de higado laparoscopica,13755,91
PRODUCTORES DE FRUTAS ARGENTINAS COOP.DE SEG.LDTA,70,5157,Biopsia de laringe,13756,91
PRODUCTORES DE FRUTAS ARGENTINAS COOP.DE SEG.LDTA,70,5158,Biopsia de lesion nasofaringea,13757,90
PRODUCTORES DE FRUTAS ARGENTINAS COOP.DE SEG.LDTA,70,5159,Biopsia de mama unilateral,13758,90
PRODUCTORES DE FRUTAS ARGENTINAS COOP.DE SEG.LDTA,70,5160,Biopsia de pancreas a cielo abierto,13759,92
PRODUCTORES DE FRUTAS ARGENTINAS COOP.DE SEG.LDTA,70,5161,Biopsia de pene,13760,89
PRODUCTORES DE FRUTAS ARGENTINAS COOP.DE SEG.LDTA,70,5162,Biopsia de pericardio,13761,92
PRODUCTORES DE FRUTAS ARGENTINAS COOP.DE SEG.LDTA,70,5165,Biopsia de testiculo,13762,90
PRODUCTORES DE FRUTAS ARGENTINAS COOP.DE SEG.LDTA,70,5166,Biopsia de vagina,13763,89
PRODUCTORES DE FRUTAS ARGENTINAS COOP.DE SEG.LDTA,70,5167,Biopsia de vejiga,13764,90
PRODUCTORES DE FRUTAS ARGENTINAS COOP.DE SEG.LDTA,70,5168,Biopsia de vertebra,13765,91
PRODUCTORES DE FRUTAS ARGENTINAS COOP.DE SEG.LDTA,70,5169,Biopsia de vulva,13766,89
PRODUCTORES DE FRUTAS ARGENTINAS COOP.DE SEG.LDTA,70,5170,Biopsia del paladar,13767,90
PRODUCTORES DE FRUTAS ARGENTINAS COOP.DE SEG.LDTA,70,5171,Biopsia muscular,13768,90
PRODUCTORES DE FRUTAS ARGENTINAS COOP.DE SEG.LDTA,70,5173,Biopsia o sutura de la boca o mejilla,13769,90
PRODUCTORES DE FRUTAS ARGENTINAS COOP.DE SEG.LDTA,70,5175,Biopsia prostatica por puncion,13770,89
PRODUCTORES DE FRUTAS ARGENTINAS COOP.DE SEG.LDTA,70,5176,Biopsia quirurgica de femur o cadera,13771,91
PRODUCTORES DE FRUTAS ARGENTINAS COOP.DE SEG.LDTA,70,5177,Biopsia quirurgica de hueso (no de femur o cadera),13773,90
PRODUCTORES DE FRUTAS ARGENTINAS COOP.DE SEG.LDTA,70,5178,Biopsia radioquirurgica de mama,13774,91
PRODUCTORES DE FRUTAS ARGENTINAS COOP.DE SEG.LDTA,70,5179,Biopsia renal percutanea (quirofano),13775,89
PRODUCTORES DE FRUTAS ARGENTINAS COOP.DE SEG.LDTA,70,5180,Biopsia renal percutanea guiado por ecografia u otro metodo (fuera de quirofano),13776,90
PRODUCTORES DE FRUTAS ARGENTINAS COOP.DE SEG.LDTA,70,5181,Biopsia traqueal o bronquial,13777,90
PRODUCTORES DE FRUTAS ARGENTINAS COOP.DE SEG.LDTA,70,5405,Colonovideoscopia con o sin biopsia,13913,91
PRODUCTORES DE FRUTAS ARGENTINAS COOP.DE SEG.LDTA,70,5552,Drenaje pleural por toracotomia minima y/o biopsia pleural,14024,90
PRODUCTORES DE FRUTAS ARGENTINAS COOP.DE SEG.LDTA,70,5676,Exploracion renal con o sin biopsia,14119,91
PRODUCTORES DE FRUTAS ARGENTINAS COOP.DE SEG.LDTA,70,5718,Extraccion de cuerpo extraño de orbita / exploracion / biopsia / drenaje,14143,91
PRODUCTORES DE FRUTAS ARGENTINAS COOP.DE SEG.LDTA,70,5898,Incision y drenaje del CAE y/o biopsia,14286,90
PRODUCTORES DE FRUTAS ARGENTINAS COOP.DE SEG.LDTA,70,5899,Incision y drenaje/ biopsia o sutura de labio,14287,89
PRODUCTORES DE FRUTAS ARGENTINAS COOP.DE SEG.LDTA,70,6249,Puncion / biopsia de prostata bajo control ecografico,14535,90
PRODUCTORES DE FRUTAS ARGENTINAS COOP.DE SEG.LDTA,70,6252,Puncion biopsia de hueso,14538,89
PRODUCTORES DE FRUTAS ARGENTINAS COOP.DE SEG.LDTA,70,6253,Puncion biopsia de tiroides,14539,89
PRODUCTORES DE FRUTAS ARGENTINAS COOP.DE SEG.LDTA,70,6254,Puncion biopsia de tiroides a cielo abierto,14540,90
PRODUCTORES DE FRUTAS ARGENTINAS COOP.DE SEG.LDTA,70,6258,Puncion biopsia percutanea de bazo o pancreas,14541,89
PRODUCTORES DE FRUTAS ARGENTINAS COOP.DE SEG.LDTA,70,6259,Puncion biopsia percutanea de higado,14542,89
PRODUCTORES DE FRUTAS ARGENTINAS COOP.DE SEG.LDTA,70,6266,Puncion del seno con o sin insercion de sonda y/o biopsia de seno paranasal,14546,89
PRODUCTORES DE FRUTAS ARGENTINAS COOP.DE SEG.LDTA,70,6505,Sutura y/o biopsia de nariz,14709,90
PRODUCTORES DE FRUTAS ARGENTINAS COOP.DE SEG.LDTA,70,6557,Toracotomia exploradora amplia y/o biopsia pulmonar,14733,94
PRODUCTORES DE FRUTAS ARGENTINAS COOP.DE SEG.LDTA,70,5152,Biopsia de ganglios linfaticos de cuello,14875,90
PRODUCTORES DE FRUTAS ARGENTINAS COOP.DE SEG.LDTA,70,5163,Biopsia de piel en cabeza y/o cuello,14876,90
PRODUCTORES DE FRUTAS ARGENTINAS COOP.DE SEG.LDTA,70,5164,"Biopsia de piel, excepto en cabeza y cuello",14877,89
PRODUCTORES DE FRUTAS ARGENTINAS COOP.DE SEG.LDTA,70,5172,Biopsia o exeresis de ganglios linfaticos,14878,90
PRODUCTORES DE FRUTAS ARGENTINAS COOP.DE SEG.LDTA,70,5174,Biopsia osea a cielo abierto,14879,90
PRODUCTORES DE FRUTAS ARGENTINAS COOP.DE SEG.LDTA,70,6257,Puncion biopsia guiada por ecografia,15113,91
PRODUCTORES DE FRUTAS ARGENTINAS COOP.DE SEG.LDTA,70,6255,Puncion biopsia guiada por TAC (fuera de quirofano),15114,90
PRODUCTORES DE FRUTAS ARGENTINAS COOP.DE SEG.LDTA,70,7594,Biopsia Pulmonar o Mediastinal por video-toracoscopia,15371,92
PRODUCTORES DE FRUTAS ARGENTINAS COOP.DE SEG.LDTA,70,6127,Operacion del hueco supraclavicular (tipo biopsia de Daniels),15480,91
PRODUCTORES DE FRUTAS ARGENTINAS COOP.DE SEG.LDTA,70,5184,Blefaroplastia bilateral,14880,93
PRODUCTORES DE FRUTAS ARGENTINAS COOP.DE SEG.LDTA,70,5185,"Blefaroplastia simple, no estetica",14881,92
PRODUCTORES DE FRUTAS ARGENTINAS COOP.DE SEG.LDTA,70,8103,Blefaroplastia unilateral,15254,92
PRODUCTORES DE FRUTAS ARGENTINAS COOP.DE SEG.LDTA,70,5183,Blefaroplastia,15524,92
PRODUCTORES DE FRUTAS ARGENTINAS COOP.DE SEG.LDTA,70,7778,"Bloqueo regional periferico dosis unica, un solo nervio, eco guiado",69275,91
PRODUCTORES DE FRUTAS ARGENTINAS COOP.DE SEG.LDTA,70,7779,"Bloqueo regional periferico dosis unica, mas de un nervio, eco guiado",69276,92
PRODUCTORES DE FRUTAS ARGENTINAS COOP.DE SEG.LDTA,70,7780,"Bloqueo regional periferico continuo con cateter, sin bomba control dias sub siguientes a la colocacion (hasta 72 horas) por dia",69277,89
PRODUCTORES DE FRUTAS ARGENTINAS COOP.DE SEG.LDTA,70,7781,"Bloqueo regional periferico continuo con cateter, con bomba control dias subsiguientes a la colocacion (hasta 72 horas) por dia",69278,90
PRODUCTORES DE FRUTAS ARGENTINAS COOP.DE SEG.LDTA,70,7782,"Bloqueo del musculo erector espinal, ecoguiado, dosis unica",69279,91
PRODUCTORES DE FRUTAS ARGENTINAS COOP.DE SEG.LDTA,70,7783,"Bloqueo del musculo erector espinal, ecoguiado continuo. Colocacion de cateter",69280,92
PRODUCTORES DE FRUTAS ARGENTINAS COOP.DE SEG.LDTA,70,7784,"Bloqueo del musculo erector espinal, continuo, sin bomba, control dias subsiguientes hasta 48 por dia",69281,89
PRODUCTORES DE FRUTAS ARGENTINAS COOP.DE SEG.LDTA,70,7785,"Bloqueo del musculo erector espinal, continuo, con bomba, control dias subsiguientes hasta 48 horas por dia",69282,90
PRODUCTORES DE FRUTAS ARGENTINAS COOP.DE SEG.LDTA,70,7787,Bloqueo radicular selectivo cervical/dorsal o lumbar (hasta 2 niveles),69283,93
PRODUCTORES DE FRUTAS ARGENTINAS COOP.DE SEG.LDTA,70,7786,Bloqueo radicular selectivo cervical/dorsal o lumbar (mas de 2 niveles),69284,94
PRODUCTORES DE FRUTAS ARGENTINAS COOP.DE SEG.LDTA,70,7788,Bloqueo radicular selectivo (hasta 2 niveles),69285,92
PRODUCTORES DE FRUTAS ARGENTINAS COOP.DE SEG.LDTA,70,7789,Bloqueo radicular selectivo (mas de 2 niveles),69286,93
PRODUCTORES DE FRUTAS ARGENTINAS COOP.DE SEG.LDTA,70,8517,Bloqueo del nervio Occipital Mayor unilateral,69367,93
PRODUCTORES DE FRUTAS ARGENTINAS COOP.DE SEG.LDTA,70,8518,Bloqueo diagnostico de cadera/hombro,69368,94
PRODUCTORES DE FRUTAS ARGENTINAS COOP.DE SEG.LDTA,70,8519,Bloqueo diagnostico del ganglio estrellado,69369,94
PRODUCTORES DE FRUTAS ARGENTINAS COOP.DE SEG.LDTA,70,8520,"Bloqueo facetario cervical, dorsal o lumbar bajo radioscopia",69370,94
PRODUCTORES DE FRUTAS ARGENTINAS COOP.DE SEG.LDTA,70,8521,"Bloqueo ganglio simpatico toracico, lumbar, dorsal o hipogastrico superior",69371,95
PRODUCTORES DE FRUTAS ARGENTINAS COOP.DE SEG.LDTA,70,8525,Bloqueo paravertebral unilateral,69375,93
PRODUCTORES DE FRUTAS ARGENTINAS COOP.DE SEG.LDTA,70,8526,Bloqueo terapeutico de rodilla (N. geniculados) unilateral,69376,93
PRODUCTORES DE FRUTAS ARGENTINAS COOP.DE SEG.LDTA,70,8527,Bloqueo transforminal (mas de 1 nivel),69377,93
PRODUCTORES DE FRUTAS ARGENTINAS COOP.DE SEG.LDTA,70,8528,Bloqueo transforminal selectivo,69378,92
PRODUCTORES DE FRUTAS ARGENTINAS COOP.DE SEG.LDTA,70,8654,"Bloqueo regional continuo, con colocacion de cateter, eco guiado. Dia 0",69399,92
PRODUCTORES DE FRUTAS ARGENTINAS COOP.DE SEG.LDTA,70,5215,Bloqueo extra-craneal antalgico,13779,90
PRODUCTORES DE FRUTAS ARGENTINAS COOP.DE SEG.LDTA,70,5186,Bloqueo de G Esfenopalatino,14882,94
PRODUCTORES DE FRUTAS ARGENTINAS COOP.DE SEG.LDTA,70,5191,Bloqueo de hasta dos nervios craneales (no G de Gasser) x sesion,14883,90
PRODUCTORES DE FRUTAS ARGENTINAS COOP.DE SEG.LDTA,70,5192,Bloqueo de mas de dos nervios craneales (no G Gasser) por sesion,14884,91
PRODUCTORES DE FRUTAS ARGENTINAS COOP.DE SEG.LDTA,70,5193,Bloqueo de nervio periferico por sesion,14885,89
PRODUCTORES DE FRUTAS ARGENTINAS COOP.DE SEG.LDTA,70,5194,Bloqueo diagnostico / terapeutico de hombro,14886,90
PRODUCTORES DE FRUTAS ARGENTINAS COOP.DE SEG.LDTA,70,5195,Bloqueo diagnostico / terapeutico de rodilla,14887,90
PRODUCTORES DE FRUTAS ARGENTINAS COOP.DE SEG.LDTA,70,5196,Bloqueo diagnostico articulacion atlanto axoidea uni o bilateral,14888,91
PRODUCTORES DE FRUTAS ARGENTINAS COOP.DE SEG.LDTA,70,5197,Bloqueo diagnostico articulacion atlanto-occipital uni o bilateral,14889,91
PRODUCTORES DE FRUTAS ARGENTINAS COOP.DE SEG.LDTA,70,5198,Bloqueo diagnostico de cadera,14890,91
PRODUCTORES DE FRUTAS ARGENTINAS COOP.DE SEG.LDTA,70,5199,"Bloqueo diagnostico diferencial, por sesion",14891,89
PRODUCTORES DE FRUTAS ARGENTINAS COOP.DE SEG.LDTA,70,5200,Bloqueo diagnostico ganglio de Walter,14892,92
PRODUCTORES DE FRUTAS ARGENTINAS COOP.DE SEG.LDTA,70,5201,Bloqueo diagnostico nervio periferico bajo radioscopia,14894,91
PRODUCTORES DE FRUTAS ARGENTINAS COOP.DE SEG.LDTA,70,5202,Bloqueo diagnostico nervio periferico sin Rx,14895,90
PRODUCTORES DE FRUTAS ARGENTINAS COOP.DE SEG.LDTA,70,5203,"Bloqueo diagnostico o neurolisis de plexo celiaco, ganglio estrellado, o similar .",14896,90
PRODUCTORES DE FRUTAS ARGENTINAS COOP.DE SEG.LDTA,70,5204,Bloqueo diagnostico o terapeutico art sacro-iliaca bilateral,14897,93
PRODUCTORES DE FRUTAS ARGENTINAS COOP.DE SEG.LDTA,70,5205,Bloqueo diagnostico o terapeutico art sacro-iliaca unilateral,14898,92
PRODUCTORES DE FRUTAS ARGENTINAS COOP.DE SEG.LDTA,70,5206,Bloqueo diagnostico o terapeutico de G Estrellado. Unilateral,14899,91
PRODUCTORES DE FRUTAS ARGENTINAS COOP.DE SEG.LDTA,70,5207,Bloqueo diagnostico o terapeutico de G Simpatico lumbar.,14900,92
PRODUCTORES DE FRUTAS ARGENTINAS COOP.DE SEG.LDTA,70,5210,Bloqueo diagnostico o terapeutico de Ganglio de Walther,14901,91
PRODUCTORES DE FRUTAS ARGENTINAS COOP.DE SEG.LDTA,70,5216,Bloqueo facetario diagnostico ( hasta dos facetas),14902,92
PRODUCTORES DE FRUTAS ARGENTINAS COOP.DE SEG.LDTA,70,5217,Bloqueo facetario diagnostico (mas de 2 facetas),14903,93
PRODUCTORES DE FRUTAS ARGENTINAS COOP.DE SEG.LDTA,70,5219,Bloqueo paravertebral mas de dos nervios por sesion,14904,91
PRODUCTORES DE FRUTAS ARGENTINAS COOP.DE SEG.LDTA,70,5223,Bloqueo transforaminal (mas de 1 nivel),14906,92
PRODUCTORES DE FRUTAS ARGENTINAS COOP.DE SEG.LDTA,70,5218,Bloqueo paravertebral hasta dos nervios,15213,90
PRODUCTORES DE FRUTAS ARGENTINAS COOP.DE SEG.LDTA,70,5221,Bloqueo regional Bier con farmacos para diagnostico,15214,90
PRODUCTORES DE FRUTAS ARGENTINAS COOP.DE SEG.LDTA,70,5222,Bloqueo transforaminal (1 nivel),15243,91
PRODUCTORES DE FRUTAS ARGENTINAS COOP.DE SEG.LDTA,70,5209,Bloqueo diagnostico o terapeutico de G Estrellado guiado por imagenes,15252,92
PRODUCTORES DE FRUTAS ARGENTINAS COOP.DE SEG.LDTA,70,5212,Bloqueo diagnostico o terapeutico facetario (art cervical o dorsal) (una faceta),15265,93
PRODUCTORES DE FRUTAS ARGENTINAS COOP.DE SEG.LDTA,70,5213,Bloqueo diagnostico/ terapeutico   facetario art cervicalo dorsal (masde1faceta),15267,93
PRODUCTORES DE FRUTAS ARGENTINAS COOP.DE SEG.LDTA,70,5208,Bloqueo diagnostico o terapeutico de G Simpatico toracico,15269,93
PRODUCTORES DE FRUTAS ARGENTINAS COOP.DE SEG.LDTA,70,7523,Rf. / Bloqueo de Ganglio de Gasser,15282,95
PRODUCTORES DE FRUTAS ARGENTINAS COOP.DE SEG.LDTA,70,7593,Bloqueo nervio frenico  para neumotorax recidivante,15365,91
PRODUCTORES DE FRUTAS ARGENTINAS COOP.DE SEG.LDTA,70,5225,Bocio endotoracico,13780,94
PRODUCTORES DE FRUTAS ARGENTINAS COOP.DE SEG.LDTA,70,5227,Braquiterapia ginecologica (colocacion de radium intra-cavitario),13781,91
PRODUCTORES DE FRUTAS ARGENTINAS COOP.DE SEG.LDTA,70,5228,Braquiterapia intersticial de cabeza y cuello,14908,91
PRODUCTORES DE FRUTAS ARGENTINAS COOP.DE SEG.LDTA,70,5230,Braquiterapia urologica,14909,91
PRODUCTORES DE FRUTAS ARGENTINAS COOP.DE SEG.LDTA,70,5231,Braquiterapia urologica con abordaje abdominal para reseccion de plexos hipogastricos,14910,94
PRODUCTORES DE FRUTAS ARGENTINAS COOP.DE SEG.LDTA,70,5229,Braquiterapia intersticial de partes blandas,15245,91
PRODUCTORES DE FRUTAS ARGENTINAS COOP.DE SEG.LDTA,70,5226,Braquiterapia en cancer de prostata,15429,91
PRODUCTORES DE FRUTAS ARGENTINAS COOP.DE SEG.LDTA,70,5232,Broncorrafia,13782,93
PRODUCTORES DE FRUTAS ARGENTINAS COOP.DE SEG.LDTA,70,5233,Broncoscopia con broncoscopio rigido,13783,91
PRODUCTORES DE FRUTAS ARGENTINAS COOP.DE SEG.LDTA,70,5234,Bursitis,13784,90
PRODUCTORES DE FRUTAS ARGENTINAS COOP.DE SEG.LDTA,70,6387,Reseccion de exostosis y bursitis (operacion de Haglund - prolongacion osea en el dorso del talon -),14622,90
PRODUCTORES DE FRUTAS ARGENTINAS COOP.DE SEG.LDTA,70,5237,Cadera en resorte,13788,93
PRODUCTORES DE FRUTAS ARGENTINAS COOP.DE SEG.LDTA,70,5395,Colocacion de tutor externo (excepto de cadera y maxilar),13903,92
PRODUCTORES DE FRUTAS ARGENTINAS COOP.DE SEG.LDTA,70,5396,Colocacion de tutor externo de cadera,13904,93
PRODUCTORES DE FRUTAS ARGENTINAS COOP.DE SEG.LDTA,70,5446,"Correccion quirurgica de luxacion congenita de cadera, cruenta, con o sin osteotomia",13950,94
PRODUCTORES DE FRUTAS ARGENTINAS COOP.DE SEG.LDTA,70,5536,Displasia de cadera,14005,92
PRODUCTORES DE FRUTAS ARGENTINAS COOP.DE SEG.LDTA,70,5731,Extraccion de placas y/o tornillos (no de rodilla ni de cadera),14155,90
PRODUCTORES DE FRUTAS ARGENTINAS COOP.DE SEG.LDTA,70,5732,Extraccion de placas y/o tornillos de cadera o rodilla,14156,91
PRODUCTORES DE FRUTAS ARGENTINAS COOP.DE SEG.LDTA,70,5736,Extraccion de protesis total de cadera,14159,93
PRODUCTORES DE FRUTAS ARGENTINAS COOP.DE SEG.LDTA,70,5738,Extraccion de protesis y reemplazo en el mismo acto (rodilla o cadera),14161,95
PRODUCTORES DE FRUTAS ARGENTINAS COOP.DE SEG.LDTA,70,6150,"Osteosintesis de hombro, rodilla y cadera",14450,93
PRODUCTORES DE FRUTAS ARGENTINAS COOP.DE SEG.LDTA,70,6331,"Reduccion incruenta de luxaciones (hombro, codo, cadera, rodilla)",14576,90
PRODUCTORES DE FRUTAS ARGENTINAS COOP.DE SEG.LDTA,70,6338,Reemplazo total de cadera,14582,95
PRODUCTORES DE FRUTAS ARGENTINAS COOP.DE SEG.LDTA,70,6430,Revision de osteosintesis (no de cadera),14650,93
PRODUCTORES DE FRUTAS ARGENTINAS COOP.DE SEG.LDTA,70,6431,Revision de osteosintesis de cadera,14651,94
PRODUCTORES DE FRUTAS ARGENTINAS COOP.DE SEG.LDTA,70,6433,Revision de protesis total de cadera,14653,95
PRODUCTORES DE FRUTAS ARGENTINAS COOP.DE SEG.LDTA,70,6552,Toillete quirurgico de cadera,14729,91
PRODUCTORES DE FRUTAS ARGENTINAS COOP.DE SEG.LDTA,70,6677,Video-artroscopia de cadera,14825,94
PRODUCTORES DE FRUTAS ARGENTINAS COOP.DE SEG.LDTA,70,5902,"Infiltracion art rodilla, cadera, codo, hombro y otras, guiadas por, (art adic)",15016,91
PRODUCTORES DE FRUTAS ARGENTINAS COOP.DE SEG.LDTA,70,5903,"Infiltracion art rodilla, cadera, codo, hombro y otras. art adicional",15017,90
PRODUCTORES DE FRUTAS ARGENTINAS COOP.DE SEG.LDTA,70,5905,"Infiltracion articulacion rodilla, cadera, codo, hombro y otras una",15018,90
PRODUCTORES DE FRUTAS ARGENTINAS COOP.DE SEG.LDTA,70,5980,Liposuccion de cadera,15040,93
PRODUCTORES DE FRUTAS ARGENTINAS COOP.DE SEG.LDTA,70,8118,Reduccion incruenta de luxacion (ejemplo cadera),15470,90
PRODUCTORES DE FRUTAS ARGENTINAS COOP.DE SEG.LDTA,70,5735,Extraccion de protesis parcial de cadera,15474,92
PRODUCTORES DE FRUTAS ARGENTINAS COOP.DE SEG.LDTA,70,6410,Reseccion parcial de cadera,15475,93
PRODUCTORES DE FRUTAS ARGENTINAS COOP.DE SEG.LDTA,70,6323,Reduccion cruenta de luxacion de cadera,15479,93
PRODUCTORES DE FRUTAS ARGENTINAS COOP.DE SEG.LDTA,70,8115,Reduccion incruenta de luxacion de cadera,15481,90
PRODUCTORES DE FRUTAS ARGENTINAS COOP.DE SEG.LDTA,70,5238,Calcificaciones de hombro,13789,90
PRODUCTORES DE FRUTAS ARGENTINAS COOP.DE SEG.LDTA,70,10005,Recambio o retirada de bomba de infusion continua,69332,94
PRODUCTORES DE FRUTAS ARGENTINAS COOP.DE SEG.LDTA,70,5240,Cambio de generador,13790,91
PRODUCTORES DE FRUTAS ARGENTINAS COOP.DE SEG.LDTA,70,6297,Recambio de cateter de derivacion ventriculo-peritoneal,14565,92
PRODUCTORES DE FRUTAS ARGENTINAS COOP.DE SEG.LDTA,70,6436,Revision y recambio de protesis de hombro,14656,95
PRODUCTORES DE FRUTAS ARGENTINAS COOP.DE SEG.LDTA,70,5239,Cambio Implantes,14911,94
PRODUCTORES DE FRUTAS ARGENTINAS COOP.DE SEG.LDTA,70,6358,"Reintervencion alejada mas de 24 horas (cambio de valvula, by-pass, protesis, banding)",15146,98
PRODUCTORES DE FRUTAS ARGENTINAS COOP.DE SEG.LDTA,70,5243,Canalizacion de via central,15232,90
PRODUCTORES DE FRUTAS ARGENTINAS COOP.DE SEG.LDTA,70,5241,Canalizacion arterial,15233,90
PRODUCTORES DE FRUTAS ARGENTINAS COOP.DE SEG.LDTA,70,5242,Canalizacion de venas o arterias como unico procedimiento,15538,89
PRODUCTORES DE FRUTAS ARGENTINAS COOP.DE SEG.LDTA,70,5244,Cantotomia externa,15227,90
PRODUCTORES DE FRUTAS ARGENTINAS COOP.DE SEG.LDTA,70,5245,Capsulectomia,15242,91
PRODUCTORES DE FRUTAS ARGENTINAS COOP.DE SEG.LDTA,70,5246,Capsuloplastia,13791,91
PRODUCTORES DE FRUTAS ARGENTINAS COOP.DE SEG.LDTA,70,10002,Capsulotomia,69331,90
PRODUCTORES DE FRUTAS ARGENTINAS COOP.DE SEG.LDTA,70,5247,Capsulotomia (cristalino),13792,90
PRODUCTORES DE FRUTAS ARGENTINAS COOP.DE SEG.LDTA,70,5248,Cardiomioplastia,14912,95
PRODUCTORES DE FRUTAS ARGENTINAS COOP.DE SEG.LDTA,70,5249,Cardiorrafia,14913,94
PRODUCTORES DE FRUTAS ARGENTINAS COOP.DE SEG.LDTA,70,5250,Cardioversion electrica de arritmias,13793,90
PRODUCTORES DE FRUTAS ARGENTINAS COOP.DE SEG.LDTA,70,5251,Caruncula uretral,13794,89
PRODUCTORES DE FRUTAS ARGENTINAS COOP.DE SEG.LDTA,70,5253,Cateterismo cardiaco mas angiocardiografia,13795,91
PRODUCTORES DE FRUTAS ARGENTINAS COOP.DE SEG.LDTA,70,5254,Cateterismo cardiaco para toma de presiones y muestras de sangre,13796,91
PRODUCTORES DE FRUTAS ARGENTINAS COOP.DE SEG.LDTA,70,5255,Cateterismo de ambas carotidas con o sin colocacion de stents,13797,93
PRODUCTORES DE FRUTAS ARGENTINAS COOP.DE SEG.LDTA,70,5256,Cateterismo del ureter,13798,90
PRODUCTORES DE FRUTAS ARGENTINAS COOP.DE SEG.LDTA,70,5257,Cateterismo vesical / cistomanometria,13799,91
PRODUCTORES DE FRUTAS ARGENTINAS COOP.DE SEG.LDTA,70,8102,Cateterismo cardiaco mas angiocardiografia CA,15541,92
PRODUCTORES DE FRUTAS ARGENTINAS COOP.DE SEG.LDTA,70,5258,Cauterizacion del cuello uterino con laser,13800,91
PRODUCTORES DE FRUTAS ARGENTINAS COOP.DE SEG.LDTA,70,5259,Cavernostomia,15368,93
PRODUCTORES DE FRUTAS ARGENTINAS COOP.DE SEG.LDTA,70,5260,Cavografia toracica o abdominal (colocacion de portacath),13801,91
PRODUCTORES DE FRUTAS ARGENTINAS COOP.DE SEG.LDTA,70,6200,Pie Bot / cavo / equino unilateral,14491,92
PRODUCTORES DE FRUTAS ARGENTINAS COOP.DE SEG.LDTA,70,7542,"Tetralogia de Fallot, canal atrioventricular, Tubo VD-AP, Anomalia total del retorno venoso pulmonar, Estenosis SubAo, Comisurotomia Ao o Pulmonar, Valvuloplatia Ao o Pulmonar, Glenn, Cavopulmonar, Cirugia de MAZE, Sindrome de Cimitarra, Rastelli, Senning, Jatene, Cirugia de Ross no en el recien nacido",15287,98
PRODUCTORES DE FRUTAS ARGENTINAS COOP.DE SEG.LDTA,70,5261,Cecostomia,15324,91
PRODUCTORES DE FRUTAS ARGENTINAS COOP.DE SEG.LDTA,70,5262,Centellograma oseo radio-isotopico,14914,90
PRODUCTORES DE FRUTAS ARGENTINAS COOP.DE SEG.LDTA,70,5263,Cerclaje (correccion de incontinencia cervical),13802,90
PRODUCTORES DE FRUTAS ARGENTINAS COOP.DE SEG.LDTA,70,5335,"Cirugias de cardiopatias congenitas sin CEC (cierre de ductus, cerclaje de arteria pulmonar, coartacion de aorta)",14926,95
PRODUCTORES DE FRUTAS ARGENTINAS COOP.DE SEG.LDTA,70,7543,"Cirugias de cardiopatias congenitas complejas (transposicion, tronco arterioso, ductus arterioso permiable, cerclaje de la arteria pulmonar, anillo vascular, subclavia drecha aberrante)",15285,98
PRODUCTORES DE FRUTAS ARGENTINAS COOP.DE SEG.LDTA,70,8108,Colpopexia / cerclaje,15395,91
PRODUCTORES DE FRUTAS ARGENTINAS COOP.DE SEG.LDTA,70,5712,Extraccion de cuerpo extraño de cerebro,14136,94
PRODUCTORES DE FRUTAS ARGENTINAS COOP.DE SEG.LDTA,70,5884,Implante de material radioactivo en cerebro,14279,98
PRODUCTORES DE FRUTAS ARGENTINAS COOP.DE SEG.LDTA,70,5266,Chalazion,15522,89
PRODUCTORES DE FRUTAS ARGENTINAS COOP.DE SEG.LDTA,70,5267,Cicatriz retractil de cuello / reseccion e injerto,14915,92
PRODUCTORES DE FRUTAS ARGENTINAS COOP.DE SEG.LDTA,70,6376,Reseccion de cicatriz grande / zetoplastia,15150,92
PRODUCTORES DE FRUTAS ARGENTINAS COOP.DE SEG.LDTA,70,6377,Reseccion de cicatriz retractil en cuello con o sin injerto,15151,93
PRODUCTORES DE FRUTAS ARGENTINAS COOP.DE SEG.LDTA,70,6378,Reseccion simple de cicatriz,15220,90
PRODUCTORES DE FRUTAS ARGENTINAS COOP.DE SEG.LDTA,70,6388,Reseccion de gran cicatriz / zetaplastia,15241,91
PRODUCTORES DE FRUTAS ARGENTINAS COOP.DE SEG.LDTA,70,5268,Cierre de Hartmann,13805,93
PRODUCTORES DE FRUTAS ARGENTINAS COOP.DE SEG.LDTA,70,5269,Cierre de Hartmann por videolaparoscopia,13806,94
PRODUCTORES DE FRUTAS ARGENTINAS COOP.DE SEG.LDTA,70,5270,Cierre de colostomia,13807,91
PRODUCTORES DE FRUTAS ARGENTINAS COOP.DE SEG.LDTA,70,5272,Cierre de defectos septales con dispositivos de tipo Amplatzer,13808,95
PRODUCTORES DE FRUTAS ARGENTINAS COOP.DE SEG.LDTA,70,5273,Cierre de defectos septales congenitos simples en hemodinamia,13809,94
PRODUCTORES DE FRUTAS ARGENTINAS COOP.DE SEG.LDTA,70,5274,Cierre de ductus arterioso permeable con coils o similar en hemodinamia,13810,95
PRODUCTORES DE FRUTAS ARGENTINAS COOP.DE SEG.LDTA,70,5275,Cierre de faringostomia,13811,92
PRODUCTORES DE FRUTAS ARGENTINAS COOP.DE SEG.LDTA,70,5276,Cierre de fistula arterio-venosa de hemodialisis,13812,91
PRODUCTORES DE FRUTAS ARGENTINAS COOP.DE SEG.LDTA,70,5277,Cierre de fistula branquial y/o quiste branquial o vestigio,13813,92
PRODUCTORES DE FRUTAS ARGENTINAS COOP.DE SEG.LDTA,70,5278,Cierre de fistula bronco-cutanea,13814,92
PRODUCTORES DE FRUTAS ARGENTINAS COOP.DE SEG.LDTA,70,5279,Cierre de fistula esofago-cutanea,13816,94
PRODUCTORES DE FRUTAS ARGENTINAS COOP.DE SEG.LDTA,70,5280,Cierre de fistula externa de boca,13818,91
PRODUCTORES DE FRUTAS ARGENTINAS COOP.DE SEG.LDTA,70,5281,Cierre de fistula mastoidea,13819,92
PRODUCTORES DE FRUTAS ARGENTINAS COOP.DE SEG.LDTA,70,5282,Cierre de fistula meningea por via transinusal,13820,93
PRODUCTORES DE FRUTAS ARGENTINAS COOP.DE SEG.LDTA,70,5283,Cierre de fistula oral del seno maxilar (buco-antral),13821,92
PRODUCTORES DE FRUTAS ARGENTINAS COOP.DE SEG.LDTA,70,5284,Cierre de fistula traqueo-esofagica,13822,94
PRODUCTORES DE FRUTAS ARGENTINAS COOP.DE SEG.LDTA,70,5285,Cierre de fistula uretro-rectal,13824,92
PRODUCTORES DE FRUTAS ARGENTINAS COOP.DE SEG.LDTA,70,5286,Cierre de gastrostomia y/o fistula gastrica,13825,92
PRODUCTORES DE FRUTAS ARGENTINAS COOP.DE SEG.LDTA,70,5288,Cierre de ileostomia,13826,91
PRODUCTORES DE FRUTAS ARGENTINAS COOP.DE SEG.LDTA,70,5289,Cierre de traqueostomia,13827,90
PRODUCTORES DE FRUTAS ARGENTINAS COOP.DE SEG.LDTA,70,6643,ulcera perforada / gastrorrafia/ herida perforada / cierre de fistula gastrica,14799,93
PRODUCTORES DE FRUTAS ARGENTINAS COOP.DE SEG.LDTA,70,5271,Cierre de defectos septales adquiridos,14916,95
PRODUCTORES DE FRUTAS ARGENTINAS COOP.DE SEG.LDTA,70,5287,Cierre de grandes defectos con combinacion de varios colgajos,14918,93
PRODUCTORES DE FRUTAS ARGENTINAS COOP.DE SEG.LDTA,70,5290,Cierre diferido de torax posterior a cirugia cardiaca,14920,94
PRODUCTORES DE FRUTAS ARGENTINAS COOP.DE SEG.LDTA,70,5334,Cirugias de cardiopatias congenitas simples (cierre de defectos septales),14925,95
PRODUCTORES DE FRUTAS ARGENTINAS COOP.DE SEG.LDTA,70,5637,Estafilorrafia (cierre del paladar blando),14980,91
PRODUCTORES DE FRUTAS ARGENTINAS COOP.DE SEG.LDTA,70,6614,Tumor benigno de mas de 5 cm / extirpacion y cierre plastico,15194,91
PRODUCTORES DE FRUTAS ARGENTINAS COOP.DE SEG.LDTA,70,5291,Circuncision,15408,91
PRODUCTORES DE FRUTAS ARGENTINAS COOP.DE SEG.LDTA,70,7000,Cirugia Suspendida,43224,89
PRODUCTORES DE FRUTAS ARGENTINAS COOP.DE SEG.LDTA,70,6704,Cirugia de Bahas,60855,94
PRODUCTORES DE FRUTAS ARGENTINAS COOP.DE SEG.LDTA,70,9008,Cirugias Cardiacas con valor diferenciado Clinica Reg. Del Sud,69335,61
PRODUCTORES DE FRUTAS ARGENTINAS COOP.DE SEG.LDTA,70,8529,Cirugia tricompartimental de piso pelvico,69379,93
PRODUCTORES DE FRUTAS ARGENTINAS COOP.DE SEG.LDTA,70,5292,Cirugia antireflujo esofagico (Nissen) a cielo abierto,13828,93
PRODUCTORES DE FRUTAS ARGENTINAS COOP.DE SEG.LDTA,70,5293,Cirugia artroscopica de hombro (cirugia de Bankart artroscopica y similares),13829,93
PRODUCTORES DE FRUTAS ARGENTINAS COOP.DE SEG.LDTA,70,5295,"Cirugia compleja de columna (escoliosis congenita / adquirida, con test del despertar o potenciales evocados)",13830,98
PRODUCTORES DE FRUTAS ARGENTINAS COOP.DE SEG.LDTA,70,5296,"Cirugia compleja de columna, con abordaje anterior y posterior y/o con patologia asociada",13831,98
PRODUCTORES DE FRUTAS ARGENTINAS COOP.DE SEG.LDTA,70,5298,Cirugia de Bricker (cistectomia radical + reemplazo vesical con asa ileal),13832,96
PRODUCTORES DE FRUTAS ARGENTINAS COOP.DE SEG.LDTA,70,5301,Cirugia de agenesia del CAE,13833,92
PRODUCTORES DE FRUTAS ARGENTINAS COOP.DE SEG.LDTA,70,5306,Cirugia de craneo video-asistida (mas de 8 horas de duracion),13836,98
PRODUCTORES DE FRUTAS ARGENTINAS COOP.DE SEG.LDTA,70,5307,Cirugia de craneo video-asistida (menos de 8 horas de duracion),13837,98
PRODUCTORES DE FRUTAS ARGENTINAS COOP.DE SEG.LDTA,70,5308,"Cirugia de la 1ra porcion del nervio facial, el nervio auditivo o el vestibular",13838,94
PRODUCTORES DE FRUTAS ARGENTINAS COOP.DE SEG.LDTA,70,5309,Cirugia de la 2da y 3ra porcion del nervio facial,13839,94
PRODUCTORES DE FRUTAS ARGENTINAS COOP.DE SEG.LDTA,70,5311,"Cirugia de la fosa pterigo-maxilar (exploracion, escision de tumores, etc)",13840,93
PRODUCTORES DE FRUTAS ARGENTINAS COOP.DE SEG.LDTA,70,5312,Cirugia de la obesidad (by-pass gastrico) a cielo abierto,13841,95
PRODUCTORES DE FRUTAS ARGENTINAS COOP.DE SEG.LDTA,70,5313,Cirugia de la obesidad (by-pass gastrico) por video,13842,98
PRODUCTORES DE FRUTAS ARGENTINAS COOP.DE SEG.LDTA,70,5314,Cirugia de la obesidad (manga gastrica) por video,13843,95
PRODUCTORES DE FRUTAS ARGENTINAS COOP.DE SEG.LDTA,70,5315,Cirugia de la vena cava,13844,94
PRODUCTORES DE FRUTAS ARGENTINAS COOP.DE SEG.LDTA,70,5316,Cirugia de las arritmias / colocacion de cardio-desfibrilador endocavitario,13845,95
PRODUCTORES DE FRUTAS ARGENTINAS COOP.DE SEG.LDTA,70,5317,Cirugia de las ramas de la aorta abdominal,13846,94
PRODUCTORES DE FRUTAS ARGENTINAS COOP.DE SEG.LDTA,70,5318,Cirugia de los grandes troncos arterio-venosos del torax,13847,94
PRODUCTORES DE FRUTAS ARGENTINAS COOP.DE SEG.LDTA,70,5319,Cirugia de tumores etmoidales,13848,93
PRODUCTORES DE FRUTAS ARGENTINAS COOP.DE SEG.LDTA,70,5320,Cirugia del conducto auditivo interno y su contenido,13849,94
PRODUCTORES DE FRUTAS ARGENTINAS COOP.DE SEG.LDTA,70,5321,Cirugia del glomus yugularis,13850,94
PRODUCTORES DE FRUTAS ARGENTINAS COOP.DE SEG.LDTA,70,5322,Cirugia del saco endolinfatico,13851,93
PRODUCTORES DE FRUTAS ARGENTINAS COOP.DE SEG.LDTA,70,5323,Cirugia endoscopica de tejido linfoideo rino-faringeo,13852,92
PRODUCTORES DE FRUTAS ARGENTINAS COOP.DE SEG.LDTA,70,5325,Cirugia para el tratamiento del mal de Parkinson (menos de 8 horas de duracion),13854,98
PRODUCTORES DE FRUTAS ARGENTINAS COOP.DE SEG.LDTA,70,5326,Cirugia plastica por agenesia del oido medio,13855,94
PRODUCTORES DE FRUTAS ARGENTINAS COOP.DE SEG.LDTA,70,5330,Cirugia vasculo-renal,13856,93
PRODUCTORES DE FRUTAS ARGENTINAS COOP.DE SEG.LDTA,70,5331,Cirugia videoartroscopica de codo,13857,93
PRODUCTORES DE FRUTAS ARGENTINAS COOP.DE SEG.LDTA,70,5332,Cirugia videoartroscopica de hombro (cirugia de Bankart artroscopica y similar),13858,93
PRODUCTORES DE FRUTAS ARGENTINAS COOP.DE SEG.LDTA,70,5336,Cirugias intra-uterinas a cielo abierto o por puncion,13859,96
PRODUCTORES DE FRUTAS ARGENTINAS COOP.DE SEG.LDTA,70,5497,Dermolipectomia post-cirugia bariatrica,13975,94
PRODUCTORES DE FRUTAS ARGENTINAS COOP.DE SEG.LDTA,70,5756,Facoexeresis con implante de lente intraocular (cirugia de cataratas),14172,93
PRODUCTORES DE FRUTAS ARGENTINAS COOP.DE SEG.LDTA,70,5816,Gran cirugia reconstructora de mano,14214,95
PRODUCTORES DE FRUTAS ARGENTINAS COOP.DE SEG.LDTA,70,5850,Hernia hiatal por videolaparoscopia (cirugia antireflujo por videolaparoscopia),14253,94
PRODUCTORES DE FRUTAS ARGENTINAS COOP.DE SEG.LDTA,70,6020,Microcirugia de la via espermal,14373,98
PRODUCTORES DE FRUTAS ARGENTINAS COOP.DE SEG.LDTA,70,6021,Microcirugia de laringe,14374,92
PRODUCTORES DE FRUTAS ARGENTINAS COOP.DE SEG.LDTA,70,6022,Microcirugia tubaria unilateral,14375,93
PRODUCTORES DE FRUTAS ARGENTINAS COOP.DE SEG.LDTA,70,6023,Microcirugia tubaria unilateral por videolaparoscopia,14376,95
PRODUCTORES DE FRUTAS ARGENTINAS COOP.DE SEG.LDTA,70,6350,Reimplante de miembros o dedos por microcirugia,14594,98
PRODUCTORES DE FRUTAS ARGENTINAS COOP.DE SEG.LDTA,70,6352,Reimplante total o parcial de miembro con microcirugia,14595,98
PRODUCTORES DE FRUTAS ARGENTINAS COOP.DE SEG.LDTA,70,6664,Varices residuales (microcirugia),14815,91
PRODUCTORES DE FRUTAS ARGENTINAS COOP.DE SEG.LDTA,70,5297,Cirugia coronaria o valvular por mini-toracotomia,14921,98
PRODUCTORES DE FRUTAS ARGENTINAS COOP.DE SEG.LDTA,70,5304,Cirugia de by-pass aorto-coronario,14922,95
PRODUCTORES DE FRUTAS ARGENTINAS COOP.DE SEG.LDTA,70,5300,Cirugia de Norwood,14923,96
PRODUCTORES DE FRUTAS ARGENTINAS COOP.DE SEG.LDTA,70,5327,Cirugia reductiva bilateral de mama,14924,98
PRODUCTORES DE FRUTAS ARGENTINAS COOP.DE SEG.LDTA,70,5368,Colgajos libres con micro-cirugia vascular,14936,94
PRODUCTORES DE FRUTAS ARGENTINAS COOP.DE SEG.LDTA,70,5887,Implante mamario en cirugia reconstructiva,15014,94
PRODUCTORES DE FRUTAS ARGENTINAS COOP.DE SEG.LDTA,70,5999,Mastomegalia / cirugia reductora no estetica unilateral,15043,94
PRODUCTORES DE FRUTAS ARGENTINAS COOP.DE SEG.LDTA,70,6292,Radioneurocirugia esterotaxica,15119,95
PRODUCTORES DE FRUTAS ARGENTINAS COOP.DE SEG.LDTA,70,6344,Reemplazo valvular o bi-valvular con cirugia de revascularizacion,15144,96
PRODUCTORES DE FRUTAS ARGENTINAS COOP.DE SEG.LDTA,70,6351,Reimplante de oreja con microcirugia vascular,15145,94
PRODUCTORES DE FRUTAS ARGENTINAS COOP.DE SEG.LDTA,70,7537,Cirugia de  by- pass aorto- coronaria sin CEC,15284,98
PRODUCTORES DE FRUTAS ARGENTINAS COOP.DE SEG.LDTA,70,7538,cirugia de Co Ao (con o sin CEC),15286,98
PRODUCTORES DE FRUTAS ARGENTINAS COOP.DE SEG.LDTA,70,7541,"Cirugia de transposicion de grandes vasos, Tronco arterioso, Norwood, Anomalia total del retorno venoso",15293,96
PRODUCTORES DE FRUTAS ARGENTINAS COOP.DE SEG.LDTA,70,6700,Cirugia reduccion volumenes pulmonares por video,15370,99
PRODUCTORES DE FRUTAS ARGENTINAS COOP.DE SEG.LDTA,70,6701,Cirugia de adecuacion de sexo,15398,106
PRODUCTORES DE FRUTAS ARGENTINAS COOP.DE SEG.LDTA,70,7528,"Cirugia de Mitrofanoff (apendico-vesicostomia) (ptes paraplejicos, vejiga neurogenica, espina bifida)",15428,95
PRODUCTORES DE FRUTAS ARGENTINAS COOP.DE SEG.LDTA,70,5305,Cirugia de columna por videofibroscopia,15487,98
PRODUCTORES DE FRUTAS ARGENTINAS COOP.DE SEG.LDTA,70,5324,Cirugia para el tratamiento del mal de Parkinson (mas de 8 horas de duracion)8,15537,98
PRODUCTORES DE FRUTAS ARGENTINAS COOP.DE SEG.LDTA,70,5310,Cirugia de la carotida,15542,94
PRODUCTORES DE FRUTAS ARGENTINAS COOP.DE SEG.LDTA,70,5337,Cistectomia parcial,13861,93
PRODUCTORES DE FRUTAS ARGENTINAS COOP.DE SEG.LDTA,70,5338,Cistectomia parcial con reimplante de ureter,13862,93
PRODUCTORES DE FRUTAS ARGENTINAS COOP.DE SEG.LDTA,70,5339,Cistectomia parcial o total por video-laparoscopia,13863,95
PRODUCTORES DE FRUTAS ARGENTINAS COOP.DE SEG.LDTA,70,5340,Cistectomia total,13864,94
PRODUCTORES DE FRUTAS ARGENTINAS COOP.DE SEG.LDTA,70,5348,Colecistectomia laparoscopica convertida,13869,94
PRODUCTORES DE FRUTAS ARGENTINAS COOP.DE SEG.LDTA,70,5349,Colecistectomia simple,13870,92
PRODUCTORES DE FRUTAS ARGENTINAS COOP.DE SEG.LDTA,70,5554,Duodeno-papilotomia con o sin colecistectomia,14026,93
PRODUCTORES DE FRUTAS ARGENTINAS COOP.DE SEG.LDTA,70,5671,Exploracion de las vias biliares por laparoscopia con o sin colecistectomia,14114,94
PRODUCTORES DE FRUTAS ARGENTINAS COOP.DE SEG.LDTA,70,5672,Exploracion de vias biliares con o sin colecistectomia,14115,93
PRODUCTORES DE FRUTAS ARGENTINAS COOP.DE SEG.LDTA,70,5673,Exploracion de vias biliares por via laparoscopica con o sin colecistectomia,14116,94
PRODUCTORES DE FRUTAS ARGENTINAS COOP.DE SEG.LDTA,70,6044,Nefro-ureterectomia con o sin cistectomia parcial,14393,95
PRODUCTORES DE FRUTAS ARGENTINAS COOP.DE SEG.LDTA,70,5347,Colecistectomia por videolaparoscopia,15305,93
PRODUCTORES DE FRUTAS ARGENTINAS COOP.DE SEG.LDTA,70,5341,Cistoplastia,13865,93
PRODUCTORES DE FRUTAS ARGENTINAS COOP.DE SEG.LDTA,70,6709,Cistorrafia por Videolaparoscopia,60860,92
PRODUCTORES DE FRUTAS ARGENTINAS COOP.DE SEG.LDTA,70,5342,Cistorrafia,13866,90
PRODUCTORES DE FRUTAS ARGENTINAS COOP.DE SEG.LDTA,70,5343,Cistostomia (talla vesical),13867,90
PRODUCTORES DE FRUTAS ARGENTINAS COOP.DE SEG.LDTA,70,5350,Colecistostomia,13871,92
PRODUCTORES DE FRUTAS ARGENTINAS COOP.DE SEG.LDTA,70,5351,Colecistostomia percutanea,15302,91
PRODUCTORES DE FRUTAS ARGENTINAS COOP.DE SEG.LDTA,70,5564,Electrocoagulacion de cornetes,14031,91
PRODUCTORES DE FRUTAS ARGENTINAS COOP.DE SEG.LDTA,70,5612,Escision o electrocoagulacion de amigdala lingual,14071,90
PRODUCTORES DE FRUTAS ARGENTINAS COOP.DE SEG.LDTA,70,5784,Fotocoagulacion de retina,14197,90
PRODUCTORES DE FRUTAS ARGENTINAS COOP.DE SEG.LDTA,70,6409,Reseccion endoscopica de vejiga por electrocoagulacion (TUR-V),14633,92
PRODUCTORES DE FRUTAS ARGENTINAS COOP.DE SEG.LDTA,70,7583,Coagulacion de angiodisplacias con argon plasma,15339,92
PRODUCTORES DE FRUTAS ARGENTINAS COOP.DE SEG.LDTA,70,5426,Correccion de coartacion de aorta en hemodinamia,13928,95
PRODUCTORES DE FRUTAS ARGENTINAS COOP.DE SEG.LDTA,70,5344,Coartacion de aorta con CEC (CEC: circulacion extra-corporea),14927,95
PRODUCTORES DE FRUTAS ARGENTINAS COOP.DE SEG.LDTA,70,5345,Coartacion de aorta sin CEC (CEC: circulacion extra-corporea),14928,95
PRODUCTORES DE FRUTAS ARGENTINAS COOP.DE SEG.LDTA,70,5346,Cobalto-terapia,13868,92
PRODUCTORES DE FRUTAS ARGENTINAS COOP.DE SEG.LDTA,70,5352,Colectomia o hemicolectomia abdomino -pelvica (operacion de Miles),13872,95
PRODUCTORES DE FRUTAS ARGENTINAS COOP.DE SEG.LDTA,70,5354,Colectomia total por videolaparoscopia,13873,96
PRODUCTORES DE FRUTAS ARGENTINAS COOP.DE SEG.LDTA,70,5355,Colectomia transversa segmentaria (operacion de Hartmann),13875,94
PRODUCTORES DE FRUTAS ARGENTINAS COOP.DE SEG.LDTA,70,5356,Colectomia transversa segmentaria de Hartman por videolaparoscopia (Hartman laparoscopica),13876,95
PRODUCTORES DE FRUTAS ARGENTINAS COOP.DE SEG.LDTA,70,5357,Colectomia transversa segmentaria por videolaparoscopia (Hartman laparoscopica),13877,95
PRODUCTORES DE FRUTAS ARGENTINAS COOP.DE SEG.LDTA,70,5823,Hemicolectomia,14221,94
PRODUCTORES DE FRUTAS ARGENTINAS COOP.DE SEG.LDTA,70,5824,Hemicolectomia por videolaparoscopia,14222,95
PRODUCTORES DE FRUTAS ARGENTINAS COOP.DE SEG.LDTA,70,5353,Colectomia total,15330,95
PRODUCTORES DE FRUTAS ARGENTINAS COOP.DE SEG.LDTA,70,7524,Colectomia o hemicolectomia abdomino -pelvica (operacion de Miles) por videolaparoscopia,15331,98
PRODUCTORES DE FRUTAS ARGENTINAS COOP.DE SEG.LDTA,70,5359,Coledocotomia como unica intervencion,15304,92
PRODUCTORES DE FRUTAS ARGENTINAS COOP.DE SEG.LDTA,70,5360,Colesteatoma,13879,92
PRODUCTORES DE FRUTAS ARGENTINAS COOP.DE SEG.LDTA,70,5600,Escision ampliada de mucosa yugal y recomposicion inmediata con injerto o colgajo,14060,93
PRODUCTORES DE FRUTAS ARGENTINAS COOP.DE SEG.LDTA,70,5914,Injerto o colgajo de piel de dedos (hasta 3),14292,90
PRODUCTORES DE FRUTAS ARGENTINAS COOP.DE SEG.LDTA,70,5915,Injerto o colgajo de piel de dedos (mas de 3),14293,91
PRODUCTORES DE FRUTAS ARGENTINAS COOP.DE SEG.LDTA,70,6309,Reconstruccion diferida de piramide nasal con colgajo,14568,92
PRODUCTORES DE FRUTAS ARGENTINAS COOP.DE SEG.LDTA,70,6318,Reconstruccion total de paladar inmediata con injerto o colgajo,14569,95
PRODUCTORES DE FRUTAS ARGENTINAS COOP.DE SEG.LDTA,70,5361,Colgajo alejado,14929,92
PRODUCTORES DE FRUTAS ARGENTINAS COOP.DE SEG.LDTA,70,5362,Colgajo de vecindad,14930,91
PRODUCTORES DE FRUTAS ARGENTINAS COOP.DE SEG.LDTA,70,5363,Colgajo de vecindad o a la distancia para reconstruccion total de labio,14931,93
PRODUCTORES DE FRUTAS ARGENTINAS COOP.DE SEG.LDTA,70,5364,Colgajo diferido,14932,91
PRODUCTORES DE FRUTAS ARGENTINAS COOP.DE SEG.LDTA,70,5365,"Colgajo en isla, reparacion de ceja",14933,91
PRODUCTORES DE FRUTAS ARGENTINAS COOP.DE SEG.LDTA,70,5366,Colgajo miocutaneo,14934,92
PRODUCTORES DE FRUTAS ARGENTINAS COOP.DE SEG.LDTA,70,5367,Colgajo para reconstruccion parcial de labio,14935,91
PRODUCTORES DE FRUTAS ARGENTINAS COOP.DE SEG.LDTA,70,5754,"FLAP unilateral completo (FLAP: colgajo, segmento de tejido que se trasplanta de una zona a otra del cuerpo)",14997,94
PRODUCTORES DE FRUTAS ARGENTINAS COOP.DE SEG.LDTA,70,6306,reconstruccion de oreja parcial o total mediante colgajos y o injertos,15130,92
PRODUCTORES DE FRUTAS ARGENTINAS COOP.DE SEG.LDTA,70,6311,Reconstruccion mamaria con colgajo cutaneo o miocutaneo,15133,95
PRODUCTORES DE FRUTAS ARGENTINAS COOP.DE SEG.LDTA,70,6310,Reconstruccion mamaria con TRAM (colgajo miocutaneo del recto abdominal transverso),15135,98
PRODUCTORES DE FRUTAS ARGENTINAS COOP.DE SEG.LDTA,70,6315,Reconstruccion total de nariz mediante colgajos,15138,93
PRODUCTORES DE FRUTAS ARGENTINAS COOP.DE SEG.LDTA,70,6626,"Tumor de labio superior e inferior, con o sin colgajos",15195,94
PRODUCTORES DE FRUTAS ARGENTINAS COOP.DE SEG.LDTA,70,5755,"FLAP unilateral incompleto (FLAP: colgajo, segmento de tejido que se trasplanta de una zona",15258,93
PRODUCTORES DE FRUTAS ARGENTINAS COOP.DE SEG.LDTA,70,5678,Extirpacion de apendices pre-auriculares (coloboma auris),14120,90
PRODUCTORES DE FRUTAS ARGENTINAS COOP.DE SEG.LDTA,70,5369,"Coloboma de parpado, reconstruccion simple",14937,90
PRODUCTORES DE FRUTAS ARGENTINAS COOP.DE SEG.LDTA,70,7794,Titulacion espinal de opioides para colocacion de bomba implantables (test),69291,93
PRODUCTORES DE FRUTAS ARGENTINAS COOP.DE SEG.LDTA,70,9541,Colocacion de Protesis,69346,95
PRODUCTORES DE FRUTAS ARGENTINAS COOP.DE SEG.LDTA,70,5371,"Colocacion de VAC (vacum, por ejemplo en rodilla)",13880,89
PRODUCTORES DE FRUTAS ARGENTINAS COOP.DE SEG.LDTA,70,5373,Colocacion de cateter intra-hepatico para quimioterapia,13881,92
PRODUCTORES DE FRUTAS ARGENTINAS COOP.DE SEG.LDTA,70,5374,Colocacion de cateter para medicion de PIC (PIC: presion intra-craneal),13882,93
PRODUCTORES DE FRUTAS ARGENTINAS COOP.DE SEG.LDTA,70,5375,Colocacion de coils en vasculatura toracica o abdominal,13883,94
PRODUCTORES DE FRUTAS ARGENTINAS COOP.DE SEG.LDTA,70,5377,Colocacion de endoprotesis de aorta en hemodinamia,13884,95
PRODUCTORES DE FRUTAS ARGENTINAS COOP.DE SEG.LDTA,70,5378,Colocacion de endoprotesis en arterias o venas toracicas o abdominales,13885,98
PRODUCTORES DE FRUTAS ARGENTINAS COOP.DE SEG.LDTA,70,5379,Colocacion de esfinter artificial,13886,92
PRODUCTORES DE FRUTAS ARGENTINAS COOP.DE SEG.LDTA,70,5380,Colocacion de filtros en la vena cava,13887,93
PRODUCTORES DE FRUTAS ARGENTINAS COOP.DE SEG.LDTA,70,5381,Colocacion de marcapaso endocavitario,13888,91
PRODUCTORES DE FRUTAS ARGENTINAS COOP.DE SEG.LDTA,70,5382,Colocacion de marcapaso epicardico,13889,92
PRODUCTORES DE FRUTAS ARGENTINAS COOP.DE SEG.LDTA,70,5383,Colocacion de protesis / stent en esofago,13890,91
PRODUCTORES DE FRUTAS ARGENTINAS COOP.DE SEG.LDTA,70,5384,Colocacion de protesis cervical / dorsal / o lumbar,13891,95
PRODUCTORES DE FRUTAS ARGENTINAS COOP.DE SEG.LDTA,70,5385,Colocacion de radium intra-cavitario,13892,91
PRODUCTORES DE FRUTAS ARGENTINAS COOP.DE SEG.LDTA,70,5386,Colocacion de semillas radioactivas transrectal,13893,92
PRODUCTORES DE FRUTAS ARGENTINAS COOP.DE SEG.LDTA,70,5387,Colocacion de sonda de alimentacion por endoscopia,13894,90
PRODUCTORES DE FRUTAS ARGENTINAS COOP.DE SEG.LDTA,70,5388,Colocacion de stent colonico,13895,91
PRODUCTORES DE FRUTAS ARGENTINAS COOP.DE SEG.LDTA,70,5389,Colocacion de stent en duodeno por endoscopia,13896,91
PRODUCTORES DE FRUTAS ARGENTINAS COOP.DE SEG.LDTA,70,5390,Colocacion de stent en la  via biliar por endoscopia,13897,92
PRODUCTORES DE FRUTAS ARGENTINAS COOP.DE SEG.LDTA,70,5392,Colocacion de stent traqueal o bronquial,13899,93
PRODUCTORES DE FRUTAS ARGENTINAS COOP.DE SEG.LDTA,70,5393,Colocacion de taponaje vesical,13901,90
PRODUCTORES DE FRUTAS ARGENTINAS COOP.DE SEG.LDTA,70,5394,Colocacion de tips para cirrosis,13902,92
PRODUCTORES DE FRUTAS ARGENTINAS COOP.DE SEG.LDTA,70,5397,Colocacion de tutor externo maxilar,13905,93
PRODUCTORES DE FRUTAS ARGENTINAS COOP.DE SEG.LDTA,70,5399,Colocacion de via central / colocacion cateter doble Y / tunelizado / cateter para quimioterapia / cateter picc,13907,91
PRODUCTORES DE FRUTAS ARGENTINAS COOP.DE SEG.LDTA,70,5400,"Colocacion de yeso de antebrazo, braquipalmar, pierna o pedico",13908,89
PRODUCTORES DE FRUTAS ARGENTINAS COOP.DE SEG.LDTA,70,5402,Colocacion o extraccion de balon gastrico en obesidad (gastroenterologia),13909,92
PRODUCTORES DE FRUTAS ARGENTINAS COOP.DE SEG.LDTA,70,5403,Colocacion percutanea de stents para las vias biliares (por puncion hepatica),13910,93
PRODUCTORES DE FRUTAS ARGENTINAS COOP.DE SEG.LDTA,70,5404,Colocacion y extraccion de yesos,13912,89
PRODUCTORES DE FRUTAS ARGENTINAS COOP.DE SEG.LDTA,70,5444,"Correccion incontinencia orina (Bursch, Marshal- Marchetti, colocacion de malla de Sling)",13947,92
PRODUCTORES DE FRUTAS ARGENTINAS COOP.DE SEG.LDTA,70,5477,"DIU, colocacion o extraccion",13961,89
PRODUCTORES DE FRUTAS ARGENTINAS COOP.DE SEG.LDTA,70,5522,Dilatacion de traquea y/o colocacion de stent bronquial,13999,93
PRODUCTORES DE FRUTAS ARGENTINAS COOP.DE SEG.LDTA,70,5523,Dilatacion del ureter + colocacion de pig-tail,14000,91
PRODUCTORES DE FRUTAS ARGENTINAS COOP.DE SEG.LDTA,70,5804,Gastrostomia (colocacion / extraccion y/o recolocacion) (tipo boton gastrico),14206,91
PRODUCTORES DE FRUTAS ARGENTINAS COOP.DE SEG.LDTA,70,6032,Miringotomia (paracentesis) con o sin colocacion de tubos trans-timpanicos (diabolos o similar),14384,90
PRODUCTORES DE FRUTAS ARGENTINAS COOP.DE SEG.LDTA,70,6363,Reparacion de hernia con colocacion de malla de tipo Marlex o similares,14606,92
PRODUCTORES DE FRUTAS ARGENTINAS COOP.DE SEG.LDTA,70,5376,Colocacion de desfibrilador interno,14938,93
PRODUCTORES DE FRUTAS ARGENTINAS COOP.DE SEG.LDTA,70,5370,Colocacion de expansor mamario,15259,93
PRODUCTORES DE FRUTAS ARGENTINAS COOP.DE SEG.LDTA,70,7552,Mastectomia bilateral con colocacion de protesis,15292,98
PRODUCTORES DE FRUTAS ARGENTINAS COOP.DE SEG.LDTA,70,7585,Colocacion de balon intragastrico,15341,92
PRODUCTORES DE FRUTAS ARGENTINAS COOP.DE SEG.LDTA,70,8111,Colocacion de cateter doble “J” (tipo pig-tail o similares),15415,91
PRODUCTORES DE FRUTAS ARGENTINAS COOP.DE SEG.LDTA,70,8113,Colocacion de cateter de pig-tail,15422,91
PRODUCTORES DE FRUTAS ARGENTINAS COOP.DE SEG.LDTA,70,5401,"Colocacion de yeso de tipo: minerva, corse, toracobraquial; pelvi-rotuliano o pelvi-pedico",15434,90
PRODUCTORES DE FRUTAS ARGENTINAS COOP.DE SEG.LDTA,70,7531,Colocacion  de protesis,15543,95
PRODUCTORES DE FRUTAS ARGENTINAS COOP.DE SEG.LDTA,70,7581,Colonoscopia con polipectomia con clips o Mucosectomia,15337,92
PRODUCTORES DE FRUTAS ARGENTINAS COOP.DE SEG.LDTA,70,5406,Colonovideoscopia con polipectomia,13914,91
PRODUCTORES DE FRUTAS ARGENTINAS COOP.DE SEG.LDTA,70,5407,Colpoperineorrafia anterior y/o posterior,13915,92
PRODUCTORES DE FRUTAS ARGENTINAS COOP.DE SEG.LDTA,70,5870,Histerectomia vaginal con o sin colpoperineorrafia,14269,93
PRODUCTORES DE FRUTAS ARGENTINAS COOP.DE SEG.LDTA,70,5408,Colpopexia,13916,91
PRODUCTORES DE FRUTAS ARGENTINAS COOP.DE SEG.LDTA,70,5409,Colpopexia con malla de Sling o similares,13917,92
PRODUCTORES DE FRUTAS ARGENTINAS COOP.DE SEG.LDTA,70,5410,Colpotomia / lesion local de vagina,13918,89
PRODUCTORES DE FRUTAS ARGENTINAS COOP.DE SEG.LDTA,70,5411,Comisuroplastia,14939,90
PRODUCTORES DE FRUTAS ARGENTINAS COOP.DE SEG.LDTA,70,5412,Condilomas acuminados (fulguracion),13919,89
PRODUCTORES DE FRUTAS ARGENTINAS COOP.DE SEG.LDTA,70,5414,Conizacion de cuello uterino o leep,13921,90
PRODUCTORES DE FRUTAS ARGENTINAS COOP.DE SEG.LDTA,70,5415,Conjuntivoplastia,13922,91
PRODUCTORES DE FRUTAS ARGENTINAS COOP.DE SEG.LDTA,70,5419,Conversion electrica de arritmias cardiacas,14941,90
PRODUCTORES DE FRUTAS ARGENTINAS COOP.DE SEG.LDTA,70,5420,Cordocentesis (transfusion intra-uterina),13923,91
PRODUCTORES DE FRUTAS ARGENTINAS COOP.DE SEG.LDTA,70,5421,Cordotomia,15529,94
PRODUCTORES DE FRUTAS ARGENTINAS COOP.DE SEG.LDTA,70,5422,Correccion de adherencias vaginales,13924,90
PRODUCTORES DE FRUTAS ARGENTINAS COOP.DE SEG.LDTA,70,5425,Correccion de cistocele,13927,91
PRODUCTORES DE FRUTAS ARGENTINAS COOP.DE SEG.LDTA,70,5427,Correccion de diastasis de los rectos,13929,91
PRODUCTORES DE FRUTAS ARGENTINAS COOP.DE SEG.LDTA,70,5430,Correccion de fistula recto-uterina o vesico-uterina,13931,93
PRODUCTORES DE FRUTAS ARGENTINAS COOP.DE SEG.LDTA,70,5431,Correccion de fistula recto-vaginal,13932,92
PRODUCTORES DE FRUTAS ARGENTINAS COOP.DE SEG.LDTA,70,5432,Correccion de fistula recto-vaginal + reconstruccion del esfinter anal,13933,93
PRODUCTORES DE FRUTAS ARGENTINAS COOP.DE SEG.LDTA,70,5433,Correccion de fistula vesico-vaginal,13934,92
PRODUCTORES DE FRUTAS ARGENTINAS COOP.DE SEG.LDTA,70,5434,"Correccion de incontinencia de orina (Marshall-Marchetti, Bursch o similares)",13935,92
PRODUCTORES DE FRUTAS ARGENTINAS COOP.DE SEG.LDTA,70,5435,Correccion de incontinencia de orina con malla de tipo Sling,13936,92
PRODUCTORES DE FRUTAS ARGENTINAS COOP.DE SEG.LDTA,70,5436,Correccion de incontinencia de orina por video,13937,93
PRODUCTORES DE FRUTAS ARGENTINAS COOP.DE SEG.LDTA,70,5437,Correccion de incontinencia de orina por video-laparoscopia,13938,93
PRODUCTORES DE FRUTAS ARGENTINAS COOP.DE SEG.LDTA,70,5438,Correccion de inversion uterina,13939,90
PRODUCTORES DE FRUTAS ARGENTINAS COOP.DE SEG.LDTA,70,5439,Correccion de malformaciones uterinas,13940,94
PRODUCTORES DE FRUTAS ARGENTINAS COOP.DE SEG.LDTA,70,5440,Correccion de reflujo vesico-ureteral (RVU),13941,92
PRODUCTORES DE FRUTAS ARGENTINAS COOP.DE SEG.LDTA,70,5441,Correccion de tunel carpiano,13943,91
PRODUCTORES DE FRUTAS ARGENTINAS COOP.DE SEG.LDTA,70,5442,Correccion de tunel carpiano por videoartroscopia,13944,92
PRODUCTORES DE FRUTAS ARGENTINAS COOP.DE SEG.LDTA,70,5443,Correccion del reflujo por inyeccion sub-ureteral de sustancia bultica (tipo Vantrix® o Coaptite®),13945,92
PRODUCTORES DE FRUTAS ARGENTINAS COOP.DE SEG.LDTA,70,5445,Correccion quirurgica de acalasia,13948,93
PRODUCTORES DE FRUTAS ARGENTINAS COOP.DE SEG.LDTA,70,5447,Correccion quirurgica del sindrome del tunel carpiano,13951,91
PRODUCTORES DE FRUTAS ARGENTINAS COOP.DE SEG.LDTA,70,5704,Extraccion de barra post-correccion de pectus excavatum,14130,92
PRODUCTORES DE FRUTAS ARGENTINAS COOP.DE SEG.LDTA,70,5429,Correccion de fistula congenita de cuello,14943,91
PRODUCTORES DE FRUTAS ARGENTINAS COOP.DE SEG.LDTA,70,8535,Infiltracion con corticoides/ A. locales/ Aines en puntos gatillos (hasta 5),69385,90
PRODUCTORES DE FRUTAS ARGENTINAS COOP.DE SEG.LDTA,70,8536,Infiltracion con corticoides/ A. locales/ Aines en puntos gatillos (mas de 5),69386,91
PRODUCTORES DE FRUTAS ARGENTINAS COOP.DE SEG.LDTA,70,5448,"Corticoides epidurales, por sesion",14944,90
PRODUCTORES DE FRUTAS ARGENTINAS COOP.DE SEG.LDTA,70,5451,"Corticoterapia peridural ( dorsal, lumbar o caudal, sin control x imagenes)",14947,91
PRODUCTORES DE FRUTAS ARGENTINAS COOP.DE SEG.LDTA,70,5452,"Corticoterapia peridural (dorsal, lumbar o caudal con control x imagenes)",14948,92
PRODUCTORES DE FRUTAS ARGENTINAS COOP.DE SEG.LDTA,70,5453,Corticoterapia peridural cervical con o sin control por imagenes (por sesion),14949,93
PRODUCTORES DE FRUTAS ARGENTINAS COOP.DE SEG.LDTA,70,5449,Corticoterapia foraminal cervical guiada por imagenes,15264,94
PRODUCTORES DE FRUTAS ARGENTINAS COOP.DE SEG.LDTA,70,5450,Corticoterapia foraminal dorsal o lumbar guiada por imagenes (hasta dos),15266,93
PRODUCTORES DE FRUTAS ARGENTINAS COOP.DE SEG.LDTA,70,5454,Craneoestenosis / craneosinostosis,13952,95
PRODUCTORES DE FRUTAS ARGENTINAS COOP.DE SEG.LDTA,70,5952,Lesion tumoral de los huesos del craneo,14322,92
PRODUCTORES DE FRUTAS ARGENTINAS COOP.DE SEG.LDTA,70,6165,"Osteotomia craneo-facial sin tiempo neuroquirurgico (Crouzon, Apert, etc.)",14464,98
PRODUCTORES DE FRUTAS ARGENTINAS COOP.DE SEG.LDTA,70,6325,Reduccion de fractura expuesta de craneo,14573,93
PRODUCTORES DE FRUTAS ARGENTINAS COOP.DE SEG.LDTA,70,6164,Osteotomia craneo-facial con tiempo neuroquirurgico,15100,98
PRODUCTORES DE FRUTAS ARGENTINAS COOP.DE SEG.LDTA,70,5455,Craneoplastia,15276,94
PRODUCTORES DE FRUTAS ARGENTINAS COOP.DE SEG.LDTA,70,5456,Craneotomia exploradora,15534,93
PRODUCTORES DE FRUTAS ARGENTINAS COOP.DE SEG.LDTA,70,5457,"Cricotomia, laringorrafia, como unica operacion",15507,92
PRODUCTORES DE FRUTAS ARGENTINAS COOP.DE SEG.LDTA,70,5458,Crioneurolisis de articulacion sacro-iliaca bilateral,14951,94
PRODUCTORES DE FRUTAS ARGENTINAS COOP.DE SEG.LDTA,70,5459,Crioneurolisis de articulacion sacro-iliaca unilateral,14952,93
PRODUCTORES DE FRUTAS ARGENTINAS COOP.DE SEG.LDTA,70,5460,Crioneurolisis de nervio facetario (hasta 2 nervios),14953,93
PRODUCTORES DE FRUTAS ARGENTINAS COOP.DE SEG.LDTA,70,5461,Crioneurolisis de nervio facetario (mas 2 nervios),14954,94
PRODUCTORES DE FRUTAS ARGENTINAS COOP.DE SEG.LDTA,70,5463,Crioneurolisis de neuroma postquirurgicos,14956,92
PRODUCTORES DE FRUTAS ARGENTINAS COOP.DE SEG.LDTA,70,5464,Criptorquidea,13953,91
PRODUCTORES DE FRUTAS ARGENTINAS COOP.DE SEG.LDTA,70,5465,Criptorquidea u orquidopexia por video-laparoscopia,13954,92
PRODUCTORES DE FRUTAS ARGENTINAS COOP.DE SEG.LDTA,70,5466,Criptorquidea u orquidopexia por videolaparoscopia,13955,92
PRODUCTORES DE FRUTAS ARGENTINAS COOP.DE SEG.LDTA,70,5470,Cuadrantectomia unilateral,13956,92
PRODUCTORES DE FRUTAS ARGENTINAS COOP.DE SEG.LDTA,70,7596,Cuadrantectomia / tumorectomia ( mas ganglio centinela),15390,92
PRODUCTORES DE FRUTAS ARGENTINAS COOP.DE SEG.LDTA,70,7597,Cuadrantectomia / tumorectomia (mas  vaciamiento axilar),15391,93
PRODUCTORES DE FRUTAS ARGENTINAS COOP.DE SEG.LDTA,70,5471,Cuerpo extraño / bolo fecal,13957,90
PRODUCTORES DE FRUTAS ARGENTINAS COOP.DE SEG.LDTA,70,5472,Cuerpo extraño de pared,13958,89
PRODUCTORES DE FRUTAS ARGENTINAS COOP.DE SEG.LDTA,70,5473,Cuerpo extraño de tobillo,13959,89
PRODUCTORES DE FRUTAS ARGENTINAS COOP.DE SEG.LDTA,70,5616,Esclerotomia con extraccion de cuerpo extraño intraocular,14074,92
PRODUCTORES DE FRUTAS ARGENTINAS COOP.DE SEG.LDTA,70,5667,Exploracion / extraccion de cuerpo extraño de faringe,14110,90
PRODUCTORES DE FRUTAS ARGENTINAS COOP.DE SEG.LDTA,70,5713,Extraccion de cuerpo extraño de faringe / esofago / estomago,14137,91
PRODUCTORES DE FRUTAS ARGENTINAS COOP.DE SEG.LDTA,70,5714,Extraccion de cuerpo extraño de fosa nasal,14139,90
PRODUCTORES DE FRUTAS ARGENTINAS COOP.DE SEG.LDTA,70,5715,"Extraccion de cuerpo extraño de las vias aereas (traquea, bronquios)",14140,92
PRODUCTORES DE FRUTAS ARGENTINAS COOP.DE SEG.LDTA,70,5716,Extraccion de cuerpo extraño de lengua,14141,90
PRODUCTORES DE FRUTAS ARGENTINAS COOP.DE SEG.LDTA,70,5717,Extraccion de cuerpo extraño de mano,14142,90
PRODUCTORES DE FRUTAS ARGENTINAS COOP.DE SEG.LDTA,70,5719,Extraccion de cuerpo extraño de pie,14144,91
PRODUCTORES DE FRUTAS ARGENTINAS COOP.DE SEG.LDTA,70,5720,Extraccion de cuerpo extraño de traquea o bronquio,14145,92
PRODUCTORES DE FRUTAS ARGENTINAS COOP.DE SEG.LDTA,70,5721,Extraccion de cuerpo extraño del conducto auditivo externo (CAE),14147,89
PRODUCTORES DE FRUTAS ARGENTINAS COOP.DE SEG.LDTA,70,5722,Extraccion de cuerpo extraño en faringe /esofago / estomago / duodeno,14148,91
PRODUCTORES DE FRUTAS ARGENTINAS COOP.DE SEG.LDTA,70,5723,Extraccion de cuerpo extraño endoocular,14149,92
PRODUCTORES DE FRUTAS ARGENTINAS COOP.DE SEG.LDTA,70,5726,Extraccion de cuerpo extraño superficial (conjuntiva),14150,89
PRODUCTORES DE FRUTAS ARGENTINAS COOP.DE SEG.LDTA,70,5727,"Extraccion de cuerpo extraño, exploracion de drenajes",14151,90
PRODUCTORES DE FRUTAS ARGENTINAS COOP.DE SEG.LDTA,70,5724,Extraccion de cuerpo extraño profundo,14994,91
PRODUCTORES DE FRUTAS ARGENTINAS COOP.DE SEG.LDTA,70,5725,Extraccion de cuerpo extraño profundo de cuello,14995,91
PRODUCTORES DE FRUTAS ARGENTINAS COOP.DE SEG.LDTA,70,6508,"TAC de cuerpo entero, con o sin contraste",15176,92
PRODUCTORES DE FRUTAS ARGENTINAS COOP.DE SEG.LDTA,70,5805,Gastrostomia / exploracion / extraccion de cuerpo extraño/ lesion local o tumor benigno,15313,92
PRODUCTORES DE FRUTAS ARGENTINAS COOP.DE SEG.LDTA,70,5474,"Curacion de un gran quemado, mas del 30%",14957,92
PRODUCTORES DE FRUTAS ARGENTINAS COOP.DE SEG.LDTA,70,5475,Curacion de un quemado hasta el 30%,14958,91
PRODUCTORES DE FRUTAS ARGENTINAS COOP.DE SEG.LDTA,70,5476,Curetaje oseo,13960,89
PRODUCTORES DE FRUTAS ARGENTINAS COOP.DE SEG.LDTA,70,5478,Dacrio-cistografia,13962,90
PRODUCTORES DE FRUTAS ARGENTINAS COOP.DE SEG.LDTA,70,5480,Dacrio-cistorrinostomia,13964,93
PRODUCTORES DE FRUTAS ARGENTINAS COOP.DE SEG.LDTA,70,5481,Decorticacion pleuropulmonar a cielo abierto,13965,95
PRODUCTORES DE FRUTAS ARGENTINAS COOP.DE SEG.LDTA,70,5482,Decorticacion pleuropulmonar por video-toracoscopia,13966,95
PRODUCTORES DE FRUTAS ARGENTINAS COOP.DE SEG.LDTA,70,5483,Dedo en gatillo o dedo en resorte,13967,90
PRODUCTORES DE FRUTAS ARGENTINAS COOP.DE SEG.LDTA,70,5485,Dedos en martillo (cada uno),13968,89
PRODUCTORES DE FRUTAS ARGENTINAS COOP.DE SEG.LDTA,70,5679,Extirpacion de aponeurosis palmar hasta 3 dedos,14121,91
PRODUCTORES DE FRUTAS ARGENTINAS COOP.DE SEG.LDTA,70,5680,Extirpacion de aponeurosis palmar mas de 3 dedos (enfermedad de Dupuytren),14122,92
PRODUCTORES DE FRUTAS ARGENTINAS COOP.DE SEG.LDTA,70,5681,Extirpacion de aponeurosis plantar hasta 3 dedos,14123,91
PRODUCTORES DE FRUTAS ARGENTINAS COOP.DE SEG.LDTA,70,6173,Panadizo / flemon de dedos,14468,89
PRODUCTORES DE FRUTAS ARGENTINAS COOP.DE SEG.LDTA,70,6345,Reimplante de 1 a 2 dedos,14586,92
PRODUCTORES DE FRUTAS ARGENTINAS COOP.DE SEG.LDTA,70,6346,Reimplante de dedo (hasta 2),14587,92
PRODUCTORES DE FRUTAS ARGENTINAS COOP.DE SEG.LDTA,70,6347,Reimplante de mas de 2 dedos,14589,93
PRODUCTORES DE FRUTAS ARGENTINAS COOP.DE SEG.LDTA,70,6619,Tumor de dedo,14781,90
PRODUCTORES DE FRUTAS ARGENTINAS COOP.DE SEG.LDTA,70,5484,Dedo en martillo traumatico (“mallet finger”),15461,91
PRODUCTORES DE FRUTAS ARGENTINAS COOP.DE SEG.LDTA,70,5486,Denervacion articular,15442,92
PRODUCTORES DE FRUTAS ARGENTINAS COOP.DE SEG.LDTA,70,5487,Derivacion aorto-bifemoral,13969,98
PRODUCTORES DE FRUTAS ARGENTINAS COOP.DE SEG.LDTA,70,5488,Derivacion aorto-iliaca con o sin simpatectomia,13970,95
PRODUCTORES DE FRUTAS ARGENTINAS COOP.DE SEG.LDTA,70,5489,Derivacion aorto-renal,13971,95
PRODUCTORES DE FRUTAS ARGENTINAS COOP.DE SEG.LDTA,70,5491,Derivacion paliativa de esofago,13972,94
PRODUCTORES DE FRUTAS ARGENTINAS COOP.DE SEG.LDTA,70,5493,Derivacion ventriculo-peritoneal o similar,13974,93
PRODUCTORES DE FRUTAS ARGENTINAS COOP.DE SEG.LDTA,70,5742,Extraccion de tubo de derivacion,14165,91
PRODUCTORES DE FRUTAS ARGENTINAS COOP.DE SEG.LDTA,70,6435,Revision o restitucion parcial o total de valvula derivativa (en derivaciones ventriculo-peritoneales o similar),14655,92
PRODUCTORES DE FRUTAS ARGENTINAS COOP.DE SEG.LDTA,70,5492,Derivacion pericardio-peritoneal,14959,95
PRODUCTORES DE FRUTAS ARGENTINAS COOP.DE SEG.LDTA,70,5490,Derivacion intestinal interna,15329,93
PRODUCTORES DE FRUTAS ARGENTINAS COOP.DE SEG.LDTA,70,5494,Dermoabrasion,14960,91
PRODUCTORES DE FRUTAS ARGENTINAS COOP.DE SEG.LDTA,70,5495,Dermolipectomia,14961,93
PRODUCTORES DE FRUTAS ARGENTINAS COOP.DE SEG.LDTA,70,5496,Dermolipectomia con ombligo,14963,94
PRODUCTORES DE FRUTAS ARGENTINAS COOP.DE SEG.LDTA,70,5498,Desarticulacion coxo-femoral,13976,95
PRODUCTORES DE FRUTAS ARGENTINAS COOP.DE SEG.LDTA,70,5499,Desarticulacion del brazo,13977,95
PRODUCTORES DE FRUTAS ARGENTINAS COOP.DE SEG.LDTA,70,5500,Desarticulacion escapulo-humeral,13978,95
PRODUCTORES DE FRUTAS ARGENTINAS COOP.DE SEG.LDTA,70,5501,Desarticulacion interescapulo-toracica,13979,94
PRODUCTORES DE FRUTAS ARGENTINAS COOP.DE SEG.LDTA,70,5504,Descompresion orbitaria unilateral,13980,93
PRODUCTORES DE FRUTAS ARGENTINAS COOP.DE SEG.LDTA,70,7507,Descompresion discal con decompressor o similar,15275,98
PRODUCTORES DE FRUTAS ARGENTINAS COOP.DE SEG.LDTA,70,5506,Desgarro de cuello uterino,69300,90
PRODUCTORES DE FRUTAS ARGENTINAS COOP.DE SEG.LDTA,70,5505,Desgarro de cristalino,13981,91
PRODUCTORES DE FRUTAS ARGENTINAS COOP.DE SEG.LDTA,70,5507,Desgarro de vagina / colporrafia o colpocleisis / fuera del trabajo de parto,13983,91
PRODUCTORES DE FRUTAS ARGENTINAS COOP.DE SEG.LDTA,70,5508,Desgarro de vagina y/o esfinter,13984,90
PRODUCTORES DE FRUTAS ARGENTINAS COOP.DE SEG.LDTA,70,5509,Desgarro muscular de cara anterior del muslo,13985,90
PRODUCTORES DE FRUTAS ARGENTINAS COOP.DE SEG.LDTA,70,5510,Desgarro muscular de cara posterior del muslo (paciente en decubito ventral),13986,91
PRODUCTORES DE FRUTAS ARGENTINAS COOP.DE SEG.LDTA,70,6477,Sintesis muscular (desgarro muscular simple),14690,90
PRODUCTORES DE FRUTAS ARGENTINAS COOP.DE SEG.LDTA,70,5511,Determinacion de respuesta neuromoduladora sistemica a la anest.,14965,90
PRODUCTORES DE FRUTAS ARGENTINAS COOP.DE SEG.LDTA,70,5512,Devolvulacion / desinvaginacion intestinal con reseccion intestinal,13987,93
PRODUCTORES DE FRUTAS ARGENTINAS COOP.DE SEG.LDTA,70,5513,Devolvulacion / desinvaginacion intestinal sin reseccion intestinal,13988,91
PRODUCTORES DE FRUTAS ARGENTINAS COOP.DE SEG.LDTA,70,5514,Devolvulacion endoscopica,13989,91
PRODUCTORES DE FRUTAS ARGENTINAS COOP.DE SEG.LDTA,70,5515,Diagnostico estereotaxico para estudios de epilepsia,13990,93
PRODUCTORES DE FRUTAS ARGENTINAS COOP.DE SEG.LDTA,70,5224,Bloquo diagnostico o terapeutico de G de Walther guiado por,14907,92
PRODUCTORES DE FRUTAS ARGENTINAS COOP.DE SEG.LDTA,70,6234,Procedimiento diagnostico para implante de bomba de infusion,15272,94
PRODUCTORES DE FRUTAS ARGENTINAS COOP.DE SEG.LDTA,70,5516,Diastasis del pubis,13992,92
PRODUCTORES DE FRUTAS ARGENTINAS COOP.DE SEG.LDTA,70,5519,Dilatacion colonica por endoscopia,13994,91
PRODUCTORES DE FRUTAS ARGENTINAS COOP.DE SEG.LDTA,70,5520,Dilatacion de esofago,13995,91
PRODUCTORES DE FRUTAS ARGENTINAS COOP.DE SEG.LDTA,70,5521,Dilatacion de esofago/ pilorica / colonica,13998,91
PRODUCTORES DE FRUTAS ARGENTINAS COOP.DE SEG.LDTA,70,5524,Dilatacion endoscopica de estenosis de via biliar,14001,92
PRODUCTORES DE FRUTAS ARGENTINAS COOP.DE SEG.LDTA,70,5525,Dilatacion endoscopica de la via biliar,14002,92
PRODUCTORES DE FRUTAS ARGENTINAS COOP.DE SEG.LDTA,70,5526,Dilatacion pilorica por endoscopia,14003,91
PRODUCTORES DE FRUTAS ARGENTINAS COOP.DE SEG.LDTA,70,5528,Dilatacion uretral por video,14004,90
PRODUCTORES DE FRUTAS ARGENTINAS COOP.DE SEG.LDTA,70,5518,Dilatacion anal,15355,90
PRODUCTORES DE FRUTAS ARGENTINAS COOP.DE SEG.LDTA,70,5527,Dilatacion uretral,15412,89
PRODUCTORES DE FRUTAS ARGENTINAS COOP.DE SEG.LDTA,70,5529,Dinamica renal (renograma isotopico),14966,90
PRODUCTORES DE FRUTAS ARGENTINAS COOP.DE SEG.LDTA,70,5531,Discografia provocativa  (un disco),14967,92
PRODUCTORES DE FRUTAS ARGENTINAS COOP.DE SEG.LDTA,70,5530,Discografia provocativa (dos a tres discos),15253,92
PRODUCTORES DE FRUTAS ARGENTINAS COOP.DE SEG.LDTA,70,5532,Discograma discal diagnostica,14968,94
PRODUCTORES DE FRUTAS ARGENTINAS COOP.DE SEG.LDTA,70,5534,Diseccion de la aorta ascente y/o reemplazo de la aorta,51394,98
PRODUCTORES DE FRUTAS ARGENTINAS COOP.DE SEG.LDTA,70,5535,Diseccion quirurgica para linfadenografia,14969,90
PRODUCTORES DE FRUTAS ARGENTINAS COOP.DE SEG.LDTA,70,5537,Diverticulo de Meckel por via convencional,14006,91
PRODUCTORES DE FRUTAS ARGENTINAS COOP.DE SEG.LDTA,70,5538,Diverticulo de Meckel por videolaparoscopia,14007,92
PRODUCTORES DE FRUTAS ARGENTINAS COOP.DE SEG.LDTA,70,5539,Diverticulo de esofago,14009,93
PRODUCTORES DE FRUTAS ARGENTINAS COOP.DE SEG.LDTA,70,5601,Escision de diverticulo faringo-esofagico,14061,92
PRODUCTORES DE FRUTAS ARGENTINAS COOP.DE SEG.LDTA,70,5001,"Abceso, Flemon, Drenaje",13644,89
PRODUCTORES DE FRUTAS ARGENTINAS COOP.DE SEG.LDTA,70,5548,Drenaje de glandula y o saco lagrimal,14019,90
PRODUCTORES DE FRUTAS ARGENTINAS COOP.DE SEG.LDTA,70,5549,Drenaje del septum,14020,90
PRODUCTORES DE FRUTAS ARGENTINAS COOP.DE SEG.LDTA,70,5550,Drenaje del wirsung,14021,92
PRODUCTORES DE FRUTAS ARGENTINAS COOP.DE SEG.LDTA,70,5551,Drenaje percutaneo de las vias biliares,14022,93
PRODUCTORES DE FRUTAS ARGENTINAS COOP.DE SEG.LDTA,70,5553,Drenaje ventricular continuo,14025,91
PRODUCTORES DE FRUTAS ARGENTINAS COOP.DE SEG.LDTA,70,5590,Epididimotomia y drenaje,14054,90
PRODUCTORES DE FRUTAS ARGENTINAS COOP.DE SEG.LDTA,70,5891,Incision y drenaje de amigdalas o tejido peri-amigdalino,14281,90
PRODUCTORES DE FRUTAS ARGENTINAS COOP.DE SEG.LDTA,70,5892,Incision y drenaje de glandula parotida o submaxilar,14282,90
PRODUCTORES DE FRUTAS ARGENTINAS COOP.DE SEG.LDTA,70,5897,Incision y drenaje de piso de la boca o mejilla,14285,90
PRODUCTORES DE FRUTAS ARGENTINAS COOP.DE SEG.LDTA,70,5900,Incision y/o drenaje de tejido retro-faringeo por via oral,14288,90
PRODUCTORES DE FRUTAS ARGENTINAS COOP.DE SEG.LDTA,70,6175,Pancreatectomia con exploracion y drenaje,14470,94
PRODUCTORES DE FRUTAS ARGENTINAS COOP.DE SEG.LDTA,70,6250,Puncion / drenaje del Douglas,14536,89
PRODUCTORES DE FRUTAS ARGENTINAS COOP.DE SEG.LDTA,70,6391,"Reseccion de lesion local de septum, cornetes, hematoma septal o drenaje del septum",14624,91
PRODUCTORES DE FRUTAS ARGENTINAS COOP.DE SEG.LDTA,70,5895,Incision y drenaje de lesion dentaria,15230,90
PRODUCTORES DE FRUTAS ARGENTINAS COOP.DE SEG.LDTA,70,7592,Pleurodesis quimica por tubo de drenaje,15364,90
PRODUCTORES DE FRUTAS ARGENTINAS COOP.DE SEG.LDTA,70,5893,Incision y drenaje de la auricula,15490,90
PRODUCTORES DE FRUTAS ARGENTINAS COOP.DE SEG.LDTA,70,5555,Duodenopancreatectomia,15310,95
PRODUCTORES DE FRUTAS ARGENTINAS COOP.DE SEG.LDTA,70,6683,Video esofago gastro duodenoscopia Veda,15333,90
PRODUCTORES DE FRUTAS ARGENTINAS COOP.DE SEG.LDTA,70,6684,Video gastro duodenoscopia con polipectomia Veda,15334,90
PRODUCTORES DE FRUTAS ARGENTINAS COOP.DE SEG.LDTA,70,5557,Ecocardiografia transtoracica o transesofagica intra-operatoria,14027,91
PRODUCTORES DE FRUTAS ARGENTINAS COOP.DE SEG.LDTA,70,5558,Ecocardiograma transesofagico,14028,91
PRODUCTORES DE FRUTAS ARGENTINAS COOP.DE SEG.LDTA,70,5560,Ecografia trans-toracica o trans-esofagica intra-operatoria,14972,91
PRODUCTORES DE FRUTAS ARGENTINAS COOP.DE SEG.LDTA,70,6256,Puncion ovarica guiada por ecografia (incluye icsi),15399,91
PRODUCTORES DE FRUTAS ARGENTINAS COOP.DE SEG.LDTA,70,5559,Ecografia de ojo,15520,89
PRODUCTORES DE FRUTAS ARGENTINAS COOP.DE SEG.LDTA,70,5562,Ectropion simple y/o entropion,14975,90
PRODUCTORES DE FRUTAS ARGENTINAS COOP.DE SEG.LDTA,70,7525,Implante de electrodo espinal para estimulacion medular (trial),51347,95
PRODUCTORES DE FRUTAS ARGENTINAS COOP.DE SEG.LDTA,70,5563,Electro-retinograma,14030,89
PRODUCTORES DE FRUTAS ARGENTINAS COOP.DE SEG.LDTA,70,5647,Estudio electrofisiologico,14095,92
PRODUCTORES DE FRUTAS ARGENTINAS COOP.DE SEG.LDTA,70,5565,Emasculacion total con vaciamiento inguino-abdominal,14032,94
PRODUCTORES DE FRUTAS ARGENTINAS COOP.DE SEG.LDTA,70,5566,Embarazo ectopico hemorragico,14033,92
PRODUCTORES DE FRUTAS ARGENTINAS COOP.DE SEG.LDTA,70,5567,Embarazo ectopico no complicado,14034,91
PRODUCTORES DE FRUTAS ARGENTINAS COOP.DE SEG.LDTA,70,5568,Embolectomia de arteria periferica,14035,92
PRODUCTORES DE FRUTAS ARGENTINAS COOP.DE SEG.LDTA,70,5569,Embolectomia renal,15413,90
PRODUCTORES DE FRUTAS ARGENTINAS COOP.DE SEG.LDTA,70,5570,Embolizacion de tumor cerebral por hemodinamia,14036,94
PRODUCTORES DE FRUTAS ARGENTINAS COOP.DE SEG.LDTA,70,5571,Embolizacion de tumor extracraneal por via periferica,14037,92
PRODUCTORES DE FRUTAS ARGENTINAS COOP.DE SEG.LDTA,70,5572,Embolizacion extra-craneal por via periferica,14038,93
PRODUCTORES DE FRUTAS ARGENTINAS COOP.DE SEG.LDTA,70,5573,Embolizacion hepatica,14039,93
PRODUCTORES DE FRUTAS ARGENTINAS COOP.DE SEG.LDTA,70,5575,Embolizacion por via periferica en hemodinamia,14041,91
PRODUCTORES DE FRUTAS ARGENTINAS COOP.DE SEG.LDTA,70,5576,Encefalo-meningocele,14042,94
PRODUCTORES DE FRUTAS ARGENTINAS COOP.DE SEG.LDTA,70,6050,Neumoencefalografia,15530,91
PRODUCTORES DE FRUTAS ARGENTINAS COOP.DE SEG.LDTA,70,6714,Endometriosis Convencional - Laparatomia,60865,93
PRODUCTORES DE FRUTAS ARGENTINAS COOP.DE SEG.LDTA,70,5577,Endometriosis tratamiento por videolaparoscopia,14043,94
PRODUCTORES DE FRUTAS ARGENTINAS COOP.DE SEG.LDTA,70,6685,Video-laparoscopia ginecologica diagnostica (incluye endometriosis y prueba de Cote),14832,92
PRODUCTORES DE FRUTAS ARGENTINAS COOP.DE SEG.LDTA,70,5578,Endoprotesis vasculares perifericas en hemodinamia (no de aorta),14044,94
PRODUCTORES DE FRUTAS ARGENTINAS COOP.DE SEG.LDTA,70,5881,Implante de endoprotesis en arterias o venas toracicas o abdominales,14278,95
PRODUCTORES DE FRUTAS ARGENTINAS COOP.DE SEG.LDTA,70,5579,Endoscopia nasal diagnostica,14045,91
PRODUCTORES DE FRUTAS ARGENTINAS COOP.DE SEG.LDTA,70,5618,Esfenoidectomia por video-endoscopia,14076,93
PRODUCTORES DE FRUTAS ARGENTINAS COOP.DE SEG.LDTA,70,5650,Etmoidectomia por videoendoscopia,14098,93
PRODUCTORES DE FRUTAS ARGENTINAS COOP.DE SEG.LDTA,70,5705,Extraccion de calculo por endoscopia,14131,91
PRODUCTORES DE FRUTAS ARGENTINAS COOP.DE SEG.LDTA,70,6006,Maxilectomia radical por video-endoscopia,14361,93
PRODUCTORES DE FRUTAS ARGENTINAS COOP.DE SEG.LDTA,70,6008,Maxilectomia simple por video-endoscopia,14362,92
PRODUCTORES DE FRUTAS ARGENTINAS COOP.DE SEG.LDTA,70,6228,Polipectomia nasal endoscopica (extirpacion de polipos nasales por video-endoscopia),14521,92
PRODUCTORES DE FRUTAS ARGENTINAS COOP.DE SEG.LDTA,70,6486,"Sinusotomias por videoendoscopia (etmoidectomia, esfenoidectomia, etc)",14699,93
PRODUCTORES DE FRUTAS ARGENTINAS COOP.DE SEG.LDTA,70,6596,Tratamiento de ulceras y fistulas traqueoesofagicas por endoscopias,14764,91
PRODUCTORES DE FRUTAS ARGENTINAS COOP.DE SEG.LDTA,70,7582,Endoscopia con Argon plasma,15338,92
PRODUCTORES DE FRUTAS ARGENTINAS COOP.DE SEG.LDTA,70,6459,Septumplastia por videoendoscopia,15514,92
PRODUCTORES DE FRUTAS ARGENTINAS COOP.DE SEG.LDTA,70,5581,Enfermedad de Quervain,14048,91
PRODUCTORES DE FRUTAS ARGENTINAS COOP.DE SEG.LDTA,70,5582,"Enterolisis como unica intervencion, debridamiento intestinal",60873,92
PRODUCTORES DE FRUTAS ARGENTINAS COOP.DE SEG.LDTA,70,5583,Enterolisis por videolaparoscopia,14049,93
PRODUCTORES DE FRUTAS ARGENTINAS COOP.DE SEG.LDTA,70,5808,Enterolisis,15326,92
PRODUCTORES DE FRUTAS ARGENTINAS COOP.DE SEG.LDTA,70,8100,Enterolisis abdominal laparoscopica (como unica intervencion),15348,92
PRODUCTORES DE FRUTAS ARGENTINAS COOP.DE SEG.LDTA,70,5585,Enterorrafia simple,14050,91
PRODUCTORES DE FRUTAS ARGENTINAS COOP.DE SEG.LDTA,70,5584,Enterorrafia multiple (dos o mas),15327,93
PRODUCTORES DE FRUTAS ARGENTINAS COOP.DE SEG.LDTA,70,7588,Enteroscopia alta,15344,93
PRODUCTORES DE FRUTAS ARGENTINAS COOP.DE SEG.LDTA,70,7589,Enteroscopia baja,15345,93
PRODUCTORES DE FRUTAS ARGENTINAS COOP.DE SEG.LDTA,70,7590,Enteroscopia mixta 100% mas 75%,15346,93
PRODUCTORES DE FRUTAS ARGENTINAS COOP.DE SEG.LDTA,70,5586,Enterostomia temporaria o definitiva,14051,91
PRODUCTORES DE FRUTAS ARGENTINAS COOP.DE SEG.LDTA,70,5587,Enucleacion ocular,14052,91
PRODUCTORES DE FRUTAS ARGENTINAS COOP.DE SEG.LDTA,70,5588,Epicanto,14976,90
PRODUCTORES DE FRUTAS ARGENTINAS COOP.DE SEG.LDTA,70,5589,Epididimectomia,14053,91
PRODUCTORES DE FRUTAS ARGENTINAS COOP.DE SEG.LDTA,70,5591,Epidurograma,14977,95
PRODUCTORES DE FRUTAS ARGENTINAS COOP.DE SEG.LDTA,70,5592,Epiduroplastia (incluye dosis esteroides por cateter),15273,94
PRODUCTORES DE FRUTAS ARGENTINAS COOP.DE SEG.LDTA,70,5593,Epiduroscopia,14978,95
PRODUCTORES DE FRUTAS ARGENTINAS COOP.DE SEG.LDTA,70,5594,Epifisiolisis,14055,91
PRODUCTORES DE FRUTAS ARGENTINAS COOP.DE SEG.LDTA,70,5595,Epifisiolisis de la cabeza femoral (desplazamiento del nucleo epifisiario en relacion al cuello femoral),14056,92
PRODUCTORES DE FRUTAS ARGENTINAS COOP.DE SEG.LDTA,70,5596,Episiorrafia,14057,90
PRODUCTORES DE FRUTAS ARGENTINAS COOP.DE SEG.LDTA,70,5597,Escapula alata,14059,93
PRODUCTORES DE FRUTAS ARGENTINAS COOP.DE SEG.LDTA,70,6126,Operacion de hueso escapular,14431,91
PRODUCTORES DE FRUTAS ARGENTINAS COOP.DE SEG.LDTA,70,6140,"Osteosintesis de clavicula, costilla o escapula",14442,92
PRODUCTORES DE FRUTAS ARGENTINAS COOP.DE SEG.LDTA,70,5598,"Escara, reseccion con el paciente en decubito dorsal o lateral",15225,90
PRODUCTORES DE FRUTAS ARGENTINAS COOP.DE SEG.LDTA,70,6382,Reseccion de escara con el paciente en decubito lateral o dorsal,15234,91
PRODUCTORES DE FRUTAS ARGENTINAS COOP.DE SEG.LDTA,70,5599,"Escara, reseccion con el paciente en decubito ventral",15237,91
PRODUCTORES DE FRUTAS ARGENTINAS COOP.DE SEG.LDTA,70,6383,Reseccion de escara con el paciente en decubito ventral,15256,92
PRODUCTORES DE FRUTAS ARGENTINAS COOP.DE SEG.LDTA,70,5602,Escision de lesion conjuntival,14062,90
PRODUCTORES DE FRUTAS ARGENTINAS COOP.DE SEG.LDTA,70,5604,Escision de lesion local de conducto auditivo externo (CAE),14063,89
PRODUCTORES DE FRUTAS ARGENTINAS COOP.DE SEG.LDTA,70,5605,Escision de lesion local de parpados,14064,90
PRODUCTORES DE FRUTAS ARGENTINAS COOP.DE SEG.LDTA,70,5606,Escision de lesion localizada superficial de lengua,14065,90
PRODUCTORES DE FRUTAS ARGENTINAS COOP.DE SEG.LDTA,70,5607,Escision de lesion primaria de encias mas vaciamiento cervical,14066,93
PRODUCTORES DE FRUTAS ARGENTINAS COOP.DE SEG.LDTA,70,5608,Escision de polipo retrocoanal,14067,90
PRODUCTORES DE FRUTAS ARGENTINAS COOP.DE SEG.LDTA,70,5609,Escision de tumor del cavum (rino-faringe),14068,93
PRODUCTORES DE FRUTAS ARGENTINAS COOP.DE SEG.LDTA,70,5610,Escision de tumores endonasales por rinotomia lateral,14069,92
PRODUCTORES DE FRUTAS ARGENTINAS COOP.DE SEG.LDTA,70,5611,Escision local de lesion de labio,14070,89
PRODUCTORES DE FRUTAS ARGENTINAS COOP.DE SEG.LDTA,70,5614,Escision radical de tumor de naso-faringe (cavum),14072,93
PRODUCTORES DE FRUTAS ARGENTINAS COOP.DE SEG.LDTA,70,6129,Orbitotomia con escision de lesion de orbita,14434,91
PRODUCTORES DE FRUTAS ARGENTINAS COOP.DE SEG.LDTA,70,5603,"Escision de lesion de conductos linfaticos (linfangioma, higroma)",14979,92
PRODUCTORES DE FRUTAS ARGENTINAS COOP.DE SEG.LDTA,70,5613,Escision radical de glandula submaxilar,15500,92
PRODUCTORES DE FRUTAS ARGENTINAS COOP.DE SEG.LDTA,70,5615,Esclerotomia,14073,91
PRODUCTORES DE FRUTAS ARGENTINAS COOP.DE SEG.LDTA,70,5617,Escrotoplastia,14075,91
PRODUCTORES DE FRUTAS ARGENTINAS COOP.DE SEG.LDTA,70,5619,Esfinteroplastia con colostomia,14077,92
PRODUCTORES DE FRUTAS ARGENTINAS COOP.DE SEG.LDTA,70,5620,Esfinteroplastia tipo plicatura,14078,91
PRODUCTORES DE FRUTAS ARGENTINAS COOP.DE SEG.LDTA,70,5621,Esfinterotomia - esfinterectomia,14079,89
PRODUCTORES DE FRUTAS ARGENTINAS COOP.DE SEG.LDTA,70,6015,Megaesofago,14367,93
PRODUCTORES DE FRUTAS ARGENTINAS COOP.DE SEG.LDTA,70,6190,Perforaciones de esofago,14484,93
PRODUCTORES DE FRUTAS ARGENTINAS COOP.DE SEG.LDTA,70,6335,Reemplazo de esofago,14579,95
PRODUCTORES DE FRUTAS ARGENTINAS COOP.DE SEG.LDTA,70,6384,Reseccion de esofago,14617,94
PRODUCTORES DE FRUTAS ARGENTINAS COOP.DE SEG.LDTA,70,5622,Esofago-gastrectomia,15319,98
PRODUCTORES DE FRUTAS ARGENTINAS COOP.DE SEG.LDTA,70,5623,Esofagostomia,15320,92
PRODUCTORES DE FRUTAS ARGENTINAS COOP.DE SEG.LDTA,70,5624,Esofaguectomia por videolaparoscopia,14080,95
PRODUCTORES DE FRUTAS ARGENTINAS COOP.DE SEG.LDTA,70,5625,Esofaguectomia total,15321,94
PRODUCTORES DE FRUTAS ARGENTINAS COOP.DE SEG.LDTA,70,7519,Implante definitivo de cateter espinal para bomba intratecal de morfina,51348,98
PRODUCTORES DE FRUTAS ARGENTINAS COOP.DE SEG.LDTA,70,5626,Espina bifida,14081,94
PRODUCTORES DE FRUTAS ARGENTINAS COOP.DE SEG.LDTA,70,5627,Esplenectomia electiva,14082,92
PRODUCTORES DE FRUTAS ARGENTINAS COOP.DE SEG.LDTA,70,5628,Esplenectomia laparoscopica,14083,94
PRODUCTORES DE FRUTAS ARGENTINAS COOP.DE SEG.LDTA,70,5631,Esplenectomia por videolaparoscopia,14084,94
PRODUCTORES DE FRUTAS ARGENTINAS COOP.DE SEG.LDTA,70,5799,Gastrectomia total con o sin esplenectomia,14202,95
PRODUCTORES DE FRUTAS ARGENTINAS COOP.DE SEG.LDTA,70,5629,Esplenectomia por rotura de bazo,15307,93
PRODUCTORES DE FRUTAS ARGENTINAS COOP.DE SEG.LDTA,70,5630,Esplenectomia por toracotomia,15309,94
PRODUCTORES DE FRUTAS ARGENTINAS COOP.DE SEG.LDTA,70,5632,Espleno-portografia,15306,91
PRODUCTORES DE FRUTAS ARGENTINAS COOP.DE SEG.LDTA,70,5633,Esplenopancreatectomia corporo-caudal,15311,95
PRODUCTORES DE FRUTAS ARGENTINAS COOP.DE SEG.LDTA,70,5634,Esqueletizacion del sistema venoso valvular o avalvular,14085,92
PRODUCTORES DE FRUTAS ARGENTINAS COOP.DE SEG.LDTA,70,5635,Esquiascopias,14086,89
PRODUCTORES DE FRUTAS ARGENTINAS COOP.DE SEG.LDTA,70,5636,Estafiloma,14087,90
PRODUCTORES DE FRUTAS ARGENTINAS COOP.DE SEG.LDTA,70,5638,Estapedectomia,15493,93
PRODUCTORES DE FRUTAS ARGENTINAS COOP.DE SEG.LDTA,70,5639,Estenosis traqueal sub-glotica,14089,92
PRODUCTORES DE FRUTAS ARGENTINAS COOP.DE SEG.LDTA,70,5641,Estimulacion electrica transcutanea (EET): c/24 hs o fraccion,14981,90
PRODUCTORES DE FRUTAS ARGENTINAS COOP.DE SEG.LDTA,70,5642,Estomatoplastia con injerto (inlcuye toma),14090,93
PRODUCTORES DE FRUTAS ARGENTINAS COOP.DE SEG.LDTA,70,5643,Estrabismo  mas de  dos musculos,14091,92
PRODUCTORES DE FRUTAS ARGENTINAS COOP.DE SEG.LDTA,70,5644,Estrabismo (dos musculos),14092,91
PRODUCTORES DE FRUTAS ARGENTINAS COOP.DE SEG.LDTA,70,5645,Estrabismo bilateral,14093,94
PRODUCTORES DE FRUTAS ARGENTINAS COOP.DE SEG.LDTA,70,5646,Estrabismo mas de cuatro musculos,14094,93
PRODUCTORES DE FRUTAS ARGENTINAS COOP.DE SEG.LDTA,70,5648,Etmoidectomia endoscopica,14096,93
PRODUCTORES DE FRUTAS ARGENTINAS COOP.DE SEG.LDTA,70,5649,Etmoidectomia interna,14097,92
PRODUCTORES DE FRUTAS ARGENTINAS COOP.DE SEG.LDTA,70,5651,Evacuacion de hematoma extradural / subdural / intracerebral,14099,94
PRODUCTORES DE FRUTAS ARGENTINAS COOP.DE SEG.LDTA,70,5652,Evacuacion por puncion de coleccion intra-cerebral o extra-cerebral,14100,93
PRODUCTORES DE FRUTAS ARGENTINAS COOP.DE SEG.LDTA,70,5653,Eventracion,15295,92
PRODUCTORES DE FRUTAS ARGENTINAS COOP.DE SEG.LDTA,70,5655,Evisceracion ocular,14101,91
PRODUCTORES DE FRUTAS ARGENTINAS COOP.DE SEG.LDTA,70,5656,Examen con lampara de hendidura,14102,89
PRODUCTORES DE FRUTAS ARGENTINAS COOP.DE SEG.LDTA,70,5659,Excentracion del contenido orbitario con reseccion total del maxilar superior,14105,94
PRODUCTORES DE FRUTAS ARGENTINAS COOP.DE SEG.LDTA,70,5660,Excentracion del contenido orbitario y/o peri-orbitario,14106,92
PRODUCTORES DE FRUTAS ARGENTINAS COOP.DE SEG.LDTA,70,5662,Exeresis de neuroma de Morton (tumoracion dolorosa de los nervios del pie),14107,92
PRODUCTORES DE FRUTAS ARGENTINAS COOP.DE SEG.LDTA,70,5663,Exeresis de tumor hepatico por radiofrecuencia,14108,93
PRODUCTORES DE FRUTAS ARGENTINAS COOP.DE SEG.LDTA,70,5757,Facofragmentacion y facoexeresis,14173,92
PRODUCTORES DE FRUTAS ARGENTINAS COOP.DE SEG.LDTA,70,5962,Ligadura sub-aponeurotica de perforantes mas safenectomia interna con o sin exeresis escalonada de colaterales,14330,93
PRODUCTORES DE FRUTAS ARGENTINAS COOP.DE SEG.LDTA,70,6116,Operacion de Cockett mas safenectomia interna con exeresis escalonada de colaterales insuficientes,14421,93
PRODUCTORES DE FRUTAS ARGENTINAS COOP.DE SEG.LDTA,70,6447,Safenectomia interna unilateral con exeresis escalonada,14662,93
PRODUCTORES DE FRUTAS ARGENTINAS COOP.DE SEG.LDTA,70,5661,Exeresis de ganglio centinela,14982,91
PRODUCTORES DE FRUTAS ARGENTINAS COOP.DE SEG.LDTA,70,5664,Exoftalmia endocrina o de otras causas,14983,93
PRODUCTORES DE FRUTAS ARGENTINAS COOP.DE SEG.LDTA,70,5665,Expansor de cuero cabelludo,14984,93
PRODUCTORES DE FRUTAS ARGENTINAS COOP.DE SEG.LDTA,70,5666,Exploracion  de hombro doloroso,14109,92
PRODUCTORES DE FRUTAS ARGENTINAS COOP.DE SEG.LDTA,70,5668,Exploracion de arteria periferica,14111,92
PRODUCTORES DE FRUTAS ARGENTINAS COOP.DE SEG.LDTA,70,5669,Exploracion de columna por via anterior,14112,93
PRODUCTORES DE FRUTAS ARGENTINAS COOP.DE SEG.LDTA,70,5670,Exploracion de heridas en partes blandas,14113,91
PRODUCTORES DE FRUTAS ARGENTINAS COOP.DE SEG.LDTA,70,5674,Exploracion del plexo cervico-braquial,14117,92
PRODUCTORES DE FRUTAS ARGENTINAS COOP.DE SEG.LDTA,70,5675,Exploracion del plexo lumbo-sacro,14118,93
PRODUCTORES DE FRUTAS ARGENTINAS COOP.DE SEG.LDTA,70,5766,Fistula biliar con exploracion de vias biliares,14181,93
PRODUCTORES DE FRUTAS ARGENTINAS COOP.DE SEG.LDTA,70,6295,Re-exploracion de tiroides y/o paratiroides (ejemplo:post-sangrado),14564,91
PRODUCTORES DE FRUTAS ARGENTINAS COOP.DE SEG.LDTA,70,5689,Extirpacion de polipos nasales,14124,91
PRODUCTORES DE FRUTAS ARGENTINAS COOP.DE SEG.LDTA,70,5694,Extirpacion de quiste tirogloso,14125,91
PRODUCTORES DE FRUTAS ARGENTINAS COOP.DE SEG.LDTA,70,5696,Extirpacion de tumor de partes blandas de miembro superior o inferior,14127,90
PRODUCTORES DE FRUTAS ARGENTINAS COOP.DE SEG.LDTA,70,5699,Extirpacion de tumor vesical por laparotomia,14128,92
PRODUCTORES DE FRUTAS ARGENTINAS COOP.DE SEG.LDTA,70,5993,Marsupializacion / extirpacion de glandula de Bartholino,14355,90
PRODUCTORES DE FRUTAS ARGENTINAS COOP.DE SEG.LDTA,70,5677,Extirpacion de angioma,14985,91
PRODUCTORES DE FRUTAS ARGENTINAS COOP.DE SEG.LDTA,70,5684,"Extirpacion de nevus (hasta 3), en cabeza y cuello",14986,90
PRODUCTORES DE FRUTAS ARGENTINAS COOP.DE SEG.LDTA,70,5685,"Extirpacion de nevus (hasta 3), excepto en cabeza y cuello",14987,89
PRODUCTORES DE FRUTAS ARGENTINAS COOP.DE SEG.LDTA,70,5688,"Extirpacion de papilomas (hasta 5), excepto en cabeza y cuello",14988,89
PRODUCTORES DE FRUTAS ARGENTINAS COOP.DE SEG.LDTA,70,5690,Extirpacion de quiste congenito tirogloso y similares,14989,91
PRODUCTORES DE FRUTAS ARGENTINAS COOP.DE SEG.LDTA,70,5692,Extirpacion de quiste sebaceo en cabeza y/o cuello,14990,90
PRODUCTORES DE FRUTAS ARGENTINAS COOP.DE SEG.LDTA,70,5693,"Extirpacion de quiste sebaceo, excepto en cabeza y cuello",14991,89
PRODUCTORES DE FRUTAS ARGENTINAS COOP.DE SEG.LDTA,70,5697,Extirpacion de tumor osea mas reconstruccion,14992,93
PRODUCTORES DE FRUTAS ARGENTINAS COOP.DE SEG.LDTA,70,5698,Extirpacion de tumor oseo,14993,92
PRODUCTORES DE FRUTAS ARGENTINAS COOP.DE SEG.LDTA,70,5683,Extirpacion de mas de 5 papilomas; excepto en cabeza y cuello,15222,90
PRODUCTORES DE FRUTAS ARGENTINAS COOP.DE SEG.LDTA,70,5687,Extirpacion de nevus (mas de 3); excepto en cabeza y cuello,15224,90
PRODUCTORES DE FRUTAS ARGENTINAS COOP.DE SEG.LDTA,70,5702,Extirpacion parcial de nariz,15229,90
PRODUCTORES DE FRUTAS ARGENTINAS COOP.DE SEG.LDTA,70,5701,Extirpacion dentaria,15231,90
PRODUCTORES DE FRUTAS ARGENTINAS COOP.DE SEG.LDTA,70,5686,Extirpacion de nevus (mas de 3); en cabeza y cuello,15239,91
PRODUCTORES DE FRUTAS ARGENTINAS COOP.DE SEG.LDTA,70,6244,Proctectomia (extirpacion del recto),15357,92
PRODUCTORES DE FRUTAS ARGENTINAS COOP.DE SEG.LDTA,70,7602,Extirpacion de calculos endovesicales a cielo abierto,15425,93
PRODUCTORES DE FRUTAS ARGENTINAS COOP.DE SEG.LDTA,70,7603,Extirpacion de calculos endovesicales por citoscopia,15426,94
PRODUCTORES DE FRUTAS ARGENTINAS COOP.DE SEG.LDTA,70,5682,Extirpacion de ganglion,15449,90
PRODUCTORES DE FRUTAS ARGENTINAS COOP.DE SEG.LDTA,70,5691,Extirpacion de quiste muscular,15454,90
PRODUCTORES DE FRUTAS ARGENTINAS COOP.DE SEG.LDTA,70,5700,Extirpacion del coccix,15483,91
PRODUCTORES DE FRUTAS ARGENTINAS COOP.DE SEG.LDTA,70,5695,Extirpacion de ranula,15496,90
PRODUCTORES DE FRUTAS ARGENTINAS COOP.DE SEG.LDTA,70,6710,Extraccion de Implante Mamario,60861,93
PRODUCTORES DE FRUTAS ARGENTINAS COOP.DE SEG.LDTA,70,6711,Extraccion de Implante Mamario mas Pexia,60862,94
PRODUCTORES DE FRUTAS ARGENTINAS COOP.DE SEG.LDTA,70,5703,Extraccion cruenta de calculos salivales,14129,90
PRODUCTORES DE FRUTAS ARGENTINAS COOP.DE SEG.LDTA,70,5706,Extraccion de calculo por via endoscopica,14132,90
PRODUCTORES DE FRUTAS ARGENTINAS COOP.DE SEG.LDTA,70,5707,Extraccion de cateter central / cateter doble Y / tunelizado / cateter para quimioterapia,14133,90
PRODUCTORES DE FRUTAS ARGENTINAS COOP.DE SEG.LDTA,70,5708,Extraccion de cateter central / doble Y / tunelizado / similares,14134,90
PRODUCTORES DE FRUTAS ARGENTINAS COOP.DE SEG.LDTA,70,5711,Extraccion de clavo intramedular,14135,92
PRODUCTORES DE FRUTAS ARGENTINAS COOP.DE SEG.LDTA,70,5729,Extraccion de material de osteosintesis de columna,14152,92
PRODUCTORES DE FRUTAS ARGENTINAS COOP.DE SEG.LDTA,70,5730,"Extraccion de material de osteosintesis de miembro superior (placas, tornillos, etc)",14154,90
PRODUCTORES DE FRUTAS ARGENTINAS COOP.DE SEG.LDTA,70,5733,Extraccion de protesis de columna,14157,93
PRODUCTORES DE FRUTAS ARGENTINAS COOP.DE SEG.LDTA,70,5734,Extraccion de protesis de rodilla (1 elemento),14158,92
PRODUCTORES DE FRUTAS ARGENTINAS COOP.DE SEG.LDTA,70,5737,Extraccion de protesis total de rodilla,14160,92
PRODUCTORES DE FRUTAS ARGENTINAS COOP.DE SEG.LDTA,70,5739,Extraccion de puntos de la conjuntiva,14162,89
PRODUCTORES DE FRUTAS ARGENTINAS COOP.DE SEG.LDTA,70,5740,Extraccion de puntos de parpados,14163,89
PRODUCTORES DE FRUTAS ARGENTINAS COOP.DE SEG.LDTA,70,5741,Extraccion de taponaje de loge prostatica,14164,90
PRODUCTORES DE FRUTAS ARGENTINAS COOP.DE SEG.LDTA,70,5743,Extraccion de tutor externo,14166,90
PRODUCTORES DE FRUTAS ARGENTINAS COOP.DE SEG.LDTA,70,5748,Extraccion extra-capsular de cristalino,14167,92
PRODUCTORES DE FRUTAS ARGENTINAS COOP.DE SEG.LDTA,70,5749,Extraccion intra-capsular de cristalino,14168,92
PRODUCTORES DE FRUTAS ARGENTINAS COOP.DE SEG.LDTA,70,5750,Extraccion manual de placenta como unico procedimiento,14169,90
PRODUCTORES DE FRUTAS ARGENTINAS COOP.DE SEG.LDTA,70,6432,"Revision de protesis de hombro, solo su extraccion",14652,93
PRODUCTORES DE FRUTAS ARGENTINAS COOP.DE SEG.LDTA,70,6550,Toillete cardiaco post-quirurgico con o sin extraccion de alambres,15188,94
PRODUCTORES DE FRUTAS ARGENTINAS COOP.DE SEG.LDTA,70,5744,Extraccion dentaria hasta 3 piezas,15236,91
PRODUCTORES DE FRUTAS ARGENTINAS COOP.DE SEG.LDTA,70,5751,Extracciones dentarias multiples,15255,92
PRODUCTORES DE FRUTAS ARGENTINAS COOP.DE SEG.LDTA,70,7586,Extraccion de balon intragastrico,15342,92
PRODUCTORES DE FRUTAS ARGENTINAS COOP.DE SEG.LDTA,70,8110,Extraccion de cateter de doble “J” (tipo pig-tail o similares),15414,90
PRODUCTORES DE FRUTAS ARGENTINAS COOP.DE SEG.LDTA,70,8112,Extraccion de cateter de pig-tail,15421,90
PRODUCTORES DE FRUTAS ARGENTINAS COOP.DE SEG.LDTA,70,5745,Extraccion dentaria (pieza unica),15498,90
PRODUCTORES DE FRUTAS ARGENTINAS COOP.DE SEG.LDTA,70,5746,Extraccion dentaria de piezas multiples,15501,92
PRODUCTORES DE FRUTAS ARGENTINAS COOP.DE SEG.LDTA,70,5728,Extraccion de masas cristalinas,15527,91
PRODUCTORES DE FRUTAS ARGENTINAS COOP.DE SEG.LDTA,70,5758,Faringoplastia,14174,93
PRODUCTORES DE FRUTAS ARGENTINAS COOP.DE SEG.LDTA,70,5760,Fenestracion del conducto semicircular externo,14176,93
PRODUCTORES DE FRUTAS ARGENTINAS COOP.DE SEG.LDTA,70,5761,Feocromocitoma,14177,95
PRODUCTORES DE FRUTAS ARGENTINAS COOP.DE SEG.LDTA,70,7527,Feocromocitoma por video-laparoscopia,15387,98
PRODUCTORES DE FRUTAS ARGENTINAS COOP.DE SEG.LDTA,70,6324,Reduccion cruenta de luxacion o fractura de columna sin fijacion,14572,93
PRODUCTORES DE FRUTAS ARGENTINAS COOP.DE SEG.LDTA,70,6429,Revision de fijacion de columna,14649,98
PRODUCTORES DE FRUTAS ARGENTINAS COOP.DE SEG.LDTA,70,5762,Fijacion interdentaria,15489,91
PRODUCTORES DE FRUTAS ARGENTINAS COOP.DE SEG.LDTA,70,5763,Fimosis / parafimosis / postioplastia,14178,91
PRODUCTORES DE FRUTAS ARGENTINAS COOP.DE SEG.LDTA,70,5764,Fistula anal / fistulectomia / fistulotomia,14179,90
PRODUCTORES DE FRUTAS ARGENTINAS COOP.DE SEG.LDTA,70,5765,Fistula arterio-venosa para hemodialisis,14180,92
PRODUCTORES DE FRUTAS ARGENTINAS COOP.DE SEG.LDTA,70,5768,Fistula umbilical,14182,91
PRODUCTORES DE FRUTAS ARGENTINAS COOP.DE SEG.LDTA,70,5770,Fistula vagino-perineal,14184,91
PRODUCTORES DE FRUTAS ARGENTINAS COOP.DE SEG.LDTA,70,5771,Fistula vesico-parietal,14185,91
PRODUCTORES DE FRUTAS ARGENTINAS COOP.DE SEG.LDTA,70,5772,Fistula vesico-rectal,14186,91
PRODUCTORES DE FRUTAS ARGENTINAS COOP.DE SEG.LDTA,70,5773,Fistula vesico-ureteral,14187,91
PRODUCTORES DE FRUTAS ARGENTINAS COOP.DE SEG.LDTA,70,5767,Fistula en columna,15484,93
PRODUCTORES DE FRUTAS ARGENTINAS COOP.DE SEG.LDTA,70,5775,Fistulografia,14189,89
PRODUCTORES DE FRUTAS ARGENTINAS COOP.DE SEG.LDTA,70,5776,Fisura anal,14190,90
PRODUCTORES DE FRUTAS ARGENTINAS COOP.DE SEG.LDTA,70,5859,"Hipertelorismo, fisura facial media",14262,98
PRODUCTORES DE FRUTAS ARGENTINAS COOP.DE SEG.LDTA,70,5939,"Laringotomia mediana, laringofisura, como unica operacion",14309,92
PRODUCTORES DE FRUTAS ARGENTINAS COOP.DE SEG.LDTA,70,5777,"Fisura congenita del esqueleto facial (Treacher Collins, etc.)",14996,95
PRODUCTORES DE FRUTAS ARGENTINAS COOP.DE SEG.LDTA,70,5778,Flebectomia segmentaria / varices residuales como unica operacion,14191,91
PRODUCTORES DE FRUTAS ARGENTINAS COOP.DE SEG.LDTA,70,6448,Safenectomia interna unilateral con flebectomia segmentaria o de varices residuales,14663,93
PRODUCTORES DE FRUTAS ARGENTINAS COOP.DE SEG.LDTA,70,6591,Tratamiento con laser mas flebectomia segmentaria,14759,94
PRODUCTORES DE FRUTAS ARGENTINAS COOP.DE SEG.LDTA,70,5779,Flebografia de miembros,14192,90
PRODUCTORES DE FRUTAS ARGENTINAS COOP.DE SEG.LDTA,70,5780,Flemon de mano,14193,90
PRODUCTORES DE FRUTAS ARGENTINAS COOP.DE SEG.LDTA,70,5781,Flemon de pared,15360,89
PRODUCTORES DE FRUTAS ARGENTINAS COOP.DE SEG.LDTA,70,5782,Fondo de ojo,14194,89
PRODUCTORES DE FRUTAS ARGENTINAS COOP.DE SEG.LDTA,70,5783,Formacion de vagina artificial,14196,95
PRODUCTORES DE FRUTAS ARGENTINAS COOP.DE SEG.LDTA,70,6128,Operaciones plasticas de malformaciones  congenitas ano-rectales con 1 o 2 equipos,14433,95
PRODUCTORES DE FRUTAS ARGENTINAS COOP.DE SEG.LDTA,70,6130,Oreja en asa y otras malformaciones,15098,91
PRODUCTORES DE FRUTAS ARGENTINAS COOP.DE SEG.LDTA,70,5785,Fractura bi-maleolar de tobillo (osteosintesis de tibia y perone por distintas vias),14198,93
PRODUCTORES DE FRUTAS ARGENTINAS COOP.DE SEG.LDTA,70,5789,Fractura del peñasco (tratamiento quirurgico),14199,94
PRODUCTORES DE FRUTAS ARGENTINAS COOP.DE SEG.LDTA,70,5966,Limpieza quirurgica de fractura expuesta (no de femur),14334,91
PRODUCTORES DE FRUTAS ARGENTINAS COOP.DE SEG.LDTA,70,5967,Limpieza quirurgica de fractura expuesta de femur,14335,92
PRODUCTORES DE FRUTAS ARGENTINAS COOP.DE SEG.LDTA,70,5968,Limpieza quirurgica de fractura expuesta de miembro superior,14338,91
PRODUCTORES DE FRUTAS ARGENTINAS COOP.DE SEG.LDTA,70,6147,Osteosintesis de fractura de pelvis,14446,94
PRODUCTORES DE FRUTAS ARGENTINAS COOP.DE SEG.LDTA,70,6148,Osteosintesis de fractura de platillo tibial,14448,93
PRODUCTORES DE FRUTAS ARGENTINAS COOP.DE SEG.LDTA,70,6327,Reduccion de fractura o luxacion de coccix,14574,93
PRODUCTORES DE FRUTAS ARGENTINAS COOP.DE SEG.LDTA,70,6332,Reduccion quirurgica / osteosintesis de fractura de maxilar superior e inferior,14577,93
PRODUCTORES DE FRUTAS ARGENTINAS COOP.DE SEG.LDTA,70,6333,Reduccion quirurgica / osteosintesis de fracturas en general,14578,92
PRODUCTORES DE FRUTAS ARGENTINAS COOP.DE SEG.LDTA,70,5786,Fractura compleja de maxilares y huesos de la cara,14998,94
PRODUCTORES DE FRUTAS ARGENTINAS COOP.DE SEG.LDTA,70,5787,Fractura compleja de orbita/ reduccion/ osteosintesis y/o injerto,14999,93
PRODUCTORES DE FRUTAS ARGENTINAS COOP.DE SEG.LDTA,70,5788,Fractura de orbita y/o malar,15000,93
PRODUCTORES DE FRUTAS ARGENTINAS COOP.DE SEG.LDTA,70,5790,"Fractura nasal asociada (naso-orbitaria, etc.)",15001,92
PRODUCTORES DE FRUTAS ARGENTINAS COOP.DE SEG.LDTA,70,5791,Fractura simple,15002,90
PRODUCTORES DE FRUTAS ARGENTINAS COOP.DE SEG.LDTA,70,5792,"Fractura simple de orbita, reduccion y osteosintesis",15003,91
PRODUCTORES DE FRUTAS ARGENTINAS COOP.DE SEG.LDTA,70,6326,Reduccion de fractura nasal,15228,90
PRODUCTORES DE FRUTAS ARGENTINAS COOP.DE SEG.LDTA,70,7591,Osteosintesis fracturas costales,15363,93
PRODUCTORES DE FRUTAS ARGENTINAS COOP.DE SEG.LDTA,70,8114,Reduccion incruenta de fracturas,15436,90
PRODUCTORES DE FRUTAS ARGENTINAS COOP.DE SEG.LDTA,70,6137,"Osteosintesis (reduccion quirurgica) de fractura: carpo, tarso, humero, cubito, radio, clavicula, costilla, externon, rotula, etc.",15438,92
PRODUCTORES DE FRUTAS ARGENTINAS COOP.DE SEG.LDTA,70,5793,Fractura supracondilea de codo,15465,92
PRODUCTORES DE FRUTAS ARGENTINAS COOP.DE SEG.LDTA,70,6322,Reduccion cruenta de fractura de pelvis,15482,93
PRODUCTORES DE FRUTAS ARGENTINAS COOP.DE SEG.LDTA,70,5794,Frenulotomia,15405,89
PRODUCTORES DE FRUTAS ARGENTINAS COOP.DE SEG.LDTA,70,5795,Fulguracion corneal con o sin raspado,14200,89
PRODUCTORES DE FRUTAS ARGENTINAS COOP.DE SEG.LDTA,70,5796,Fulguracion de neo de recto,14201,91
PRODUCTORES DE FRUTAS ARGENTINAS COOP.DE SEG.LDTA,70,5798,Gastrectomia subtotal,15316,94
PRODUCTORES DE FRUTAS ARGENTINAS COOP.DE SEG.LDTA,70,5800,Gastrectomia total por toraco-laparotomia,15317,95
PRODUCTORES DE FRUTAS ARGENTINAS COOP.DE SEG.LDTA,70,5797,Gastrectomia por videolaparoscopia,15318,95
PRODUCTORES DE FRUTAS ARGENTINAS COOP.DE SEG.LDTA,70,5802,Gastroquisis (tratamiento quirurgico),14204,95
PRODUCTORES DE FRUTAS ARGENTINAS COOP.DE SEG.LDTA,70,6604,Tratamiento quirurgico de la gastroquisis,14768,95
PRODUCTORES DE FRUTAS ARGENTINAS COOP.DE SEG.LDTA,70,5803,Gastrorrafia / herida o traumatismo estomago,14205,92
PRODUCTORES DE FRUTAS ARGENTINAS COOP.DE SEG.LDTA,70,5807,Gastrostomia por via endoscopica,14207,91
PRODUCTORES DE FRUTAS ARGENTINAS COOP.DE SEG.LDTA,70,5806,Gastrostomia percutanea,15312,91
PRODUCTORES DE FRUTAS ARGENTINAS COOP.DE SEG.LDTA,70,5809,Ginecomastia unilateral / mama supernumeraria,14209,92
PRODUCTORES DE FRUTAS ARGENTINAS COOP.DE SEG.LDTA,70,5810,Gingivectomia parcial por tumores,14210,91
PRODUCTORES DE FRUTAS ARGENTINAS COOP.DE SEG.LDTA,70,5811,Gingivectomia total ampliada,14211,92
PRODUCTORES DE FRUTAS ARGENTINAS COOP.DE SEG.LDTA,70,6112,Operacion comando de lengua (glosectomia total),14417,95
PRODUCTORES DE FRUTAS ARGENTINAS COOP.DE SEG.LDTA,70,5812,Glosectomia subtotal,15503,93
PRODUCTORES DE FRUTAS ARGENTINAS COOP.DE SEG.LDTA,70,5813,Glosoplastia,14212,90
PRODUCTORES DE FRUTAS ARGENTINAS COOP.DE SEG.LDTA,70,5815,Gonioscopia,14213,89
PRODUCTORES DE FRUTAS ARGENTINAS COOP.DE SEG.LDTA,70,5818,Granuloma de traquea,14215,91
PRODUCTORES DE FRUTAS ARGENTINAS COOP.DE SEG.LDTA,70,5817,"Grandes quemados, injertos",15005,93
PRODUCTORES DE FRUTAS ARGENTINAS COOP.DE SEG.LDTA,70,5819,Hallux valgus completo unilateral,14217,91
PRODUCTORES DE FRUTAS ARGENTINAS COOP.DE SEG.LDTA,70,5820,Hematoma retroperitoneal,14218,92
PRODUCTORES DE FRUTAS ARGENTINAS COOP.DE SEG.LDTA,70,6628,Tumor de pared (hematoma supra-infra aponeurotico),14789,91
PRODUCTORES DE FRUTAS ARGENTINAS COOP.DE SEG.LDTA,70,5822,Hemi-paratiroidectomia,14220,92
PRODUCTORES DE FRUTAS ARGENTINAS COOP.DE SEG.LDTA,70,5825,Hemihepatectomia,14224,95
PRODUCTORES DE FRUTAS ARGENTINAS COOP.DE SEG.LDTA,70,5826,Hemitiroidectomia,14225,92
PRODUCTORES DE FRUTAS ARGENTINAS COOP.DE SEG.LDTA,70,6024,Microsomia hemifacial / osteotomias e injertos oseos en mandibula,15052,93
PRODUCTORES DE FRUTAS ARGENTINAS COOP.DE SEG.LDTA,70,6597,Tratamiento endoscopico de la hemorragia digestiva,14765,91
PRODUCTORES DE FRUTAS ARGENTINAS COOP.DE SEG.LDTA,70,5828,Hemorroidectomia,14227,91
PRODUCTORES DE FRUTAS ARGENTINAS COOP.DE SEG.LDTA,70,5829,Hepatectomia lobar derecha o izquierda,14228,95
PRODUCTORES DE FRUTAS ARGENTINAS COOP.DE SEG.LDTA,70,5830,Herida de pared abdominal de mas de 20 cm,14229,90
PRODUCTORES DE FRUTAS ARGENTINAS COOP.DE SEG.LDTA,70,5831,Herida de parpado,14230,90
PRODUCTORES DE FRUTAS ARGENTINAS COOP.DE SEG.LDTA,70,5832,Herida de via lagrimal,14231,92
PRODUCTORES DE FRUTAS ARGENTINAS COOP.DE SEG.LDTA,70,5833,Herida hasta aponeurosis de menos de 20 cm,14232,89
PRODUCTORES DE FRUTAS ARGENTINAS COOP.DE SEG.LDTA,70,5834,Herida penetrante de ojo,14233,92
PRODUCTORES DE FRUTAS ARGENTINAS COOP.DE SEG.LDTA,70,5835,Herida traumatica de higado,14234,93
PRODUCTORES DE FRUTAS ARGENTINAS COOP.DE SEG.LDTA,70,6495,Sutura de herida de cornea con prolapso de iris y o herida de cristalino,14703,92
PRODUCTORES DE FRUTAS ARGENTINAS COOP.DE SEG.LDTA,70,6496,Sutura de herida simple de higado,14704,91
PRODUCTORES DE FRUTAS ARGENTINAS COOP.DE SEG.LDTA,70,5836,Heridas complejas de labio,15006,91
PRODUCTORES DE FRUTAS ARGENTINAS COOP.DE SEG.LDTA,70,6504,Sutura simple de herida (menos de 5 cm) en cabeza y/o cuello,15173,90
PRODUCTORES DE FRUTAS ARGENTINAS COOP.DE SEG.LDTA,70,6553,"Toillete quirurgico de herida, con o sin debridamiento",15189,90
PRODUCTORES DE FRUTAS ARGENTINAS COOP.DE SEG.LDTA,70,6503,Sutura simple de herida (menos de 10 cm); excepto en cabeza y cuello,15202,89
PRODUCTORES DE FRUTAS ARGENTINAS COOP.DE SEG.LDTA,70,6502,Sutura simple de herida (mas de 10 cm); excepto en cabeza y cuello,15221,90
PRODUCTORES DE FRUTAS ARGENTINAS COOP.DE SEG.LDTA,70,5837,Hernia atascada,14235,92
PRODUCTORES DE FRUTAS ARGENTINAS COOP.DE SEG.LDTA,70,5838,Hernia de disco cervical (via anterior),14236,94
PRODUCTORES DE FRUTAS ARGENTINAS COOP.DE SEG.LDTA,70,5839,Hernia de disco cervical un espacio (via posterior),14237,94
PRODUCTORES DE FRUTAS ARGENTINAS COOP.DE SEG.LDTA,70,5840,Hernia de disco dorsal o lumbar,14238,93
PRODUCTORES DE FRUTAS ARGENTINAS COOP.DE SEG.LDTA,70,5841,Hernia de disco dorso-lumbar multiple,14239,94
PRODUCTORES DE FRUTAS ARGENTINAS COOP.DE SEG.LDTA,70,5842,Hernia de hiato a cielo abierto,14240,92
PRODUCTORES DE FRUTAS ARGENTINAS COOP.DE SEG.LDTA,70,5843,Hernia diafragmatica congenita,14241,107
PRODUCTORES DE FRUTAS ARGENTINAS COOP.DE SEG.LDTA,70,5844,Hernia diafragmatica por via abdominal,14242,94
PRODUCTORES DE FRUTAS ARGENTINAS COOP.DE SEG.LDTA,70,5845,Hernia diafragmatica por via toracica,14243,94
PRODUCTORES DE FRUTAS ARGENTINAS COOP.DE SEG.LDTA,70,5846,Hernia diafragmatica por via toraco-abdominal,14246,95
PRODUCTORES DE FRUTAS ARGENTINAS COOP.DE SEG.LDTA,70,5847,Hernia diafragmatica por video-toracoscopia,14247,95
PRODUCTORES DE FRUTAS ARGENTINAS COOP.DE SEG.LDTA,70,5848,Hernia estrangulada,14251,91
PRODUCTORES DE FRUTAS ARGENTINAS COOP.DE SEG.LDTA,70,5849,Hernia estrangulada con reseccion intestinal,14252,93
PRODUCTORES DE FRUTAS ARGENTINAS COOP.DE SEG.LDTA,70,5853,Hernia recidivada,14255,91
PRODUCTORES DE FRUTAS ARGENTINAS COOP.DE SEG.LDTA,70,5854,"Hernia umbilical, inguinal, crural o epigastrica",14256,91
PRODUCTORES DE FRUTAS ARGENTINAS COOP.DE SEG.LDTA,70,8119,Hernia inguinal bilateral,15294,92
PRODUCTORES DE FRUTAS ARGENTINAS COOP.DE SEG.LDTA,70,5852,Hernia inguinal por videolaparoscopia,15349,93
PRODUCTORES DE FRUTAS ARGENTINAS COOP.DE SEG.LDTA,70,6364,Reparacion de hernia muscular,15455,91
PRODUCTORES DE FRUTAS ARGENTINAS COOP.DE SEG.LDTA,70,5855,Hidrocele,14257,90
PRODUCTORES DE FRUTAS ARGENTINAS COOP.DE SEG.LDTA,70,6653,Varicocele o hidrocele por videolaparoscopia,14806,91
PRODUCTORES DE FRUTAS ARGENTINAS COOP.DE SEG.LDTA,70,5856,Himenectomia,14258,90
PRODUCTORES DE FRUTAS ARGENTINAS COOP.DE SEG.LDTA,70,5857,Hipema,14259,91
PRODUCTORES DE FRUTAS ARGENTINAS COOP.DE SEG.LDTA,70,5858,Hiperhidrosis selectiva por video-toracoscopia,14260,95
PRODUCTORES DE FRUTAS ARGENTINAS COOP.DE SEG.LDTA,70,6469,Simpatectomia lumbar o toracica por video-toracoscopia (hiperhidrosis selectiva por toracoscopia),14682,95
PRODUCTORES DE FRUTAS ARGENTINAS COOP.DE SEG.LDTA,70,5860,Hipertrofia del piloro por via laparoscopica,14263,93
PRODUCTORES DE FRUTAS ARGENTINAS COOP.DE SEG.LDTA,70,5861,Hipertrofia del piloro-piloromiotomia,14264,92
PRODUCTORES DE FRUTAS ARGENTINAS COOP.DE SEG.LDTA,70,5862,Hipofisectomia transepto-esfenoidal,14265,98
PRODUCTORES DE FRUTAS ARGENTINAS COOP.DE SEG.LDTA,70,5863,Hipospadia / epispadia (cada tiempo),15007,93
PRODUCTORES DE FRUTAS ARGENTINAS COOP.DE SEG.LDTA,70,8109,Hipospadia / epispadia / plastica de pene,15410,93
PRODUCTORES DE FRUTAS ARGENTINAS COOP.DE SEG.LDTA,70,5864,Hipotermia controlada: 1ras 24 hs o fraccion,15008,90
PRODUCTORES DE FRUTAS ARGENTINAS COOP.DE SEG.LDTA,70,5865,Hipotermia controlada: c/24 hs 0 fraccion siguiente,15009,89
PRODUCTORES DE FRUTAS ARGENTINAS COOP.DE SEG.LDTA,70,5866,Histerectomia con o sin anexectomia,14266,93
PRODUCTORES DE FRUTAS ARGENTINAS COOP.DE SEG.LDTA,70,5867,Histerectomia con o sin anexectomia por video-laparoscopia,14267,94
PRODUCTORES DE FRUTAS ARGENTINAS COOP.DE SEG.LDTA,70,5868,Histerectomia con o sin anexectomia por videolaparoscopia,14268,94
PRODUCTORES DE FRUTAS ARGENTINAS COOP.DE SEG.LDTA,70,6123,Operacion de Wertheim-Meigs (colpo-anexo-histerectomia total ampliada),14428,95
PRODUCTORES DE FRUTAS ARGENTINAS COOP.DE SEG.LDTA,70,5869,Histerectomia fundica,15396,91
PRODUCTORES DE FRUTAS ARGENTINAS COOP.DE SEG.LDTA,70,5871,Histeroscopia por video diagnostica,14271,90
PRODUCTORES DE FRUTAS ARGENTINAS COOP.DE SEG.LDTA,70,5872,"Histeroscopia por video terapeutica (miomectomia, polipectomia, etc)",14272,91
PRODUCTORES DE FRUTAS ARGENTINAS COOP.DE SEG.LDTA,70,7600,"Histeroscopia por video para tratamiento de fertilidad, ICSI",15397,93
PRODUCTORES DE FRUTAS ARGENTINAS COOP.DE SEG.LDTA,70,5873,Huevo muerto y retenido / legrado,14274,90
PRODUCTORES DE FRUTAS ARGENTINAS COOP.DE SEG.LDTA,70,5874,Ileostomia,14275,91
PRODUCTORES DE FRUTAS ARGENTINAS COOP.DE SEG.LDTA,70,5098,Ano imperforado con recto alto,13702,93
PRODUCTORES DE FRUTAS ARGENTINAS COOP.DE SEG.LDTA,70,5099,Ano imperforado con recto bajo,13703,92
PRODUCTORES DE FRUTAS ARGENTINAS COOP.DE SEG.LDTA,70,5875,Implantacion de circulacion asistida,15550,92
PRODUCTORES DE FRUTAS ARGENTINAS COOP.DE SEG.LDTA,70,5877,Implante coclear,14276,95
PRODUCTORES DE FRUTAS ARGENTINAS COOP.DE SEG.LDTA,70,5880,Implante de celulas B,14277,95
PRODUCTORES DE FRUTAS ARGENTINAS COOP.DE SEG.LDTA,70,5889,Implante secundario de lente intraocular,14280,93
PRODUCTORES DE FRUTAS ARGENTINAS COOP.DE SEG.LDTA,70,6348,Reimplante de miembro inferior,14592,95
PRODUCTORES DE FRUTAS ARGENTINAS COOP.DE SEG.LDTA,70,6349,Reimplante de miembro superior,14593,98
PRODUCTORES DE FRUTAS ARGENTINAS COOP.DE SEG.LDTA,70,6353,Reimplante ureteral bilateral con afinamiento,14596,94
PRODUCTORES DE FRUTAS ARGENTINAS COOP.DE SEG.LDTA,70,6354,Reimplante ureteral bilateral por videolaparoscopia,14597,95
PRODUCTORES DE FRUTAS ARGENTINAS COOP.DE SEG.LDTA,70,6355,Reimplante ureteral unilateral,14599,92
PRODUCTORES DE FRUTAS ARGENTINAS COOP.DE SEG.LDTA,70,6356,Reimplante ureteral unilateral con afinamiento,14600,93
PRODUCTORES DE FRUTAS ARGENTINAS COOP.DE SEG.LDTA,70,6357,Reimplante ureteral unilateral por videolaparoscopia,14601,94
PRODUCTORES DE FRUTAS ARGENTINAS COOP.DE SEG.LDTA,70,6424,Retinopexia con o sin esclerectomia e implante,14645,94
PRODUCTORES DE FRUTAS ARGENTINAS COOP.DE SEG.LDTA,70,5876,Implante capilar,15010,95
PRODUCTORES DE FRUTAS ARGENTINAS COOP.DE SEG.LDTA,70,5878,Implante de cateter tunelizado definitivo con bomba subcutanea,15011,94
PRODUCTORES DE FRUTAS ARGENTINAS COOP.DE SEG.LDTA,70,5882,Implante de estimulador medular definitivo,15012,98
PRODUCTORES DE FRUTAS ARGENTINAS COOP.DE SEG.LDTA,70,5885,Implante intraorbitario (melanoma de retina),15013,90
PRODUCTORES DE FRUTAS ARGENTINAS COOP.DE SEG.LDTA,70,5888,Implante mamario mas pexia,15015,94
PRODUCTORES DE FRUTAS ARGENTINAS COOP.DE SEG.LDTA,70,5886,Implante mamario,15261,93
PRODUCTORES DE FRUTAS ARGENTINAS COOP.DE SEG.LDTA,70,5890,Implantes gluteos,15262,93
PRODUCTORES DE FRUTAS ARGENTINAS COOP.DE SEG.LDTA,70,5883,Implante de estimulador medular transitorio,15280,95
PRODUCTORES DE FRUTAS ARGENTINAS COOP.DE SEG.LDTA,70,5901,Inclusion de semillas radioactivas en perine,14289,92
PRODUCTORES DE FRUTAS ARGENTINAS COOP.DE SEG.LDTA,70,7790,Infiltracion de toxina botulinica en Trigger-Points (hasta 3),69287,91
PRODUCTORES DE FRUTAS ARGENTINAS COOP.DE SEG.LDTA,70,7791,Infiltracion de toxina botulinica en Trigger-Points (mas de 3),69288,92
PRODUCTORES DE FRUTAS ARGENTINAS COOP.DE SEG.LDTA,70,7792,Infiltracion trigger points (hasta 4),69289,90
PRODUCTORES DE FRUTAS ARGENTINAS COOP.DE SEG.LDTA,70,8537,Infiltracion de toxina botulinica en Trigger point ( mas de 3 ),69387,93
PRODUCTORES DE FRUTAS ARGENTINAS COOP.DE SEG.LDTA,70,5908,Infiltracion toxina botulinica puntos gatillos (hasta 5 ),15019,90
PRODUCTORES DE FRUTAS ARGENTINAS COOP.DE SEG.LDTA,70,5909,Infiltracion toxina botulinica puntos gatillos (mas de 5 ),15020,91
PRODUCTORES DE FRUTAS ARGENTINAS COOP.DE SEG.LDTA,70,5906,"Infiltracion contic, AL, Aines etc en puntos gatillos (hasta 5)",15210,89
PRODUCTORES DE FRUTAS ARGENTINAS COOP.DE SEG.LDTA,70,5907,"Infiltracion contic, AL, Aines etc en puntos gatillos (mas de 5)",15217,90
PRODUCTORES DE FRUTAS ARGENTINAS COOP.DE SEG.LDTA,70,7587,Re inflado de balon intragastrico,15343,92
PRODUCTORES DE FRUTAS ARGENTINAS COOP.DE SEG.LDTA,70,6716,Obtencion de Injerto Oseo y Tendinoso,60867,92
PRODUCTORES DE FRUTAS ARGENTINAS COOP.DE SEG.LDTA,70,6717,Uso de Injerto Oseo y/o Tendon,60868,91
PRODUCTORES DE FRUTAS ARGENTINAS COOP.DE SEG.LDTA,70,5910,Injerto de cornea,14290,94
PRODUCTORES DE FRUTAS ARGENTINAS COOP.DE SEG.LDTA,70,5911,Injerto de esclera,14291,92
PRODUCTORES DE FRUTAS ARGENTINAS COOP.DE SEG.LDTA,70,6097,Neurorrafia con o sin injerto de un solo nervio,14405,92
PRODUCTORES DE FRUTAS ARGENTINAS COOP.DE SEG.LDTA,70,6103,Obtencion de injerto simple de hueso,14409,90
PRODUCTORES DE FRUTAS ARGENTINAS COOP.DE SEG.LDTA,70,6217,Plastica de uretra con injerto de mucosa yugal o lingual,14510,94
PRODUCTORES DE FRUTAS ARGENTINAS COOP.DE SEG.LDTA,70,6221,Plastica o injerto del tendon de aquiles o rotuliano,14513,92
PRODUCTORES DE FRUTAS ARGENTINAS COOP.DE SEG.LDTA,70,6245,Protesis peneana con o sin injerto,14533,95
PRODUCTORES DE FRUTAS ARGENTINAS COOP.DE SEG.LDTA,70,6369,"Reparacion plastica de la orbita, con o sin injerto de piel",14611,92
PRODUCTORES DE FRUTAS ARGENTINAS COOP.DE SEG.LDTA,70,6408,Reseccion diafisiaria con protesis y/o injerto de sustitucion,14632,93
PRODUCTORES DE FRUTAS ARGENTINAS COOP.DE SEG.LDTA,70,5912,Injerto de piel,15021,90
PRODUCTORES DE FRUTAS ARGENTINAS COOP.DE SEG.LDTA,70,5913,Injerto libre de ceja,15022,90
PRODUCTORES DE FRUTAS ARGENTINAS COOP.DE SEG.LDTA,70,6121,Operacion de Ross (reemplazo valvular aortico con auto-injerto con valvula pulmonar),15097,96
PRODUCTORES DE FRUTAS ARGENTINAS COOP.DE SEG.LDTA,70,6317,Reconstruccion total de orbita con injerto por tumores esfeno-orbitarios o anoftalmia congenita,15140,94
PRODUCTORES DE FRUTAS ARGENTINAS COOP.DE SEG.LDTA,70,6439,"Rinoplastia compleja con o sin injerto, no estetica",15164,91
PRODUCTORES DE FRUTAS ARGENTINAS COOP.DE SEG.LDTA,70,8117,Neurorrafia con o sin injerto de nervio (cada uno),15451,92
PRODUCTORES DE FRUTAS ARGENTINAS COOP.DE SEG.LDTA,70,5917,Insuficiencia mitral con CIV post-infarto,15025,98
PRODUCTORES DE FRUTAS ARGENTINAS COOP.DE SEG.LDTA,70,5918,Interconsulta anestesiologica,15026,89
PRODUCTORES DE FRUTAS ARGENTINAS COOP.DE SEG.LDTA,70,8104,Interconsulta para tratamiento del dolor,15203,89
PRODUCTORES DE FRUTAS ARGENTINAS COOP.DE SEG.LDTA,70,5919,Intervenciones en nervios opticos,14295,95
PRODUCTORES DE FRUTAS ARGENTINAS COOP.DE SEG.LDTA,70,5920,Intervenciones estereotaxicas (inicio en TAC y que continuan en quirofano),14296,95
PRODUCTORES DE FRUTAS ARGENTINAS COOP.DE SEG.LDTA,70,5921,Intubacion con fibroscopia (bronco-fibroscopio),14297,90
PRODUCTORES DE FRUTAS ARGENTINAS COOP.DE SEG.LDTA,70,5922,Intubacion laringotraqueal (como unico procedimiento) fuera del acto anestesico,15504,89
PRODUCTORES DE FRUTAS ARGENTINAS COOP.DE SEG.LDTA,70,5924,Inyeccion de sustancias retro-bulbares,14298,91
PRODUCTORES DE FRUTAS ARGENTINAS COOP.DE SEG.LDTA,70,5926,Inyeccion para-vertebral de troncos y ganglios simpaticos,14299,90
PRODUCTORES DE FRUTAS ARGENTINAS COOP.DE SEG.LDTA,70,5927,Inyeccion subconjuntival,14300,89
PRODUCTORES DE FRUTAS ARGENTINAS COOP.DE SEG.LDTA,70,6251,Puncion arterial para inyeccion medicamentosa,14537,89
PRODUCTORES DE FRUTAS ARGENTINAS COOP.DE SEG.LDTA,70,5923,Inyeccion de glicerol en el G de Gasser,15027,95
PRODUCTORES DE FRUTAS ARGENTINAS COOP.DE SEG.LDTA,70,5925,Inyeccion esclerosante en angioma,15028,90
PRODUCTORES DE FRUTAS ARGENTINAS COOP.DE SEG.LDTA,70,5928,Laberintectomia,14301,93
PRODUCTORES DE FRUTAS ARGENTINAS COOP.DE SEG.LDTA,70,6475,Sinequias de labios mayores y/o menores,14687,90
PRODUCTORES DE FRUTAS ARGENTINAS COOP.DE SEG.LDTA,70,5561,Ectoprion de labio,14974,90
PRODUCTORES DE FRUTAS ARGENTINAS COOP.DE SEG.LDTA,70,5929,Labio leporino bilateral completo,15029,94
PRODUCTORES DE FRUTAS ARGENTINAS COOP.DE SEG.LDTA,70,5930,Labio leporino unilateral completo,15030,93
PRODUCTORES DE FRUTAS ARGENTINAS COOP.DE SEG.LDTA,70,5931,Labio leporino unilateral incompleto,15031,93
PRODUCTORES DE FRUTAS ARGENTINAS COOP.DE SEG.LDTA,70,6272,Queiloplastia (reconstruccion quirurgica del labio),15116,92
PRODUCTORES DE FRUTAS ARGENTINAS COOP.DE SEG.LDTA,70,6373,Reseccion cuneiforme de labio,15149,90
PRODUCTORES DE FRUTAS ARGENTINAS COOP.DE SEG.LDTA,70,5932,Laminectomia descompresiva,14302,93
PRODUCTORES DE FRUTAS ARGENTINAS COOP.DE SEG.LDTA,70,5933,Laparotomia contenida (lavado de cavidad),14304,91
PRODUCTORES DE FRUTAS ARGENTINAS COOP.DE SEG.LDTA,70,5934,Laparotomia exploradora en paciente critico,14305,94
PRODUCTORES DE FRUTAS ARGENTINAS COOP.DE SEG.LDTA,70,5936,Laparotomia terapeutica en paciente critico,14306,95
PRODUCTORES DE FRUTAS ARGENTINAS COOP.DE SEG.LDTA,70,5935,"Laparotomia exploradora, como unica intervencion",15297,91
PRODUCTORES DE FRUTAS ARGENTINAS COOP.DE SEG.LDTA,70,6040,Nefrectomia por toraco-freno-laparotomia,15418,95
PRODUCTORES DE FRUTAS ARGENTINAS COOP.DE SEG.LDTA,70,5937,Laringo-faringuectomia,14307,95
PRODUCTORES DE FRUTAS ARGENTINAS COOP.DE SEG.LDTA,70,5938,"Laringoplastia, cordopexia, aritenoidopexia",14308,92
PRODUCTORES DE FRUTAS ARGENTINAS COOP.DE SEG.LDTA,70,5943,Laser de vagina,14313,92
PRODUCTORES DE FRUTAS ARGENTINAS COOP.DE SEG.LDTA,70,6418,Reseccion tumor bronquial con laser,14641,95
PRODUCTORES DE FRUTAS ARGENTINAS COOP.DE SEG.LDTA,70,5944,Laser panfacial,15032,93
PRODUCTORES DE FRUTAS ARGENTINAS COOP.DE SEG.LDTA,70,6412,TUR-P por laser (adenomectomia),15431,94
PRODUCTORES DE FRUTAS ARGENTINAS COOP.DE SEG.LDTA,70,6241,Prostatectomia por laser,15432,95
PRODUCTORES DE FRUTAS ARGENTINAS COOP.DE SEG.LDTA,70,5945,Lavado bronquial para desobstruccion,14314,91
PRODUCTORES DE FRUTAS ARGENTINAS COOP.DE SEG.LDTA,70,5946,Lavado de cavidad,14316,90
PRODUCTORES DE FRUTAS ARGENTINAS COOP.DE SEG.LDTA,70,5947,Lavado de la cavidad,14317,90
PRODUCTORES DE FRUTAS ARGENTINAS COOP.DE SEG.LDTA,70,6488,Sondaje y lavado de via lagrimal,14700,90
PRODUCTORES DE FRUTAS ARGENTINAS COOP.DE SEG.LDTA,70,5948,Legrado por mola o similar,14318,90
PRODUCTORES DE FRUTAS ARGENTINAS COOP.DE SEG.LDTA,70,5949,Legrado uterino,14319,90
PRODUCTORES DE FRUTAS ARGENTINAS COOP.DE SEG.LDTA,70,7508,Termolesion por Rf. del Nervio Occipital Mayor uni o bilateral,51338,95
PRODUCTORES DE FRUTAS ARGENTINAS COOP.DE SEG.LDTA,70,7509,Termolesion por Rf. facetaria (ramo medio) cervical/dorsal/lumbar hasta 3 niveles,51339,95
PRODUCTORES DE FRUTAS ARGENTINAS COOP.DE SEG.LDTA,70,7510,Termolesion por Rf. facetaria (ramo medio) cervical/doral/lumbar mas de 3 niveles,51340,98
PRODUCTORES DE FRUTAS ARGENTINAS COOP.DE SEG.LDTA,70,7511,Termolesion por Rf. facetaria + Rf. radicular (1 o mas niveles),51341,98
PRODUCTORES DE FRUTAS ARGENTINAS COOP.DE SEG.LDTA,70,7512,Termolesion por Rf. de mas de 2 nervios craneales,51342,95
PRODUCTORES DE FRUTAS ARGENTINAS COOP.DE SEG.LDTA,70,7514,Termolesion por Rf. del ganglio simpatico toracico/dorsal/lumbar/hipogastrico sup,51343,95
PRODUCTORES DE FRUTAS ARGENTINAS COOP.DE SEG.LDTA,70,7520,Termolesion por Rf. de rodilla (N.geniculados) unilateral,51349,95
PRODUCTORES DE FRUTAS ARGENTINAS COOP.DE SEG.LDTA,70,7521,Termolesion por Rf. de rodilla (N.geniculados) bilateral,51350,98
PRODUCTORES DE FRUTAS ARGENTINAS COOP.DE SEG.LDTA,70,7522,Termolesion por Rf. de hombro (N.supraespinoso) bilateral,51351,95
PRODUCTORES DE FRUTAS ARGENTINAS COOP.DE SEG.LDTA,70,8556,Termolesion por Rf. de hasta 2 nervios craneales,69400,95
PRODUCTORES DE FRUTAS ARGENTINAS COOP.DE SEG.LDTA,70,5953,Lesiones adquiridas o congenitas vertebro-meningo-medulares (compresion tumoral),14323,94
PRODUCTORES DE FRUTAS ARGENTINAS COOP.DE SEG.LDTA,70,5951,Lesion por compresion de G de Gasser con balon de Foggarty,15033,95
PRODUCTORES DE FRUTAS ARGENTINAS COOP.DE SEG.LDTA,70,6534,Termolesion por rf de G Esfenopalatino,15183,94
PRODUCTORES DE FRUTAS ARGENTINAS COOP.DE SEG.LDTA,70,6535,"Termolesion por Rf. del ganglio de la raiz dorsal, cervical, lumbar y sacra. (hasta 2 niveles)",15184,95
PRODUCTORES DE FRUTAS ARGENTINAS COOP.DE SEG.LDTA,70,6536,"Termolesion por Rf. del ganglio de raiz dorsal, cervical, lumbar y sacra. (mas de 2 niveles)",15185,98
PRODUCTORES DE FRUTAS ARGENTINAS COOP.DE SEG.LDTA,70,6537,"Termolesion por rf de rama media cerv, dorsal o lumbar cada nivel adic",15186,95
PRODUCTORES DE FRUTAS ARGENTINAS COOP.DE SEG.LDTA,70,6538,"Termolesion por rf de rama media cerv, dorsal o lumbar.",15187,95
PRODUCTORES DE FRUTAS ARGENTINAS COOP.DE SEG.LDTA,70,5954,Levantamiento de vejiga por via abdominal (tipo Bursch),14324,92
PRODUCTORES DE FRUTAS ARGENTINAS COOP.DE SEG.LDTA,70,6001,Mastopexia unilateral (levantamiento mamario),15045,94
PRODUCTORES DE FRUTAS ARGENTINAS COOP.DE SEG.LDTA,70,5955,Lifting,15034,94
PRODUCTORES DE FRUTAS ARGENTINAS COOP.DE SEG.LDTA,70,5956,Lifting endoscopico,15035,95
PRODUCTORES DE FRUTAS ARGENTINAS COOP.DE SEG.LDTA,70,5957,Ligadura bilateral de trompas (anti-concepcion) a cielo abierto,14325,91
PRODUCTORES DE FRUTAS ARGENTINAS COOP.DE SEG.LDTA,70,5958,Ligadura bilateral de trompas (anti-concepcion) por video-laparoscopia,14326,92
PRODUCTORES DE FRUTAS ARGENTINAS COOP.DE SEG.LDTA,70,5959,Ligadura bilateral de trompas a cielo abierto,14327,91
PRODUCTORES DE FRUTAS ARGENTINAS COOP.DE SEG.LDTA,70,5960,Ligadura bilateral de trompas por videolaparoscopia,14328,92
PRODUCTORES DE FRUTAS ARGENTINAS COOP.DE SEG.LDTA,70,5961,Ligadura del paquete esfeno-palatino,14329,92
PRODUCTORES DE FRUTAS ARGENTINAS COOP.DE SEG.LDTA,70,5963,Ligadura sub-aponeurotica de venas perforantes o comunicantes insuficientes (tipo: Linton / Cigorraga / Cockett),14331,91
PRODUCTORES DE FRUTAS ARGENTINAS COOP.DE SEG.LDTA,70,5964,Ligadura unilateral de troncos profundos de los miembros,14332,92
PRODUCTORES DE FRUTAS ARGENTINAS COOP.DE SEG.LDTA,70,6501,Sutura o ligadura de vasos profundos del cuello,14708,92
PRODUCTORES DE FRUTAS ARGENTINAS COOP.DE SEG.LDTA,70,5965,Ligamentopexia abdominal,14333,91
PRODUCTORES DE FRUTAS ARGENTINAS COOP.DE SEG.LDTA,70,5969,Limpieza quirurgica de mano (como unica intervencion),14339,90
PRODUCTORES DE FRUTAS ARGENTINAS COOP.DE SEG.LDTA,70,5971,Linfadenectomia mediastinica,14340,94
PRODUCTORES DE FRUTAS ARGENTINAS COOP.DE SEG.LDTA,70,5972,Linfadenectomia retroperitoneal (tipo lumboaortica o similares),14341,93
PRODUCTORES DE FRUTAS ARGENTINAS COOP.DE SEG.LDTA,70,5973,Linfadenectomia retroperitoneal por video,14342,94
PRODUCTORES DE FRUTAS ARGENTINAS COOP.DE SEG.LDTA,70,5974,Linfadenectomia retroperitoneal por videolaparoscopia,14343,94
PRODUCTORES DE FRUTAS ARGENTINAS COOP.DE SEG.LDTA,70,6242,Prostatectomia radical + linfadenectomia,14530,94
PRODUCTORES DE FRUTAS ARGENTINAS COOP.DE SEG.LDTA,70,5970,"Linfadenectomia cervical, axilar o inguinal como unica operacion",15036,92
PRODUCTORES DE FRUTAS ARGENTINAS COOP.DE SEG.LDTA,70,5977,"Lipoma, reseccion con el paciente en decubito dorsal o lateral",15226,90
PRODUCTORES DE FRUTAS ARGENTINAS COOP.DE SEG.LDTA,70,5978,"Lipoma, reseccion con el paciente en decubito ventral",15238,91
PRODUCTORES DE FRUTAS ARGENTINAS COOP.DE SEG.LDTA,70,5982,Litotricia endoluminal calculo unico,14344,91
PRODUCTORES DE FRUTAS ARGENTINAS COOP.DE SEG.LDTA,70,5983,Litotricia endoluminal calculos multiples,14345,92
PRODUCTORES DE FRUTAS ARGENTINAS COOP.DE SEG.LDTA,70,5984,Litotricia extracorporea,14346,91
PRODUCTORES DE FRUTAS ARGENTINAS COOP.DE SEG.LDTA,70,5985,Litotricia por onda de choque extracorporea (litotricia extracorporea),14348,91
PRODUCTORES DE FRUTAS ARGENTINAS COOP.DE SEG.LDTA,70,5986,Litotricia ureteral por via endoscopica (incluye litotricia endoluminal),14349,92
PRODUCTORES DE FRUTAS ARGENTINAS COOP.DE SEG.LDTA,70,5988,Lobectomia o segmentectomia a cielo abierto,14351,94
PRODUCTORES DE FRUTAS ARGENTINAS COOP.DE SEG.LDTA,70,6457,Segmentectomia o lobectomia por video-toracoscopia,14669,95
PRODUCTORES DE FRUTAS ARGENTINAS COOP.DE SEG.LDTA,70,5987,Lobectomia,15536,98
PRODUCTORES DE FRUTAS ARGENTINAS COOP.DE SEG.LDTA,70,6168,Otoplastia de lobulo hendido,14466,90
PRODUCTORES DE FRUTAS ARGENTINAS COOP.DE SEG.LDTA,70,6185,Parotidectomia de lobulo superficial,14478,92
PRODUCTORES DE FRUTAS ARGENTINAS COOP.DE SEG.LDTA,70,5989,Lobulo hendido de oreja,15041,90
PRODUCTORES DE FRUTAS ARGENTINAS COOP.DE SEG.LDTA,70,5990,Luxacion recidivante de hombro por via convencional,14352,92
PRODUCTORES DE FRUTAS ARGENTINAS COOP.DE SEG.LDTA,70,8120,Reduccion cruenta de luxacion de columna,15440,93
PRODUCTORES DE FRUTAS ARGENTINAS COOP.DE SEG.LDTA,70,8116,Reduccion incruenta de luxaciones,15458,90
PRODUCTORES DE FRUTAS ARGENTINAS COOP.DE SEG.LDTA,70,6330,Reduccion incruenta de luxacion de maxilar,15488,90
PRODUCTORES DE FRUTAS ARGENTINAS COOP.DE SEG.LDTA,70,6100,Nodulectomia de mama unilateral,14408,91
PRODUCTORES DE FRUTAS ARGENTINAS COOP.DE SEG.LDTA,70,6278,Quiste de mama unilateral,14554,90
PRODUCTORES DE FRUTAS ARGENTINAS COOP.DE SEG.LDTA,70,5992,Mama supernumeraria unilateral,15042,92
PRODUCTORES DE FRUTAS ARGENTINAS COOP.DE SEG.LDTA,70,6312,Reconstruccion mamaria con dorsal ancho,15134,98
PRODUCTORES DE FRUTAS ARGENTINAS COOP.DE SEG.LDTA,70,6264,Puncion de mama unilateral,15388,89
PRODUCTORES DE FRUTAS ARGENTINAS COOP.DE SEG.LDTA,70,5995,Mastectomia radical con vaciamiento ganglionar,14356,95
PRODUCTORES DE FRUTAS ARGENTINAS COOP.DE SEG.LDTA,70,5996,Mastectomia subradical unilateral / mastoplastia unilateral (operacion de Urban),14357,94
PRODUCTORES DE FRUTAS ARGENTINAS COOP.DE SEG.LDTA,70,7598,Mastectomia ( mas ganglio centinela),15392,93
PRODUCTORES DE FRUTAS ARGENTINAS COOP.DE SEG.LDTA,70,7599,Mastectomia ( mas vaciamiento axilar ),15393,94
PRODUCTORES DE FRUTAS ARGENTINAS COOP.DE SEG.LDTA,70,5998,Mastoidectomia simple o radical (operacion radical de oido),14359,92
PRODUCTORES DE FRUTAS ARGENTINAS COOP.DE SEG.LDTA,70,6542,Timpano-mastoidectomia,14720,94
PRODUCTORES DE FRUTAS ARGENTINAS COOP.DE SEG.LDTA,70,6002,Mastotomia unilateral,14360,90
PRODUCTORES DE FRUTAS ARGENTINAS COOP.DE SEG.LDTA,70,6017,Meniscectomia maxilar,14370,91
PRODUCTORES DE FRUTAS ARGENTINAS COOP.DE SEG.LDTA,70,6111,Operacion comando de glandula submaxilar,14416,95
PRODUCTORES DE FRUTAS ARGENTINAS COOP.DE SEG.LDTA,70,6152,Osteosintesis de malar o maxilar (2 placas titanio),14452,93
PRODUCTORES DE FRUTAS ARGENTINAS COOP.DE SEG.LDTA,70,6153,Osteosintesis de malar o maxilar (mas de 2 placas titanio),14453,94
PRODUCTORES DE FRUTAS ARGENTINAS COOP.DE SEG.LDTA,70,6279,Quiste de maxilar (pieza dental incluida),14555,91
PRODUCTORES DE FRUTAS ARGENTINAS COOP.DE SEG.LDTA,70,6481,Sinusotomia maxilar radical,14694,92
PRODUCTORES DE FRUTAS ARGENTINAS COOP.DE SEG.LDTA,70,6482,Sinusotomia maxilar simple,14695,92
PRODUCTORES DE FRUTAS ARGENTINAS COOP.DE SEG.LDTA,70,6483,"Sinusotomias combinadas (frontal, etmoidal, etc.) por via externa transmaxilar",14696,93
PRODUCTORES DE FRUTAS ARGENTINAS COOP.DE SEG.LDTA,70,6003,Maxilar inferior: prognatismo / retrognatismo,15046,93
PRODUCTORES DE FRUTAS ARGENTINAS COOP.DE SEG.LDTA,70,6004,Maxilar superior: prognasia / retrognasia,15047,94
PRODUCTORES DE FRUTAS ARGENTINAS COOP.DE SEG.LDTA,70,6393,Reseccion de maxilar inferior con vaciamiento (comando),15152,98
PRODUCTORES DE FRUTAS ARGENTINAS COOP.DE SEG.LDTA,70,6005,Maxilectomia radical por via endoscopica,15048,93
PRODUCTORES DE FRUTAS ARGENTINAS COOP.DE SEG.LDTA,70,6007,Maxilectomia simple por via endoscopica,15049,92
PRODUCTORES DE FRUTAS ARGENTINAS COOP.DE SEG.LDTA,70,6009,Meatotomia,15406,89
PRODUCTORES DE FRUTAS ARGENTINAS COOP.DE SEG.LDTA,70,6010,Mediastinitis / toillette mediastinal,15050,94
PRODUCTORES DE FRUTAS ARGENTINAS COOP.DE SEG.LDTA,70,6011,Mediastinoscopia,14363,92
PRODUCTORES DE FRUTAS ARGENTINAS COOP.DE SEG.LDTA,70,6014,Megacolon congenito,14366,93
PRODUCTORES DE FRUTAS ARGENTINAS COOP.DE SEG.LDTA,70,6605,Tratamiento quirurgico del megacolon,14769,93
PRODUCTORES DE FRUTAS ARGENTINAS COOP.DE SEG.LDTA,70,6016,Meningocele,14369,94
PRODUCTORES DE FRUTAS ARGENTINAS COOP.DE SEG.LDTA,70,6027,Mielomeningocele,14379,94
PRODUCTORES DE FRUTAS ARGENTINAS COOP.DE SEG.LDTA,70,6018,Metastasis hepatica / fenolizacion termo-tratamiento,14371,93
PRODUCTORES DE FRUTAS ARGENTINAS COOP.DE SEG.LDTA,70,6019,Metatarsalgia / ratas articulares,14372,90
PRODUCTORES DE FRUTAS ARGENTINAS COOP.DE SEG.LDTA,70,6025,"Microtia, reconstruccion en varios tiempos",15053,90
PRODUCTORES DE FRUTAS ARGENTINAS COOP.DE SEG.LDTA,70,6026,Mielografia,14378,90
PRODUCTORES DE FRUTAS ARGENTINAS COOP.DE SEG.LDTA,70,6030,Miomectomia vaginal (mioma nascens),69299,90
PRODUCTORES DE FRUTAS ARGENTINAS COOP.DE SEG.LDTA,70,6028,Miomectomia / histerorrafia,14380,92
PRODUCTORES DE FRUTAS ARGENTINAS COOP.DE SEG.LDTA,70,6029,Miomectomia por videolaparoscopia,14381,93
PRODUCTORES DE FRUTAS ARGENTINAS COOP.DE SEG.LDTA,70,6686,"Video-laparoscopia ginecologica terapeutica (incluye miomectomia, quiste de ovario, etc)",14833,93
PRODUCTORES DE FRUTAS ARGENTINAS COOP.DE SEG.LDTA,70,6691,"Videolaparoscopia terapeutica (incluye quiste de ovario, lisis pelvianas, miomectomias,",15400,93
PRODUCTORES DE FRUTAS ARGENTINAS COOP.DE SEG.LDTA,70,6031,Miringoplastia,14383,91
PRODUCTORES DE FRUTAS ARGENTINAS COOP.DE SEG.LDTA,70,6033,"Morfina o morfinosimiles por via epidural o subaracnoidea, por sesion: continua 1ras 24 hs o fraccion",15054,91
PRODUCTORES DE FRUTAS ARGENTINAS COOP.DE SEG.LDTA,70,6034,Movilizacion (quiropraxia ),14385,89
PRODUCTORES DE FRUTAS ARGENTINAS COOP.DE SEG.LDTA,70,6035,Movilizacion del estribo,14386,90
PRODUCTORES DE FRUTAS ARGENTINAS COOP.DE SEG.LDTA,70,7580,Mucosectomia,15336,92
PRODUCTORES DE FRUTAS ARGENTINAS COOP.DE SEG.LDTA,70,6037,Nariz leporina compleja,15055,91
PRODUCTORES DE FRUTAS ARGENTINAS COOP.DE SEG.LDTA,70,6438,Rinofina (rosacea fimatosa de nariz),15163,91
PRODUCTORES DE FRUTAS ARGENTINAS COOP.DE SEG.LDTA,70,6420,"Resecciones totales de huesos (radio, cubito, perone, astralago, calcaneo, clavicula, malar, huesos propios de la nariz etc.)",15439,93
PRODUCTORES DE FRUTAS ARGENTINAS COOP.DE SEG.LDTA,70,6038,Nefrectomia parcial,14388,94
PRODUCTORES DE FRUTAS ARGENTINAS COOP.DE SEG.LDTA,70,6039,Nefrectomia parcial o total por video-laparoscopia,14389,95
PRODUCTORES DE FRUTAS ARGENTINAS COOP.DE SEG.LDTA,70,6041,Nefrectomia radical + vaciamiento ganglionar,14390,95
PRODUCTORES DE FRUTAS ARGENTINAS COOP.DE SEG.LDTA,70,6043,Nefrectomia total o parcial por videolaparoscopia,14391,95
PRODUCTORES DE FRUTAS ARGENTINAS COOP.DE SEG.LDTA,70,6042,Nefrectomia total,15417,94
PRODUCTORES DE FRUTAS ARGENTINAS COOP.DE SEG.LDTA,70,6045,Nefrolitotomia,14394,93
PRODUCTORES DE FRUTAS ARGENTINAS COOP.DE SEG.LDTA,70,6046,Nefrolitotomia percutanea,14395,94
PRODUCTORES DE FRUTAS ARGENTINAS COOP.DE SEG.LDTA,70,6047,Nefropexia,14396,92
PRODUCTORES DE FRUTAS ARGENTINAS COOP.DE SEG.LDTA,70,6048,Nefrostomia percutanea,15416,92
PRODUCTORES DE FRUTAS ARGENTINAS COOP.DE SEG.LDTA,70,6051,Neumonectomia a cielo abierto,14398,94
PRODUCTORES DE FRUTAS ARGENTINAS COOP.DE SEG.LDTA,70,6052,Neumonectomia por video-toracoscopia,14399,95
PRODUCTORES DE FRUTAS ARGENTINAS COOP.DE SEG.LDTA,70,7515,Neurolisis por Rf. del simpatico dorsal,51344,98
PRODUCTORES DE FRUTAS ARGENTINAS COOP.DE SEG.LDTA,70,7516,Neurolisis por Rf. simpatico lumbar unilateral,51345,95
PRODUCTORES DE FRUTAS ARGENTINAS COOP.DE SEG.LDTA,70,7517,Neurolisis por Rf. simpatico lumbar bilateral,51346,98
PRODUCTORES DE FRUTAS ARGENTINAS COOP.DE SEG.LDTA,70,8540,Neurolisis de nervio periferico bajo radioscopia,69390,93
PRODUCTORES DE FRUTAS ARGENTINAS COOP.DE SEG.LDTA,70,8541,Neurolisis quimica del plexo hipogastrico superior,69391,94
PRODUCTORES DE FRUTAS ARGENTINAS COOP.DE SEG.LDTA,70,6065,Neurolisis de nervios perifericos,14401,90
PRODUCTORES DE FRUTAS ARGENTINAS COOP.DE SEG.LDTA,70,6066,Neurolisis extracraneal,14402,90
PRODUCTORES DE FRUTAS ARGENTINAS COOP.DE SEG.LDTA,70,6075,Neurolisis quimica,14403,90
PRODUCTORES DE FRUTAS ARGENTINAS COOP.DE SEG.LDTA,70,6085,Neurolisis transoval del trgemino,14404,91
PRODUCTORES DE FRUTAS ARGENTINAS COOP.DE SEG.LDTA,70,6057,Neurolisis - modulacion ganglio estrellado con Rf,15058,95
PRODUCTORES DE FRUTAS ARGENTINAS COOP.DE SEG.LDTA,70,6058,Neurolisis - modulacion nervio periferico con Rf,15059,92
PRODUCTORES DE FRUTAS ARGENTINAS COOP.DE SEG.LDTA,70,6056,Neurolisis  nervio glosofaringeo con Rf,15060,94
PRODUCTORES DE FRUTAS ARGENTINAS COOP.DE SEG.LDTA,70,6063,Neurolisis por rf de articulacion sacro-iliaca bilateral,15061,95
PRODUCTORES DE FRUTAS ARGENTINAS COOP.DE SEG.LDTA,70,6064,Neurolisis con rf de articulacion sacro-iliaca unilateral,15062,94
PRODUCTORES DE FRUTAS ARGENTINAS COOP.DE SEG.LDTA,70,6059,neurolisis con Rf de nervios esplacnicos,15063,94
PRODUCTORES DE FRUTAS ARGENTINAS COOP.DE SEG.LDTA,70,6061,Neurolisis con Rf de nervios facetarios (mas de 2 niveles),15064,94
PRODUCTORES DE FRUTAS ARGENTINAS COOP.DE SEG.LDTA,70,6062,Neurolisis con Rf de plexo celiaco,15065,94
PRODUCTORES DE FRUTAS ARGENTINAS COOP.DE SEG.LDTA,70,6067,Neurolisis ganglio esfeno-palatino con Rf,15066,94
PRODUCTORES DE FRUTAS ARGENTINAS COOP.DE SEG.LDTA,70,6068,Neurolisis nervio periferico con Rx,15067,92
PRODUCTORES DE FRUTAS ARGENTINAS COOP.DE SEG.LDTA,70,6069,Neurolisis nervio periferico sin Rx,15068,91
PRODUCTORES DE FRUTAS ARGENTINAS COOP.DE SEG.LDTA,70,6070,Neurolisis pcon Rf de ganglio de Walter,15069,95
PRODUCTORES DE FRUTAS ARGENTINAS COOP.DE SEG.LDTA,70,6071,Neurolisis por Rf de plexo hipogastrico superior,15071,94
PRODUCTORES DE FRUTAS ARGENTINAS COOP.DE SEG.LDTA,70,6072,Neurolisis por rf de simpatico dorsal,15073,95
PRODUCTORES DE FRUTAS ARGENTINAS COOP.DE SEG.LDTA,70,6073,Neurolisis por rf simpatico lumbar bilateral,15074,95
PRODUCTORES DE FRUTAS ARGENTINAS COOP.DE SEG.LDTA,70,6074,Neurolisis por rf simpatico lumbar unilateral,15075,95
PRODUCTORES DE FRUTAS ARGENTINAS COOP.DE SEG.LDTA,70,6076,Neurolisis quimica de ganglio de Walter,15076,95
PRODUCTORES DE FRUTAS ARGENTINAS COOP.DE SEG.LDTA,70,6077,Neurolisis por Rf. del plexo hipogastrico superior,15078,95
PRODUCTORES DE FRUTAS ARGENTINAS COOP.DE SEG.LDTA,70,6078,Neurolisis quimica del simpatico dorsal,15080,95
PRODUCTORES DE FRUTAS ARGENTINAS COOP.DE SEG.LDTA,70,6079,Neurolisis quimica del simpatico lumbar bilateral,15081,95
PRODUCTORES DE FRUTAS ARGENTINAS COOP.DE SEG.LDTA,70,6080,Neurolisis quimica de simpatico lumbar unilateral,15082,94
PRODUCTORES DE FRUTAS ARGENTINAS COOP.DE SEG.LDTA,70,6081,Neurolisis quimica ganglio estrellado,15083,94
PRODUCTORES DE FRUTAS ARGENTINAS COOP.DE SEG.LDTA,70,6082,Neurolisis quimica nervios esplacnicos,15084,94
PRODUCTORES DE FRUTAS ARGENTINAS COOP.DE SEG.LDTA,70,6083,Neurolisis quimica plexo celiaco,15086,94
PRODUCTORES DE FRUTAS ARGENTINAS COOP.DE SEG.LDTA,70,6086,Neurolisis del trigemino con Rf,15087,95
PRODUCTORES DE FRUTAS ARGENTINAS COOP.DE SEG.LDTA,70,6087,Neurolisis-modulacion del trigemino con Rf,15088,98
PRODUCTORES DE FRUTAS ARGENTINAS COOP.DE SEG.LDTA,70,6088,Neurolisis-modulacion ganglio esfeno-palatino con Rf,15089,95
PRODUCTORES DE FRUTAS ARGENTINAS COOP.DE SEG.LDTA,70,6089,Neurolisis-modulacion nervio glosofaringeo con Rf,15090,95
PRODUCTORES DE FRUTAS ARGENTINAS COOP.DE SEG.LDTA,70,6060,Neurolisis con Rf de nervios facetarios (2 niveles),15263,93
PRODUCTORES DE FRUTAS ARGENTINAS COOP.DE SEG.LDTA,70,6090,Neuromodulacion articulacion de hombro con Rf pulsada,15091,91
PRODUCTORES DE FRUTAS ARGENTINAS COOP.DE SEG.LDTA,70,6091,Neuromodulacion articulacion de rodilla con Rf pulsada,15092,91
PRODUCTORES DE FRUTAS ARGENTINAS COOP.DE SEG.LDTA,70,6092,Neuromodulacion con Rf pulsada de articulacion AA o AO,15093,93
PRODUCTORES DE FRUTAS ARGENTINAS COOP.DE SEG.LDTA,70,6093,Neuromodulacion con Rf pulsada ganglio raiz dorsal  (1 nivel),15094,92
PRODUCTORES DE FRUTAS ARGENTINAS COOP.DE SEG.LDTA,70,6094,Neuromodulacion con Rf pulsada ganglio raiz dorsal (mas de 1 nivel),15095,93
PRODUCTORES DE FRUTAS ARGENTINAS COOP.DE SEG.LDTA,70,6095,Neuromodulacion percutanea de nervio periferico,15096,94
PRODUCTORES DE FRUTAS ARGENTINAS COOP.DE SEG.LDTA,70,6096,Neuromodulacion sistemica con anestesicos locales en dolor neuropatico.,15215,90
PRODUCTORES DE FRUTAS ARGENTINAS COOP.DE SEG.LDTA,70,6098,Neurotomia del nervio optico,14406,90
PRODUCTORES DE FRUTAS ARGENTINAS COOP.DE SEG.LDTA,70,6099,Neurotomia trigeminal / vestibular / glosofaringeo,14407,95
PRODUCTORES DE FRUTAS ARGENTINAS COOP.DE SEG.LDTA,70,6104,Oclusion con reseccion de intestino,14410,93
PRODUCTORES DE FRUTAS ARGENTINAS COOP.DE SEG.LDTA,70,6105,Omentectomia,15328,93
PRODUCTORES DE FRUTAS ARGENTINAS COOP.DE SEG.LDTA,70,6106,Onfalitis,14411,91
PRODUCTORES DE FRUTAS ARGENTINAS COOP.DE SEG.LDTA,70,6107,Ooforectomia simple unilateral,14412,91
PRODUCTORES DE FRUTAS ARGENTINAS COOP.DE SEG.LDTA,70,6108,Ooforo-salpinguectomia unilateral,14413,91
PRODUCTORES DE FRUTAS ARGENTINAS COOP.DE SEG.LDTA,70,6708,Operacion Comando de Parotida,60859,95
PRODUCTORES DE FRUTAS ARGENTINAS COOP.DE SEG.LDTA,70,6109,Operacion comando de encias o trigono-retromolar,14414,93
PRODUCTORES DE FRUTAS ARGENTINAS COOP.DE SEG.LDTA,70,6110,Operacion comando de faringe con vaciamiento,14415,95
PRODUCTORES DE FRUTAS ARGENTINAS COOP.DE SEG.LDTA,70,6113,Operacion comando de paladar blando,14418,95
PRODUCTORES DE FRUTAS ARGENTINAS COOP.DE SEG.LDTA,70,6114,Operacion comando de piso de boca,14419,95
PRODUCTORES DE FRUTAS ARGENTINAS COOP.DE SEG.LDTA,70,6115,Operacion correctora de glaucoma,14420,92
PRODUCTORES DE FRUTAS ARGENTINAS COOP.DE SEG.LDTA,70,6117,Operacion de Dixon (para tumores del 1/3 superior del recto),14422,93
PRODUCTORES DE FRUTAS ARGENTINAS COOP.DE SEG.LDTA,70,6118,Operacion de Dixon laparoscopica (para tumores del 1/3 superior del recto),14423,94
PRODUCTORES DE FRUTAS ARGENTINAS COOP.DE SEG.LDTA,70,6119,Operacion de Frikolm (hasta 2 discos),14425,94
PRODUCTORES DE FRUTAS ARGENTINAS COOP.DE SEG.LDTA,70,6120,Operacion de Lefort o similares para prolapso vaginal,14426,91
PRODUCTORES DE FRUTAS ARGENTINAS COOP.DE SEG.LDTA,70,6122,Operacion de Sugarbaker (HIPEC) para carcinomatosis toracica (QMT + hipertermia intracavitaria),14427,107
PRODUCTORES DE FRUTAS ARGENTINAS COOP.DE SEG.LDTA,70,6124,Operacion de Wertheim-Meigs con lavaje intracavitario con circulacion extracorporea (tipo Sugarbaker),14429,107
PRODUCTORES DE FRUTAS ARGENTINAS COOP.DE SEG.LDTA,70,6125,Operacion de Wertheim-Meigs por video-laparoscopia,14430,98
PRODUCTORES DE FRUTAS ARGENTINAS COOP.DE SEG.LDTA,70,6226,Plicatura intestinal (operacion de Noble),14519,93
PRODUCTORES DE FRUTAS ARGENTINAS COOP.DE SEG.LDTA,70,6460,Septumplastia y/o reseccion del tabique nasal (operacion de Killian o similar),14672,92
PRODUCTORES DE FRUTAS ARGENTINAS COOP.DE SEG.LDTA,70,6197,Peritonectomia + quimioterapia con hipertermia intracavitaria (HIPEC - operacion de Sugarbaker,15300,107
PRODUCTORES DE FRUTAS ARGENTINAS COOP.DE SEG.LDTA,70,6406,"Reseccion de tumor, intraorbitario mediante orbitotomia",15160,91
PRODUCTORES DE FRUTAS ARGENTINAS COOP.DE SEG.LDTA,70,6131,Orquidectomia,14435,91
PRODUCTORES DE FRUTAS ARGENTINAS COOP.DE SEG.LDTA,70,6132,Orquidopexia,14436,91
PRODUCTORES DE FRUTAS ARGENTINAS COOP.DE SEG.LDTA,70,6133,Orzuelo,14437,89
PRODUCTORES DE FRUTAS ARGENTINAS COOP.DE SEG.LDTA,70,6134,Osteoclasia,14438,90
PRODUCTORES DE FRUTAS ARGENTINAS COOP.DE SEG.LDTA,70,5398,Osteosintesis de Perone,60851,92
PRODUCTORES DE FRUTAS ARGENTINAS COOP.DE SEG.LDTA,70,6138,Osteosintesis clavicular,14439,92
PRODUCTORES DE FRUTAS ARGENTINAS COOP.DE SEG.LDTA,70,6139,Osteosintesis de calcaneo,14441,92
PRODUCTORES DE FRUTAS ARGENTINAS COOP.DE SEG.LDTA,70,6143,Osteosintesis de escafoide,14443,93
PRODUCTORES DE FRUTAS ARGENTINAS COOP.DE SEG.LDTA,70,6145,Osteosintesis de falange o metacarpiano (hasta 3 huesos),14444,91
PRODUCTORES DE FRUTAS ARGENTINAS COOP.DE SEG.LDTA,70,6146,"Osteosintesis de femur (tipo Kuncher, clavo gamma o similares)",14445,93
PRODUCTORES DE FRUTAS ARGENTINAS COOP.DE SEG.LDTA,70,6149,Osteosintesis de hasta 2 huesos del carpo,14449,92
PRODUCTORES DE FRUTAS ARGENTINAS COOP.DE SEG.LDTA,70,6154,Osteosintesis de mas de 2 huesos del carpo,14454,93
PRODUCTORES DE FRUTAS ARGENTINAS COOP.DE SEG.LDTA,70,6155,Osteosintesis de muñeca con clavija percutanea (tipo Sauve-Kapandi y similares),14455,91
PRODUCTORES DE FRUTAS ARGENTINAS COOP.DE SEG.LDTA,70,6156,Osteosintesis de rotula,14456,92
PRODUCTORES DE FRUTAS ARGENTINAS COOP.DE SEG.LDTA,70,6157,Osteosintesis de tarso o metatarso hasta 2 huesos,14457,92
PRODUCTORES DE FRUTAS ARGENTINAS COOP.DE SEG.LDTA,70,6158,Osteosintesis de tibia,14458,92
PRODUCTORES DE FRUTAS ARGENTINAS COOP.DE SEG.LDTA,70,6159,Osteosintesis de tobillo,14459,92
PRODUCTORES DE FRUTAS ARGENTINAS COOP.DE SEG.LDTA,70,6161,Osteosintesis tarso o metatarso mas de 2 huesos,14460,93
PRODUCTORES DE FRUTAS ARGENTINAS COOP.DE SEG.LDTA,70,6160,Osteosintesis del malar,15099,92
PRODUCTORES DE FRUTAS ARGENTINAS COOP.DE SEG.LDTA,70,6144,Osteosintesis de esternon como unica intervencion,15362,92
PRODUCTORES DE FRUTAS ARGENTINAS COOP.DE SEG.LDTA,70,6141,Osteosintesis de cubito o radio,15463,92
PRODUCTORES DE FRUTAS ARGENTINAS COOP.DE SEG.LDTA,70,6151,Osteosintesis de humero,15464,92
PRODUCTORES DE FRUTAS ARGENTINAS COOP.DE SEG.LDTA,70,6142,Osteosintesis de cubito y radio (por diferentes vias),15467,93
PRODUCTORES DE FRUTAS ARGENTINAS COOP.DE SEG.LDTA,70,6162,Osteotomia correctora de pie,14461,91
PRODUCTORES DE FRUTAS ARGENTINAS COOP.DE SEG.LDTA,70,6163,Osteotomia correctora de tibia y perone,14463,92
PRODUCTORES DE FRUTAS ARGENTINAS COOP.DE SEG.LDTA,70,6167,Osteotomia simple,14465,90
PRODUCTORES DE FRUTAS ARGENTINAS COOP.DE SEG.LDTA,70,6166,Osteotomia de femur,15478,93
PRODUCTORES DE FRUTAS ARGENTINAS COOP.DE SEG.LDTA,70,6719,Trombectomia Pulmonar Mecanica En Tepa Paciente Critico,60870,96
PRODUCTORES DE FRUTAS ARGENTINAS COOP.DE SEG.LDTA,70,8553,Revision del manejo del dolor agudo (no postoperatorio) en pacientes internados,69401,89
PRODUCTORES DE FRUTAS ARGENTINAS COOP.DE SEG.LDTA,70,6169,Paciente oncologico - atencion clinica por 2 a 14 dias,15103,91
PRODUCTORES DE FRUTAS ARGENTINAS COOP.DE SEG.LDTA,70,6170,Paciente oncologico - atencion clinica x mes o frac. > a 14 d.,15268,93
PRODUCTORES DE FRUTAS ARGENTINAS COOP.DE SEG.LDTA,70,6171,Palatoplastia,14467,91
PRODUCTORES DE FRUTAS ARGENTINAS COOP.DE SEG.LDTA,70,6273,Queiloplastia con palatoplastia,15117,93
PRODUCTORES DE FRUTAS ARGENTINAS COOP.DE SEG.LDTA,70,6172,Palatorrafia,15104,91
PRODUCTORES DE FRUTAS ARGENTINAS COOP.DE SEG.LDTA,70,6176,Pancreatectomia por Videolaparoscopia,14471,95
PRODUCTORES DE FRUTAS ARGENTINAS COOP.DE SEG.LDTA,70,6177,Papilotomia del conducto de Warthon y/o Stenon,14472,90
PRODUCTORES DE FRUTAS ARGENTINAS COOP.DE SEG.LDTA,70,6178,Papilotomia endoscopica / ERCP (colangio-pancreatografia endoscopica retrogada),14473,92
PRODUCTORES DE FRUTAS ARGENTINAS COOP.DE SEG.LDTA,70,6179,Paratiroidectomia,14474,93
PRODUCTORES DE FRUTAS ARGENTINAS COOP.DE SEG.LDTA,70,6180,Paratiroidectomia por via endoscopica,14475,94
PRODUCTORES DE FRUTAS ARGENTINAS COOP.DE SEG.LDTA,70,6181,Paratiroidectomia total con vaciamiento ganglionar,14476,94
PRODUCTORES DE FRUTAS ARGENTINAS COOP.DE SEG.LDTA,70,6182,Paratiroidectomia total con vaciamiento ganglionar por via endoscopica,14477,95
PRODUCTORES DE FRUTAS ARGENTINAS COOP.DE SEG.LDTA,70,6184,Parche hematico,15105,90
PRODUCTORES DE FRUTAS ARGENTINAS COOP.DE SEG.LDTA,70,5020,Parchehematico de sangreo similar (blood parch) en cefalea post puncion,15248,91
PRODUCTORES DE FRUTAS ARGENTINAS COOP.DE SEG.LDTA,70,6186,Parotidectomia total,14479,93
PRODUCTORES DE FRUTAS ARGENTINAS COOP.DE SEG.LDTA,70,5235,By-pass de vasos perifericos unilateral,13786,94
PRODUCTORES DE FRUTAS ARGENTINAS COOP.DE SEG.LDTA,70,5236,By-pass temporo-silviano,13787,96
PRODUCTORES DE FRUTAS ARGENTINAS COOP.DE SEG.LDTA,70,6188,Pectus excavatum / pectus carinatum,14481,94
PRODUCTORES DE FRUTAS ARGENTINAS COOP.DE SEG.LDTA,70,6189,Pectus excavatum / pectus carinatum por video-toracoscopia,14482,95
PRODUCTORES DE FRUTAS ARGENTINAS COOP.DE SEG.LDTA,70,6191,Pericardiectomia amplia (pericarditis constrictiva),15106,94
PRODUCTORES DE FRUTAS ARGENTINAS COOP.DE SEG.LDTA,70,6192,Pericardiectomia no constrictiva,15107,93
PRODUCTORES DE FRUTAS ARGENTINAS COOP.DE SEG.LDTA,70,6193,Pericardiocentesis,14486,91
PRODUCTORES DE FRUTAS ARGENTINAS COOP.DE SEG.LDTA,70,6194,Pericardiotomia,15108,92
PRODUCTORES DE FRUTAS ARGENTINAS COOP.DE SEG.LDTA,70,6195,Peridural por distocia,14487,92
PRODUCTORES DE FRUTAS ARGENTINAS COOP.DE SEG.LDTA,70,6196,Perineorrafia,14488,90
PRODUCTORES DE FRUTAS ARGENTINAS COOP.DE SEG.LDTA,70,6198,Peritoneocentesis,14489,90
PRODUCTORES DE FRUTAS ARGENTINAS COOP.DE SEG.LDTA,70,6199,Peritonitis generalizada,14490,93
PRODUCTORES DE FRUTAS ARGENTINAS COOP.DE SEG.LDTA,70,6203,Pielografia ascendente por ureteroscopia,14494,90
PRODUCTORES DE FRUTAS ARGENTINAS COOP.DE SEG.LDTA,70,6204,Pielolitotomia,14495,92
PRODUCTORES DE FRUTAS ARGENTINAS COOP.DE SEG.LDTA,70,6205,Pielolitotomia por videolaparoscopia,14496,93
PRODUCTORES DE FRUTAS ARGENTINAS COOP.DE SEG.LDTA,70,6206,Pieloplastia,14497,92
PRODUCTORES DE FRUTAS ARGENTINAS COOP.DE SEG.LDTA,70,6207,Pieloplastia por lumbotomia,14498,93
PRODUCTORES DE FRUTAS ARGENTINAS COOP.DE SEG.LDTA,70,6208,Pielotomia por videolaparoscopia,14499,93
PRODUCTORES DE FRUTAS ARGENTINAS COOP.DE SEG.LDTA,70,6201,Pie plano unilateral,14492,92
PRODUCTORES DE FRUTAS ARGENTINAS COOP.DE SEG.LDTA,70,6712,Plastica de Codo,60863,93
PRODUCTORES DE FRUTAS ARGENTINAS COOP.DE SEG.LDTA,70,6715,Plastica de Manguito Rotador por Artroscopia,60866,94
PRODUCTORES DE FRUTAS ARGENTINAS COOP.DE SEG.LDTA,70,5580,Plastica peneana,14047,93
PRODUCTORES DE FRUTAS ARGENTINAS COOP.DE SEG.LDTA,70,6209,Plastica anal / anoplastia,14500,91
PRODUCTORES DE FRUTAS ARGENTINAS COOP.DE SEG.LDTA,70,6210,Plastica de canal estrecho de columna con disectomia hasta 2 espacios,14501,98
PRODUCTORES DE FRUTAS ARGENTINAS COOP.DE SEG.LDTA,70,6211,Plastica de canal estrecho de columna mas de 2 espacios,14502,98
PRODUCTORES DE FRUTAS ARGENTINAS COOP.DE SEG.LDTA,70,6212,Plastica de colostomia,14503,91
PRODUCTORES DE FRUTAS ARGENTINAS COOP.DE SEG.LDTA,70,6213,Plastica de la union uretero-pielica,14504,92
PRODUCTORES DE FRUTAS ARGENTINAS COOP.DE SEG.LDTA,70,6214,Plastica de ligamentos de rodilla no cruzados,14505,93
PRODUCTORES DE FRUTAS ARGENTINAS COOP.DE SEG.LDTA,70,6215,Plastica de manguito rotador no artroscopica,14506,93
PRODUCTORES DE FRUTAS ARGENTINAS COOP.DE SEG.LDTA,70,6216,Plastica de uretra / uretroplastia,14509,92
PRODUCTORES DE FRUTAS ARGENTINAS COOP.DE SEG.LDTA,70,6218,Plastica de via lagrimal,14511,93
PRODUCTORES DE FRUTAS ARGENTINAS COOP.DE SEG.LDTA,70,6219,Plastica del cuadriceps,14512,91
PRODUCTORES DE FRUTAS ARGENTINAS COOP.DE SEG.LDTA,70,6222,Plastica pielo-ureteral por videolaparoscopia,14514,94
PRODUCTORES DE FRUTAS ARGENTINAS COOP.DE SEG.LDTA,70,6223,Plastica ureteral,14516,92
PRODUCTORES DE FRUTAS ARGENTINAS COOP.DE SEG.LDTA,70,6224,Plastica ureteral o de la union pielo-pielica por videolaparoscopia,14517,94
PRODUCTORES DE FRUTAS ARGENTINAS COOP.DE SEG.LDTA,70,6362,Reparacion artroscopica quirurgica de tobillo (plastica de tobillo por video-artroscopia),14604,93
PRODUCTORES DE FRUTAS ARGENTINAS COOP.DE SEG.LDTA,70,6370,Reparacion plastica de ligamento peroneo-astragalino anterior y/o lateral y/o peroneo-calcaneo,14612,93
PRODUCTORES DE FRUTAS ARGENTINAS COOP.DE SEG.LDTA,70,6336,Reemplazo de una valvula cardiaca y plastica de otra,15142,98
PRODUCTORES DE FRUTAS ARGENTINAS COOP.DE SEG.LDTA,70,6405,"Reseccion de tumor maligno externo, con reconstruccion plastica",15159,92
PRODUCTORES DE FRUTAS ARGENTINAS COOP.DE SEG.LDTA,70,7539,Plastica o comisurotomias valvulares Ao o pulmonares en el recien nacido.,15288,98
PRODUCTORES DE FRUTAS ARGENTINAS COOP.DE SEG.LDTA,70,6220,Plastica del pabellon auricular,15492,92
PRODUCTORES DE FRUTAS ARGENTINAS COOP.DE SEG.LDTA,70,7595,Pleurectomia parcial por video-toracoscopia,15372,94
PRODUCTORES DE FRUTAS ARGENTINAS COOP.DE SEG.LDTA,70,6225,Pleurodesis quimica por video-toracoscopia,14518,94
PRODUCTORES DE FRUTAS ARGENTINAS COOP.DE SEG.LDTA,70,6227,Polidactilia,14520,91
PRODUCTORES DE FRUTAS ARGENTINAS COOP.DE SEG.LDTA,70,6229,Polipo de cuello uterino,14522,89
PRODUCTORES DE FRUTAS ARGENTINAS COOP.DE SEG.LDTA,70,6230,Potenciales evocados,14523,89
PRODUCTORES DE FRUTAS ARGENTINAS COOP.DE SEG.LDTA,70,6231,Potenciales evocados somatosensoriales,14524,91
PRODUCTORES DE FRUTAS ARGENTINAS COOP.DE SEG.LDTA,70,6582,Trasplante oseo en procedimientos primarios,14750,94
PRODUCTORES DE FRUTAS ARGENTINAS COOP.DE SEG.LDTA,70,6593,Tratamiento de las secuelas por paralisis (por cada procedimiento),14761,91
PRODUCTORES DE FRUTAS ARGENTINAS COOP.DE SEG.LDTA,70,6235,Proctectomia con prostatectomia,15358,93
PRODUCTORES DE FRUTAS ARGENTINAS COOP.DE SEG.LDTA,70,6236,Proctorrafia,14525,90
PRODUCTORES DE FRUTAS ARGENTINAS COOP.DE SEG.LDTA,70,6237,Prolapso rectal,14526,91
PRODUCTORES DE FRUTAS ARGENTINAS COOP.DE SEG.LDTA,70,6238,Prostatectomia o adenectomia con o sin vasectomia por videolaparoscopia,14527,94
PRODUCTORES DE FRUTAS ARGENTINAS COOP.DE SEG.LDTA,70,6239,"Prostatectomia o adenectomia por via abdominal, con o sin vasectomia",14528,93
PRODUCTORES DE FRUTAS ARGENTINAS COOP.DE SEG.LDTA,70,6240,Prostatectomia o adenomectomia por videolaparoscopia,14529,94
PRODUCTORES DE FRUTAS ARGENTINAS COOP.DE SEG.LDTA,70,6243,Prostatectomia radical por videolaparoscopia,14531,95
PRODUCTORES DE FRUTAS ARGENTINAS COOP.DE SEG.LDTA,70,6274,Querato-protesis,14550,94
PRODUCTORES DE FRUTAS ARGENTINAS COOP.DE SEG.LDTA,70,6434,Revision de protesis total de rodilla,14654,95
PRODUCTORES DE FRUTAS ARGENTINAS COOP.DE SEG.LDTA,70,6580,Trasplante oseo combinado con protesis,14748,95
PRODUCTORES DE FRUTAS ARGENTINAS COOP.DE SEG.LDTA,70,6246,Protesis testicular unilateral,15411,93
PRODUCTORES DE FRUTAS ARGENTINAS COOP.DE SEG.LDTA,70,6248,Ptosis palpebral,14534,91
PRODUCTORES DE FRUTAS ARGENTINAS COOP.DE SEG.LDTA,70,6247,Ptosis de parpado,15111,92
PRODUCTORES DE FRUTAS ARGENTINAS COOP.DE SEG.LDTA,70,8653,Puncion guiada por TAC en quirofano,69398,91
PRODUCTORES DE FRUTAS ARGENTINAS COOP.DE SEG.LDTA,70,6260,Puncion de camara anterior para daignosticos,14543,89
PRODUCTORES DE FRUTAS ARGENTINAS COOP.DE SEG.LDTA,70,6261,Puncion de derrame escrotal,14544,89
PRODUCTORES DE FRUTAS ARGENTINAS COOP.DE SEG.LDTA,70,6265,Puncion del antro mastoideo,14545,90
PRODUCTORES DE FRUTAS ARGENTINAS COOP.DE SEG.LDTA,70,6267,Puncion del seno esfenoidal,14547,91
PRODUCTORES DE FRUTAS ARGENTINAS COOP.DE SEG.LDTA,70,6270,Puncion trans-fontanoidal,14548,90
PRODUCTORES DE FRUTAS ARGENTINAS COOP.DE SEG.LDTA,70,6271,Puncion ventricular por trepanacion,14549,92
PRODUCTORES DE FRUTAS ARGENTINAS COOP.DE SEG.LDTA,70,6262,Puncion de ganglio linfatico,15115,89
PRODUCTORES DE FRUTAS ARGENTINAS COOP.DE SEG.LDTA,70,6268,Puncion pleural,15361,89
PRODUCTORES DE FRUTAS ARGENTINAS COOP.DE SEG.LDTA,70,6263,Puncion de la cavidad pleural para lavaje,15366,91
PRODUCTORES DE FRUTAS ARGENTINAS COOP.DE SEG.LDTA,70,6269,Puncion raquidea diagnostica,15528,90
PRODUCTORES DE FRUTAS ARGENTINAS COOP.DE SEG.LDTA,70,6275,Queratocentesis,14551,90
PRODUCTORES DE FRUTAS ARGENTINAS COOP.DE SEG.LDTA,70,6276,Quiste artro-sinovial,14552,90
PRODUCTORES DE FRUTAS ARGENTINAS COOP.DE SEG.LDTA,70,6277,Quiste de cordon,14553,90
PRODUCTORES DE FRUTAS ARGENTINAS COOP.DE SEG.LDTA,70,6280,Quiste de ovario,14556,91
PRODUCTORES DE FRUTAS ARGENTINAS COOP.DE SEG.LDTA,70,6281,Quiste de pancreas,14557,92
PRODUCTORES DE FRUTAS ARGENTINAS COOP.DE SEG.LDTA,70,6282,Quiste de tumor de cuello,14558,92
PRODUCTORES DE FRUTAS ARGENTINAS COOP.DE SEG.LDTA,70,6283,Quiste hidatidico de bazo,14559,92
PRODUCTORES DE FRUTAS ARGENTINAS COOP.DE SEG.LDTA,70,6284,Quiste hidatidico de higado,14560,93
PRODUCTORES DE FRUTAS ARGENTINAS COOP.DE SEG.LDTA,70,6285,Quiste o tumor de mesenterio,14561,92
PRODUCTORES DE FRUTAS ARGENTINAS COOP.DE SEG.LDTA,70,6286,Quiste o tumor del hueco popliteo,14562,92
PRODUCTORES DE FRUTAS ARGENTINAS COOP.DE SEG.LDTA,70,6399,Reseccion de quiste oseo,14629,90
PRODUCTORES DE FRUTAS ARGENTINAS COOP.DE SEG.LDTA,70,6287,Quiste sacro-coccigeo en decubito ventral (ej. quiste pilonidal),15240,91
PRODUCTORES DE FRUTAS ARGENTINAS COOP.DE SEG.LDTA,70,6293,Radioterapia de intensidad modulada (IMRT),15120,91
PRODUCTORES DE FRUTAS ARGENTINAS COOP.DE SEG.LDTA,70,6294,Radioterapia intraoperatoria,15121,95
PRODUCTORES DE FRUTAS ARGENTINAS COOP.DE SEG.LDTA,70,6472,Simulacion de tratamiento para radioterapia,15170,90
PRODUCTORES DE FRUTAS ARGENTINAS COOP.DE SEG.LDTA,70,6296,Reanimacion fuera del acto anestesiologico,15122,92
PRODUCTORES DE FRUTAS ARGENTINAS COOP.DE SEG.LDTA,70,6298,Recarga de bomba de infusion,15124,90
PRODUCTORES DE FRUTAS ARGENTINAS COOP.DE SEG.LDTA,70,6299,Recarga bomba elastomerica,15211,89
PRODUCTORES DE FRUTAS ARGENTINAS COOP.DE SEG.LDTA,70,6304,Reconstruccion de las vias biliares,14566,95
PRODUCTORES DE FRUTAS ARGENTINAS COOP.DE SEG.LDTA,70,6308,Reconstruccion de pene y/o testiculo,14567,93
PRODUCTORES DE FRUTAS ARGENTINAS COOP.DE SEG.LDTA,70,6319,Reconstruccion total de parpado,14570,92
PRODUCTORES DE FRUTAS ARGENTINAS COOP.DE SEG.LDTA,70,6300,Reconstruccion de areola y/o pezon,15125,91
PRODUCTORES DE FRUTAS ARGENTINAS COOP.DE SEG.LDTA,70,6301,Reconstruccion de cavidad orbitaria,15126,93
PRODUCTORES DE FRUTAS ARGENTINAS COOP.DE SEG.LDTA,70,6302,Reconstruccion de conducto auditivo externo,15127,92
PRODUCTORES DE FRUTAS ARGENTINAS COOP.DE SEG.LDTA,70,6303,Reconstruccion de la pared abdominal,15128,93
PRODUCTORES DE FRUTAS ARGENTINAS COOP.DE SEG.LDTA,70,6305,Reconstruccion de ombligo,15129,90
PRODUCTORES DE FRUTAS ARGENTINAS COOP.DE SEG.LDTA,70,6307,Reconstruccion de pene y/o escroto,15131,92
PRODUCTORES DE FRUTAS ARGENTINAS COOP.DE SEG.LDTA,70,6288,Reconstruccion de vulva,15132,93
PRODUCTORES DE FRUTAS ARGENTINAS COOP.DE SEG.LDTA,70,6313,Reconstruccion nasal parcial,15136,91
PRODUCTORES DE FRUTAS ARGENTINAS COOP.DE SEG.LDTA,70,6314,Reconstruccion parcial de orbita o malar,15137,92
PRODUCTORES DE FRUTAS ARGENTINAS COOP.DE SEG.LDTA,70,6316,Reconstruccion total de orbita,15139,93
PRODUCTORES DE FRUTAS ARGENTINAS COOP.DE SEG.LDTA,70,6404,Reseccion de tumor de orbita con reseccion osea y reconstruccion inmediata,15158,93
PRODUCTORES DE FRUTAS ARGENTINAS COOP.DE SEG.LDTA,70,6702,Reseccion de Tumor de Recto,60853,93
PRODUCTORES DE FRUTAS ARGENTINAS COOP.DE SEG.LDTA,70,6320,Recto-sigmoidoscopia,14571,89
PRODUCTORES DE FRUTAS ARGENTINAS COOP.DE SEG.LDTA,70,6414,Reseccion parcial osea infecciosa o tumoral de columna (corporectomia),14637,94
PRODUCTORES DE FRUTAS ARGENTINAS COOP.DE SEG.LDTA,70,6425,Retinopexia y esclerectomia,14646,93
PRODUCTORES DE FRUTAS ARGENTINAS COOP.DE SEG.LDTA,70,6451,Salpinguectomia con o sin ooferectomia por videolaproscopia,14666,93
PRODUCTORES DE FRUTAS ARGENTINAS COOP.DE SEG.LDTA,70,6610,Trombo-endarterectomia de vasos perifericos,14773,94
PRODUCTORES DE FRUTAS ARGENTINAS COOP.DE SEG.LDTA,70,6695,Vitrectomia,14840,94
PRODUCTORES DE FRUTAS ARGENTINAS COOP.DE SEG.LDTA,70,6455,Secuestrectomia,15308,93
PRODUCTORES DE FRUTAS ARGENTINAS COOP.DE SEG.LDTA,70,6321,Rectoscopia,15332,89
PRODUCTORES DE FRUTAS ARGENTINAS COOP.DE SEG.LDTA,70,6637,Tumorectomia,15389,91
PRODUCTORES DE FRUTAS ARGENTINAS COOP.DE SEG.LDTA,70,6644,Ureterectomia,15423,91
PRODUCTORES DE FRUTAS ARGENTINAS COOP.DE SEG.LDTA,70,6328,Reduccion incruenta cervical o dorsal,14575,92
PRODUCTORES DE FRUTAS ARGENTINAS COOP.DE SEG.LDTA,70,6339,Reemplazo total de femur,14583,95
PRODUCTORES DE FRUTAS ARGENTINAS COOP.DE SEG.LDTA,70,6340,Reemplazo total de hombro,14584,95
PRODUCTORES DE FRUTAS ARGENTINAS COOP.DE SEG.LDTA,70,6341,Reemplazo total de rodilla,14585,95
PRODUCTORES DE FRUTAS ARGENTINAS COOP.DE SEG.LDTA,70,6334,Reemplazo bi-valvular,15141,98
PRODUCTORES DE FRUTAS ARGENTINAS COOP.DE SEG.LDTA,70,6342,Reemplazo valvular,15143,95
PRODUCTORES DE FRUTAS ARGENTINAS COOP.DE SEG.LDTA,70,7535,Reemplazo valvular en hemodinamia ( TAVI),15549,98
PRODUCTORES DE FRUTAS ARGENTINAS COOP.DE SEG.LDTA,70,6359,Reintervencion cardiaca dentro de las primeras 24 horas (ejemplo: sangrado),15147,94
PRODUCTORES DE FRUTAS ARGENTINAS COOP.DE SEG.LDTA,70,6360,Remodelacion de la boveda craneana (turricefalia / plagiocefalia),14603,95
PRODUCTORES DE FRUTAS ARGENTINAS COOP.DE SEG.LDTA,70,6361,"Remodelacion de la boveda craneana (turricefalia, plagioce falia)",15148,95
PRODUCTORES DE FRUTAS ARGENTINAS COOP.DE SEG.LDTA,70,6367,Reparacion ligamentaria de rodilla (ligamento laterales y/o cruzados),51397,94
PRODUCTORES DE FRUTAS ARGENTINAS COOP.DE SEG.LDTA,70,6365,Reparacion de senos craneales,14607,94
PRODUCTORES DE FRUTAS ARGENTINAS COOP.DE SEG.LDTA,70,6368,"Reparacion ligamentaria de tobillo (ligamentos laterales, etc)",14610,93
PRODUCTORES DE FRUTAS ARGENTINAS COOP.DE SEG.LDTA,70,6000,Reseccion de Tabique Vaginal por Videolaparoscopia,60852,92
PRODUCTORES DE FRUTAS ARGENTINAS COOP.DE SEG.LDTA,70,6372,Reseccion costal,14613,90
PRODUCTORES DE FRUTAS ARGENTINAS COOP.DE SEG.LDTA,70,6374,Reseccion cuneiforme de ovario,14614,91
PRODUCTORES DE FRUTAS ARGENTINAS COOP.DE SEG.LDTA,70,6380,Reseccion de cuello de vejiga,14616,91
PRODUCTORES DE FRUTAS ARGENTINAS COOP.DE SEG.LDTA,70,6385,Reseccion de espolon calcaneo,14619,91
PRODUCTORES DE FRUTAS ARGENTINAS COOP.DE SEG.LDTA,70,6386,Reseccion de exostosis,14620,90
PRODUCTORES DE FRUTAS ARGENTINAS COOP.DE SEG.LDTA,70,6390,Reseccion de intestino delgado,14623,93
PRODUCTORES DE FRUTAS ARGENTINAS COOP.DE SEG.LDTA,70,6394,Reseccion de osteoma del CAE,14625,92
PRODUCTORES DE FRUTAS ARGENTINAS COOP.DE SEG.LDTA,70,6395,Reseccion de plexo hipogastrico,14626,92
PRODUCTORES DE FRUTAS ARGENTINAS COOP.DE SEG.LDTA,70,6397,Reseccion de plexo hipogastrico por videolaparoscopia,14628,93
PRODUCTORES DE FRUTAS ARGENTINAS COOP.DE SEG.LDTA,70,6407,Reseccion del plexo hipogastrico,14631,92
PRODUCTORES DE FRUTAS ARGENTINAS COOP.DE SEG.LDTA,70,6411,Reseccion parcial de hueso infeccioso o tumoral,14634,92
PRODUCTORES DE FRUTAS ARGENTINAS COOP.DE SEG.LDTA,70,6413,Reseccion parcial de pelvis infecciosa o tumoral,14636,92
PRODUCTORES DE FRUTAS ARGENTINAS COOP.DE SEG.LDTA,70,6415,Reseccion submucosa del cornete inferior,14639,91
PRODUCTORES DE FRUTAS ARGENTINAS COOP.DE SEG.LDTA,70,6416,Reseccion total de paladar,14640,94
PRODUCTORES DE FRUTAS ARGENTINAS COOP.DE SEG.LDTA,70,6419,Reseccion tumoral de nervio periferico,14642,91
PRODUCTORES DE FRUTAS ARGENTINAS COOP.DE SEG.LDTA,70,6396,Reseccion de plexo hipogastrico por videolaparoscopia,15154,93
PRODUCTORES DE FRUTAS ARGENTINAS COOP.DE SEG.LDTA,70,6398,Reseccion de queloide,15155,91
PRODUCTORES DE FRUTAS ARGENTINAS COOP.DE SEG.LDTA,70,6402,Reseccion de tumor de mas de 5 cm,15156,91
PRODUCTORES DE FRUTAS ARGENTINAS COOP.DE SEG.LDTA,70,6403,Reseccion de tumor de menos de 5 cm,15157,90
PRODUCTORES DE FRUTAS ARGENTINAS COOP.DE SEG.LDTA,70,6381,Reseccion de epiplon,15298,91
PRODUCTORES DE FRUTAS ARGENTINAS COOP.DE SEG.LDTA,70,6371,Reseccion pleuro-parietal,15367,93
PRODUCTORES DE FRUTAS ARGENTINAS COOP.DE SEG.LDTA,70,6401,Reseccion de tabique vaginal,15402,91
PRODUCTORES DE FRUTAS ARGENTINAS COOP.DE SEG.LDTA,70,6417,Reseccion transuretral de prostata (TUR-P),15430,93
PRODUCTORES DE FRUTAS ARGENTINAS COOP.DE SEG.LDTA,70,6389,Reseccion de hasta 3 falanges,15459,90
PRODUCTORES DE FRUTAS ARGENTINAS COOP.DE SEG.LDTA,70,6392,Reseccion de mas de 3 falanges,15460,91
PRODUCTORES DE FRUTAS ARGENTINAS COOP.DE SEG.LDTA,70,6375,Reseccion de cabeza de radio o cubito,15462,91
PRODUCTORES DE FRUTAS ARGENTINAS COOP.DE SEG.LDTA,70,6422,Retinografia,14643,89
PRODUCTORES DE FRUTAS ARGENTINAS COOP.DE SEG.LDTA,70,6426,Retiro de cables endocavitarios,14647,92
PRODUCTORES DE FRUTAS ARGENTINAS COOP.DE SEG.LDTA,70,6427,Retoque de muñon,14648,91
PRODUCTORES DE FRUTAS ARGENTINAS COOP.DE SEG.LDTA,70,6428,Retromentonismo no estetico,15162,91
PRODUCTORES DE FRUTAS ARGENTINAS COOP.DE SEG.LDTA,70,8539,Internacion. Primera o revision.,69389,90
PRODUCTORES DE FRUTAS ARGENTINAS COOP.DE SEG.LDTA,70,6437,Rino-septumplastia,14657,93
PRODUCTORES DE FRUTAS ARGENTINAS COOP.DE SEG.LDTA,70,6514,Taponamiento intra-uterino,14711,90
PRODUCTORES DE FRUTAS ARGENTINAS COOP.DE SEG.LDTA,70,6606,Tratamiento quirurgico del neurinoma del acustico por via optica,14770,95
PRODUCTORES DE FRUTAS ARGENTINAS COOP.DE SEG.LDTA,70,6440,"Rinoplastia simple, no estetica",15165,90
PRODUCTORES DE FRUTAS ARGENTINAS COOP.DE SEG.LDTA,70,6442,Rizotomia del ligamento dentado,14658,93
PRODUCTORES DE FRUTAS ARGENTINAS COOP.DE SEG.LDTA,70,6443,Rizotomia dorsal selectiva,14659,94
PRODUCTORES DE FRUTAS ARGENTINAS COOP.DE SEG.LDTA,70,6444,Rizotomia retrogaseriana estereotaxica por rf,15270,94
PRODUCTORES DE FRUTAS ARGENTINAS COOP.DE SEG.LDTA,70,7513,Rizotomia estereotaxica por crioterapia del G de Gasser,15271,98
PRODUCTORES DE FRUTAS ARGENTINAS COOP.DE SEG.LDTA,70,6445,Safenectomia externa unilateral,14660,92
PRODUCTORES DE FRUTAS ARGENTINAS COOP.DE SEG.LDTA,70,6446,Safenectomia interna unilateral,14661,92
PRODUCTORES DE FRUTAS ARGENTINAS COOP.DE SEG.LDTA,70,6449,Salpingolisis / salpingoplastia unilateral,14664,92
PRODUCTORES DE FRUTAS ARGENTINAS COOP.DE SEG.LDTA,70,6450,Salpingolisis / salpingoplastia unilateral por videolaparoscopia,14665,93
PRODUCTORES DE FRUTAS ARGENTINAS COOP.DE SEG.LDTA,70,6453,Seccion de frenillo lingual,14667,89
PRODUCTORES DE FRUTAS ARGENTINAS COOP.DE SEG.LDTA,70,6452,Seccion de aductores con o sin tenotomia,15456,92
PRODUCTORES DE FRUTAS ARGENTINAS COOP.DE SEG.LDTA,70,6454,Secuelas de paralisis facial en todas sus formas,15169,92
PRODUCTORES DE FRUTAS ARGENTINAS COOP.DE SEG.LDTA,70,6456,Segmentectomia hepatica,14668,95
PRODUCTORES DE FRUTAS ARGENTINAS COOP.DE SEG.LDTA,70,6458,Septostomia inter-auricular o ventricular en hemodinamia (tipo Raskind o similares),14670,95
PRODUCTORES DE FRUTAS ARGENTINAS COOP.DE SEG.LDTA,70,6461,Shunt porto-sistemico transyugular intra-hepatico (TIPS),14673,95
PRODUCTORES DE FRUTAS ARGENTINAS COOP.DE SEG.LDTA,70,6462,Sialografia,14675,89
PRODUCTORES DE FRUTAS ARGENTINAS COOP.DE SEG.LDTA,70,6463,Sigmoidectomia,14676,94
PRODUCTORES DE FRUTAS ARGENTINAS COOP.DE SEG.LDTA,70,6464,Sigmoidectomia por videolaparoscopia,14677,95
PRODUCTORES DE FRUTAS ARGENTINAS COOP.DE SEG.LDTA,70,6465,Simpatectomia abdominal o lumbar,14678,91
PRODUCTORES DE FRUTAS ARGENTINAS COOP.DE SEG.LDTA,70,6466,Simpatectomia cervical,14679,92
PRODUCTORES DE FRUTAS ARGENTINAS COOP.DE SEG.LDTA,70,6467,Simpatectomia lumbar,14680,91
PRODUCTORES DE FRUTAS ARGENTINAS COOP.DE SEG.LDTA,70,6468,Simpatectomia lumbar o toracica (hiper-hidrosis),14681,93
PRODUCTORES DE FRUTAS ARGENTINAS COOP.DE SEG.LDTA,70,6470,Simpatectomia periarterial,14683,91
PRODUCTORES DE FRUTAS ARGENTINAS COOP.DE SEG.LDTA,70,6471,Simpatectomia toracica,14684,93
PRODUCTORES DE FRUTAS ARGENTINAS COOP.DE SEG.LDTA,70,6473,Sindactilia,14685,91
PRODUCTORES DE FRUTAS ARGENTINAS COOP.DE SEG.LDTA,70,6474,Sindrome apico-transverso,14686,95
PRODUCTORES DE FRUTAS ARGENTINAS COOP.DE SEG.LDTA,70,6476,Sinovectomia,14688,91
PRODUCTORES DE FRUTAS ARGENTINAS COOP.DE SEG.LDTA,70,6478,Sinusotomia esfenoidal,14691,92
PRODUCTORES DE FRUTAS ARGENTINAS COOP.DE SEG.LDTA,70,6479,Sinusotomia frontal externa (trepanacion del seno frontal),14692,91
PRODUCTORES DE FRUTAS ARGENTINAS COOP.DE SEG.LDTA,70,6480,Sinusotomia frontal radical por via externa,14693,92
PRODUCTORES DE FRUTAS ARGENTINAS COOP.DE SEG.LDTA,70,6484,Sinusotomias combinadas por via endoscopica,14697,94
PRODUCTORES DE FRUTAS ARGENTINAS COOP.DE SEG.LDTA,70,6485,Sinusotomias por via endoscopica,14698,93
PRODUCTORES DE FRUTAS ARGENTINAS COOP.DE SEG.LDTA,70,6489,Spect cerebral,15172,91
PRODUCTORES DE FRUTAS ARGENTINAS COOP.DE SEG.LDTA,70,8101,Spect cerebral en niños,15531,91
PRODUCTORES DE FRUTAS ARGENTINAS COOP.DE SEG.LDTA,70,6490,Suprarrenalectomia laparoscopica unilateral,15385,95
PRODUCTORES DE FRUTAS ARGENTINAS COOP.DE SEG.LDTA,70,6491,Sutura de conjuntiva,14701,90
PRODUCTORES DE FRUTAS ARGENTINAS COOP.DE SEG.LDTA,70,6494,Sutura de faringe,14702,92
PRODUCTORES DE FRUTAS ARGENTINAS COOP.DE SEG.LDTA,70,6497,Sutura de lengua,14705,90
PRODUCTORES DE FRUTAS ARGENTINAS COOP.DE SEG.LDTA,70,6498,Sutura de vasos perifericos,14706,92
PRODUCTORES DE FRUTAS ARGENTINAS COOP.DE SEG.LDTA,70,6500,Sutura del paladar,14707,90
PRODUCTORES DE FRUTAS ARGENTINAS COOP.DE SEG.LDTA,70,6499,Sutura del pabellon auricular,15491,90
PRODUCTORES DE FRUTAS ARGENTINAS COOP.DE SEG.LDTA,70,6493,Sutura de encia,15495,90
PRODUCTORES DE FRUTAS ARGENTINAS COOP.DE SEG.LDTA,70,6492,Sutura de cornea,15525,91
PRODUCTORES DE FRUTAS ARGENTINAS COOP.DE SEG.LDTA,70,6513,Taponaje anterior y/o posterior,14710,89
PRODUCTORES DE FRUTAS ARGENTINAS COOP.DE SEG.LDTA,70,6515,Tarsorrafia,15179,90
PRODUCTORES DE FRUTAS ARGENTINAS COOP.DE SEG.LDTA,70,6516,Telecanto,15180,92
PRODUCTORES DE FRUTAS ARGENTINAS COOP.DE SEG.LDTA,70,6517,Tenolisis (hasta 3 tendones),14712,91
PRODUCTORES DE FRUTAS ARGENTINAS COOP.DE SEG.LDTA,70,6518,Tenolisis o tenorrafia (4 o mas tendones),14713,92
PRODUCTORES DE FRUTAS ARGENTINAS COOP.DE SEG.LDTA,70,6520,Tenoplastia simple (hasta 3 tendones),14714,92
PRODUCTORES DE FRUTAS ARGENTINAS COOP.DE SEG.LDTA,70,6519,Tenoplastia multiple (mas de 3 tendones),15452,93
PRODUCTORES DE FRUTAS ARGENTINAS COOP.DE SEG.LDTA,70,6521,Tenorrafia (hasta 3 tendones),14715,91
PRODUCTORES DE FRUTAS ARGENTINAS COOP.DE SEG.LDTA,70,6522,Tenorrafia del tendon de aquiles o rotuliano,14716,91
PRODUCTORES DE FRUTAS ARGENTINAS COOP.DE SEG.LDTA,70,6524,Tenotomia simple,14717,90
PRODUCTORES DE FRUTAS ARGENTINAS COOP.DE SEG.LDTA,70,6523,Tenotomia multiple,15450,91
PRODUCTORES DE FRUTAS ARGENTINAS COOP.DE SEG.LDTA,70,6554,Toma de tension ocular,14731,89
PRODUCTORES DE FRUTAS ARGENTINAS COOP.DE SEG.LDTA,70,6511,Tens (maximo seis sesiones al mes),15181,89
PRODUCTORES DE FRUTAS ARGENTINAS COOP.DE SEG.LDTA,70,8545,Quimioterapia intratecal,69395,94
PRODUCTORES DE FRUTAS ARGENTINAS COOP.DE SEG.LDTA,70,6525,Terapia sistemica del dolor postoperatorio ( todo el periodo),15182,90
PRODUCTORES DE FRUTAS ARGENTINAS COOP.DE SEG.LDTA,70,6540,Test de duccion forzada y fuerza generada,14718,89
PRODUCTORES DE FRUTAS ARGENTINAS COOP.DE SEG.LDTA,70,6539,"Test de Opioide, Baclofren, etc, intratecal",15249,91
PRODUCTORES DE FRUTAS ARGENTINAS COOP.DE SEG.LDTA,70,6630,Tumor de testiculo,15409,91
PRODUCTORES DE FRUTAS ARGENTINAS COOP.DE SEG.LDTA,70,6541,Timectomia por miastenia gravis,14719,94
PRODUCTORES DE FRUTAS ARGENTINAS COOP.DE SEG.LDTA,70,6543,Timpanoplastia,14721,93
PRODUCTORES DE FRUTAS ARGENTINAS COOP.DE SEG.LDTA,70,6544,Tiroidectomia por via endoscopica,14722,94
PRODUCTORES DE FRUTAS ARGENTINAS COOP.DE SEG.LDTA,70,6545,Tiroidectomia total,14723,93
PRODUCTORES DE FRUTAS ARGENTINAS COOP.DE SEG.LDTA,70,6546,Tiroidectomia total con vaciamiento cervical,14724,94
PRODUCTORES DE FRUTAS ARGENTINAS COOP.DE SEG.LDTA,70,6547,Tiroidectomia total con vaciamiento cervical por via endoscopica,14725,95
PRODUCTORES DE FRUTAS ARGENTINAS COOP.DE SEG.LDTA,70,6548,Toilette quirurgico con debridamiento,14726,90
PRODUCTORES DE FRUTAS ARGENTINAS COOP.DE SEG.LDTA,70,6549,Toilette quirurgico de columna,14727,92
PRODUCTORES DE FRUTAS ARGENTINAS COOP.DE SEG.LDTA,70,6551,Toillete quirurgica,14728,89
PRODUCTORES DE FRUTAS ARGENTINAS COOP.DE SEG.LDTA,70,6555,Tomografia computada de ojo,15521,90
PRODUCTORES DE FRUTAS ARGENTINAS COOP.DE SEG.LDTA,70,6556,Toracoplastia,14732,92
PRODUCTORES DE FRUTAS ARGENTINAS COOP.DE SEG.LDTA,70,6509,"TAC de torax, con o sin contraste",15177,91
PRODUCTORES DE FRUTAS ARGENTINAS COOP.DE SEG.LDTA,70,6558,Torticolis congenita,15486,94
PRODUCTORES DE FRUTAS ARGENTINAS COOP.DE SEG.LDTA,70,6561,Traccion esqueletica,15435,89
PRODUCTORES DE FRUTAS ARGENTINAS COOP.DE SEG.LDTA,70,6560,Traccion de partes blandas,15453,89
PRODUCTORES DE FRUTAS ARGENTINAS COOP.DE SEG.LDTA,70,6562,Tractotomia,15535,94
PRODUCTORES DE FRUTAS ARGENTINAS COOP.DE SEG.LDTA,70,6563,Transferencias tendinosas (mas de 3 tendones),14735,93
PRODUCTORES DE FRUTAS ARGENTINAS COOP.DE SEG.LDTA,70,6564,Transferencias tendinosas (trasplante y alargamiento) en miembro superior o inferior (hasta 3 tendones),14736,92
PRODUCTORES DE FRUTAS ARGENTINAS COOP.DE SEG.LDTA,70,6565,Transposicion de nervio periferico,14737,92
PRODUCTORES DE FRUTAS ARGENTINAS COOP.DE SEG.LDTA,70,6566,Transposicion de tendones en miembro superior o miembro inferior,14738,93
PRODUCTORES DE FRUTAS ARGENTINAS COOP.DE SEG.LDTA,70,6567,Transposicion del cubital,14739,91
PRODUCTORES DE FRUTAS ARGENTINAS COOP.DE SEG.LDTA,70,6568,Traqueoplastia,14740,94
PRODUCTORES DE FRUTAS ARGENTINAS COOP.DE SEG.LDTA,70,6569,Traqueorrafia,14742,92
PRODUCTORES DE FRUTAS ARGENTINAS COOP.DE SEG.LDTA,70,6571,Traqueostomia o traqueotomia como unica intervencion,14744,91
PRODUCTORES DE FRUTAS ARGENTINAS COOP.DE SEG.LDTA,70,6570,Traqueostomia como unica intervencion,15190,91
PRODUCTORES DE FRUTAS ARGENTINAS COOP.DE SEG.LDTA,70,6572,Traqueostomia percutanea,15383,91
PRODUCTORES DE FRUTAS ARGENTINAS COOP.DE SEG.LDTA,70,6574,Trasplante de corazon y pulmon,14745,108
PRODUCTORES DE FRUTAS ARGENTINAS COOP.DE SEG.LDTA,70,6578,Trasplante de pancreas,14746,106
PRODUCTORES DE FRUTAS ARGENTINAS COOP.DE SEG.LDTA,70,6579,Trasplante hepatico,14747,107
PRODUCTORES DE FRUTAS ARGENTINAS COOP.DE SEG.LDTA,70,6584,Trasplante oseo intercalares,14752,94
PRODUCTORES DE FRUTAS ARGENTINAS COOP.DE SEG.LDTA,70,6585,Trasplante oseo osteo-articulares,14753,94
PRODUCTORES DE FRUTAS ARGENTINAS COOP.DE SEG.LDTA,70,6586,Trasplante pulmonar,14754,106
PRODUCTORES DE FRUTAS ARGENTINAS COOP.DE SEG.LDTA,70,6587,Trasplante renal,14755,96
PRODUCTORES DE FRUTAS ARGENTINAS COOP.DE SEG.LDTA,70,6588,Trasplante reno-pancreatico,14756,107
PRODUCTORES DE FRUTAS ARGENTINAS COOP.DE SEG.LDTA,70,6589,Trasplante y alargamiento (hasta 3 tendones),14757,92
PRODUCTORES DE FRUTAS ARGENTINAS COOP.DE SEG.LDTA,70,6590,Trasplante y alargamiento (mas de 3 tendones),14758,93
PRODUCTORES DE FRUTAS ARGENTINAS COOP.DE SEG.LDTA,70,6573,Trasplante de corazon,15191,106
PRODUCTORES DE FRUTAS ARGENTINAS COOP.DE SEG.LDTA,70,6575,Trasplante de corazon-pulmon,15192,108
PRODUCTORES DE FRUTAS ARGENTINAS COOP.DE SEG.LDTA,70,6576,Trasplante de corazon-riñon,15193,107
PRODUCTORES DE FRUTAS ARGENTINAS COOP.DE SEG.LDTA,70,6577,Trasplante de medula osea,15257,92
PRODUCTORES DE FRUTAS ARGENTINAS COOP.DE SEG.LDTA,70,6594,Tratamiento de las varices esofagicas (bandas / escleroris / balon),14762,91
PRODUCTORES DE FRUTAS ARGENTINAS COOP.DE SEG.LDTA,70,6600,Tratamiento endovascular de arterias uterinas,14767,94
PRODUCTORES DE FRUTAS ARGENTINAS COOP.DE SEG.LDTA,70,6607,Tratamiento quirurgico del onfalocele,14771,94
PRODUCTORES DE FRUTAS ARGENTINAS COOP.DE SEG.LDTA,70,6608,"Tratamiento sistemico del dolor, por dia de tratamiento",15209,89
PRODUCTORES DE FRUTAS ARGENTINAS COOP.DE SEG.LDTA,70,6510,TAC tridimensional,15178,91
PRODUCTORES DE FRUTAS ARGENTINAS COOP.DE SEG.LDTA,70,6720,Trombectomia Intracraneal Por Hemodinamia,60871,96
PRODUCTORES DE FRUTAS ARGENTINAS COOP.DE SEG.LDTA,70,6609,Trombectomia venosa profunda,14772,93
PRODUCTORES DE FRUTAS ARGENTINAS COOP.DE SEG.LDTA,70,6611,Trombosis hemorroidal,14774,90
PRODUCTORES DE FRUTAS ARGENTINAS COOP.DE SEG.LDTA,70,6612,Trombosis mesenterica,14775,93
PRODUCTORES DE FRUTAS ARGENTINAS COOP.DE SEG.LDTA,70,5752,Extrirpacion de tumor oseo (mas de 5 cm),14170,91
PRODUCTORES DE FRUTAS ARGENTINAS COOP.DE SEG.LDTA,70,5753,Extrirpacion de tumor oseo (menos de 5 cm),14171,90
PRODUCTORES DE FRUTAS ARGENTINAS COOP.DE SEG.LDTA,70,6613,Tumor benigno de ano,14776,91
PRODUCTORES DE FRUTAS ARGENTINAS COOP.DE SEG.LDTA,70,6615,Tumor benigno de vulva,14777,89
PRODUCTORES DE FRUTAS ARGENTINAS COOP.DE SEG.LDTA,70,6616,Tumor beningo de vagina,14778,90
PRODUCTORES DE FRUTAS ARGENTINAS COOP.DE SEG.LDTA,70,6617,Tumor cerebral intracraneal (mas de 8 horas de duracion),14779,98
PRODUCTORES DE FRUTAS ARGENTINAS COOP.DE SEG.LDTA,70,6618,Tumor cerebral intracraneal (menos de 8 horas de duracion),14780,98
PRODUCTORES DE FRUTAS ARGENTINAS COOP.DE SEG.LDTA,70,6620,Tumor de fosa posterior (mas de 8 horas de duracion),14782,98
PRODUCTORES DE FRUTAS ARGENTINAS COOP.DE SEG.LDTA,70,6621,Tumor de fosa posterior (menos de 8 horas de duracion),14783,98
PRODUCTORES DE FRUTAS ARGENTINAS COOP.DE SEG.LDTA,70,6622,Tumor de hipofisis (mas de 8 horas de duracion),14784,98
PRODUCTORES DE FRUTAS ARGENTINAS COOP.DE SEG.LDTA,70,6623,Tumor de hipofisis (menos de 8 horas de duracion),14785,98
PRODUCTORES DE FRUTAS ARGENTINAS COOP.DE SEG.LDTA,70,6624,Tumor de la pared costal,14786,91
PRODUCTORES DE FRUTAS ARGENTINAS COOP.DE SEG.LDTA,70,6625,Tumor de la pared costal por videotoracoscopia,14787,92
PRODUCTORES DE FRUTAS ARGENTINAS COOP.DE SEG.LDTA,70,6627,Tumor de ovario,14788,92
PRODUCTORES DE FRUTAS ARGENTINAS COOP.DE SEG.LDTA,70,6629,Tumor de partes blandas,14790,90
PRODUCTORES DE FRUTAS ARGENTINAS COOP.DE SEG.LDTA,70,6633,Tumor fibroso de pie,14791,90
PRODUCTORES DE FRUTAS ARGENTINAS COOP.DE SEG.LDTA,70,6634,Tumor retroperitoneal,14792,94
PRODUCTORES DE FRUTAS ARGENTINAS COOP.DE SEG.LDTA,70,6635,Tumor retroperitoneal por videolaparoscopia,14793,95
PRODUCTORES DE FRUTAS ARGENTINAS COOP.DE SEG.LDTA,70,6638,Tumores mediastinales a cielo abierto,14794,94
PRODUCTORES DE FRUTAS ARGENTINAS COOP.DE SEG.LDTA,70,6639,Tumores mediastinales por toracoscopia,14795,95
PRODUCTORES DE FRUTAS ARGENTINAS COOP.DE SEG.LDTA,70,6632,Tumor del hueco supra-clavicular,15196,91
PRODUCTORES DE FRUTAS ARGENTINAS COOP.DE SEG.LDTA,70,6636,Tumoracion cardiaca con CEC (tumor de auricula y/o ventriculo; tipo mixoma o similares),15283,98
PRODUCTORES DE FRUTAS ARGENTINAS COOP.DE SEG.LDTA,70,6631,Tumor del glomus carotideo,15540,95
PRODUCTORES DE FRUTAS ARGENTINAS COOP.DE SEG.LDTA,70,6640,Turbinectomia parcial o completa simple (unica o muliple),14796,92
PRODUCTORES DE FRUTAS ARGENTINAS COOP.DE SEG.LDTA,70,6642,Turbinectomia video-endoscopica,14798,93
PRODUCTORES DE FRUTAS ARGENTINAS COOP.DE SEG.LDTA,70,6645,Ureterolitotomia,14800,92
PRODUCTORES DE FRUTAS ARGENTINAS COOP.DE SEG.LDTA,70,6675,Video cisto-ureteroscopia,14823,90
PRODUCTORES DE FRUTAS ARGENTINAS COOP.DE SEG.LDTA,70,6646,Ureteroscopia,15420,89
PRODUCTORES DE FRUTAS ARGENTINAS COOP.DE SEG.LDTA,70,6647,Ureterostomia,15424,91
PRODUCTORES DE FRUTAS ARGENTINAS COOP.DE SEG.LDTA,70,6648,Uretro-cisto-fibroscopia,14801,90
PRODUCTORES DE FRUTAS ARGENTINAS COOP.DE SEG.LDTA,70,6649,Uretrografia,14802,89
PRODUCTORES DE FRUTAS ARGENTINAS COOP.DE SEG.LDTA,70,6650,Uretrorrafia,14803,90
PRODUCTORES DE FRUTAS ARGENTINAS COOP.DE SEG.LDTA,70,6651,Uretrotomia interna / uretroscopia,14804,89
PRODUCTORES DE FRUTAS ARGENTINAS COOP.DE SEG.LDTA,70,5941,Laringuectomia radical con vaciamiento cervical,14311,95
PRODUCTORES DE FRUTAS ARGENTINAS COOP.DE SEG.LDTA,70,6655,Vaciamiento inguino-abdominal convencional,14807,93
PRODUCTORES DE FRUTAS ARGENTINAS COOP.DE SEG.LDTA,70,6656,Vaciamiento inguino-abdominal o inguino-escrotal por video,14808,94
PRODUCTORES DE FRUTAS ARGENTINAS COOP.DE SEG.LDTA,70,6657,Vaciamiento inguino-escrotal convencional,14809,93
PRODUCTORES DE FRUTAS ARGENTINAS COOP.DE SEG.LDTA,70,6696,Vulvectomia con vaciamiento ganglionar,14841,94
PRODUCTORES DE FRUTAS ARGENTINAS COOP.DE SEG.LDTA,70,6654,Vaciamiento ganglionar lumbo-aortico,15197,94
PRODUCTORES DE FRUTAS ARGENTINAS COOP.DE SEG.LDTA,70,6658,Vaciamiento radical unilateral de cuello,15199,93
PRODUCTORES DE FRUTAS ARGENTINAS COOP.DE SEG.LDTA,70,6659,Vagotomia / vagotomia selectiva / gastropexia,14811,92
PRODUCTORES DE FRUTAS ARGENTINAS COOP.DE SEG.LDTA,70,6660,Vagotomia por videolaparoscopia,14812,93
PRODUCTORES DE FRUTAS ARGENTINAS COOP.DE SEG.LDTA,70,6661,Valvuloplastia aortica / pulmonar / tricuspidea / mitral / en hemodinamia,14813,95
PRODUCTORES DE FRUTAS ARGENTINAS COOP.DE SEG.LDTA,70,6662,Valvuloplastia mitral / tricuspidea / aortica / pulmonar,15200,95
PRODUCTORES DE FRUTAS ARGENTINAS COOP.DE SEG.LDTA,70,7534,Valvuloplastia aortica / pulmonar / tricuspidea / mitral / en hemodinamia en el recien nacido,15548,98
PRODUCTORES DE FRUTAS ARGENTINAS COOP.DE SEG.LDTA,70,6663,Vaporizacion prostatica por plasma (TURis) (hiperplasia benigna de prostata),14814,93
PRODUCTORES DE FRUTAS ARGENTINAS COOP.DE SEG.LDTA,70,6652,Varicocele,14805,90
PRODUCTORES DE FRUTAS ARGENTINAS COOP.DE SEG.LDTA,70,6665,Varicocele pelviano,14816,91
PRODUCTORES DE FRUTAS ARGENTINAS COOP.DE SEG.LDTA,70,6666,Vasectomia,15407,91
PRODUCTORES DE FRUTAS ARGENTINAS COOP.DE SEG.LDTA,70,6049,Neo-vejiga a cielo abierto,14397,95
PRODUCTORES DE FRUTAS ARGENTINAS COOP.DE SEG.LDTA,70,6667,Ventana pleuro-pericardica,14817,94
PRODUCTORES DE FRUTAS ARGENTINAS COOP.DE SEG.LDTA,70,6668,Ventana pleuro-pericardica por video,14818,95
PRODUCTORES DE FRUTAS ARGENTINAS COOP.DE SEG.LDTA,70,6669,Ventriculo-cisternotomia,14819,94
PRODUCTORES DE FRUTAS ARGENTINAS COOP.DE SEG.LDTA,70,6670,Ventriculo-cisternotomia videoasistida,14820,95
PRODUCTORES DE FRUTAS ARGENTINAS COOP.DE SEG.LDTA,70,6721,VERTEBROPLASTIA CONVENCIONAL,60872,91
PRODUCTORES DE FRUTAS ARGENTINAS COOP.DE SEG.LDTA,70,6671,Vertebroplastia percutanea (1 Vertebra),14821,94
PRODUCTORES DE FRUTAS ARGENTINAS COOP.DE SEG.LDTA,70,6672,Vertebroplastia percutanea (2 o mas vertebras),14822,95
PRODUCTORES DE FRUTAS ARGENTINAS COOP.DE SEG.LDTA,70,6366,Videoartroscopia Compleja de Rodilla,14608,94
PRODUCTORES DE FRUTAS ARGENTINAS COOP.DE SEG.LDTA,70,6676,"Video-artroscopia compleja (hombro, codo, tobillo)",14824,93
PRODUCTORES DE FRUTAS ARGENTINAS COOP.DE SEG.LDTA,70,6678,Video-artroscopia de hombro / codo,14827,93
PRODUCTORES DE FRUTAS ARGENTINAS COOP.DE SEG.LDTA,70,6679,Video-artroscopia de tobillo,14828,93
PRODUCTORES DE FRUTAS ARGENTINAS COOP.DE SEG.LDTA,70,6680,Video-artroscopia simple de rodilla (incluye menisectomia artroscopica de rodilla),14829,93
PRODUCTORES DE FRUTAS ARGENTINAS COOP.DE SEG.LDTA,70,6682,Video-cistoscopia,14831,90
PRODUCTORES DE FRUTAS ARGENTINAS COOP.DE SEG.LDTA,70,6687,Videobroncofibroscopia,14834,91
PRODUCTORES DE FRUTAS ARGENTINAS COOP.DE SEG.LDTA,70,6690,Videolaparoscopia terapeutica,14837,93
PRODUCTORES DE FRUTAS ARGENTINAS COOP.DE SEG.LDTA,70,6694,Videotoracoscopia convertida a via convencional,14839,95
PRODUCTORES DE FRUTAS ARGENTINAS COOP.DE SEG.LDTA,70,7604,Video artroscopia simple de hombro,15443,92
PRODUCTORES DE FRUTAS ARGENTINAS COOP.DE SEG.LDTA,70,7605,Video artroscopia simple de muñeca,15444,92
PRODUCTORES DE FRUTAS ARGENTINAS COOP.DE SEG.LDTA,70,7606,Video artroscopia compleja de muñeca,15446,93
PRODUCTORES DE FRUTAS ARGENTINAS COOP.DE SEG.LDTA,70,7607,Video artroscopia compleja de hombro,15447,93
PRODUCTORES DE FRUTAS ARGENTINAS COOP.DE SEG.LDTA,70,6697,Vulvectomia simple,14842,91
PRODUCTORES DE FRUTAS ARGENTINAS COOP.DE SEG.LDTA,70,6698,Yeyunostomia,15325,91
PRODUCTORES DE FRUTAS ARGENTINAS COOP.DE SEG.LDTA,70,6202,Pie zambo / varo / equino supinado,14493,92