obra,obraId,codigoEvweb,descripcion,param1,param2
COOPERATIVA DE VIVIENDA CONSUMO Y CREDITO HORIZONTE LIMITADA,76,6506,"TAC de abdomen, con o sin contraste",69501,91
COOPERATIVA DE VIVIENDA CONSUMO Y CREDITO HORIZONTE LIMITADA,76,5975,"Lipoaspiracion (cadera, muslo, abdomen) (hasta 2 zonas)",70355,93
COOPERATIVA DE VIVIENDA CONSUMO Y CREDITO HORIZONTE LIMITADA,76,5976,"Lipoaspiracion (cadera, muslo, abdomen) (mas de 2 zonas)",70356,94
COOPERATIVA DE VIVIENDA CONSUMO Y CREDITO HORIZONTE LIMITADA,76,5979,Liposuccion de abdomen,70359,93
COOPERATIVA DE VIVIENDA CONSUMO Y CREDITO HORIZONTE LIMITADA,76,6689,Videolaparoscopia exploradora de abdomen,70986,93
COOPERATIVA DE VIVIENDA CONSUMO Y CREDITO HORIZONTE LIMITADA,76,8562,Videolaparoscopia exploradora de abdomen en paciente critico,71150,95
COOPERATIVA DE VIVIENDA CONSUMO Y CREDITO HORIZONTE LIMITADA,76,5002,Abdominoplastia,69541,94
COOPERATIVA DE VIVIENDA CONSUMO Y CREDITO HORIZONTE LIMITADA,76,5003,Ablacion de corazon,69542,98
COOPERATIVA DE VIVIENDA CONSUMO Y CREDITO HORIZONTE LIMITADA,76,5005,Ablacion por radiofrecuencia de arritmias simples (tipo haz de His),69544,98
COOPERATIVA DE VIVIENDA CONSUMO Y CREDITO HORIZONTE LIMITADA,76,5083,Anestesiologo en ablacion de organos,69598,92
COOPERATIVA DE VIVIENDA CONSUMO Y CREDITO HORIZONTE LIMITADA,76,6053,Neuroablacion aferentes articulacion de cadera con Rf.,70424,95
COOPERATIVA DE VIVIENDA CONSUMO Y CREDITO HORIZONTE LIMITADA,76,6187,Patelectomia (ablacion de la rotula),70536,91
COOPERATIVA DE VIVIENDA CONSUMO Y CREDITO HORIZONTE LIMITADA,76,7532,Ablacion por radiofrecuencia de arritmias con navegador de impedancia,71029,98
COOPERATIVA DE VIVIENDA CONSUMO Y CREDITO HORIZONTE LIMITADA,76,8567,Ablacion de tumor por radiofrecuencia,71155,95
COOPERATIVA DE VIVIENDA CONSUMO Y CREDITO HORIZONTE LIMITADA,76,8568,Ablacion osea por radiofrecuencia,71156,94
COOPERATIVA DE VIVIENDA CONSUMO Y CREDITO HORIZONTE LIMITADA,76,8594,Crioablacion para arritmias,71181,95
COOPERATIVA DE VIVIENDA CONSUMO Y CREDITO HORIZONTE LIMITADA,76,5006,Abocamiento del ureter a piel,69545,92
COOPERATIVA DE VIVIENDA CONSUMO Y CREDITO HORIZONTE LIMITADA,76,5481,Lesion local de pulmon (absceso),69436,93
COOPERATIVA DE VIVIENDA CONSUMO Y CREDITO HORIZONTE LIMITADA,76,5542,Drenaje de absceso hepatico guiado por ecografia,69439,92
COOPERATIVA DE VIVIENDA CONSUMO Y CREDITO HORIZONTE LIMITADA,76,5547,Drenaje de absceso y/o quiste pancreatico guiado por ecografia,69440,92
COOPERATIVA DE VIVIENDA CONSUMO Y CREDITO HORIZONTE LIMITADA,76,5009,Absceso de mama / drenaje unilateral,69547,89
COOPERATIVA DE VIVIENDA CONSUMO Y CREDITO HORIZONTE LIMITADA,76,5010,Absceso de pancreas,69548,92
COOPERATIVA DE VIVIENDA CONSUMO Y CREDITO HORIZONTE LIMITADA,76,5011,Absceso de pared,69549,89
COOPERATIVA DE VIVIENDA CONSUMO Y CREDITO HORIZONTE LIMITADA,76,5012,Absceso de parpado,69550,90
COOPERATIVA DE VIVIENDA CONSUMO Y CREDITO HORIZONTE LIMITADA,76,5013,Absceso gluteo,69551,89
COOPERATIVA DE VIVIENDA CONSUMO Y CREDITO HORIZONTE LIMITADA,76,5014,Absceso perianal,69552,89
COOPERATIVA DE VIVIENDA CONSUMO Y CREDITO HORIZONTE LIMITADA,76,5015,Absceso perirectal,69553,91
COOPERATIVA DE VIVIENDA CONSUMO Y CREDITO HORIZONTE LIMITADA,76,5540,Drenaje de absceso de glandula de Bartholino,69976,89
COOPERATIVA DE VIVIENDA CONSUMO Y CREDITO HORIZONTE LIMITADA,76,5541,Drenaje de absceso en cabeza y/o cuello,69977,90
COOPERATIVA DE VIVIENDA CONSUMO Y CREDITO HORIZONTE LIMITADA,76,5543,"Drenaje de absceso o hematoma, excepto en cabeza y cuello",69978,89
COOPERATIVA DE VIVIENDA CONSUMO Y CREDITO HORIZONTE LIMITADA,76,5544,Drenaje de absceso subfrenico,69979,91
COOPERATIVA DE VIVIENDA CONSUMO Y CREDITO HORIZONTE LIMITADA,76,5545,Drenaje de absceso subfrenico por via laparoscopica,69980,93
COOPERATIVA DE VIVIENDA CONSUMO Y CREDITO HORIZONTE LIMITADA,76,5546,Drenaje de absceso testicular,69981,89
COOPERATIVA DE VIVIENDA CONSUMO Y CREDITO HORIZONTE LIMITADA,76,5814,Glosotomia con drenaje de absceso o hematoma,70213,90
COOPERATIVA DE VIVIENDA CONSUMO Y CREDITO HORIZONTE LIMITADA,76,5894,"Incision y drenaje de laringe, absceso, pericondritis, etc.",70289,92
COOPERATIVA DE VIVIENDA CONSUMO Y CREDITO HORIZONTE LIMITADA,76,5896,Incision y drenaje de paladar (absceso),70291,90
COOPERATIVA DE VIVIENDA CONSUMO Y CREDITO HORIZONTE LIMITADA,76,8107,Absceso de higado,71077,92
COOPERATIVA DE VIVIENDA CONSUMO Y CREDITO HORIZONTE LIMITADA,76,8569,Absceso en columna,71157,92
COOPERATIVA DE VIVIENDA CONSUMO Y CREDITO HORIZONTE LIMITADA,76,8652,Drenaje de absceso guiado por TAC/ percutaneo,71236,92
COOPERATIVA DE VIVIENDA CONSUMO Y CREDITO HORIZONTE LIMITADA,76,5016,Acortamiento de metatarsianos,69554,91
COOPERATIVA DE VIVIENDA CONSUMO Y CREDITO HORIZONTE LIMITADA,76,5017,Acromioplastia,69555,92
COOPERATIVA DE VIVIENDA CONSUMO Y CREDITO HORIZONTE LIMITADA,76,6379,"Reseccion de clavicula o acromion, acromioplastia",70718,92
COOPERATIVA DE VIVIENDA CONSUMO Y CREDITO HORIZONTE LIMITADA,76,5018,Acupuntura por sesion,69556,90
COOPERATIVA DE VIVIENDA CONSUMO Y CREDITO HORIZONTE LIMITADA,76,5019,Acupuntura laser o electroacupuntura por sesion maximo 6,69557,91
COOPERATIVA DE VIVIENDA CONSUMO Y CREDITO HORIZONTE LIMITADA,76,5021,Adenomastectomia unilateral,69558,92
COOPERATIVA DE VIVIENDA CONSUMO Y CREDITO HORIZONTE LIMITADA,76,7518,Adhesiolisis radicular segun Raez. No incluye honorarios por analgesia,71017,95
COOPERATIVA DE VIVIENDA CONSUMO Y CREDITO HORIZONTE LIMITADA,76,5023,Adrenalectomia unilateral,69559,94
COOPERATIVA DE VIVIENDA CONSUMO Y CREDITO HORIZONTE LIMITADA,76,5032,Alcoholizacion o fenolizacion peridural cervical / dorsal o lumbar,69403,95
COOPERATIVA DE VIVIENDA CONSUMO Y CREDITO HORIZONTE LIMITADA,76,5036,Alcoholizacion o fenolizacion subaracnoidea cervical / dorsal o lumbar,69404,98
COOPERATIVA DE VIVIENDA CONSUMO Y CREDITO HORIZONTE LIMITADA,76,5024,Alcoholizacion o fenolizacion de dos nervios perifericos,69560,92
COOPERATIVA DE VIVIENDA CONSUMO Y CREDITO HORIZONTE LIMITADA,76,5025,Alcoholizacion o fenolizacion de mas de dos nervios perifericos,69561,93
COOPERATIVA DE VIVIENDA CONSUMO Y CREDITO HORIZONTE LIMITADA,76,5026,Alcoholizacion o fenolizacion de par craneal ( no V par),69562,94
COOPERATIVA DE VIVIENDA CONSUMO Y CREDITO HORIZONTE LIMITADA,76,5028,Alcoholizacion o fenolizacion de rama secundaria de par craneal,69563,93
COOPERATIVA DE VIVIENDA CONSUMO Y CREDITO HORIZONTE LIMITADA,76,5035,Alcoholizacion o fenolizacion rama primaria de V par),69564,95
COOPERATIVA DE VIVIENDA CONSUMO Y CREDITO HORIZONTE LIMITADA,76,5574,Embolizacion o alcoholizacion coronaria,70006,93
COOPERATIVA DE VIVIENDA CONSUMO Y CREDITO HORIZONTE LIMITADA,76,5037,Amigdalectomia y/o adenoidectomia,69565,92
COOPERATIVA DE VIVIENDA CONSUMO Y CREDITO HORIZONTE LIMITADA,76,5038,Amigdalectomia y/o adenoidectomia por radiofrecuencia,69566,93
COOPERATIVA DE VIVIENDA CONSUMO Y CREDITO HORIZONTE LIMITADA,76,5827,Hemorragia post-adeno-amigdalectomia,70225,91
COOPERATIVA DE VIVIENDA CONSUMO Y CREDITO HORIZONTE LIMITADA,76,6400,Reseccion de resto de amigdalectomia y/o resto de adeno-amigdalectomia,70737,91
COOPERATIVA DE VIVIENDA CONSUMO Y CREDITO HORIZONTE LIMITADA,76,7529,Amigdalectomia mas septumplastia mas colocacion de TTT,71026,95
COOPERATIVA DE VIVIENDA CONSUMO Y CREDITO HORIZONTE LIMITADA,76,7530,Amigdalectomia mas septumplastia mas miringoplastia,71027,95
COOPERATIVA DE VIVIENDA CONSUMO Y CREDITO HORIZONTE LIMITADA,76,7609,Amigdalectomia mas septumplastia,71064,94
COOPERATIVA DE VIVIENDA CONSUMO Y CREDITO HORIZONTE LIMITADA,76,7610,Amigdalectomia mas miringoplastia,71065,94
COOPERATIVA DE VIVIENDA CONSUMO Y CREDITO HORIZONTE LIMITADA,76,7611,Amigdalectomia mas colocacion de TTT,71066,94
COOPERATIVA DE VIVIENDA CONSUMO Y CREDITO HORIZONTE LIMITADA,76,5039,Amniocentesis,69567,90
COOPERATIVA DE VIVIENDA CONSUMO Y CREDITO HORIZONTE LIMITADA,76,5043,Amputacion de cuello,69405,91
COOPERATIVA DE VIVIENDA CONSUMO Y CREDITO HORIZONTE LIMITADA,76,5041,Amputacion de antebrazo,69569,95
COOPERATIVA DE VIVIENDA CONSUMO Y CREDITO HORIZONTE LIMITADA,76,5042,Amputacion de brazo,69570,95
COOPERATIVA DE VIVIENDA CONSUMO Y CREDITO HORIZONTE LIMITADA,76,5044,Amputacion de dedo,69571,90
COOPERATIVA DE VIVIENDA CONSUMO Y CREDITO HORIZONTE LIMITADA,76,5045,Amputacion de hasta 2 dedos del pie,69572,90
COOPERATIVA DE VIVIENDA CONSUMO Y CREDITO HORIZONTE LIMITADA,76,5046,Amputacion de mano,69573,95
COOPERATIVA DE VIVIENDA CONSUMO Y CREDITO HORIZONTE LIMITADA,76,5047,Amputacion de mas de 2 dedos del pie,69574,91
COOPERATIVA DE VIVIENDA CONSUMO Y CREDITO HORIZONTE LIMITADA,76,5048,Amputacion de mas de 3 dedos,69575,91
COOPERATIVA DE VIVIENDA CONSUMO Y CREDITO HORIZONTE LIMITADA,76,5049,Amputacion de menos de 3 dedos,69576,91
COOPERATIVA DE VIVIENDA CONSUMO Y CREDITO HORIZONTE LIMITADA,76,5050,"Amputacion de muslo, pie o antepie",69577,92
COOPERATIVA DE VIVIENDA CONSUMO Y CREDITO HORIZONTE LIMITADA,76,5051,Amputacion de oreja,69578,91
COOPERATIVA DE VIVIENDA CONSUMO Y CREDITO HORIZONTE LIMITADA,76,5052,Amputacion de pie,69579,92
COOPERATIVA DE VIVIENDA CONSUMO Y CREDITO HORIZONTE LIMITADA,76,5053,Amputacion de pierna (supracondilea),69580,92
COOPERATIVA DE VIVIENDA CONSUMO Y CREDITO HORIZONTE LIMITADA,76,5054,Amputacion inter-ilio-abdominal,69581,95
COOPERATIVA DE VIVIENDA CONSUMO Y CREDITO HORIZONTE LIMITADA,76,5055,Amputacion inter-ilio-femoral,69582,94
COOPERATIVA DE VIVIENDA CONSUMO Y CREDITO HORIZONTE LIMITADA,76,5056,Amputacion parcial o total de pene,69583,92
COOPERATIVA DE VIVIENDA CONSUMO Y CREDITO HORIZONTE LIMITADA,76,5462,Crioneurolisis de neuroma de amputacion,69912,93
COOPERATIVA DE VIVIENDA CONSUMO Y CREDITO HORIZONTE LIMITADA,76,5997,Mastectomia unilateral (amputacion simple de mama),70373,92
COOPERATIVA DE VIVIENDA CONSUMO Y CREDITO HORIZONTE LIMITADA,76,5057,Analgesia / anestesia raquidea o peridural en periodo expulsivo,69584,92
COOPERATIVA DE VIVIENDA CONSUMO Y CREDITO HORIZONTE LIMITADA,76,5062,Analgesia regional continua c/ 24 hs o fraccion siguiente,69586,90
COOPERATIVA DE VIVIENDA CONSUMO Y CREDITO HORIZONTE LIMITADA,76,5069,Analgesia regional por bloqueo subaracnoideo con fenol o similar,69589,91
COOPERATIVA DE VIVIENDA CONSUMO Y CREDITO HORIZONTE LIMITADA,76,5143,Barbotaje de liquido cefaloraquideo/crioanalgesia,69654,91
COOPERATIVA DE VIVIENDA CONSUMO Y CREDITO HORIZONTE LIMITADA,76,8505,"Analgesia intratecal, controles dias subsiguientes. Por dia (hasta 48 hs)",71095,91
COOPERATIVA DE VIVIENDA CONSUMO Y CREDITO HORIZONTE LIMITADA,76,8506,"Analgesia intratecal, dosis unica, colocacion",71096,91
COOPERATIVA DE VIVIENDA CONSUMO Y CREDITO HORIZONTE LIMITADA,76,8516,"Analgesia sistemica continua, sin PCA, instalacion y puesta en marcha",71106,90
COOPERATIVA DE VIVIENDA CONSUMO Y CREDITO HORIZONTE LIMITADA,76,8533,Control diario de analgesia sistemica sin bomba de infusion por dia,71123,90
COOPERATIVA DE VIVIENDA CONSUMO Y CREDITO HORIZONTE LIMITADA,76,8563,Analgesia peridural. Dosis unica,71151,91
COOPERATIVA DE VIVIENDA CONSUMO Y CREDITO HORIZONTE LIMITADA,76,5071,Anastomosis de conducto deferente - microcirugia,69406,90
COOPERATIVA DE VIVIENDA CONSUMO Y CREDITO HORIZONTE LIMITADA,76,5074,Anastomosis intestinal,69407,92
COOPERATIVA DE VIVIENDA CONSUMO Y CREDITO HORIZONTE LIMITADA,76,5070,Anastomosis bilio-digestiva con o sin colecistectomia,69590,94
COOPERATIVA DE VIVIENDA CONSUMO Y CREDITO HORIZONTE LIMITADA,76,5072,Anastomosis pancreato-digestiva,69591,93
COOPERATIVA DE VIVIENDA CONSUMO Y CREDITO HORIZONTE LIMITADA,76,5073,Anastomosis porto-cava o espleno-renal,69592,98
COOPERATIVA DE VIVIENDA CONSUMO Y CREDITO HORIZONTE LIMITADA,76,5075,Anastomosis uretero-sigmoidea,69593,93
COOPERATIVA DE VIVIENDA CONSUMO Y CREDITO HORIZONTE LIMITADA,76,5358,Coledoco-duodeno-anastomosis,69825,93
COOPERATIVA DE VIVIENDA CONSUMO Y CREDITO HORIZONTE LIMITADA,76,5479,Dacrio-cistorrinoanastomosis,69922,93
COOPERATIVA DE VIVIENDA CONSUMO Y CREDITO HORIZONTE LIMITADA,76,5769,Fistula uretero-vaginal con anastomosis uretero-vesical,70169,94
COOPERATIVA DE VIVIENDA CONSUMO Y CREDITO HORIZONTE LIMITADA,76,5774,Fistula vesico-utero-vaginal con anastomosis uretero-intestinal,70174,94
COOPERATIVA DE VIVIENDA CONSUMO Y CREDITO HORIZONTE LIMITADA,76,5801,Gastroenteroanastomosis,70201,93
COOPERATIVA DE VIVIENDA CONSUMO Y CREDITO HORIZONTE LIMITADA,76,5916,Injerto y/o anastomosis facial / hipogloso o similar,70303,92
COOPERATIVA DE VIVIENDA CONSUMO Y CREDITO HORIZONTE LIMITADA,76,5079,Anestesia para neurotomia (facial / glosofaringeo / neumogastrico),69594,91
COOPERATIVA DE VIVIENDA CONSUMO Y CREDITO HORIZONTE LIMITADA,76,5081,Anestesia para sesion de cobaltoterapia o acelerador,69596,90
COOPERATIVA DE VIVIENDA CONSUMO Y CREDITO HORIZONTE LIMITADA,76,5082,Anestesia para terapia electroconvulsiva,69597,90
COOPERATIVA DE VIVIENDA CONSUMO Y CREDITO HORIZONTE LIMITADA,76,5657,Examen gineco-obstetrico bajo anestesia,70081,89
COOPERATIVA DE VIVIENDA CONSUMO Y CREDITO HORIZONTE LIMITADA,76,5658,Examen ginecologico bajo anestesia,70082,89
COOPERATIVA DE VIVIENDA CONSUMO Y CREDITO HORIZONTE LIMITADA,76,6036,Movilizaciones bajo anestesia general o regional,70407,89
COOPERATIVA DE VIVIENDA CONSUMO Y CREDITO HORIZONTE LIMITADA,76,7550,Tratamiento quirurgico de aneurisma o pseudo-aneurisma humeral o femoral con by-pass y diseccion de la aorta ascente y/o reemplazo de aorta,69524,96
COOPERATIVA DE VIVIENDA CONSUMO Y CREDITO HORIZONTE LIMITADA,76,5084,Aneurisma de la aorta abdominal complicado,69599,96
COOPERATIVA DE VIVIENDA CONSUMO Y CREDITO HORIZONTE LIMITADA,76,5085,Aneurisma de la aorta abdominal no complicado,69600,98
COOPERATIVA DE VIVIENDA CONSUMO Y CREDITO HORIZONTE LIMITADA,76,5086,Aneurisma del cayado de la aorta ascendente o descendente,69601,96
COOPERATIVA DE VIVIENDA CONSUMO Y CREDITO HORIZONTE LIMITADA,76,5087,Aneurisma ventricular,69602,98
COOPERATIVA DE VIVIENDA CONSUMO Y CREDITO HORIZONTE LIMITADA,76,5088,Aneurismas medulares,69603,95
COOPERATIVA DE VIVIENDA CONSUMO Y CREDITO HORIZONTE LIMITADA,76,5089,Aneurismas o malformaciones A-V medulares,69604,95
COOPERATIVA DE VIVIENDA CONSUMO Y CREDITO HORIZONTE LIMITADA,76,5090,Angiografia de control del tratamiento de aneurisma,69605,92
COOPERATIVA DE VIVIENDA CONSUMO Y CREDITO HORIZONTE LIMITADA,76,5302,Cirugia de aneurisma cerebral (mas de 8 horas de duracion),69773,96
COOPERATIVA DE VIVIENDA CONSUMO Y CREDITO HORIZONTE LIMITADA,76,5303,Cirugia de aneurisma cerebral (menos de 8 horas de duracion),69774,98
COOPERATIVA DE VIVIENDA CONSUMO Y CREDITO HORIZONTE LIMITADA,76,5423,Correccion de aneurisma de fistula arterio-venosa,69878,93
COOPERATIVA DE VIVIENDA CONSUMO Y CREDITO HORIZONTE LIMITADA,76,5424,Correccion de aneurisma o pseudo-aneurisma femoral,69879,94
COOPERATIVA DE VIVIENDA CONSUMO Y CREDITO HORIZONTE LIMITADA,76,6592,Tratamiento de aneurisma con coils con o sin colocacion de stent,70900,95
COOPERATIVA DE VIVIENDA CONSUMO Y CREDITO HORIZONTE LIMITADA,76,6595,Tratamiento de pseudoaneurisma con o sin colocacion de stent,70904,95
COOPERATIVA DE VIVIENDA CONSUMO Y CREDITO HORIZONTE LIMITADA,76,6599,Tratamiento endovascular de aneurisma o pseudoaneurisma periferico,70907,95
COOPERATIVA DE VIVIENDA CONSUMO Y CREDITO HORIZONTE LIMITADA,76,7584,Angiodisplasia,71046,92
COOPERATIVA DE VIVIENDA CONSUMO Y CREDITO HORIZONTE LIMITADA,76,5091,Angiografia de vasos de miembros inferior o superior,69606,92
COOPERATIVA DE VIVIENDA CONSUMO Y CREDITO HORIZONTE LIMITADA,76,5092,Angiografia de vasos uterinos,69607,92
COOPERATIVA DE VIVIENDA CONSUMO Y CREDITO HORIZONTE LIMITADA,76,5093,Angiografia del cuello,69608,92
COOPERATIVA DE VIVIENDA CONSUMO Y CREDITO HORIZONTE LIMITADA,76,5094,Angiografia medular,69609,92
COOPERATIVA DE VIVIENDA CONSUMO Y CREDITO HORIZONTE LIMITADA,76,5095,Angioplastia coronaria con o sin colocacion de stent,69610,95
COOPERATIVA DE VIVIENDA CONSUMO Y CREDITO HORIZONTE LIMITADA,76,5096,Angioplastia de mas de un vaso con o sin stent,69611,93
COOPERATIVA DE VIVIENDA CONSUMO Y CREDITO HORIZONTE LIMITADA,76,5097,Angioplastia de un vaso periferico con o sin stent,69612,92
COOPERATIVA DE VIVIENDA CONSUMO Y CREDITO HORIZONTE LIMITADA,76,7536,Angioplastia o remplazo valvular en pacientes con ASA 4,71033,96
COOPERATIVA DE VIVIENDA CONSUMO Y CREDITO HORIZONTE LIMITADA,76,5100,Anquilosis temporo-mandibular bilateral,69615,93
COOPERATIVA DE VIVIENDA CONSUMO Y CREDITO HORIZONTE LIMITADA,76,5101,"Anquilosis temporo-mandibular, unilateral",69616,92
COOPERATIVA DE VIVIENDA CONSUMO Y CREDITO HORIZONTE LIMITADA,76,5102,Antrotomia y atico-antrotomia,69617,92
COOPERATIVA DE VIVIENDA CONSUMO Y CREDITO HORIZONTE LIMITADA,76,5103,Anuloplastia mitral o tricuspidea,69618,98
COOPERATIVA DE VIVIENDA CONSUMO Y CREDITO HORIZONTE LIMITADA,76,7505,Nucleoplastia y / o anuloplastia con Rf. (un disco),71008,98
COOPERATIVA DE VIVIENDA CONSUMO Y CREDITO HORIZONTE LIMITADA,76,8542,Nucleoplastia y / o anuloplastia con Rf. ( 2 o 3 discos),71132,98
COOPERATIVA DE VIVIENDA CONSUMO Y CREDITO HORIZONTE LIMITADA,76,5104,Aortografia por cateterismo,69619,92
COOPERATIVA DE VIVIENDA CONSUMO Y CREDITO HORIZONTE LIMITADA,76,5105,Aortografia por puncion,69620,91
COOPERATIVA DE VIVIENDA CONSUMO Y CREDITO HORIZONTE LIMITADA,76,5106,Apendicectomia por via convencional,69621,92
COOPERATIVA DE VIVIENDA CONSUMO Y CREDITO HORIZONTE LIMITADA,76,5107,Apendicectomia por videolaparoscopia,69622,93
COOPERATIVA DE VIVIENDA CONSUMO Y CREDITO HORIZONTE LIMITADA,76,6707,Apendicectomia convertida,70997,94
COOPERATIVA DE VIVIENDA CONSUMO Y CREDITO HORIZONTE LIMITADA,76,5108,Aplicacion de laser en retina,69623,90
COOPERATIVA DE VIVIENDA CONSUMO Y CREDITO HORIZONTE LIMITADA,76,5517,Diatermia o crioaplicacion escleral,69955,90
COOPERATIVA DE VIVIENDA CONSUMO Y CREDITO HORIZONTE LIMITADA,76,6423,Retinopexia (diatermia y o crioaplicacion),70759,92
COOPERATIVA DE VIVIENDA CONSUMO Y CREDITO HORIZONTE LIMITADA,76,8571,Aplicacion de plasma/ acido hialuronico o similares,71159,94
COOPERATIVA DE VIVIENDA CONSUMO Y CREDITO HORIZONTE LIMITADA,76,5109,Aponeurotomia / fasciotomia cutanea,69624,90
COOPERATIVA DE VIVIENDA CONSUMO Y CREDITO HORIZONTE LIMITADA,76,5264,Cesarea,69737,93
COOPERATIVA DE VIVIENDA CONSUMO Y CREDITO HORIZONTE LIMITADA,76,6289,"RMN (dos areas), con o sin contraste",70632,92
COOPERATIVA DE VIVIENDA CONSUMO Y CREDITO HORIZONTE LIMITADA,76,6290,"RMN (mas de dos areas), con o sin contraste",70633,93
COOPERATIVA DE VIVIENDA CONSUMO Y CREDITO HORIZONTE LIMITADA,76,6291,"RMN (un area), con o sin contraste",70634,91
COOPERATIVA DE VIVIENDA CONSUMO Y CREDITO HORIZONTE LIMITADA,76,6421,Resonancia (un area) con espectroscopia,70757,93
COOPERATIVA DE VIVIENDA CONSUMO Y CREDITO HORIZONTE LIMITADA,76,6507,TAC de cerebro / orbita / cara / cuello (un area) (con o sin contraste),70834,90
COOPERATIVA DE VIVIENDA CONSUMO Y CREDITO HORIZONTE LIMITADA,76,6703,TAC de columna (cada area),70994,91
COOPERATIVA DE VIVIENDA CONSUMO Y CREDITO HORIZONTE LIMITADA,76,5110,Arreglos dentales de mas de 4 piezas (obturacion dentaria),69625,93
COOPERATIVA DE VIVIENDA CONSUMO Y CREDITO HORIZONTE LIMITADA,76,5111,Arreglos dentales hasta 4 piezas (obturacion dentaria),69626,92
COOPERATIVA DE VIVIENDA CONSUMO Y CREDITO HORIZONTE LIMITADA,76,5112,Arteriografia,69627,92
COOPERATIVA DE VIVIENDA CONSUMO Y CREDITO HORIZONTE LIMITADA,76,5113,Arteriografia cerebral por cateterismo,69628,92
COOPERATIVA DE VIVIENDA CONSUMO Y CREDITO HORIZONTE LIMITADA,76,5114,Arteriografia renal,69629,90
COOPERATIVA DE VIVIENDA CONSUMO Y CREDITO HORIZONTE LIMITADA,76,6174,Panarteriografia cerebral,70523,92
COOPERATIVA DE VIVIENDA CONSUMO Y CREDITO HORIZONTE LIMITADA,76,5115,Artrocentesis,69630,89
COOPERATIVA DE VIVIENDA CONSUMO Y CREDITO HORIZONTE LIMITADA,76,5124,Artrodesis de muñeca / tarso / hombro / codo,69408,92
COOPERATIVA DE VIVIENDA CONSUMO Y CREDITO HORIZONTE LIMITADA,76,5116,Artrodesis cervical,69631,95
COOPERATIVA DE VIVIENDA CONSUMO Y CREDITO HORIZONTE LIMITADA,76,5117,Artrodesis de cadera,69632,93
COOPERATIVA DE VIVIENDA CONSUMO Y CREDITO HORIZONTE LIMITADA,76,5118,Artrodesis de hasta tres dedos,69633,91
COOPERATIVA DE VIVIENDA CONSUMO Y CREDITO HORIZONTE LIMITADA,76,5119,Artrodesis de hombro,69634,92
COOPERATIVA DE VIVIENDA CONSUMO Y CREDITO HORIZONTE LIMITADA,76,5120,Artrodesis de mas de 3 dedos en miembro inferior,69635,92
COOPERATIVA DE VIVIENDA CONSUMO Y CREDITO HORIZONTE LIMITADA,76,5121,Artrodesis de mas de tres dedos,69636,92
COOPERATIVA DE VIVIENDA CONSUMO Y CREDITO HORIZONTE LIMITADA,76,5122,Artrodesis de menos de 3 dedos,69637,91
COOPERATIVA DE VIVIENDA CONSUMO Y CREDITO HORIZONTE LIMITADA,76,5123,Artrodesis de menos de 3 dedos en miembro inferior,69638,91
COOPERATIVA DE VIVIENDA CONSUMO Y CREDITO HORIZONTE LIMITADA,76,5125,Artrodesis de pie y tibioastragalina,69639,92
COOPERATIVA DE VIVIENDA CONSUMO Y CREDITO HORIZONTE LIMITADA,76,5126,Artrodesis de rodilla,69640,92
COOPERATIVA DE VIVIENDA CONSUMO Y CREDITO HORIZONTE LIMITADA,76,5127,Artrodesis dinamica de columna (colocacion de espaciadores),69641,98
COOPERATIVA DE VIVIENDA CONSUMO Y CREDITO HORIZONTE LIMITADA,76,5128,Artrodesis instrumentada de columna cervical,69642,98
COOPERATIVA DE VIVIENDA CONSUMO Y CREDITO HORIZONTE LIMITADA,76,5130,Artrodesis tibio-peronea-astragalina o medio tarsiana de Chopart,69644,93
COOPERATIVA DE VIVIENDA CONSUMO Y CREDITO HORIZONTE LIMITADA,76,7500,Artrodesis dorsal lumbar o sacra,71007,95
COOPERATIVA DE VIVIENDA CONSUMO Y CREDITO HORIZONTE LIMITADA,76,8572,Artrodesis percutanea de columna,71160,98
COOPERATIVA DE VIVIENDA CONSUMO Y CREDITO HORIZONTE LIMITADA,76,5131,Artrolisis,69645,90
COOPERATIVA DE VIVIENDA CONSUMO Y CREDITO HORIZONTE LIMITADA,76,5132,Artroplastia (no nomenclada),69409,93
COOPERATIVA DE VIVIENDA CONSUMO Y CREDITO HORIZONTE LIMITADA,76,5135,Artroplastia de un dedo,69646,91
COOPERATIVA DE VIVIENDA CONSUMO Y CREDITO HORIZONTE LIMITADA,76,6581,Trasplante oseo con artroplastias primarias,70889,95
COOPERATIVA DE VIVIENDA CONSUMO Y CREDITO HORIZONTE LIMITADA,76,6583,Trasplante oseo en revision de artroplastias,70891,98
COOPERATIVA DE VIVIENDA CONSUMO Y CREDITO HORIZONTE LIMITADA,76,8616,Hemi-artroplastia de hombro,71203,94
COOPERATIVA DE VIVIENDA CONSUMO Y CREDITO HORIZONTE LIMITADA,76,5136,Artrotomia / exploracion intra-articular,69647,91
COOPERATIVA DE VIVIENDA CONSUMO Y CREDITO HORIZONTE LIMITADA,76,5137,"Aspiracion, lavado e implante de vitreo",69648,92
COOPERATIVA DE VIVIENDA CONSUMO Y CREDITO HORIZONTE LIMITADA,76,5139,Atresia ano-rectal en pediatria / malformaciones congenitas anorectales,69650,95
COOPERATIVA DE VIVIENDA CONSUMO Y CREDITO HORIZONTE LIMITADA,76,5140,Atresia de coanas por via palatina,69651,94
COOPERATIVA DE VIVIENDA CONSUMO Y CREDITO HORIZONTE LIMITADA,76,5141,Atresia de esofago por video-toracoscopia,69652,98
COOPERATIVA DE VIVIENDA CONSUMO Y CREDITO HORIZONTE LIMITADA,76,5142,Auriculotomia,69653,98
COOPERATIVA DE VIVIENDA CONSUMO Y CREDITO HORIZONTE LIMITADA,76,5144,Bermellectomia,69655,90
COOPERATIVA DE VIVIENDA CONSUMO Y CREDITO HORIZONTE LIMITADA,76,5155,Biopsia de higado a cielo abierto,69410,91
COOPERATIVA DE VIVIENDA CONSUMO Y CREDITO HORIZONTE LIMITADA,76,5172,Biopsia o exeresis de ganglio linfatico,69411,90
COOPERATIVA DE VIVIENDA CONSUMO Y CREDITO HORIZONTE LIMITADA,76,5176,Biopsia quirurgica de femur o cadera,69412,91
COOPERATIVA DE VIVIENDA CONSUMO Y CREDITO HORIZONTE LIMITADA,76,5180,Biopsia renal percutanea guiado por ecografia u otro metodo (fuera de quirofano),69413,90
COOPERATIVA DE VIVIENDA CONSUMO Y CREDITO HORIZONTE LIMITADA,76,5718,Extraccion de cuerpo extraño de orbita / exploracion / biopsia / drenaje,69454,91
COOPERATIVA DE VIVIENDA CONSUMO Y CREDITO HORIZONTE LIMITADA,76,6255,Puncion biopsia guiada por TAC (fuera de quirofano),69488,90
COOPERATIVA DE VIVIENDA CONSUMO Y CREDITO HORIZONTE LIMITADA,76,6257,Puncion biopsia guiada por ecografia,69490,91
COOPERATIVA DE VIVIENDA CONSUMO Y CREDITO HORIZONTE LIMITADA,76,5145,"Biopsia (peritoneo, epiplon, etc)",69656,91
COOPERATIVA DE VIVIENDA CONSUMO Y CREDITO HORIZONTE LIMITADA,76,5146,Biopsia costal,69657,89
COOPERATIVA DE VIVIENDA CONSUMO Y CREDITO HORIZONTE LIMITADA,76,5147,Biopsia de Daniels del hueco supraclavicular,69658,91
COOPERATIVA DE VIVIENDA CONSUMO Y CREDITO HORIZONTE LIMITADA,76,5148,Biopsia de encia,69659,90
COOPERATIVA DE VIVIENDA CONSUMO Y CREDITO HORIZONTE LIMITADA,76,5149,Biopsia de endocardio / miocardio en hemodinamia,69660,93
COOPERATIVA DE VIVIENDA CONSUMO Y CREDITO HORIZONTE LIMITADA,76,5150,Biopsia de epididimo,69661,90
COOPERATIVA DE VIVIENDA CONSUMO Y CREDITO HORIZONTE LIMITADA,76,5151,Biopsia de faringe y/o amigdala,69662,90
COOPERATIVA DE VIVIENDA CONSUMO Y CREDITO HORIZONTE LIMITADA,76,5152,Biopsia de ganglios linfaticos de cuello,69663,90
COOPERATIVA DE VIVIENDA CONSUMO Y CREDITO HORIZONTE LIMITADA,76,5153,Biopsia de ganglios linfaticos de la pared toracica,69664,90
COOPERATIVA DE VIVIENDA CONSUMO Y CREDITO HORIZONTE LIMITADA,76,5154,Biopsia de glandula salival,69665,90
COOPERATIVA DE VIVIENDA CONSUMO Y CREDITO HORIZONTE LIMITADA,76,5157,Biopsia de laringe,69666,91
COOPERATIVA DE VIVIENDA CONSUMO Y CREDITO HORIZONTE LIMITADA,76,5158,Biopsia de lesion nasofaringea,69667,90
COOPERATIVA DE VIVIENDA CONSUMO Y CREDITO HORIZONTE LIMITADA,76,5159,Biopsia de mama unilateral,69668,90
COOPERATIVA DE VIVIENDA CONSUMO Y CREDITO HORIZONTE LIMITADA,76,5160,Biopsia de pancreas a cielo abierto,69669,92
COOPERATIVA DE VIVIENDA CONSUMO Y CREDITO HORIZONTE LIMITADA,76,5161,Biopsia de pene,69670,89
COOPERATIVA DE VIVIENDA CONSUMO Y CREDITO HORIZONTE LIMITADA,76,5162,Biopsia de pericardio,69671,93
COOPERATIVA DE VIVIENDA CONSUMO Y CREDITO HORIZONTE LIMITADA,76,5163,Biopsia de piel en cabeza y/o cuello,69672,90
COOPERATIVA DE VIVIENDA CONSUMO Y CREDITO HORIZONTE LIMITADA,76,5164,"Biopsia de piel, excepto en cabeza y cuello",69673,89
COOPERATIVA DE VIVIENDA CONSUMO Y CREDITO HORIZONTE LIMITADA,76,5165,Biopsia de testiculo,69674,90
COOPERATIVA DE VIVIENDA CONSUMO Y CREDITO HORIZONTE LIMITADA,76,5166,Biopsia de vagina,69675,89
COOPERATIVA DE VIVIENDA CONSUMO Y CREDITO HORIZONTE LIMITADA,76,5167,Biopsia de vejiga,69676,90
COOPERATIVA DE VIVIENDA CONSUMO Y CREDITO HORIZONTE LIMITADA,76,5168,Biopsia de vertebra,69677,91
COOPERATIVA DE VIVIENDA CONSUMO Y CREDITO HORIZONTE LIMITADA,76,5169,Biopsia de vulva,69678,89
COOPERATIVA DE VIVIENDA CONSUMO Y CREDITO HORIZONTE LIMITADA,76,5170,Biopsia del paladar,69679,90
COOPERATIVA DE VIVIENDA CONSUMO Y CREDITO HORIZONTE LIMITADA,76,5171,Biopsia muscular,69680,90
COOPERATIVA DE VIVIENDA CONSUMO Y CREDITO HORIZONTE LIMITADA,76,5173,Biopsia o sutura de la boca o mejilla,69681,90
COOPERATIVA DE VIVIENDA CONSUMO Y CREDITO HORIZONTE LIMITADA,76,5174,Biopsia osea a cielo abierto,69682,90
COOPERATIVA DE VIVIENDA CONSUMO Y CREDITO HORIZONTE LIMITADA,76,5175,Biopsia prostatica por puncion,69683,89
COOPERATIVA DE VIVIENDA CONSUMO Y CREDITO HORIZONTE LIMITADA,76,5177,Biopsia quirurgica de hueso (no de femur o cadera),69685,90
COOPERATIVA DE VIVIENDA CONSUMO Y CREDITO HORIZONTE LIMITADA,76,5178,Biopsia radioquirurgica de mama,69686,91
COOPERATIVA DE VIVIENDA CONSUMO Y CREDITO HORIZONTE LIMITADA,76,5179,Biopsia renal percutanea (quirofano),69687,89
COOPERATIVA DE VIVIENDA CONSUMO Y CREDITO HORIZONTE LIMITADA,76,5181,Biopsia traqueal o bronquial,69688,90
COOPERATIVA DE VIVIENDA CONSUMO Y CREDITO HORIZONTE LIMITADA,76,5182,Biopsia y/o cauterizacion de cuello uterino,69689,89
COOPERATIVA DE VIVIENDA CONSUMO Y CREDITO HORIZONTE LIMITADA,76,5405,Colonovideoscopia con o sin biopsia,69864,91
COOPERATIVA DE VIVIENDA CONSUMO Y CREDITO HORIZONTE LIMITADA,76,5552,Drenaje pleural por toracotomia minima y/o biopsia pleural,69986,91
COOPERATIVA DE VIVIENDA CONSUMO Y CREDITO HORIZONTE LIMITADA,76,5676,Exploracion renal con o sin biopsia,70098,91
COOPERATIVA DE VIVIENDA CONSUMO Y CREDITO HORIZONTE LIMITADA,76,5898,Incision y drenaje del CAE y/o biopsia,70293,90
COOPERATIVA DE VIVIENDA CONSUMO Y CREDITO HORIZONTE LIMITADA,76,5899,Incision y drenaje/ biopsia o sutura de labio,70294,89
COOPERATIVA DE VIVIENDA CONSUMO Y CREDITO HORIZONTE LIMITADA,76,6127,Operacion del hueco supraclavicular (tipo biopsia de Daniels),70482,91
COOPERATIVA DE VIVIENDA CONSUMO Y CREDITO HORIZONTE LIMITADA,76,6249,Puncion / biopsia de prostata bajo control ecografico,70594,90
COOPERATIVA DE VIVIENDA CONSUMO Y CREDITO HORIZONTE LIMITADA,76,6252,Puncion biopsia de hueso,70597,89
COOPERATIVA DE VIVIENDA CONSUMO Y CREDITO HORIZONTE LIMITADA,76,6253,Puncion biopsia de tiroides,70598,89
COOPERATIVA DE VIVIENDA CONSUMO Y CREDITO HORIZONTE LIMITADA,76,6254,Puncion biopsia de tiroides a cielo abierto,70599,90
COOPERATIVA DE VIVIENDA CONSUMO Y CREDITO HORIZONTE LIMITADA,76,6258,Puncion biopsia percutanea de bazo o pancreas,70600,90
COOPERATIVA DE VIVIENDA CONSUMO Y CREDITO HORIZONTE LIMITADA,76,6259,Puncion biopsia percutanea de higado,70601,90
COOPERATIVA DE VIVIENDA CONSUMO Y CREDITO HORIZONTE LIMITADA,76,6505,Sutura y/o biopsia de nariz,70833,90
COOPERATIVA DE VIVIENDA CONSUMO Y CREDITO HORIZONTE LIMITADA,76,6557,Toracotomia exploradora amplia y/o biopsia pulmonar,70868,94
COOPERATIVA DE VIVIENDA CONSUMO Y CREDITO HORIZONTE LIMITADA,76,7594,Biopsia Pulmonar o Mediastinal por video-toracoscopia,71055,92
COOPERATIVA DE VIVIENDA CONSUMO Y CREDITO HORIZONTE LIMITADA,76,8576,Biopsia de higado por videolaparoscopia/transyugular en hemodinamia,71164,92
COOPERATIVA DE VIVIENDA CONSUMO Y CREDITO HORIZONTE LIMITADA,76,8595,Criobiopsia pulmonar,71182,94
COOPERATIVA DE VIVIENDA CONSUMO Y CREDITO HORIZONTE LIMITADA,76,8606,Endosonografia endobronquial con o sin biopsia,71193,93
COOPERATIVA DE VIVIENDA CONSUMO Y CREDITO HORIZONTE LIMITADA,76,5183,Blefaroplastia,69690,92
COOPERATIVA DE VIVIENDA CONSUMO Y CREDITO HORIZONTE LIMITADA,76,5184,Blefaroplastia bilateral,69691,93
COOPERATIVA DE VIVIENDA CONSUMO Y CREDITO HORIZONTE LIMITADA,76,5185,"Blefaroplastia simple, no estetica",69692,92
COOPERATIVA DE VIVIENDA CONSUMO Y CREDITO HORIZONTE LIMITADA,76,8103,Blefaroplastia unilateral,71074,92
COOPERATIVA DE VIVIENDA CONSUMO Y CREDITO HORIZONTE LIMITADA,76,5191,Bloqueo de hasta 2 nervios craneales ( no de Gasser) por sesion,69414,93
COOPERATIVA DE VIVIENDA CONSUMO Y CREDITO HORIZONTE LIMITADA,76,5197,Bloqueo diagnostico de la articulacion atlanto-occipital unilateral,69415,92
COOPERATIVA DE VIVIENDA CONSUMO Y CREDITO HORIZONTE LIMITADA,76,6192,Bloqueo de mas de 2 nervios craneales (no de Gasser) por sesion,69486,94
COOPERATIVA DE VIVIENDA CONSUMO Y CREDITO HORIZONTE LIMITADA,76,7778,"Bloqueo regional periferico dosis unica, un solo nervio, ecoguiado.",69529,92
COOPERATIVA DE VIVIENDA CONSUMO Y CREDITO HORIZONTE LIMITADA,76,7779,"Bloqueo regional periferico dosis unica, mas de un nervio , ecoguiado.",69530,93
COOPERATIVA DE VIVIENDA CONSUMO Y CREDITO HORIZONTE LIMITADA,76,7782,"Bloqueo del musculo erector espinal, ecoguiado, dosis unica",69532,92
COOPERATIVA DE VIVIENDA CONSUMO Y CREDITO HORIZONTE LIMITADA,76,7783,"Bloqueo del musculo erector espinal, ecoguiado, continuo. Colocacion de cateter.",69533,93
COOPERATIVA DE VIVIENDA CONSUMO Y CREDITO HORIZONTE LIMITADA,76,5199,"Bloqueo diagnostico diferencial, por sesion",69693,90
COOPERATIVA DE VIVIENDA CONSUMO Y CREDITO HORIZONTE LIMITADA,76,5200,Bloqueo diagnostico ganglio de Walter,69694,93
COOPERATIVA DE VIVIENDA CONSUMO Y CREDITO HORIZONTE LIMITADA,76,5201,Bloqueo diagnostico de Nervio periferico bajo radioscopia,69695,92
COOPERATIVA DE VIVIENDA CONSUMO Y CREDITO HORIZONTE LIMITADA,76,5202,Bloqueo diagnostico de Nervio periferico sin RX,69696,91
COOPERATIVA DE VIVIENDA CONSUMO Y CREDITO HORIZONTE LIMITADA,76,5205,Bloqueo diagnostico o terapeutico de la art. sacro-iliaca unilateral,69697,93
COOPERATIVA DE VIVIENDA CONSUMO Y CREDITO HORIZONTE LIMITADA,76,5215,Bloqueo extra-craneal antalgico,69698,90
COOPERATIVA DE VIVIENDA CONSUMO Y CREDITO HORIZONTE LIMITADA,76,5221,Bloqueo regional Bier con farmacos para diagnostico,69700,91
COOPERATIVA DE VIVIENDA CONSUMO Y CREDITO HORIZONTE LIMITADA,76,7523,Bloqueo del ganglio de Gasser.,71020,94
COOPERATIVA DE VIVIENDA CONSUMO Y CREDITO HORIZONTE LIMITADA,76,7593,Bloqueo nervio frenico para neumotorax recidivante,71054,91
COOPERATIVA DE VIVIENDA CONSUMO Y CREDITO HORIZONTE LIMITADA,76,7786,Bloqueo radicular selectivo cervical/dorsal o lumbar (mas de 2 niveles),71069,95
COOPERATIVA DE VIVIENDA CONSUMO Y CREDITO HORIZONTE LIMITADA,76,7787,Bloqueo radicular selectivo cervical/dorsal o lumbar (hasta 2 niveles),71070,94
COOPERATIVA DE VIVIENDA CONSUMO Y CREDITO HORIZONTE LIMITADA,76,8517,Bloqueo del nervio Occipital Mayor unilateral,71107,93
COOPERATIVA DE VIVIENDA CONSUMO Y CREDITO HORIZONTE LIMITADA,76,8518,Bloqueo diagnostico de cadera/hombro,71108,94
COOPERATIVA DE VIVIENDA CONSUMO Y CREDITO HORIZONTE LIMITADA,76,8519,Bloqueo diagnostico del ganglio estrellado,71109,94
COOPERATIVA DE VIVIENDA CONSUMO Y CREDITO HORIZONTE LIMITADA,76,8520,"Bloqueo facetario cervical, dorsal o lumbar bajo radioscopia",71110,94
COOPERATIVA DE VIVIENDA CONSUMO Y CREDITO HORIZONTE LIMITADA,76,8521,"Bloqueo ganglio simpatico toracico, lumbar, dorsal o hipogastrico superior",71111,95
COOPERATIVA DE VIVIENDA CONSUMO Y CREDITO HORIZONTE LIMITADA,76,8525,Bloqueo paravertebral unilateral,71115,93
COOPERATIVA DE VIVIENDA CONSUMO Y CREDITO HORIZONTE LIMITADA,76,8526,Bloqueo terapeutico de rodilla (N. geniculados) unilateral,71116,93
COOPERATIVA DE VIVIENDA CONSUMO Y CREDITO HORIZONTE LIMITADA,76,8527,Bloqueo transforminal (mas de 1 nivel),71117,93
COOPERATIVA DE VIVIENDA CONSUMO Y CREDITO HORIZONTE LIMITADA,76,8528,Bloqueo transforminal selectivo,71118,92
COOPERATIVA DE VIVIENDA CONSUMO Y CREDITO HORIZONTE LIMITADA,76,8577,"Bloqueo paravertebral, dosi unica",71165,91
COOPERATIVA DE VIVIENDA CONSUMO Y CREDITO HORIZONTE LIMITADA,76,8654,"Bloqueo regional continuo, con colocacion de cateter, eco guiado. Dia 0",71238,93
COOPERATIVA DE VIVIENDA CONSUMO Y CREDITO HORIZONTE LIMITADA,76,5225,Bocio endotoracico,69701,94
COOPERATIVA DE VIVIENDA CONSUMO Y CREDITO HORIZONTE LIMITADA,76,5226,Braquiterapia en cancer de prostata,69702,91
COOPERATIVA DE VIVIENDA CONSUMO Y CREDITO HORIZONTE LIMITADA,76,5227,Braquiterapia ginecologica (colocacion de radium intra-cavitario),69703,91
COOPERATIVA DE VIVIENDA CONSUMO Y CREDITO HORIZONTE LIMITADA,76,5228,Braquiterapia intersticial de cabeza y cuello,69704,91
COOPERATIVA DE VIVIENDA CONSUMO Y CREDITO HORIZONTE LIMITADA,76,5229,Braquiterapia intersticial de partes blandas,69705,91
COOPERATIVA DE VIVIENDA CONSUMO Y CREDITO HORIZONTE LIMITADA,76,5230,Braquiterapia urologica,69706,91
COOPERATIVA DE VIVIENDA CONSUMO Y CREDITO HORIZONTE LIMITADA,76,5232,Broncorrafia,69708,93
COOPERATIVA DE VIVIENDA CONSUMO Y CREDITO HORIZONTE LIMITADA,76,5233,Broncoscopia con broncospio rigido / Dilatacion traqueal,69709,91
COOPERATIVA DE VIVIENDA CONSUMO Y CREDITO HORIZONTE LIMITADA,76,5234,Bursitis,69710,90
COOPERATIVA DE VIVIENDA CONSUMO Y CREDITO HORIZONTE LIMITADA,76,6337,Reemplazo parcial de cadera,69493,94
COOPERATIVA DE VIVIENDA CONSUMO Y CREDITO HORIZONTE LIMITADA,76,5237,Cadera en resorte,69713,93
COOPERATIVA DE VIVIENDA CONSUMO Y CREDITO HORIZONTE LIMITADA,76,5395,Colocacion de tutor externo (excepto de cadera y maxilar),69857,92
COOPERATIVA DE VIVIENDA CONSUMO Y CREDITO HORIZONTE LIMITADA,76,5396,Colocacion de tutor externo de cadera,69858,93
COOPERATIVA DE VIVIENDA CONSUMO Y CREDITO HORIZONTE LIMITADA,76,5536,Displasia de cadera,69972,92
COOPERATIVA DE VIVIENDA CONSUMO Y CREDITO HORIZONTE LIMITADA,76,5731,Extraccion de placas y/o tornillos (no de rodilla ni de cadera),70133,90
COOPERATIVA DE VIVIENDA CONSUMO Y CREDITO HORIZONTE LIMITADA,76,5732,Extraccion de placas y/o tornillos de cadera o rodilla,70134,91
COOPERATIVA DE VIVIENDA CONSUMO Y CREDITO HORIZONTE LIMITADA,76,5735,Extraccion de protesis parcial de cadera,70137,93
COOPERATIVA DE VIVIENDA CONSUMO Y CREDITO HORIZONTE LIMITADA,76,5736,Extraccion de protesis total de cadera,70138,94
COOPERATIVA DE VIVIENDA CONSUMO Y CREDITO HORIZONTE LIMITADA,76,5738,Extraccion de protesis y reemplazo en el mismo acto (rodilla o cadera),70140,95
COOPERATIVA DE VIVIENDA CONSUMO Y CREDITO HORIZONTE LIMITADA,76,5980,Liposuccion de cadera,70360,93
COOPERATIVA DE VIVIENDA CONSUMO Y CREDITO HORIZONTE LIMITADA,76,6150,"Osteosintesis de hombro, rodilla y cadera",70503,93
COOPERATIVA DE VIVIENDA CONSUMO Y CREDITO HORIZONTE LIMITADA,76,6323,Reduccion cruenta de luxacion de cadera,70665,93
COOPERATIVA DE VIVIENDA CONSUMO Y CREDITO HORIZONTE LIMITADA,76,6331,"Reduccion incruenta de luxaciones (hombro, codo, cadera)",70671,90
COOPERATIVA DE VIVIENDA CONSUMO Y CREDITO HORIZONTE LIMITADA,76,6338,Reemplazo total de cadera,70678,95
COOPERATIVA DE VIVIENDA CONSUMO Y CREDITO HORIZONTE LIMITADA,76,6410,Reseccion parcial de cadera,70747,93
COOPERATIVA DE VIVIENDA CONSUMO Y CREDITO HORIZONTE LIMITADA,76,6430,Revision de osteosintesis (no de cadera),70765,93
COOPERATIVA DE VIVIENDA CONSUMO Y CREDITO HORIZONTE LIMITADA,76,6431,Revision de osteosintesis de cadera,70766,94
COOPERATIVA DE VIVIENDA CONSUMO Y CREDITO HORIZONTE LIMITADA,76,6433,Revision de protesis total de cadera,70767,95
COOPERATIVA DE VIVIENDA CONSUMO Y CREDITO HORIZONTE LIMITADA,76,6552,Toillete quirurgico de cadera,70863,92
COOPERATIVA DE VIVIENDA CONSUMO Y CREDITO HORIZONTE LIMITADA,76,6677,Video-artroscopia de cadera,70978,94
COOPERATIVA DE VIVIENDA CONSUMO Y CREDITO HORIZONTE LIMITADA,76,8115,Reduccion incruenta de luxacion de cadera,71085,90
COOPERATIVA DE VIVIENDA CONSUMO Y CREDITO HORIZONTE LIMITADA,76,8118,Reduccion incruenta de luxacion (ejemplo cadera),71088,90
COOPERATIVA DE VIVIENDA CONSUMO Y CREDITO HORIZONTE LIMITADA,76,8552,Revision de protesis parcial de cadera o rodilla,71142,94
COOPERATIVA DE VIVIENDA CONSUMO Y CREDITO HORIZONTE LIMITADA,76,5238,Calcificaciones de hombro,69714,90
COOPERATIVA DE VIVIENDA CONSUMO Y CREDITO HORIZONTE LIMITADA,76,5239,Cambio Implante,69416,94
COOPERATIVA DE VIVIENDA CONSUMO Y CREDITO HORIZONTE LIMITADA,76,10005,Recambio o retirada de bomba de infusion continua,69539,94
COOPERATIVA DE VIVIENDA CONSUMO Y CREDITO HORIZONTE LIMITADA,76,5240,Cambio de generador,69715,92
COOPERATIVA DE VIVIENDA CONSUMO Y CREDITO HORIZONTE LIMITADA,76,6297,Recambio de cateter de derivacion ventriculo-peritoneal,70640,92
COOPERATIVA DE VIVIENDA CONSUMO Y CREDITO HORIZONTE LIMITADA,76,6436,Revision y recambio de protesis de hombro,70770,95
COOPERATIVA DE VIVIENDA CONSUMO Y CREDITO HORIZONTE LIMITADA,76,8578,Cambio de expansor mamario por implante,71166,94
COOPERATIVA DE VIVIENDA CONSUMO Y CREDITO HORIZONTE LIMITADA,76,8579,Cambio de expansor por lipotransferencia,71167,95
COOPERATIVA DE VIVIENDA CONSUMO Y CREDITO HORIZONTE LIMITADA,76,8639,Recambio de traqueostomia,71223,92
COOPERATIVA DE VIVIENDA CONSUMO Y CREDITO HORIZONTE LIMITADA,76,5241,Canalizacion arterial,69716,90
COOPERATIVA DE VIVIENDA CONSUMO Y CREDITO HORIZONTE LIMITADA,76,5243,Canalizacion de via central,69717,90
COOPERATIVA DE VIVIENDA CONSUMO Y CREDITO HORIZONTE LIMITADA,76,5244,Cantotomia externa,69718,90
COOPERATIVA DE VIVIENDA CONSUMO Y CREDITO HORIZONTE LIMITADA,76,5245,Capsulectomia,69719,91
COOPERATIVA DE VIVIENDA CONSUMO Y CREDITO HORIZONTE LIMITADA,76,5246,Capsuloplastia,69720,91
COOPERATIVA DE VIVIENDA CONSUMO Y CREDITO HORIZONTE LIMITADA,76,10002,Capsulotomia,69538,90
COOPERATIVA DE VIVIENDA CONSUMO Y CREDITO HORIZONTE LIMITADA,76,5247,Capsulotomia (cristalino),69721,90
COOPERATIVA DE VIVIENDA CONSUMO Y CREDITO HORIZONTE LIMITADA,76,5248,Cardiomioplastia,69722,98
COOPERATIVA DE VIVIENDA CONSUMO Y CREDITO HORIZONTE LIMITADA,76,5249,Cardiorrafia,69723,95
COOPERATIVA DE VIVIENDA CONSUMO Y CREDITO HORIZONTE LIMITADA,76,5250,Cardioversion electrica de arritmias,69724,91
COOPERATIVA DE VIVIENDA CONSUMO Y CREDITO HORIZONTE LIMITADA,76,5251,Caruncula uretral,69725,89
COOPERATIVA DE VIVIENDA CONSUMO Y CREDITO HORIZONTE LIMITADA,76,5253,Cateterismo cardiaco mas angiocardiografia,69726,92
COOPERATIVA DE VIVIENDA CONSUMO Y CREDITO HORIZONTE LIMITADA,76,5254,Cateterismo cardiaco para toma de presiones y muestras de sangre,69727,91
COOPERATIVA DE VIVIENDA CONSUMO Y CREDITO HORIZONTE LIMITADA,76,5255,Cateterismo de ambas carotidas con o sin colocacion de stents,69728,94
COOPERATIVA DE VIVIENDA CONSUMO Y CREDITO HORIZONTE LIMITADA,76,5256,Cateterismo del ureter,69729,90
COOPERATIVA DE VIVIENDA CONSUMO Y CREDITO HORIZONTE LIMITADA,76,5257,Cateterismo vesical / cistomanometria,69730,91
COOPERATIVA DE VIVIENDA CONSUMO Y CREDITO HORIZONTE LIMITADA,76,8102,Cateterismo cardiaco mas angiocardiografia CA,71073,92
COOPERATIVA DE VIVIENDA CONSUMO Y CREDITO HORIZONTE LIMITADA,76,5258,Cauterizacion del cuello uterino con laser,69731,91
COOPERATIVA DE VIVIENDA CONSUMO Y CREDITO HORIZONTE LIMITADA,76,5259,Cavernostomia,69732,93
COOPERATIVA DE VIVIENDA CONSUMO Y CREDITO HORIZONTE LIMITADA,76,5260,Cavografia toracica o abdominal (colocacion de portacath),69733,91
COOPERATIVA DE VIVIENDA CONSUMO Y CREDITO HORIZONTE LIMITADA,76,6200,Pie Bot / cavo / equino unilateral,70549,93
COOPERATIVA DE VIVIENDA CONSUMO Y CREDITO HORIZONTE LIMITADA,76,7542,"Tetralogia de Fallot, canal atrioventricular, Tubo VD-AP, Anomalia total del retorno venoso pulmonar, Estenosis SubAo, Comisurotomia Ao o Pulmonar, Valvuloplatia Ao o venoso pulmonar, Estenosis SubAo, Comisurotomia Ao o Pulmonar, Valvuloplatia Ao o Pulmonar, Glenn, Cavopulmonar, Cirugia de MAZE, Sindrome de Cimitarra, Rastelli, Senning, Jatene, Cirugia de Ross no en el recien nacido",71038,96
COOPERATIVA DE VIVIENDA CONSUMO Y CREDITO HORIZONTE LIMITADA,76,5261,Cecostomia,69734,92
COOPERATIVA DE VIVIENDA CONSUMO Y CREDITO HORIZONTE LIMITADA,76,5262,Centellograma oseo radio-isotopico,69735,90
COOPERATIVA DE VIVIENDA CONSUMO Y CREDITO HORIZONTE LIMITADA,76,5263,Cerclaje (correccion de incontinencia cervical),69736,90
COOPERATIVA DE VIVIENDA CONSUMO Y CREDITO HORIZONTE LIMITADA,76,8108,Colpopexia / cerclaje,71078,91
COOPERATIVA DE VIVIENDA CONSUMO Y CREDITO HORIZONTE LIMITADA,76,5712,Extraccion de cuerpo extraño de cerebro,69448,94
COOPERATIVA DE VIVIENDA CONSUMO Y CREDITO HORIZONTE LIMITADA,76,5884,Implante de material radioactivo en cerebro,70281,98
COOPERATIVA DE VIVIENDA CONSUMO Y CREDITO HORIZONTE LIMITADA,76,5266,Chalazion,69739,91
COOPERATIVA DE VIVIENDA CONSUMO Y CREDITO HORIZONTE LIMITADA,76,6376,Reseccion de cicatriz grande / zetaplastia,69495,92
COOPERATIVA DE VIVIENDA CONSUMO Y CREDITO HORIZONTE LIMITADA,76,5267,Cicatriz retractil de cuello / reseccion e injerto,69740,92
COOPERATIVA DE VIVIENDA CONSUMO Y CREDITO HORIZONTE LIMITADA,76,6377,Reseccion de cicatriz retractil en cuello con o sin injerto,70715,93
COOPERATIVA DE VIVIENDA CONSUMO Y CREDITO HORIZONTE LIMITADA,76,6378,Reseccion de cicatriz simple,70716,90
COOPERATIVA DE VIVIENDA CONSUMO Y CREDITO HORIZONTE LIMITADA,76,5268,Cierre de Hartmann,69741,93
COOPERATIVA DE VIVIENDA CONSUMO Y CREDITO HORIZONTE LIMITADA,76,5269,Cierre de Hartmann por videolaparoscopia,69742,94
COOPERATIVA DE VIVIENDA CONSUMO Y CREDITO HORIZONTE LIMITADA,76,5270,Cierre de colostomia,69743,92
COOPERATIVA DE VIVIENDA CONSUMO Y CREDITO HORIZONTE LIMITADA,76,5271,Cierre de defectos septales adquiridos,69744,98
COOPERATIVA DE VIVIENDA CONSUMO Y CREDITO HORIZONTE LIMITADA,76,5272,Cierre de defectos septales con dispositivos de tipo Amplatzer,69745,98
COOPERATIVA DE VIVIENDA CONSUMO Y CREDITO HORIZONTE LIMITADA,76,5273,Cierre de defectos septales congenitos simples en hemodinamia,69746,95
COOPERATIVA DE VIVIENDA CONSUMO Y CREDITO HORIZONTE LIMITADA,76,5274,Cierre de ductus arterioso permeable con coils o similar en hemodinamia,69747,98
COOPERATIVA DE VIVIENDA CONSUMO Y CREDITO HORIZONTE LIMITADA,76,5275,Cierre de faringostomia,69748,92
COOPERATIVA DE VIVIENDA CONSUMO Y CREDITO HORIZONTE LIMITADA,76,5276,Cierre de fistula arterio-venosa de hemodialisis,69749,91
COOPERATIVA DE VIVIENDA CONSUMO Y CREDITO HORIZONTE LIMITADA,76,5277,Cierre de fistula branquial y/o quiste branquial o vestigio,69750,92
COOPERATIVA DE VIVIENDA CONSUMO Y CREDITO HORIZONTE LIMITADA,76,5278,Cierre de fistula bronco-cutanea,69751,92
COOPERATIVA DE VIVIENDA CONSUMO Y CREDITO HORIZONTE LIMITADA,76,5279,Cierre de fistula esofago-cutanea,69752,94
COOPERATIVA DE VIVIENDA CONSUMO Y CREDITO HORIZONTE LIMITADA,76,5280,Cierre de fistula externa de boca,69753,91
COOPERATIVA DE VIVIENDA CONSUMO Y CREDITO HORIZONTE LIMITADA,76,5281,Cierre de fistula mastoidea,69754,92
COOPERATIVA DE VIVIENDA CONSUMO Y CREDITO HORIZONTE LIMITADA,76,5282,Cierre de fistula meningea por via transinusal,69755,93
COOPERATIVA DE VIVIENDA CONSUMO Y CREDITO HORIZONTE LIMITADA,76,5283,Cierre de fistula oral del seno maxilar (buco-antral),69756,92
COOPERATIVA DE VIVIENDA CONSUMO Y CREDITO HORIZONTE LIMITADA,76,5284,Cierre de fistula traqueo-esofagica,69757,94
COOPERATIVA DE VIVIENDA CONSUMO Y CREDITO HORIZONTE LIMITADA,76,5285,Cierre de fistula uretro-rectal,69758,92
COOPERATIVA DE VIVIENDA CONSUMO Y CREDITO HORIZONTE LIMITADA,76,5286,Cierre de gastrostomia,69759,92
COOPERATIVA DE VIVIENDA CONSUMO Y CREDITO HORIZONTE LIMITADA,76,5287,Cierre de grandes defectos con combinacion de varios colgajos,69760,93
COOPERATIVA DE VIVIENDA CONSUMO Y CREDITO HORIZONTE LIMITADA,76,5288,Cierre de ileostomia,69761,92
COOPERATIVA DE VIVIENDA CONSUMO Y CREDITO HORIZONTE LIMITADA,76,5289,Cierre de traqueostomia,69762,90
COOPERATIVA DE VIVIENDA CONSUMO Y CREDITO HORIZONTE LIMITADA,76,5290,Cierre diferido de torax posterior a cirugia cardiaca,69763,95
COOPERATIVA DE VIVIENDA CONSUMO Y CREDITO HORIZONTE LIMITADA,76,5334,Cirugias de cardiopatias congenitas simples (cierre de defectos septales),69801,98
COOPERATIVA DE VIVIENDA CONSUMO Y CREDITO HORIZONTE LIMITADA,76,5637,Estafilorrafia (cierre del paladar blando),70066,91
COOPERATIVA DE VIVIENDA CONSUMO Y CREDITO HORIZONTE LIMITADA,76,6614,Tumor benigno de mas de 5 cm / extirpacion y cierre plastico,70919,91
COOPERATIVA DE VIVIENDA CONSUMO Y CREDITO HORIZONTE LIMITADA,76,6643,ulcera perforada / gastrorrafia/ herida perforada / cierre de fistula gastrica,70947,93
COOPERATIVA DE VIVIENDA CONSUMO Y CREDITO HORIZONTE LIMITADA,76,8580,Cierre de orejuela en auricula,71168,98
COOPERATIVA DE VIVIENDA CONSUMO Y CREDITO HORIZONTE LIMITADA,76,5291,Circuncision,69764,91
COOPERATIVA DE VIVIENDA CONSUMO Y CREDITO HORIZONTE LIMITADA,76,7000,Cirugia Suspendida,71255,89
COOPERATIVA DE VIVIENDA CONSUMO Y CREDITO HORIZONTE LIMITADA,76,5332,Cirugia artroscopica de hombro (cirugia de Bankart artroscopica y similar),69417,94
COOPERATIVA DE VIVIENDA CONSUMO Y CREDITO HORIZONTE LIMITADA,76,5887,Implante mamario o expansor en cirugia reconstructiva/ oncologica,69468,94
COOPERATIVA DE VIVIENDA CONSUMO Y CREDITO HORIZONTE LIMITADA,76,6020,Microcirugia de la via espermal /conducto deferente,69476,98
COOPERATIVA DE VIVIENDA CONSUMO Y CREDITO HORIZONTE LIMITADA,76,7538,cirugia de Co Ao,69523,98
COOPERATIVA DE VIVIENDA CONSUMO Y CREDITO HORIZONTE LIMITADA,76,5292,Cirugia antireflujo esofagico (Nissen) a cielo abierto,69765,93
COOPERATIVA DE VIVIENDA CONSUMO Y CREDITO HORIZONTE LIMITADA,76,5293,Cirugia artroscopica de hombro (cirugia de Bankart artroscopica y similares),69766,94
COOPERATIVA DE VIVIENDA CONSUMO Y CREDITO HORIZONTE LIMITADA,76,5297,Cirugia coronaria o valvular por mini-toracotomia,69769,96
COOPERATIVA DE VIVIENDA CONSUMO Y CREDITO HORIZONTE LIMITADA,76,5298,Cirugia de Bricker (cistectomia radical + reemplazo vesical con asa ileal),69770,96
COOPERATIVA DE VIVIENDA CONSUMO Y CREDITO HORIZONTE LIMITADA,76,5300,Cirugia de Norwood,69771,96
COOPERATIVA DE VIVIENDA CONSUMO Y CREDITO HORIZONTE LIMITADA,76,5301,Cirugia de agenesia del CAE,69772,92
COOPERATIVA DE VIVIENDA CONSUMO Y CREDITO HORIZONTE LIMITADA,76,5304,Cirugia de by-pass aorto-coronario,69775,98
COOPERATIVA DE VIVIENDA CONSUMO Y CREDITO HORIZONTE LIMITADA,76,5305,Cirugia de columna por videofibroscopia,69776,98
COOPERATIVA DE VIVIENDA CONSUMO Y CREDITO HORIZONTE LIMITADA,76,5306,Cirugia de craneo video-asistida (mas de 8 horas de duracion),69777,96
COOPERATIVA DE VIVIENDA CONSUMO Y CREDITO HORIZONTE LIMITADA,76,5307,Cirugia de craneo video-asistida (menos de 8 horas de duracion),69778,98
COOPERATIVA DE VIVIENDA CONSUMO Y CREDITO HORIZONTE LIMITADA,76,5308,"Cirugia de la 1ra porcion del nervio facial, el nervio auditivo o el vestibular",69779,94
COOPERATIVA DE VIVIENDA CONSUMO Y CREDITO HORIZONTE LIMITADA,76,5309,Cirugia de la 2da y 3ra porcion del nervio facial,69780,94
COOPERATIVA DE VIVIENDA CONSUMO Y CREDITO HORIZONTE LIMITADA,76,5310,Cirugia de la carotida,69781,95
COOPERATIVA DE VIVIENDA CONSUMO Y CREDITO HORIZONTE LIMITADA,76,5311,"Cirugia de la fosa pterigo-maxilar (exploracion, escision de tumores, etc)",69782,93
COOPERATIVA DE VIVIENDA CONSUMO Y CREDITO HORIZONTE LIMITADA,76,5312,Cirugia de la obesidad (by-pass gastrico) a cielo abierto,69783,95
COOPERATIVA DE VIVIENDA CONSUMO Y CREDITO HORIZONTE LIMITADA,76,5313,Cirugia de la obesidad (by-pass gastrico) por video,69784,98
COOPERATIVA DE VIVIENDA CONSUMO Y CREDITO HORIZONTE LIMITADA,76,5314,Cirugia de la obesidad (manga gastrica) por video,69785,95
COOPERATIVA DE VIVIENDA CONSUMO Y CREDITO HORIZONTE LIMITADA,76,5315,Cirugia de la vena cava,69786,95
COOPERATIVA DE VIVIENDA CONSUMO Y CREDITO HORIZONTE LIMITADA,76,5316,Cirugia de las arritmias / colocacion de cardio-desfibrilador endocavitario,69787,98
COOPERATIVA DE VIVIENDA CONSUMO Y CREDITO HORIZONTE LIMITADA,76,5317,Cirugia de las ramas de la aorta abdominal,69788,95
COOPERATIVA DE VIVIENDA CONSUMO Y CREDITO HORIZONTE LIMITADA,76,5318,Cirugia de los grandes troncos arterio-venosos del torax,69789,95
COOPERATIVA DE VIVIENDA CONSUMO Y CREDITO HORIZONTE LIMITADA,76,5319,Cirugia de tumores etmoidales,69790,93
COOPERATIVA DE VIVIENDA CONSUMO Y CREDITO HORIZONTE LIMITADA,76,5320,Cirugia del conducto auditivo interno y su contenido,69791,94
COOPERATIVA DE VIVIENDA CONSUMO Y CREDITO HORIZONTE LIMITADA,76,5321,Cirugia del glomus yugularis,69792,94
COOPERATIVA DE VIVIENDA CONSUMO Y CREDITO HORIZONTE LIMITADA,76,5322,Cirugia del saco endolinfatico,69793,93
COOPERATIVA DE VIVIENDA CONSUMO Y CREDITO HORIZONTE LIMITADA,76,5323,Cirugia endoscopica de tejido linfoideo rino-faringeo,69794,92
COOPERATIVA DE VIVIENDA CONSUMO Y CREDITO HORIZONTE LIMITADA,76,5326,Cirugia plastica por agenesia del oido medio,69797,94
COOPERATIVA DE VIVIENDA CONSUMO Y CREDITO HORIZONTE LIMITADA,76,5327,Cirugia reductiva bilateral de mama,69798,98
COOPERATIVA DE VIVIENDA CONSUMO Y CREDITO HORIZONTE LIMITADA,76,5330,Cirugia vasculo-renal,69799,93
COOPERATIVA DE VIVIENDA CONSUMO Y CREDITO HORIZONTE LIMITADA,76,5336,Cirugias intra-uterinas a cielo abierto o por puncion,69803,96
COOPERATIVA DE VIVIENDA CONSUMO Y CREDITO HORIZONTE LIMITADA,76,5368,Colgajos libres con micro-cirugia vascular,69833,94
COOPERATIVA DE VIVIENDA CONSUMO Y CREDITO HORIZONTE LIMITADA,76,5497,Dermolipectomia post-cirugia bariatrica,69938,94
COOPERATIVA DE VIVIENDA CONSUMO Y CREDITO HORIZONTE LIMITADA,76,5756,Facoexeresis con implante de lente intraocular (cirugia de cataratas),70157,93
COOPERATIVA DE VIVIENDA CONSUMO Y CREDITO HORIZONTE LIMITADA,76,5816,Gran cirugia reconstructora de mano,70215,95
COOPERATIVA DE VIVIENDA CONSUMO Y CREDITO HORIZONTE LIMITADA,76,5850,Cirugia antireflujo esofagico por video (hernia hiatal laparoscopica),70248,94
COOPERATIVA DE VIVIENDA CONSUMO Y CREDITO HORIZONTE LIMITADA,76,5999,Mastomegalia / cirugia reductora no estetica unilateral,70375,94
COOPERATIVA DE VIVIENDA CONSUMO Y CREDITO HORIZONTE LIMITADA,76,6021,Microcirugia de laringe,70393,93
COOPERATIVA DE VIVIENDA CONSUMO Y CREDITO HORIZONTE LIMITADA,76,6022,Microcirugia tubaria unilateral,70394,93
COOPERATIVA DE VIVIENDA CONSUMO Y CREDITO HORIZONTE LIMITADA,76,6023,Microcirugia tubaria unilateral por videolaparoscopia,70395,95
COOPERATIVA DE VIVIENDA CONSUMO Y CREDITO HORIZONTE LIMITADA,76,6292,Radioneurocirugia esterotaxica,70635,95
COOPERATIVA DE VIVIENDA CONSUMO Y CREDITO HORIZONTE LIMITADA,76,6344,Reemplazo bi-valvular con cirugia de revascularizacion,70683,106
COOPERATIVA DE VIVIENDA CONSUMO Y CREDITO HORIZONTE LIMITADA,76,6350,Reimplante de miembros o dedos por microcirugia,70690,98
COOPERATIVA DE VIVIENDA CONSUMO Y CREDITO HORIZONTE LIMITADA,76,6351,Reimplante de oreja con microcirugia vascular,70691,94
COOPERATIVA DE VIVIENDA CONSUMO Y CREDITO HORIZONTE LIMITADA,76,6352,Reimplante total o parcial de miembro con microcirugia,70692,98
COOPERATIVA DE VIVIENDA CONSUMO Y CREDITO HORIZONTE LIMITADA,76,6664,Varices residuales (microcirugia),70968,92
COOPERATIVA DE VIVIENDA CONSUMO Y CREDITO HORIZONTE LIMITADA,76,6701,Cirugia de adecuacion de sexo,70992,106
COOPERATIVA DE VIVIENDA CONSUMO Y CREDITO HORIZONTE LIMITADA,76,6704,Cirugia de BAHAS,70995,94
COOPERATIVA DE VIVIENDA CONSUMO Y CREDITO HORIZONTE LIMITADA,76,7537,Cirugia de by- pass aorto- coronaria sin CEC,71034,98
COOPERATIVA DE VIVIENDA CONSUMO Y CREDITO HORIZONTE LIMITADA,76,8529,Cirugia tricompartimental de piso pelvico,71119,95
COOPERATIVA DE VIVIENDA CONSUMO Y CREDITO HORIZONTE LIMITADA,76,8583,Cirugia de MIS,71171,93
COOPERATIVA DE VIVIENDA CONSUMO Y CREDITO HORIZONTE LIMITADA,76,8584,Cirugia de masculinizacion: mastectomia + reconstruccion de torax,71172,98
COOPERATIVA DE VIVIENDA CONSUMO Y CREDITO HORIZONTE LIMITADA,76,8585,"Cirugia de reduccion de volumen pulmonar (EPOC, enfisema)",71173,99
COOPERATIVA DE VIVIENDA CONSUMO Y CREDITO HORIZONTE LIMITADA,76,8586,Cirugia de by-pass mamario-coronario,71174,98
COOPERATIVA DE VIVIENDA CONSUMO Y CREDITO HORIZONTE LIMITADA,76,8587,Cirugia laparoscopica de ligamento arcuato,71175,95
COOPERATIVA DE VIVIENDA CONSUMO Y CREDITO HORIZONTE LIMITADA,76,8588,Cirugia ortognatica,71176,107
COOPERATIVA DE VIVIENDA CONSUMO Y CREDITO HORIZONTE LIMITADA,76,8631,Neurocirugia con paciente despierto,71215,99
COOPERATIVA DE VIVIENDA CONSUMO Y CREDITO HORIZONTE LIMITADA,76,8651,Revision de cirugia de ligamentos,71235,93
COOPERATIVA DE VIVIENDA CONSUMO Y CREDITO HORIZONTE LIMITADA,76,5339,Cistectomia parcial o total laparoscopica,69418,95
COOPERATIVA DE VIVIENDA CONSUMO Y CREDITO HORIZONTE LIMITADA,76,5337,Cistectomia parcial,69804,93
COOPERATIVA DE VIVIENDA CONSUMO Y CREDITO HORIZONTE LIMITADA,76,5338,Cistectomia parcial con reimplante de ureter,69805,93
COOPERATIVA DE VIVIENDA CONSUMO Y CREDITO HORIZONTE LIMITADA,76,5340,Cistectomia total,69807,94
COOPERATIVA DE VIVIENDA CONSUMO Y CREDITO HORIZONTE LIMITADA,76,5347,Colecistectomia por videolaparoscopia,69814,93
COOPERATIVA DE VIVIENDA CONSUMO Y CREDITO HORIZONTE LIMITADA,76,5348,Colecistectomia por videolaparoscopia convertida,69815,94
COOPERATIVA DE VIVIENDA CONSUMO Y CREDITO HORIZONTE LIMITADA,76,5349,Colecistectomia simple,69816,92
COOPERATIVA DE VIVIENDA CONSUMO Y CREDITO HORIZONTE LIMITADA,76,5554,Duodeno-papilotomia con o sin colecistectomia,69988,93
COOPERATIVA DE VIVIENDA CONSUMO Y CREDITO HORIZONTE LIMITADA,76,5671,Exploracion de las vias biliares por laparoscopia con o sin colecistectomia,70093,94
COOPERATIVA DE VIVIENDA CONSUMO Y CREDITO HORIZONTE LIMITADA,76,5672,Exploracion de vias biliares con o sin colecistectomia,70094,94
COOPERATIVA DE VIVIENDA CONSUMO Y CREDITO HORIZONTE LIMITADA,76,5673,Exploracion de vias biliares por via laparoscopica con o sin colecistectomia,70095,94
COOPERATIVA DE VIVIENDA CONSUMO Y CREDITO HORIZONTE LIMITADA,76,6044,Nefro-ureterectomia con o sin cistectomia parcial,70415,95
COOPERATIVA DE VIVIENDA CONSUMO Y CREDITO HORIZONTE LIMITADA,76,5341,Cistoplastia,69808,93
COOPERATIVA DE VIVIENDA CONSUMO Y CREDITO HORIZONTE LIMITADA,76,5342,Cistorrafia,69809,90
COOPERATIVA DE VIVIENDA CONSUMO Y CREDITO HORIZONTE LIMITADA,76,6709,Cistorrafia por videolaparoscopia,70999,92
COOPERATIVA DE VIVIENDA CONSUMO Y CREDITO HORIZONTE LIMITADA,76,5343,Cistostomia (talla vesical),69810,90
COOPERATIVA DE VIVIENDA CONSUMO Y CREDITO HORIZONTE LIMITADA,76,5350,Colecistostomia,69817,92
COOPERATIVA DE VIVIENDA CONSUMO Y CREDITO HORIZONTE LIMITADA,76,5351,Colecistostomia percutanea,69818,91
COOPERATIVA DE VIVIENDA CONSUMO Y CREDITO HORIZONTE LIMITADA,76,5612,Escision o electrocoagulacion de amigdala lingual,70042,90
COOPERATIVA DE VIVIENDA CONSUMO Y CREDITO HORIZONTE LIMITADA,76,5784,Fotocoagulacion de retina,70184,90
COOPERATIVA DE VIVIENDA CONSUMO Y CREDITO HORIZONTE LIMITADA,76,6409,Reseccion endoscopica de vejiga por electrocoagulacion (TUR-V),70746,92
COOPERATIVA DE VIVIENDA CONSUMO Y CREDITO HORIZONTE LIMITADA,76,7583,Coagulacion de angiodisplacias con argon plasma,71045,92
COOPERATIVA DE VIVIENDA CONSUMO Y CREDITO HORIZONTE LIMITADA,76,5344,Coartacion de aorta con CEC (CEC: circulacion extra-corporea),69811,98
COOPERATIVA DE VIVIENDA CONSUMO Y CREDITO HORIZONTE LIMITADA,76,5345,Coartacion de aorta sin CEC (CEC: circulacion extra-corporea),69812,98
COOPERATIVA DE VIVIENDA CONSUMO Y CREDITO HORIZONTE LIMITADA,76,5426,Correccion de coartacion de aorta en hemodinamia,69881,98
COOPERATIVA DE VIVIENDA CONSUMO Y CREDITO HORIZONTE LIMITADA,76,5346,Cobalto-terapia,69813,92
COOPERATIVA DE VIVIENDA CONSUMO Y CREDITO HORIZONTE LIMITADA,76,5352,Colectomia o hemicolectomia abdomino -pelvica (operacion de Miles),69819,95
COOPERATIVA DE VIVIENDA CONSUMO Y CREDITO HORIZONTE LIMITADA,76,5353,Colectomia total,69820,95
COOPERATIVA DE VIVIENDA CONSUMO Y CREDITO HORIZONTE LIMITADA,76,5354,Colectomia total por videolaparoscopia,69821,96
COOPERATIVA DE VIVIENDA CONSUMO Y CREDITO HORIZONTE LIMITADA,76,5355,Colectomia transversa segmentaria (operacion de Hartmann),69822,94
COOPERATIVA DE VIVIENDA CONSUMO Y CREDITO HORIZONTE LIMITADA,76,5823,Hemicolectomia,70221,94
COOPERATIVA DE VIVIENDA CONSUMO Y CREDITO HORIZONTE LIMITADA,76,5824,Hemicolectomia por videolaparoscopia,70222,95
COOPERATIVA DE VIVIENDA CONSUMO Y CREDITO HORIZONTE LIMITADA,76,5359,Coledocotomia,69419,92
COOPERATIVA DE VIVIENDA CONSUMO Y CREDITO HORIZONTE LIMITADA,76,6542,Timpano-mastoidectomia/Colesteatoma/granuloma,69505,94
COOPERATIVA DE VIVIENDA CONSUMO Y CREDITO HORIZONTE LIMITADA,76,5361,Colgajo alejado,69826,92
COOPERATIVA DE VIVIENDA CONSUMO Y CREDITO HORIZONTE LIMITADA,76,5362,Colgajo de vecindad,69827,91
COOPERATIVA DE VIVIENDA CONSUMO Y CREDITO HORIZONTE LIMITADA,76,5363,Colgajo de vecindad o a la distancia para reconstruccion total de labio,69828,93
COOPERATIVA DE VIVIENDA CONSUMO Y CREDITO HORIZONTE LIMITADA,76,5364,Colgajo diferido,69829,91
COOPERATIVA DE VIVIENDA CONSUMO Y CREDITO HORIZONTE LIMITADA,76,5365,"Colgajo en isla, reparacion de ceja",69830,91
COOPERATIVA DE VIVIENDA CONSUMO Y CREDITO HORIZONTE LIMITADA,76,5366,Colgajo miocutaneo,69831,92
COOPERATIVA DE VIVIENDA CONSUMO Y CREDITO HORIZONTE LIMITADA,76,5367,Colgajo para reconstruccion parcial de labio,69832,91
COOPERATIVA DE VIVIENDA CONSUMO Y CREDITO HORIZONTE LIMITADA,76,5914,Injerto o colgajo de piel de dedos (hasta 3),70301,90
COOPERATIVA DE VIVIENDA CONSUMO Y CREDITO HORIZONTE LIMITADA,76,5915,Injerto o colgajo de piel de dedos (mas de 3),70302,91
COOPERATIVA DE VIVIENDA CONSUMO Y CREDITO HORIZONTE LIMITADA,76,6306,reconstruccion de oreja parcial o total mediante colgajos y o injertos,70648,92
COOPERATIVA DE VIVIENDA CONSUMO Y CREDITO HORIZONTE LIMITADA,76,6309,Reconstruccion diferida de piramide nasal con colgajo,70651,92
COOPERATIVA DE VIVIENDA CONSUMO Y CREDITO HORIZONTE LIMITADA,76,6311,Reconstruccion mamaria con colgajo cutaneo o miocutaneo,70653,95
COOPERATIVA DE VIVIENDA CONSUMO Y CREDITO HORIZONTE LIMITADA,76,6315,Reconstruccion total de nariz mediante colgajos,70657,93
COOPERATIVA DE VIVIENDA CONSUMO Y CREDITO HORIZONTE LIMITADA,76,6318,Reconstruccion total de paladar inmediata con injerto o colgajo,70660,95
COOPERATIVA DE VIVIENDA CONSUMO Y CREDITO HORIZONTE LIMITADA,76,6626,"Tumor de labio superior e inferior, con o sin colgajos",70930,94
COOPERATIVA DE VIVIENDA CONSUMO Y CREDITO HORIZONTE LIMITADA,76,5369,"Coloboma de parpado, reconstruccion simple",69834,90
COOPERATIVA DE VIVIENDA CONSUMO Y CREDITO HORIZONTE LIMITADA,76,5678,Extirpacion de apendices pre-auriculares (coloboma auris),70100,90
COOPERATIVA DE VIVIENDA CONSUMO Y CREDITO HORIZONTE LIMITADA,76,5391,Colocacion de stent en la via biliar por endoscopia/extraccion de stent,69421,92
COOPERATIVA DE VIVIENDA CONSUMO Y CREDITO HORIZONTE LIMITADA,76,5400,"Colocacion de yeso/ferula de antebrazo, braquipalmar, pierna o pedico",69423,89
COOPERATIVA DE VIVIENDA CONSUMO Y CREDITO HORIZONTE LIMITADA,76,5404,Colocacion y extraccion de yesos/ ferula,69424,89
COOPERATIVA DE VIVIENDA CONSUMO Y CREDITO HORIZONTE LIMITADA,76,5370,Colocacion de expansor mamario,69835,93
COOPERATIVA DE VIVIENDA CONSUMO Y CREDITO HORIZONTE LIMITADA,76,5371,"Colocacion de VAC (vacum, por ejemplo en rodilla)",69836,90
COOPERATIVA DE VIVIENDA CONSUMO Y CREDITO HORIZONTE LIMITADA,76,5373,Colocacion de cateter intra-hepatico para quimioterapia,69837,92
COOPERATIVA DE VIVIENDA CONSUMO Y CREDITO HORIZONTE LIMITADA,76,5374,Colocacion de cateter para medicion de PIC (PIC: presion intra-craneal),69838,93
COOPERATIVA DE VIVIENDA CONSUMO Y CREDITO HORIZONTE LIMITADA,76,5375,Colocacion de coils en vasculatura toracica o abdominal,69839,95
COOPERATIVA DE VIVIENDA CONSUMO Y CREDITO HORIZONTE LIMITADA,76,5376,Colocacion de desfibrilador interno,69840,94
COOPERATIVA DE VIVIENDA CONSUMO Y CREDITO HORIZONTE LIMITADA,76,5377,Colocacion de endoprotesis de aorta en hemodinamia,69841,98
COOPERATIVA DE VIVIENDA CONSUMO Y CREDITO HORIZONTE LIMITADA,76,5378,Colocacion de endoprotesis en arterias o venas toracicas o abdominales,69842,96
COOPERATIVA DE VIVIENDA CONSUMO Y CREDITO HORIZONTE LIMITADA,76,5379,Colocacion de esfinter artificial,69843,92
COOPERATIVA DE VIVIENDA CONSUMO Y CREDITO HORIZONTE LIMITADA,76,5380,Colocacion de filtros en la vena cava,69844,93
COOPERATIVA DE VIVIENDA CONSUMO Y CREDITO HORIZONTE LIMITADA,76,5381,Colocacion de marcapaso endocavitario,69845,92
COOPERATIVA DE VIVIENDA CONSUMO Y CREDITO HORIZONTE LIMITADA,76,5382,Colocacion de marcapaso epicardico,69846,93
COOPERATIVA DE VIVIENDA CONSUMO Y CREDITO HORIZONTE LIMITADA,76,5383,Colocacion de protesis / stent esofagico,69847,91
COOPERATIVA DE VIVIENDA CONSUMO Y CREDITO HORIZONTE LIMITADA,76,5384,Colocacion de protesis cervical / dorsal / o lumbar,69848,95
COOPERATIVA DE VIVIENDA CONSUMO Y CREDITO HORIZONTE LIMITADA,76,5385,Colocacion de radium intra-cavitario,69849,91
COOPERATIVA DE VIVIENDA CONSUMO Y CREDITO HORIZONTE LIMITADA,76,5386,Colocacion de semillas radioactivas transrectal,69850,92
COOPERATIVA DE VIVIENDA CONSUMO Y CREDITO HORIZONTE LIMITADA,76,5387,Colocacion de sonda de alimentacion por endoscopia,69851,90
COOPERATIVA DE VIVIENDA CONSUMO Y CREDITO HORIZONTE LIMITADA,76,5388,Colocacion de stent colonico,69852,91
COOPERATIVA DE VIVIENDA CONSUMO Y CREDITO HORIZONTE LIMITADA,76,5389,Colocacion de stent en duodeno por endoscopia,69853,91
COOPERATIVA DE VIVIENDA CONSUMO Y CREDITO HORIZONTE LIMITADA,76,5392,Colocacion de stent traqueal o bronquial,69854,93
COOPERATIVA DE VIVIENDA CONSUMO Y CREDITO HORIZONTE LIMITADA,76,5393,Colocacion de taponaje vesical,69855,90
COOPERATIVA DE VIVIENDA CONSUMO Y CREDITO HORIZONTE LIMITADA,76,5394,Colocacion de tips para cirrosis,69856,92
COOPERATIVA DE VIVIENDA CONSUMO Y CREDITO HORIZONTE LIMITADA,76,5397,Colocacion de tutor externo maxilar,69859,93
COOPERATIVA DE VIVIENDA CONSUMO Y CREDITO HORIZONTE LIMITADA,76,5402,Colocacion o extraccion de balon gastrico en obesidad (gastroenterologia),69862,92
COOPERATIVA DE VIVIENDA CONSUMO Y CREDITO HORIZONTE LIMITADA,76,5477,"DIU, colocacion o extraccion",69920,89
COOPERATIVA DE VIVIENDA CONSUMO Y CREDITO HORIZONTE LIMITADA,76,5522,Dilatacion de traquea y/o colocacion de stent bronquial,69960,93
COOPERATIVA DE VIVIENDA CONSUMO Y CREDITO HORIZONTE LIMITADA,76,5523,Dilatacion del ureter + colocacion de pig-tail,69961,91
COOPERATIVA DE VIVIENDA CONSUMO Y CREDITO HORIZONTE LIMITADA,76,5804,Gastrostomia (colocacion / extraccion y/o recolocacion) (tipo boton gastrico),70203,91
COOPERATIVA DE VIVIENDA CONSUMO Y CREDITO HORIZONTE LIMITADA,76,6363,Reparacion de hernia con colocacion de malla de tipo Marlex o similares,70703,92
COOPERATIVA DE VIVIENDA CONSUMO Y CREDITO HORIZONTE LIMITADA,76,7531,Colocacion de protesis,71028,98
COOPERATIVA DE VIVIENDA CONSUMO Y CREDITO HORIZONTE LIMITADA,76,7552,Mastectomia bilateral con colocacion de protesis,71040,98
COOPERATIVA DE VIVIENDA CONSUMO Y CREDITO HORIZONTE LIMITADA,76,7585,Colocacion de balon intragastrico,71047,92
COOPERATIVA DE VIVIENDA CONSUMO Y CREDITO HORIZONTE LIMITADA,76,8111,Colocacion de cateter doble “J” (tipo pig-tail o similares),71081,91
COOPERATIVA DE VIVIENDA CONSUMO Y CREDITO HORIZONTE LIMITADA,76,8113,Colocacion de cateter de pig-tail,71083,91
COOPERATIVA DE VIVIENDA CONSUMO Y CREDITO HORIZONTE LIMITADA,76,8591,Colocacion de electrodos sub-corticales,71178,95
COOPERATIVA DE VIVIENDA CONSUMO Y CREDITO HORIZONTE LIMITADA,76,8592,"Colocacion de sustancia botulinica, por sesion",71179,92
COOPERATIVA DE VIVIENDA CONSUMO Y CREDITO HORIZONTE LIMITADA,76,8593,"Colocacion de sustancia botulinica/BCG/ac hialuronico, por sesion",71180,92
COOPERATIVA DE VIVIENDA CONSUMO Y CREDITO HORIZONTE LIMITADA,76,7581,Colonoscopia con polipectomia con clips o Mucosectomia,71043,93
COOPERATIVA DE VIVIENDA CONSUMO Y CREDITO HORIZONTE LIMITADA,76,5406,Colonovideoscopia con polipectomia,69865,92
COOPERATIVA DE VIVIENDA CONSUMO Y CREDITO HORIZONTE LIMITADA,76,5407,Colpoperineorrafia anterior y/o posterior,69866,92
COOPERATIVA DE VIVIENDA CONSUMO Y CREDITO HORIZONTE LIMITADA,76,5870,Histerectomia vaginal con o sin colpoperineorrafia,70270,93
COOPERATIVA DE VIVIENDA CONSUMO Y CREDITO HORIZONTE LIMITADA,76,5409,Colpopexia con malla de Sling o similares,69867,92
COOPERATIVA DE VIVIENDA CONSUMO Y CREDITO HORIZONTE LIMITADA,76,5410,Colpotomia / lesion local de vagina,69868,89
COOPERATIVA DE VIVIENDA CONSUMO Y CREDITO HORIZONTE LIMITADA,76,5411,Comisuroplastia,69869,90
COOPERATIVA DE VIVIENDA CONSUMO Y CREDITO HORIZONTE LIMITADA,76,5412,Condilomas acuminados (fulguracion),69870,89
COOPERATIVA DE VIVIENDA CONSUMO Y CREDITO HORIZONTE LIMITADA,76,5414,Conizacion de cuello uterino o leep,69872,90
COOPERATIVA DE VIVIENDA CONSUMO Y CREDITO HORIZONTE LIMITADA,76,5415,Conjuntivoplastia,69873,92
COOPERATIVA DE VIVIENDA CONSUMO Y CREDITO HORIZONTE LIMITADA,76,5419,Conversion electrica de arritmias cardiacas,69874,90
COOPERATIVA DE VIVIENDA CONSUMO Y CREDITO HORIZONTE LIMITADA,76,5420,Cordocentesis (transfusion intra-uterina),69875,91
COOPERATIVA DE VIVIENDA CONSUMO Y CREDITO HORIZONTE LIMITADA,76,5421,Cordotomia,69876,94
COOPERATIVA DE VIVIENDA CONSUMO Y CREDITO HORIZONTE LIMITADA,76,5422,Correccion de adherencias vaginales,69877,90
COOPERATIVA DE VIVIENDA CONSUMO Y CREDITO HORIZONTE LIMITADA,76,5425,Correccion de cistocele,69880,91
COOPERATIVA DE VIVIENDA CONSUMO Y CREDITO HORIZONTE LIMITADA,76,5427,Correccion de diastasis de los rectos,69882,91
COOPERATIVA DE VIVIENDA CONSUMO Y CREDITO HORIZONTE LIMITADA,76,5429,Correccion de fistula congenita de cuello,69884,91
COOPERATIVA DE VIVIENDA CONSUMO Y CREDITO HORIZONTE LIMITADA,76,5430,Correccion de fistula recto-uterina o vesico-uterina,69885,93
COOPERATIVA DE VIVIENDA CONSUMO Y CREDITO HORIZONTE LIMITADA,76,5431,Correccion de fistula recto-vaginal,69886,92
COOPERATIVA DE VIVIENDA CONSUMO Y CREDITO HORIZONTE LIMITADA,76,5432,Correccion de fistula recto-vaginal + reconstruccion del esfinter anal,69887,93
COOPERATIVA DE VIVIENDA CONSUMO Y CREDITO HORIZONTE LIMITADA,76,5433,Correccion de fistula vesico-vaginal,69888,92
COOPERATIVA DE VIVIENDA CONSUMO Y CREDITO HORIZONTE LIMITADA,76,5435,Correccion de incontinencia de orina con malla de tipo Sling,69890,92
COOPERATIVA DE VIVIENDA CONSUMO Y CREDITO HORIZONTE LIMITADA,76,5436,Correccion de incontinencia de orina por video,69891,93
COOPERATIVA DE VIVIENDA CONSUMO Y CREDITO HORIZONTE LIMITADA,76,5437,Correccion de incontinencia de orina por video-laparoscopia,69892,93
COOPERATIVA DE VIVIENDA CONSUMO Y CREDITO HORIZONTE LIMITADA,76,5438,Correccion de inversion uterina,69893,90
COOPERATIVA DE VIVIENDA CONSUMO Y CREDITO HORIZONTE LIMITADA,76,5439,Correccion de malformaciones uterinas,69894,94
COOPERATIVA DE VIVIENDA CONSUMO Y CREDITO HORIZONTE LIMITADA,76,5440,Correccion de reflujo vesico-ureteral (RVU),69895,92
COOPERATIVA DE VIVIENDA CONSUMO Y CREDITO HORIZONTE LIMITADA,76,5441,Correccion de tunel carpiano,69896,91
COOPERATIVA DE VIVIENDA CONSUMO Y CREDITO HORIZONTE LIMITADA,76,5442,Correccion de tunel carpiano por videoartroscopia,69897,92
COOPERATIVA DE VIVIENDA CONSUMO Y CREDITO HORIZONTE LIMITADA,76,5445,Correccion quirurgica de acalasia,69900,93
COOPERATIVA DE VIVIENDA CONSUMO Y CREDITO HORIZONTE LIMITADA,76,5447,Correccion quirurgica del sindrome del tunel carpiano,69902,91
COOPERATIVA DE VIVIENDA CONSUMO Y CREDITO HORIZONTE LIMITADA,76,5704,Extraccion de barra post-correccion de pectus excavatum,70124,92
COOPERATIVA DE VIVIENDA CONSUMO Y CREDITO HORIZONTE LIMITADA,76,5448,"Corticoides epidurales, por sesion",69903,91
COOPERATIVA DE VIVIENDA CONSUMO Y CREDITO HORIZONTE LIMITADA,76,8535,Infiltracion con corticoides/ A. locales/ Aines en puntos gatillos (hasta 5),71125,90
COOPERATIVA DE VIVIENDA CONSUMO Y CREDITO HORIZONTE LIMITADA,76,8536,Infiltracion con corticoides/ A. locales/ Aines en puntos gatillos (mas de 5),71126,91
COOPERATIVA DE VIVIENDA CONSUMO Y CREDITO HORIZONTE LIMITADA,76,5449,Corticoterapia foraminal cervical guiada por imagenes,69425,95
COOPERATIVA DE VIVIENDA CONSUMO Y CREDITO HORIZONTE LIMITADA,76,5450,Corticoterapia foraminal dorsal o lumbar guiada por imagenes ( hasta 2),69426,93
COOPERATIVA DE VIVIENDA CONSUMO Y CREDITO HORIZONTE LIMITADA,76,5451,"Corticoterapia peridural (dorsal, lumbar o caudal) sin control por imagen",69427,92
COOPERATIVA DE VIVIENDA CONSUMO Y CREDITO HORIZONTE LIMITADA,76,5452,"Corticoterapia peridural (dorsal, lumbar o caudal) con control por imagen",69429,93
COOPERATIVA DE VIVIENDA CONSUMO Y CREDITO HORIZONTE LIMITADA,76,6164,"Osteotomia craneo-facial con tiempo neuroquirurgico (Crouzon, Apert, etc.)",69484,98
COOPERATIVA DE VIVIENDA CONSUMO Y CREDITO HORIZONTE LIMITADA,76,5454,Craneoestenosis / craneosinostosis,69905,95
COOPERATIVA DE VIVIENDA CONSUMO Y CREDITO HORIZONTE LIMITADA,76,5455,Craneoplastia,69907,94
COOPERATIVA DE VIVIENDA CONSUMO Y CREDITO HORIZONTE LIMITADA,76,5456,Craneotomia exploradora,69908,93
COOPERATIVA DE VIVIENDA CONSUMO Y CREDITO HORIZONTE LIMITADA,76,5952,Lesion tumoral de los huesos del craneo,70335,92
COOPERATIVA DE VIVIENDA CONSUMO Y CREDITO HORIZONTE LIMITADA,76,6165,"Osteotomia craneo-facial sin tiempo neuroquirurgico (Crouzon, Apert, etc.)",70514,95
COOPERATIVA DE VIVIENDA CONSUMO Y CREDITO HORIZONTE LIMITADA,76,6325,Reduccion de fractura expuesta de craneo,70667,93
COOPERATIVA DE VIVIENDA CONSUMO Y CREDITO HORIZONTE LIMITADA,76,5457,"Cricotomia, laringorrafia, como unica operacion",69909,92
COOPERATIVA DE VIVIENDA CONSUMO Y CREDITO HORIZONTE LIMITADA,76,5458,Crioneurolisis de la art. sacro-iliaca unilateral,69430,94
COOPERATIVA DE VIVIENDA CONSUMO Y CREDITO HORIZONTE LIMITADA,76,5463,Crioneurolisis de neuroma post-quirurgico,69431,93
COOPERATIVA DE VIVIENDA CONSUMO Y CREDITO HORIZONTE LIMITADA,76,5460,Crioneurolisis de nervio facetario (hasta 2 nervios),69910,94
COOPERATIVA DE VIVIENDA CONSUMO Y CREDITO HORIZONTE LIMITADA,76,5461,Crioneurolisis de nervio facetario (mas de 2 nervios),69911,95
COOPERATIVA DE VIVIENDA CONSUMO Y CREDITO HORIZONTE LIMITADA,76,5464,Criptorquidea,69913,91
COOPERATIVA DE VIVIENDA CONSUMO Y CREDITO HORIZONTE LIMITADA,76,5465,Criptorquidea u orquidopexia por video-laparoscopia,69914,92
COOPERATIVA DE VIVIENDA CONSUMO Y CREDITO HORIZONTE LIMITADA,76,5466,Criptorquidea u orquidopexia por videolaparoscopia,69915,92
COOPERATIVA DE VIVIENDA CONSUMO Y CREDITO HORIZONTE LIMITADA,76,5470,Cuadrantectomia unilateral,69916,92
COOPERATIVA DE VIVIENDA CONSUMO Y CREDITO HORIZONTE LIMITADA,76,7596,Cuadrantectomia / tumorectomia ( mas ganglio centinela),71057,92
COOPERATIVA DE VIVIENDA CONSUMO Y CREDITO HORIZONTE LIMITADA,76,7597,Cuadrantectomia / tumorectomia (mas vaciamiento axilar),71058,93
COOPERATIVA DE VIVIENDA CONSUMO Y CREDITO HORIZONTE LIMITADA,76,5471,Cuerpo extraño / bolo fecal,69432,90
COOPERATIVA DE VIVIENDA CONSUMO Y CREDITO HORIZONTE LIMITADA,76,5472,Cuerpo extraño de pared,69433,90
COOPERATIVA DE VIVIENDA CONSUMO Y CREDITO HORIZONTE LIMITADA,76,5473,Cuerpo extraño de tobillo,69434,89
COOPERATIVA DE VIVIENDA CONSUMO Y CREDITO HORIZONTE LIMITADA,76,5616,Esclerotomia con extraccion de cuerpo extraño intraocular,69443,92
COOPERATIVA DE VIVIENDA CONSUMO Y CREDITO HORIZONTE LIMITADA,76,5713,Extraccion de cuerpo extraño de faringe / esofago / estomago,69449,91
COOPERATIVA DE VIVIENDA CONSUMO Y CREDITO HORIZONTE LIMITADA,76,5714,Extraccion de cuerpo extraño de fosa nasal,69450,90
COOPERATIVA DE VIVIENDA CONSUMO Y CREDITO HORIZONTE LIMITADA,76,5715,"Extraccion de cuerpo extraño de las vias aereas (traquea, bronquios)",69451,92
COOPERATIVA DE VIVIENDA CONSUMO Y CREDITO HORIZONTE LIMITADA,76,5716,Extraccion de cuerpo extraño de lengua,69452,90
COOPERATIVA DE VIVIENDA CONSUMO Y CREDITO HORIZONTE LIMITADA,76,5717,Extraccion de cuerpo extraño de mano,69453,90
COOPERATIVA DE VIVIENDA CONSUMO Y CREDITO HORIZONTE LIMITADA,76,5719,Extraccion de cuerpo extraño de pie,69455,91
COOPERATIVA DE VIVIENDA CONSUMO Y CREDITO HORIZONTE LIMITADA,76,5720,Extraccion de cuerpo extraño de traquea o bronquio,69456,92
COOPERATIVA DE VIVIENDA CONSUMO Y CREDITO HORIZONTE LIMITADA,76,5721,Extraccion de cuerpo extraño del conducto auditivo externo (CAE),69457,89
COOPERATIVA DE VIVIENDA CONSUMO Y CREDITO HORIZONTE LIMITADA,76,5722,Extraccion de cuerpo extraño en faringe / esofago / estomago / duodeno,69458,91
COOPERATIVA DE VIVIENDA CONSUMO Y CREDITO HORIZONTE LIMITADA,76,5723,Extraccion de cuerpo extraño endoocular,69459,92
COOPERATIVA DE VIVIENDA CONSUMO Y CREDITO HORIZONTE LIMITADA,76,5724,Extraccion de cuerpo extraño profundo,69460,91
COOPERATIVA DE VIVIENDA CONSUMO Y CREDITO HORIZONTE LIMITADA,76,5725,Extraccion de cuerpo extraño profundo de cuello,69461,91
COOPERATIVA DE VIVIENDA CONSUMO Y CREDITO HORIZONTE LIMITADA,76,5726,Extraccion de cuerpo extraño superficial (conjuntiva),69462,90
COOPERATIVA DE VIVIENDA CONSUMO Y CREDITO HORIZONTE LIMITADA,76,5727,"Extraccion de cuerpo extraño, exploracion de drenajes",69463,90
COOPERATIVA DE VIVIENDA CONSUMO Y CREDITO HORIZONTE LIMITADA,76,6508,"TAC de cuerpo entero, con o sin contraste",70835,92
COOPERATIVA DE VIVIENDA CONSUMO Y CREDITO HORIZONTE LIMITADA,76,8611,Extraccion de cuerpo extraño de iris,71198,92
COOPERATIVA DE VIVIENDA CONSUMO Y CREDITO HORIZONTE LIMITADA,76,5474,"Curacion de un gran quemado, mas del 30%",69917,92
COOPERATIVA DE VIVIENDA CONSUMO Y CREDITO HORIZONTE LIMITADA,76,5475,Curacion de un quemado hasta el 30%,69918,91
COOPERATIVA DE VIVIENDA CONSUMO Y CREDITO HORIZONTE LIMITADA,76,5476,Curetaje oseo,69919,89
COOPERATIVA DE VIVIENDA CONSUMO Y CREDITO HORIZONTE LIMITADA,76,5480,Dacrio-cistorrinostomia con protesis,69435,93
COOPERATIVA DE VIVIENDA CONSUMO Y CREDITO HORIZONTE LIMITADA,76,5478,Dacrio-cistografia,69921,90
COOPERATIVA DE VIVIENDA CONSUMO Y CREDITO HORIZONTE LIMITADA,76,5482,Decorticacion pleuro-pulmonar por video-toracoscopia,69437,95
COOPERATIVA DE VIVIENDA CONSUMO Y CREDITO HORIZONTE LIMITADA,76,5483,Dedo en gatillo o dedo en resorte o dedo en garra,69438,90
COOPERATIVA DE VIVIENDA CONSUMO Y CREDITO HORIZONTE LIMITADA,76,5484,Dedo en martillo traumatico (“mallet finger”),69925,91
COOPERATIVA DE VIVIENDA CONSUMO Y CREDITO HORIZONTE LIMITADA,76,5485,Dedos en martillo (cada uno),69926,89
COOPERATIVA DE VIVIENDA CONSUMO Y CREDITO HORIZONTE LIMITADA,76,5681,Extirpacion de aponeurosis plantar hasta 3 dedos,70101,91
COOPERATIVA DE VIVIENDA CONSUMO Y CREDITO HORIZONTE LIMITADA,76,6173,Panadizo / flemon de dedos,70522,89
COOPERATIVA DE VIVIENDA CONSUMO Y CREDITO HORIZONTE LIMITADA,76,6345,Reimplante de 1 a 2 dedos,70685,92
COOPERATIVA DE VIVIENDA CONSUMO Y CREDITO HORIZONTE LIMITADA,76,6346,Reimplante de dedo (hasta 2),70686,92
COOPERATIVA DE VIVIENDA CONSUMO Y CREDITO HORIZONTE LIMITADA,76,6347,Reimplante de mas de 2 dedos,70687,93
COOPERATIVA DE VIVIENDA CONSUMO Y CREDITO HORIZONTE LIMITADA,76,6619,Tumor de dedo,70923,90
COOPERATIVA DE VIVIENDA CONSUMO Y CREDITO HORIZONTE LIMITADA,76,5486,Denervacion articular,69927,92
COOPERATIVA DE VIVIENDA CONSUMO Y CREDITO HORIZONTE LIMITADA,76,5487,Derivacion aorto-bifemoral,69928,96
COOPERATIVA DE VIVIENDA CONSUMO Y CREDITO HORIZONTE LIMITADA,76,5488,Derivacion aorto-iliaca con o sin simpatectomia,69929,98
COOPERATIVA DE VIVIENDA CONSUMO Y CREDITO HORIZONTE LIMITADA,76,5489,Derivacion aorto-renal,69930,95
COOPERATIVA DE VIVIENDA CONSUMO Y CREDITO HORIZONTE LIMITADA,76,5490,Derivacion intestinal interna,69931,93
COOPERATIVA DE VIVIENDA CONSUMO Y CREDITO HORIZONTE LIMITADA,76,5491,Derivacion paliativa de esofago,69932,94
COOPERATIVA DE VIVIENDA CONSUMO Y CREDITO HORIZONTE LIMITADA,76,5492,Derivacion pericardio-peritoneal,69933,98
COOPERATIVA DE VIVIENDA CONSUMO Y CREDITO HORIZONTE LIMITADA,76,5493,Derivacion ventriculo-peritoneal o similar,69934,93
COOPERATIVA DE VIVIENDA CONSUMO Y CREDITO HORIZONTE LIMITADA,76,5742,Extraccion de tubo de derivacion,70144,91
COOPERATIVA DE VIVIENDA CONSUMO Y CREDITO HORIZONTE LIMITADA,76,8600,Drenaje de coleccion por endoscopia (Necrosectomia/derivacion biliar),71187,94
COOPERATIVA DE VIVIENDA CONSUMO Y CREDITO HORIZONTE LIMITADA,76,5494,Dermoabrasion,69935,91
COOPERATIVA DE VIVIENDA CONSUMO Y CREDITO HORIZONTE LIMITADA,76,5495,Dermolipectomia,69936,93
COOPERATIVA DE VIVIENDA CONSUMO Y CREDITO HORIZONTE LIMITADA,76,5496,Dermolipectomia con ombligo,69937,94
COOPERATIVA DE VIVIENDA CONSUMO Y CREDITO HORIZONTE LIMITADA,76,5498,Desarticulacion coxo-femoral,69939,95
COOPERATIVA DE VIVIENDA CONSUMO Y CREDITO HORIZONTE LIMITADA,76,5499,Desarticulacion del brazo,69940,95
COOPERATIVA DE VIVIENDA CONSUMO Y CREDITO HORIZONTE LIMITADA,76,5500,Desarticulacion escapulo-humeral,69941,95
COOPERATIVA DE VIVIENDA CONSUMO Y CREDITO HORIZONTE LIMITADA,76,5501,Desarticulacion interescapulo-toracica,69942,94
COOPERATIVA DE VIVIENDA CONSUMO Y CREDITO HORIZONTE LIMITADA,76,5504,Descompresion orbitaria unilateral,69943,93
COOPERATIVA DE VIVIENDA CONSUMO Y CREDITO HORIZONTE LIMITADA,76,7507,Descompresion discal con Decompressor o similar,71009,98
COOPERATIVA DE VIVIENDA CONSUMO Y CREDITO HORIZONTE LIMITADA,76,5505,Desgarro de cristalino,69944,91
COOPERATIVA DE VIVIENDA CONSUMO Y CREDITO HORIZONTE LIMITADA,76,5506,Desgarro de cuello uterino,69945,90
COOPERATIVA DE VIVIENDA CONSUMO Y CREDITO HORIZONTE LIMITADA,76,5507,Desgarro de vagina / colporrafia o colpocleisis / fuera del trabajo de parto,69946,91
COOPERATIVA DE VIVIENDA CONSUMO Y CREDITO HORIZONTE LIMITADA,76,5508,Desgarro de vagina y/o esfinter,69947,90
COOPERATIVA DE VIVIENDA CONSUMO Y CREDITO HORIZONTE LIMITADA,76,5509,Desgarro muscular de cara anterior del muslo,69948,90
COOPERATIVA DE VIVIENDA CONSUMO Y CREDITO HORIZONTE LIMITADA,76,6477,Sintesis muscular (desgarro muscular simple),70808,90
COOPERATIVA DE VIVIENDA CONSUMO Y CREDITO HORIZONTE LIMITADA,76,5512,Devolvulacion / desinvaginacion intestinal con reseccion intestinal,69950,94
COOPERATIVA DE VIVIENDA CONSUMO Y CREDITO HORIZONTE LIMITADA,76,5513,Devolvulacion / desinvaginacion intestinal sin reseccion intestinal,69951,92
COOPERATIVA DE VIVIENDA CONSUMO Y CREDITO HORIZONTE LIMITADA,76,5514,Devolvulacion endoscopica,69952,91
COOPERATIVA DE VIVIENDA CONSUMO Y CREDITO HORIZONTE LIMITADA,76,5515,Diagnostico estereotaxico para estudios de epilepsia,69953,93
COOPERATIVA DE VIVIENDA CONSUMO Y CREDITO HORIZONTE LIMITADA,76,6234,Procedimiento diagnostico para implante de bomba de infusion,70579,94
COOPERATIVA DE VIVIENDA CONSUMO Y CREDITO HORIZONTE LIMITADA,76,6260,Puncion de camara anterior para diagnosticos,70602,90
COOPERATIVA DE VIVIENDA CONSUMO Y CREDITO HORIZONTE LIMITADA,76,5516,Diastasis del pubis,69954,92
COOPERATIVA DE VIVIENDA CONSUMO Y CREDITO HORIZONTE LIMITADA,76,5518,Dilatacion anal,69956,90
COOPERATIVA DE VIVIENDA CONSUMO Y CREDITO HORIZONTE LIMITADA,76,5519,Dilatacion colonica por endoscopia,69957,92
COOPERATIVA DE VIVIENDA CONSUMO Y CREDITO HORIZONTE LIMITADA,76,5520,Dilatacion de esofago,69958,91
COOPERATIVA DE VIVIENDA CONSUMO Y CREDITO HORIZONTE LIMITADA,76,5521,Dilatacion de esofago/ pilorica / colonica,69959,91
COOPERATIVA DE VIVIENDA CONSUMO Y CREDITO HORIZONTE LIMITADA,76,5524,Dilatacion endoscopica de estenosis de via biliar,69962,92
COOPERATIVA DE VIVIENDA CONSUMO Y CREDITO HORIZONTE LIMITADA,76,5525,Dilatacion endoscopica de la via biliar,69963,92
COOPERATIVA DE VIVIENDA CONSUMO Y CREDITO HORIZONTE LIMITADA,76,5526,Dilatacion pilorica por endoscopia,69964,91
COOPERATIVA DE VIVIENDA CONSUMO Y CREDITO HORIZONTE LIMITADA,76,5527,Dilatacion uretral,69965,89
COOPERATIVA DE VIVIENDA CONSUMO Y CREDITO HORIZONTE LIMITADA,76,5528,Dilatacion uretral por video,69966,90
COOPERATIVA DE VIVIENDA CONSUMO Y CREDITO HORIZONTE LIMITADA,76,5529,Dinamica renal (renograma isotopico),69967,90
COOPERATIVA DE VIVIENDA CONSUMO Y CREDITO HORIZONTE LIMITADA,76,5530,Discografia provocativa (dos o tres discos),69968,93
COOPERATIVA DE VIVIENDA CONSUMO Y CREDITO HORIZONTE LIMITADA,76,5531,Discografia provocativa (un disco),69969,92
COOPERATIVA DE VIVIENDA CONSUMO Y CREDITO HORIZONTE LIMITADA,76,5532,Discograma discal diagnostica,69970,94
COOPERATIVA DE VIVIENDA CONSUMO Y CREDITO HORIZONTE LIMITADA,76,5535,Diseccion quirurgica para linfadenografia,69971,90
COOPERATIVA DE VIVIENDA CONSUMO Y CREDITO HORIZONTE LIMITADA,76,5537,Diverticulo de Meckel por via convencional,69973,92
COOPERATIVA DE VIVIENDA CONSUMO Y CREDITO HORIZONTE LIMITADA,76,5538,Diverticulo de Meckel por videolaparoscopia,69974,92
COOPERATIVA DE VIVIENDA CONSUMO Y CREDITO HORIZONTE LIMITADA,76,5539,Diverticulo de esofago,69975,93
COOPERATIVA DE VIVIENDA CONSUMO Y CREDITO HORIZONTE LIMITADA,76,5601,Escision de diverticulo faringo-esofagico,70031,92
COOPERATIVA DE VIVIENDA CONSUMO Y CREDITO HORIZONTE LIMITADA,76,5001,"Abceso, Flemon, Drenaje",69540,89
COOPERATIVA DE VIVIENDA CONSUMO Y CREDITO HORIZONTE LIMITADA,76,5548,Drenaje de glandula y o saco lagrimal,69982,90
COOPERATIVA DE VIVIENDA CONSUMO Y CREDITO HORIZONTE LIMITADA,76,5549,Drenaje del septum,69983,90
COOPERATIVA DE VIVIENDA CONSUMO Y CREDITO HORIZONTE LIMITADA,76,5550,Drenaje del wirsung,69984,92
COOPERATIVA DE VIVIENDA CONSUMO Y CREDITO HORIZONTE LIMITADA,76,5551,Drenaje percutaneo de las vias biliares,69985,93
COOPERATIVA DE VIVIENDA CONSUMO Y CREDITO HORIZONTE LIMITADA,76,5553,Drenaje ventricular continuo,69987,91
COOPERATIVA DE VIVIENDA CONSUMO Y CREDITO HORIZONTE LIMITADA,76,5590,Epididimotomia y drenaje,70020,90
COOPERATIVA DE VIVIENDA CONSUMO Y CREDITO HORIZONTE LIMITADA,76,5891,Incision y drenaje de amigdalas o tejido peri-amigdalino,70286,90
COOPERATIVA DE VIVIENDA CONSUMO Y CREDITO HORIZONTE LIMITADA,76,5892,Incision y drenaje de glandula parotida o submaxilar,70287,90
COOPERATIVA DE VIVIENDA CONSUMO Y CREDITO HORIZONTE LIMITADA,76,5893,Incision y drenaje de la auricula,70288,90
COOPERATIVA DE VIVIENDA CONSUMO Y CREDITO HORIZONTE LIMITADA,76,5895,Incision y drenaje de lesion dentaria,70290,90
COOPERATIVA DE VIVIENDA CONSUMO Y CREDITO HORIZONTE LIMITADA,76,5897,Incision y drenaje de piso de la boca o mejilla,70292,90
COOPERATIVA DE VIVIENDA CONSUMO Y CREDITO HORIZONTE LIMITADA,76,5900,Incision y/o drenaje de tejido retro-faringeo por via oral,70295,90
COOPERATIVA DE VIVIENDA CONSUMO Y CREDITO HORIZONTE LIMITADA,76,6175,Pancreatectomia con exploracion y drenaje,70524,94
COOPERATIVA DE VIVIENDA CONSUMO Y CREDITO HORIZONTE LIMITADA,76,6250,Puncion / drenaje del Douglas,70595,89
COOPERATIVA DE VIVIENDA CONSUMO Y CREDITO HORIZONTE LIMITADA,76,7592,Pleurodesis quimica por tubo de drenaje,71053,90
COOPERATIVA DE VIVIENDA CONSUMO Y CREDITO HORIZONTE LIMITADA,76,6683,VEDA Video-esofago-gastro-duodenoscopia,69514,90
COOPERATIVA DE VIVIENDA CONSUMO Y CREDITO HORIZONTE LIMITADA,76,6684,Video-gastro-duodenoscopia con polipectomia,69515,91
COOPERATIVA DE VIVIENDA CONSUMO Y CREDITO HORIZONTE LIMITADA,76,5555,Duodenopancreatectomia,69989,95
COOPERATIVA DE VIVIENDA CONSUMO Y CREDITO HORIZONTE LIMITADA,76,5557,Ecocardiografia transtoracica o transesofagica intra-operatoria,69990,92
COOPERATIVA DE VIVIENDA CONSUMO Y CREDITO HORIZONTE LIMITADA,76,5558,Ecocardiograma transesofagico,69991,91
COOPERATIVA DE VIVIENDA CONSUMO Y CREDITO HORIZONTE LIMITADA,76,6256,Puncion ovarica guiada por ecografia (incluye ICSI),69489,91
COOPERATIVA DE VIVIENDA CONSUMO Y CREDITO HORIZONTE LIMITADA,76,5559,Ecografia de ojo,69992,90
COOPERATIVA DE VIVIENDA CONSUMO Y CREDITO HORIZONTE LIMITADA,76,5560,Ecografia trans-toracica o trans-esofagica intra-operatoria,69993,91
COOPERATIVA DE VIVIENDA CONSUMO Y CREDITO HORIZONTE LIMITADA,76,5562,Ectropion - Entropion,69441,90
COOPERATIVA DE VIVIENDA CONSUMO Y CREDITO HORIZONTE LIMITADA,76,5563,Electro-retinograma,69996,90
COOPERATIVA DE VIVIENDA CONSUMO Y CREDITO HORIZONTE LIMITADA,76,5647,Estudio electrofisiologico,70072,92
COOPERATIVA DE VIVIENDA CONSUMO Y CREDITO HORIZONTE LIMITADA,76,7525,Implante de electrodo espinal para estimulacion medular (trial),71022,95
COOPERATIVA DE VIVIENDA CONSUMO Y CREDITO HORIZONTE LIMITADA,76,5565,Emasculacion total con vaciamiento inguino-abdominal,69997,94
COOPERATIVA DE VIVIENDA CONSUMO Y CREDITO HORIZONTE LIMITADA,76,5566,Embarazo ectopico hemorragico,69998,93
COOPERATIVA DE VIVIENDA CONSUMO Y CREDITO HORIZONTE LIMITADA,76,5567,Embarazo ectopico no complicado,69999,91
COOPERATIVA DE VIVIENDA CONSUMO Y CREDITO HORIZONTE LIMITADA,76,5568,Embolectomia de arteria periferica,70000,92
COOPERATIVA DE VIVIENDA CONSUMO Y CREDITO HORIZONTE LIMITADA,76,5569,Embolectomia renal,70001,90
COOPERATIVA DE VIVIENDA CONSUMO Y CREDITO HORIZONTE LIMITADA,76,5570,Embolizacion de tumor cerebral por hemodinamia,70002,94
COOPERATIVA DE VIVIENDA CONSUMO Y CREDITO HORIZONTE LIMITADA,76,5571,Embolizacion de tumor extracraneal por via periferica,70003,92
COOPERATIVA DE VIVIENDA CONSUMO Y CREDITO HORIZONTE LIMITADA,76,5572,Embolizacion extra-craneal por via periferica,70004,93
COOPERATIVA DE VIVIENDA CONSUMO Y CREDITO HORIZONTE LIMITADA,76,5573,Embolizacion hepatica,70005,93
COOPERATIVA DE VIVIENDA CONSUMO Y CREDITO HORIZONTE LIMITADA,76,5575,Embolizacion por via periferica en hemodinamia,70007,91
COOPERATIVA DE VIVIENDA CONSUMO Y CREDITO HORIZONTE LIMITADA,76,8603,Embolizacion de vasos perifericos en hemodinamia,71190,92
COOPERATIVA DE VIVIENDA CONSUMO Y CREDITO HORIZONTE LIMITADA,76,5576,Encefalo-meningocele,70008,94
COOPERATIVA DE VIVIENDA CONSUMO Y CREDITO HORIZONTE LIMITADA,76,6050,Neumoencefalografia,70421,91
COOPERATIVA DE VIVIENDA CONSUMO Y CREDITO HORIZONTE LIMITADA,76,6686,"Videolaparoscopia diagnostica (incluye endometriosis, prueba de Cote)",69516,92
COOPERATIVA DE VIVIENDA CONSUMO Y CREDITO HORIZONTE LIMITADA,76,6714,Endometriosis por via convencional - laparotomia,69519,93
COOPERATIVA DE VIVIENDA CONSUMO Y CREDITO HORIZONTE LIMITADA,76,5577,Endometriosis tratamiento por videolaparoscopia,70009,94
COOPERATIVA DE VIVIENDA CONSUMO Y CREDITO HORIZONTE LIMITADA,76,8560,Tratamiento de endometriosis + histerectomia de cualquier causa,71148,95
COOPERATIVA DE VIVIENDA CONSUMO Y CREDITO HORIZONTE LIMITADA,76,8605,"Endometriosis, dos equipos quirurgicos",71192,98
COOPERATIVA DE VIVIENDA CONSUMO Y CREDITO HORIZONTE LIMITADA,76,5578,Endoprotesis vasculares perifericas en hemodinamia (no de aorta),70010,94
COOPERATIVA DE VIVIENDA CONSUMO Y CREDITO HORIZONTE LIMITADA,76,5881,Implante de endoprotesis en arterias o venas toracicas o abdominales,70278,98
COOPERATIVA DE VIVIENDA CONSUMO Y CREDITO HORIZONTE LIMITADA,76,6006,Maxilectomia radical por videoendoscopia,69472,93
COOPERATIVA DE VIVIENDA CONSUMO Y CREDITO HORIZONTE LIMITADA,76,6008,Maxilectomia simple por videoendoscopia,69473,92
COOPERATIVA DE VIVIENDA CONSUMO Y CREDITO HORIZONTE LIMITADA,76,5579,Endoscopia nasal diagnostica,70011,91
COOPERATIVA DE VIVIENDA CONSUMO Y CREDITO HORIZONTE LIMITADA,76,5618,Esfenoidectomia por video-endoscopia,70047,95
COOPERATIVA DE VIVIENDA CONSUMO Y CREDITO HORIZONTE LIMITADA,76,5650,Etmoidectomia por videoendoscopia,70075,93
COOPERATIVA DE VIVIENDA CONSUMO Y CREDITO HORIZONTE LIMITADA,76,5705,Extraccion de calculo por endoscopia,70125,91
COOPERATIVA DE VIVIENDA CONSUMO Y CREDITO HORIZONTE LIMITADA,76,6596,Tratamiento de ulceras y fistulas traqueoesofagicas por endoscopias,70905,91
COOPERATIVA DE VIVIENDA CONSUMO Y CREDITO HORIZONTE LIMITADA,76,7582,Endoscopia con Argon plasma,71044,92
COOPERATIVA DE VIVIENDA CONSUMO Y CREDITO HORIZONTE LIMITADA,76,8554,Somnoendoscopia,71144,91
COOPERATIVA DE VIVIENDA CONSUMO Y CREDITO HORIZONTE LIMITADA,76,8602,Eco-endoscopia,71189,93
COOPERATIVA DE VIVIENDA CONSUMO Y CREDITO HORIZONTE LIMITADA,76,5580,Enfermedad de Peyrone (plastica peneana),69442,93
COOPERATIVA DE VIVIENDA CONSUMO Y CREDITO HORIZONTE LIMITADA,76,5680,Extirpacion de aponeurosis palmar (enfermedad de Dupuytren),69446,92
COOPERATIVA DE VIVIENDA CONSUMO Y CREDITO HORIZONTE LIMITADA,76,5581,Enfermedad de Quervain,70012,91
COOPERATIVA DE VIVIENDA CONSUMO Y CREDITO HORIZONTE LIMITADA,76,5583,Enterolisis por videolaparoscopia,70013,93
COOPERATIVA DE VIVIENDA CONSUMO Y CREDITO HORIZONTE LIMITADA,76,5808,Enterolisis,70207,92
COOPERATIVA DE VIVIENDA CONSUMO Y CREDITO HORIZONTE LIMITADA,76,5584,Enterorrafia multiple (dos o mas),70014,93
COOPERATIVA DE VIVIENDA CONSUMO Y CREDITO HORIZONTE LIMITADA,76,5585,Enterorrafia simple,70015,92
COOPERATIVA DE VIVIENDA CONSUMO Y CREDITO HORIZONTE LIMITADA,76,7588,Enteroscopia alta,71050,93
COOPERATIVA DE VIVIENDA CONSUMO Y CREDITO HORIZONTE LIMITADA,76,7589,Enteroscopia baja,71051,93
COOPERATIVA DE VIVIENDA CONSUMO Y CREDITO HORIZONTE LIMITADA,76,7590,Enteroscopia mixta 100% mas 75%,71052,93
COOPERATIVA DE VIVIENDA CONSUMO Y CREDITO HORIZONTE LIMITADA,76,5586,Enterostomia temporaria o definitiva,70016,92
COOPERATIVA DE VIVIENDA CONSUMO Y CREDITO HORIZONTE LIMITADA,76,5587,Enucleacion ocular,70017,93
COOPERATIVA DE VIVIENDA CONSUMO Y CREDITO HORIZONTE LIMITADA,76,5588,Epicanto,70018,90
COOPERATIVA DE VIVIENDA CONSUMO Y CREDITO HORIZONTE LIMITADA,76,5589,Epididimectomia,70019,91
COOPERATIVA DE VIVIENDA CONSUMO Y CREDITO HORIZONTE LIMITADA,76,5591,Epidurograma,70021,95
COOPERATIVA DE VIVIENDA CONSUMO Y CREDITO HORIZONTE LIMITADA,76,5592,Epiduroplastia (incluye dosis de esteroides por cateter),70022,94
COOPERATIVA DE VIVIENDA CONSUMO Y CREDITO HORIZONTE LIMITADA,76,5593,Epiduroscopia,70023,95
COOPERATIVA DE VIVIENDA CONSUMO Y CREDITO HORIZONTE LIMITADA,76,5594,Epifisiolisis,70024,91
COOPERATIVA DE VIVIENDA CONSUMO Y CREDITO HORIZONTE LIMITADA,76,5596,Episiorrafia,70026,90
COOPERATIVA DE VIVIENDA CONSUMO Y CREDITO HORIZONTE LIMITADA,76,5597,Escapula alata,70027,93
COOPERATIVA DE VIVIENDA CONSUMO Y CREDITO HORIZONTE LIMITADA,76,6126,Operacion de hueso escapular,70480,91
COOPERATIVA DE VIVIENDA CONSUMO Y CREDITO HORIZONTE LIMITADA,76,6140,"Osteosintesis de clavicula, costilla o escapula",70494,92
COOPERATIVA DE VIVIENDA CONSUMO Y CREDITO HORIZONTE LIMITADA,76,5598,"Escara, reseccion con el paciente en decubito dorsal o lateral",70028,91
COOPERATIVA DE VIVIENDA CONSUMO Y CREDITO HORIZONTE LIMITADA,76,5599,"Escara, reseccion con el paciente en decubito ventral",70029,92
COOPERATIVA DE VIVIENDA CONSUMO Y CREDITO HORIZONTE LIMITADA,76,6382,Reseccion de escara con el paciente en decubito lateral o dorsal,70721,91
COOPERATIVA DE VIVIENDA CONSUMO Y CREDITO HORIZONTE LIMITADA,76,6383,Reseccion de escara con el paciente en decubito ventral,70722,92
COOPERATIVA DE VIVIENDA CONSUMO Y CREDITO HORIZONTE LIMITADA,76,5602,Escision de lesion conjuntival,70032,90
COOPERATIVA DE VIVIENDA CONSUMO Y CREDITO HORIZONTE LIMITADA,76,5603,"Escision de lesion de conductos linfaticos (linfangioma, higroma)",70033,92
COOPERATIVA DE VIVIENDA CONSUMO Y CREDITO HORIZONTE LIMITADA,76,5604,Escision de lesion local de conducto auditivo externo (CAE),70034,89
COOPERATIVA DE VIVIENDA CONSUMO Y CREDITO HORIZONTE LIMITADA,76,5605,Escision de lesion local de parpados,70035,90
COOPERATIVA DE VIVIENDA CONSUMO Y CREDITO HORIZONTE LIMITADA,76,5606,Escision de lesion localizada superficial de lengua,70036,90
COOPERATIVA DE VIVIENDA CONSUMO Y CREDITO HORIZONTE LIMITADA,76,5607,Escision de lesion primaria de encias mas vaciamiento cervical,70037,93
COOPERATIVA DE VIVIENDA CONSUMO Y CREDITO HORIZONTE LIMITADA,76,5608,Escision de polipo retrocoanal,70038,90
COOPERATIVA DE VIVIENDA CONSUMO Y CREDITO HORIZONTE LIMITADA,76,5609,Escision de tumor del cavum (rino-faringe),70039,93
COOPERATIVA DE VIVIENDA CONSUMO Y CREDITO HORIZONTE LIMITADA,76,5610,Escision de tumores endonasales por rinotomia lateral,70040,92
COOPERATIVA DE VIVIENDA CONSUMO Y CREDITO HORIZONTE LIMITADA,76,5611,Escision local de lesion de labio,70041,89
COOPERATIVA DE VIVIENDA CONSUMO Y CREDITO HORIZONTE LIMITADA,76,5613,Escision radical de glandula submaxilar,70043,92
COOPERATIVA DE VIVIENDA CONSUMO Y CREDITO HORIZONTE LIMITADA,76,5614,Escision radical de tumor de naso-faringe (cavum),70044,93
COOPERATIVA DE VIVIENDA CONSUMO Y CREDITO HORIZONTE LIMITADA,76,6129,Orbitotomia con escision de lesion de orbita,70484,91
COOPERATIVA DE VIVIENDA CONSUMO Y CREDITO HORIZONTE LIMITADA,76,5615,Esclerotomia,70045,91
COOPERATIVA DE VIVIENDA CONSUMO Y CREDITO HORIZONTE LIMITADA,76,5617,Escrotoplastia,70046,91
COOPERATIVA DE VIVIENDA CONSUMO Y CREDITO HORIZONTE LIMITADA,76,5619,Esfinteroplastia con colostomia,70048,92
COOPERATIVA DE VIVIENDA CONSUMO Y CREDITO HORIZONTE LIMITADA,76,5620,Esfinteroplastia tipo plicatura,70049,91
COOPERATIVA DE VIVIENDA CONSUMO Y CREDITO HORIZONTE LIMITADA,76,5621,Esfinterotomia - esfinterectomia,70050,89
COOPERATIVA DE VIVIENDA CONSUMO Y CREDITO HORIZONTE LIMITADA,76,5622,Esofago-gastrectomia,70051,98
COOPERATIVA DE VIVIENDA CONSUMO Y CREDITO HORIZONTE LIMITADA,76,5623,Esofagostomia,70052,92
COOPERATIVA DE VIVIENDA CONSUMO Y CREDITO HORIZONTE LIMITADA,76,6015,Megaesofago,70390,93
COOPERATIVA DE VIVIENDA CONSUMO Y CREDITO HORIZONTE LIMITADA,76,6190,Perforaciones de esofago,70539,93
COOPERATIVA DE VIVIENDA CONSUMO Y CREDITO HORIZONTE LIMITADA,76,6335,Reemplazo de esofago,70676,95
COOPERATIVA DE VIVIENDA CONSUMO Y CREDITO HORIZONTE LIMITADA,76,6384,Reseccion de esofago,70723,94
COOPERATIVA DE VIVIENDA CONSUMO Y CREDITO HORIZONTE LIMITADA,76,5624,Esofaguectomia laparoscopica,70053,98
COOPERATIVA DE VIVIENDA CONSUMO Y CREDITO HORIZONTE LIMITADA,76,5625,Esofaguectomia total,70054,95
COOPERATIVA DE VIVIENDA CONSUMO Y CREDITO HORIZONTE LIMITADA,76,5626,Espina bifida,70055,94
COOPERATIVA DE VIVIENDA CONSUMO Y CREDITO HORIZONTE LIMITADA,76,7519,Implante definitivo de cateter espinal para bomba intratecal de morfina,71018,98
COOPERATIVA DE VIVIENDA CONSUMO Y CREDITO HORIZONTE LIMITADA,76,5627,Esplenectomia electiva,70056,92
COOPERATIVA DE VIVIENDA CONSUMO Y CREDITO HORIZONTE LIMITADA,76,5628,Esplenectomia laparoscopica,70057,94
COOPERATIVA DE VIVIENDA CONSUMO Y CREDITO HORIZONTE LIMITADA,76,5629,Esplenectomia por rotura de bazo,70058,93
COOPERATIVA DE VIVIENDA CONSUMO Y CREDITO HORIZONTE LIMITADA,76,5630,Esplenectomia por toracotomia,70059,94
COOPERATIVA DE VIVIENDA CONSUMO Y CREDITO HORIZONTE LIMITADA,76,5631,Esplenectomia por videolaparoscopia,70060,94
COOPERATIVA DE VIVIENDA CONSUMO Y CREDITO HORIZONTE LIMITADA,76,5799,Gastrectomia total con o sin esplenectomia,70199,95
COOPERATIVA DE VIVIENDA CONSUMO Y CREDITO HORIZONTE LIMITADA,76,5632,Espleno-portografia,70061,91
COOPERATIVA DE VIVIENDA CONSUMO Y CREDITO HORIZONTE LIMITADA,76,5633,Esplenopancreatectomia corporo-caudal,70062,95
COOPERATIVA DE VIVIENDA CONSUMO Y CREDITO HORIZONTE LIMITADA,76,5634,Esqueletizacion del sistema venoso valvular o avalvular,70063,92
COOPERATIVA DE VIVIENDA CONSUMO Y CREDITO HORIZONTE LIMITADA,76,5635,Esquiascopias,70064,90
COOPERATIVA DE VIVIENDA CONSUMO Y CREDITO HORIZONTE LIMITADA,76,5636,Estafiloma,70065,90
COOPERATIVA DE VIVIENDA CONSUMO Y CREDITO HORIZONTE LIMITADA,76,5638,Estapedectomia,70067,93
COOPERATIVA DE VIVIENDA CONSUMO Y CREDITO HORIZONTE LIMITADA,76,5639,Estenosis traqueal sub-glotica,70068,92
COOPERATIVA DE VIVIENDA CONSUMO Y CREDITO HORIZONTE LIMITADA,76,5641,Estimulacion electrica transcutanea (EET): c/ 24 hs o fraccion,70069,90
COOPERATIVA DE VIVIENDA CONSUMO Y CREDITO HORIZONTE LIMITADA,76,5642,Estomatoplastia con injerto (inlcuye toma),70070,93
COOPERATIVA DE VIVIENDA CONSUMO Y CREDITO HORIZONTE LIMITADA,76,5645,Estrabismo bilateral,70071,94
COOPERATIVA DE VIVIENDA CONSUMO Y CREDITO HORIZONTE LIMITADA,76,8608,Estrabismo unilateral,71195,93
COOPERATIVA DE VIVIENDA CONSUMO Y CREDITO HORIZONTE LIMITADA,76,5648,Etmoidectomia endoscopica,70073,93
COOPERATIVA DE VIVIENDA CONSUMO Y CREDITO HORIZONTE LIMITADA,76,5649,Etmoidectomia interna,70074,92
COOPERATIVA DE VIVIENDA CONSUMO Y CREDITO HORIZONTE LIMITADA,76,5651,Evacuacion de hematoma extradural / subdural / intracerebral,70076,94
COOPERATIVA DE VIVIENDA CONSUMO Y CREDITO HORIZONTE LIMITADA,76,5652,Evacuacion por puncion de coleccion intra-cerebral o extra-cerebral,70077,93
COOPERATIVA DE VIVIENDA CONSUMO Y CREDITO HORIZONTE LIMITADA,76,5653,Eventracion,70078,92
COOPERATIVA DE VIVIENDA CONSUMO Y CREDITO HORIZONTE LIMITADA,76,8609,Eventracion + 5 cm/eventracion recidivada,71196,94
COOPERATIVA DE VIVIENDA CONSUMO Y CREDITO HORIZONTE LIMITADA,76,5655,Evisceracion ocular,70079,91
COOPERATIVA DE VIVIENDA CONSUMO Y CREDITO HORIZONTE LIMITADA,76,5656,Examen con lampara de hendidura,70080,90
COOPERATIVA DE VIVIENDA CONSUMO Y CREDITO HORIZONTE LIMITADA,76,5659,Excentracion del contenido orbitario con reseccion total del maxilar superior,70083,94
COOPERATIVA DE VIVIENDA CONSUMO Y CREDITO HORIZONTE LIMITADA,76,5660,Excentracion del contenido orbitario y/o peri-orbitario,70084,92
COOPERATIVA DE VIVIENDA CONSUMO Y CREDITO HORIZONTE LIMITADA,76,5663,Exeresis de tumor hepatico o metastasis (cada uno) por radiofrecuencia,69444,93
COOPERATIVA DE VIVIENDA CONSUMO Y CREDITO HORIZONTE LIMITADA,76,5661,Exeresis de ganglio centinela,70085,91
COOPERATIVA DE VIVIENDA CONSUMO Y CREDITO HORIZONTE LIMITADA,76,5662,Exeresis de neuroma de Morton (tumoracion dolorosa de los nervios del pie),70086,92
COOPERATIVA DE VIVIENDA CONSUMO Y CREDITO HORIZONTE LIMITADA,76,5757,Facofragmentacion y facoexeresis,70158,92
COOPERATIVA DE VIVIENDA CONSUMO Y CREDITO HORIZONTE LIMITADA,76,6447,Safenectomia interna unilateral con exeresis escalonada,70779,93
COOPERATIVA DE VIVIENDA CONSUMO Y CREDITO HORIZONTE LIMITADA,76,5664,Exoftalmia endocrina o de otras causas,70087,93
COOPERATIVA DE VIVIENDA CONSUMO Y CREDITO HORIZONTE LIMITADA,76,5710,Extraccion de implante mamario/ Extraccion de expansor mamario,69447,93
COOPERATIVA DE VIVIENDA CONSUMO Y CREDITO HORIZONTE LIMITADA,76,5665,Expansor de cuero cabelludo,70088,93
COOPERATIVA DE VIVIENDA CONSUMO Y CREDITO HORIZONTE LIMITADA,76,5666,Exploracion de hombro doloroso,70089,92
COOPERATIVA DE VIVIENDA CONSUMO Y CREDITO HORIZONTE LIMITADA,76,5668,Exploracion de arteria periferica,70090,92
COOPERATIVA DE VIVIENDA CONSUMO Y CREDITO HORIZONTE LIMITADA,76,5669,Exploracion de columna por via anterior,70091,93
COOPERATIVA DE VIVIENDA CONSUMO Y CREDITO HORIZONTE LIMITADA,76,5670,Exploracion de heridas en partes blandas,70092,91
COOPERATIVA DE VIVIENDA CONSUMO Y CREDITO HORIZONTE LIMITADA,76,5674,Exploracion del plexo cervico-braquial,70096,92
COOPERATIVA DE VIVIENDA CONSUMO Y CREDITO HORIZONTE LIMITADA,76,5675,Exploracion del plexo lumbo-sacro,70097,93
COOPERATIVA DE VIVIENDA CONSUMO Y CREDITO HORIZONTE LIMITADA,76,5766,Fistula biliar con exploracion de vias biliares,70166,93
COOPERATIVA DE VIVIENDA CONSUMO Y CREDITO HORIZONTE LIMITADA,76,6295,Re-exploracion de tiroides y/o paratiroides (ejemplo:post-sangrado),70638,91
COOPERATIVA DE VIVIENDA CONSUMO Y CREDITO HORIZONTE LIMITADA,76,5677,Extirpacion de angioma,70099,91
COOPERATIVA DE VIVIENDA CONSUMO Y CREDITO HORIZONTE LIMITADA,76,5682,Extirpacion de ganglion,70102,90
COOPERATIVA DE VIVIENDA CONSUMO Y CREDITO HORIZONTE LIMITADA,76,5683,Extirpacion de mas de 5 papilomas; excepto en cabeza y cuello,70103,90
COOPERATIVA DE VIVIENDA CONSUMO Y CREDITO HORIZONTE LIMITADA,76,5684,"Extirpacion de nevus (hasta 3), en cabeza y cuello",70104,90
COOPERATIVA DE VIVIENDA CONSUMO Y CREDITO HORIZONTE LIMITADA,76,5685,"Extirpacion de nevus (hasta 3), excepto en cabeza y cuello",70105,89
COOPERATIVA DE VIVIENDA CONSUMO Y CREDITO HORIZONTE LIMITADA,76,5686,Extirpacion de nevus (mas de 3); en cabeza y cuello,70106,91
COOPERATIVA DE VIVIENDA CONSUMO Y CREDITO HORIZONTE LIMITADA,76,5687,Extirpacion de nevus (mas de 3); excepto en cabeza y cuello,70107,90
COOPERATIVA DE VIVIENDA CONSUMO Y CREDITO HORIZONTE LIMITADA,76,5688,"Extirpacion de papilomas (hasta 5), excepto en cabeza y cuello",70108,89
COOPERATIVA DE VIVIENDA CONSUMO Y CREDITO HORIZONTE LIMITADA,76,5689,Extirpacion de polipos nasales,70109,91
COOPERATIVA DE VIVIENDA CONSUMO Y CREDITO HORIZONTE LIMITADA,76,5690,Extirpacion de quiste congenito tirogloso y similares,70110,91
COOPERATIVA DE VIVIENDA CONSUMO Y CREDITO HORIZONTE LIMITADA,76,5691,Extirpacion de quiste muscular,70111,90
COOPERATIVA DE VIVIENDA CONSUMO Y CREDITO HORIZONTE LIMITADA,76,5692,Extirpacion de quiste sebaceo en cabeza y/o cuello,70112,90
COOPERATIVA DE VIVIENDA CONSUMO Y CREDITO HORIZONTE LIMITADA,76,5693,"Extirpacion de quiste sebaceo, excepto en cabeza y cuello",70113,89
COOPERATIVA DE VIVIENDA CONSUMO Y CREDITO HORIZONTE LIMITADA,76,5694,Extirpacion de quiste tirogloso,70114,91
COOPERATIVA DE VIVIENDA CONSUMO Y CREDITO HORIZONTE LIMITADA,76,5695,Extirpacion de ranula,70115,90
COOPERATIVA DE VIVIENDA CONSUMO Y CREDITO HORIZONTE LIMITADA,76,5696,Extirpacion de tumor de partes blandas de miembro superior o inferior,70116,90
COOPERATIVA DE VIVIENDA CONSUMO Y CREDITO HORIZONTE LIMITADA,76,5697,Extirpacion de tumor osea mas reconstruccion,70117,93
COOPERATIVA DE VIVIENDA CONSUMO Y CREDITO HORIZONTE LIMITADA,76,5698,Extirpacion de tumor oseo,70118,92
COOPERATIVA DE VIVIENDA CONSUMO Y CREDITO HORIZONTE LIMITADA,76,5699,Extirpacion de tumor vesical por laparotomia,70119,92
COOPERATIVA DE VIVIENDA CONSUMO Y CREDITO HORIZONTE LIMITADA,76,5700,Extirpacion del coccix,70120,91
COOPERATIVA DE VIVIENDA CONSUMO Y CREDITO HORIZONTE LIMITADA,76,5701,Extirpacion dentaria,70121,90
COOPERATIVA DE VIVIENDA CONSUMO Y CREDITO HORIZONTE LIMITADA,76,5702,Extirpacion parcial de nariz,70122,90
COOPERATIVA DE VIVIENDA CONSUMO Y CREDITO HORIZONTE LIMITADA,76,5753,Extirpacion de tumor oseo (menos de 5 cm),70155,90
COOPERATIVA DE VIVIENDA CONSUMO Y CREDITO HORIZONTE LIMITADA,76,5993,Marsupializacion / extirpacion de glandula de Bartholino,70370,90
COOPERATIVA DE VIVIENDA CONSUMO Y CREDITO HORIZONTE LIMITADA,76,6244,Proctectomia (extirpacion del recto),70589,92
COOPERATIVA DE VIVIENDA CONSUMO Y CREDITO HORIZONTE LIMITADA,76,7602,Extirpacion de calculos endovesicales a cielo abierto,71061,93
COOPERATIVA DE VIVIENDA CONSUMO Y CREDITO HORIZONTE LIMITADA,76,7603,Extirpacion de calculos endovesicales por citoscopia,71062,94
COOPERATIVA DE VIVIENDA CONSUMO Y CREDITO HORIZONTE LIMITADA,76,6432,"Revision de protesis, solo su extraccion",69499,93
COOPERATIVA DE VIVIENDA CONSUMO Y CREDITO HORIZONTE LIMITADA,76,5703,Extraccion cruenta de calculos salivales,70123,90
COOPERATIVA DE VIVIENDA CONSUMO Y CREDITO HORIZONTE LIMITADA,76,5706,Extraccion de calculo por via endoscopica,70126,91
COOPERATIVA DE VIVIENDA CONSUMO Y CREDITO HORIZONTE LIMITADA,76,5708,Extraccion de cateter central / doble Y / tunelizado / similares,70128,90
COOPERATIVA DE VIVIENDA CONSUMO Y CREDITO HORIZONTE LIMITADA,76,5711,Extraccion de clavo intramedular,70129,92
COOPERATIVA DE VIVIENDA CONSUMO Y CREDITO HORIZONTE LIMITADA,76,5728,Extraccion de masas cristalinas,70130,91
COOPERATIVA DE VIVIENDA CONSUMO Y CREDITO HORIZONTE LIMITADA,76,5729,Extraccion de material de osteosintesis de columna,70131,93
COOPERATIVA DE VIVIENDA CONSUMO Y CREDITO HORIZONTE LIMITADA,76,5733,Extraccion de protesis de columna,70135,93
COOPERATIVA DE VIVIENDA CONSUMO Y CREDITO HORIZONTE LIMITADA,76,5734,Extraccion de protesis de rodilla (1 elemento),70136,92
COOPERATIVA DE VIVIENDA CONSUMO Y CREDITO HORIZONTE LIMITADA,76,5737,Extraccion de protesis total de rodilla,70139,93
COOPERATIVA DE VIVIENDA CONSUMO Y CREDITO HORIZONTE LIMITADA,76,5739,Extraccion de puntos de la conjuntiva,70141,90
COOPERATIVA DE VIVIENDA CONSUMO Y CREDITO HORIZONTE LIMITADA,76,5740,Extraccion de puntos de parpados,70142,90
COOPERATIVA DE VIVIENDA CONSUMO Y CREDITO HORIZONTE LIMITADA,76,5741,Extraccion de taponaje de loge prostatica,70143,90
COOPERATIVA DE VIVIENDA CONSUMO Y CREDITO HORIZONTE LIMITADA,76,5743,Extraccion de tutor externo,70145,90
COOPERATIVA DE VIVIENDA CONSUMO Y CREDITO HORIZONTE LIMITADA,76,5744,Extraccion dentaria (hasta 3 piezas),70146,91
COOPERATIVA DE VIVIENDA CONSUMO Y CREDITO HORIZONTE LIMITADA,76,5745,Extraccion dentaria (pieza unica),70148,90
COOPERATIVA DE VIVIENDA CONSUMO Y CREDITO HORIZONTE LIMITADA,76,5746,Extraccion dentaria de piezas multiples,70149,92
COOPERATIVA DE VIVIENDA CONSUMO Y CREDITO HORIZONTE LIMITADA,76,5748,Extraccion extra-capsular de cristalino,70150,92
COOPERATIVA DE VIVIENDA CONSUMO Y CREDITO HORIZONTE LIMITADA,76,5749,Extraccion intra-capsular de cristalino,70151,92
COOPERATIVA DE VIVIENDA CONSUMO Y CREDITO HORIZONTE LIMITADA,76,5750,Extraccion manual de placenta como unico procedimiento,70152,90
COOPERATIVA DE VIVIENDA CONSUMO Y CREDITO HORIZONTE LIMITADA,76,5751,Extracciones dentarias multiples,70153,92
COOPERATIVA DE VIVIENDA CONSUMO Y CREDITO HORIZONTE LIMITADA,76,6550,Toillete cardiaco post-quirurgico con o sin extraccion de alambres,70861,95
COOPERATIVA DE VIVIENDA CONSUMO Y CREDITO HORIZONTE LIMITADA,76,6711,Extraccion de implante mamario mas pexia,71000,94
COOPERATIVA DE VIVIENDA CONSUMO Y CREDITO HORIZONTE LIMITADA,76,7586,Extraccion de balon intragastrico,71048,92
COOPERATIVA DE VIVIENDA CONSUMO Y CREDITO HORIZONTE LIMITADA,76,8110,Extraccion de cateter de doble “J” (tipo pig-tail o similares),71080,90
COOPERATIVA DE VIVIENDA CONSUMO Y CREDITO HORIZONTE LIMITADA,76,8112,Extraccion de cateter de pig-tail,71082,90
COOPERATIVA DE VIVIENDA CONSUMO Y CREDITO HORIZONTE LIMITADA,76,5758,Faringoplastia,70159,93
COOPERATIVA DE VIVIENDA CONSUMO Y CREDITO HORIZONTE LIMITADA,76,5760,Fenestracion del conducto semicircular externo,70161,93
COOPERATIVA DE VIVIENDA CONSUMO Y CREDITO HORIZONTE LIMITADA,76,5761,Feocromocitoma,70162,95
COOPERATIVA DE VIVIENDA CONSUMO Y CREDITO HORIZONTE LIMITADA,76,7527,Feocromocitoma por video-laparoscopia,71024,98
COOPERATIVA DE VIVIENDA CONSUMO Y CREDITO HORIZONTE LIMITADA,76,6324,Reduccion cruenta de luxacion o fractura de columna sin fijacion,70666,93
COOPERATIVA DE VIVIENDA CONSUMO Y CREDITO HORIZONTE LIMITADA,76,6429,Revision de fijacion de columna,70764,98
COOPERATIVA DE VIVIENDA CONSUMO Y CREDITO HORIZONTE LIMITADA,76,5763,Fimosis / parafimosis / postioplastia,70163,91
COOPERATIVA DE VIVIENDA CONSUMO Y CREDITO HORIZONTE LIMITADA,76,5764,Fistula anal / fistulectomia / fistulotomia,70164,90
COOPERATIVA DE VIVIENDA CONSUMO Y CREDITO HORIZONTE LIMITADA,76,5765,Fistula arterio-venosa para hemodialisis,70165,92
COOPERATIVA DE VIVIENDA CONSUMO Y CREDITO HORIZONTE LIMITADA,76,5767,Fistula en columna,70167,93
COOPERATIVA DE VIVIENDA CONSUMO Y CREDITO HORIZONTE LIMITADA,76,5768,Fistula umbilical,70168,91
COOPERATIVA DE VIVIENDA CONSUMO Y CREDITO HORIZONTE LIMITADA,76,5770,Fistula vagino-perineal,70170,91
COOPERATIVA DE VIVIENDA CONSUMO Y CREDITO HORIZONTE LIMITADA,76,5771,Fistula vesico-parietal,70171,91
COOPERATIVA DE VIVIENDA CONSUMO Y CREDITO HORIZONTE LIMITADA,76,5772,Fistula vesico-rectal,70172,91
COOPERATIVA DE VIVIENDA CONSUMO Y CREDITO HORIZONTE LIMITADA,76,5773,Fistula vesico-ureteral,70173,91
COOPERATIVA DE VIVIENDA CONSUMO Y CREDITO HORIZONTE LIMITADA,76,5775,Fistulografia,70175,89
COOPERATIVA DE VIVIENDA CONSUMO Y CREDITO HORIZONTE LIMITADA,76,5776,Fisura anal,70176,90
COOPERATIVA DE VIVIENDA CONSUMO Y CREDITO HORIZONTE LIMITADA,76,5777,"Fisura congenita del esqueleto facial (Treacher Collins, etc.)",70177,95
COOPERATIVA DE VIVIENDA CONSUMO Y CREDITO HORIZONTE LIMITADA,76,5859,"Hipertelorismo, fisura facial media",70259,98
COOPERATIVA DE VIVIENDA CONSUMO Y CREDITO HORIZONTE LIMITADA,76,5939,"Laringotomia mediana, laringofisura, como unica operacion",70325,92
COOPERATIVA DE VIVIENDA CONSUMO Y CREDITO HORIZONTE LIMITADA,76,5778,Flebectomia segmentaria / varices residuales como unica operacion,70178,91
COOPERATIVA DE VIVIENDA CONSUMO Y CREDITO HORIZONTE LIMITADA,76,6591,Tratamiento con laser mas flebectomia segmentaria,70899,94
COOPERATIVA DE VIVIENDA CONSUMO Y CREDITO HORIZONTE LIMITADA,76,5779,Flebografia de miembros,70179,90
COOPERATIVA DE VIVIENDA CONSUMO Y CREDITO HORIZONTE LIMITADA,76,5780,Flemon de mano,70180,90
COOPERATIVA DE VIVIENDA CONSUMO Y CREDITO HORIZONTE LIMITADA,76,5781,Flemon de pared,70181,89
COOPERATIVA DE VIVIENDA CONSUMO Y CREDITO HORIZONTE LIMITADA,76,5782,Fondo de ojo,70182,90
COOPERATIVA DE VIVIENDA CONSUMO Y CREDITO HORIZONTE LIMITADA,76,5783,Formacion de vagina artificial,70183,95
COOPERATIVA DE VIVIENDA CONSUMO Y CREDITO HORIZONTE LIMITADA,76,6130,Oreja en asa y otras malformaciones,70485,91
COOPERATIVA DE VIVIENDA CONSUMO Y CREDITO HORIZONTE LIMITADA,76,5789,Fractura del peñasco (tratamiento quirurgico),69465,94
COOPERATIVA DE VIVIENDA CONSUMO Y CREDITO HORIZONTE LIMITADA,76,6137,"Osteosintesis (reduccion quirurgica) de fractura: carpo, tarso, humero, cubito, radio, clavicula, esternon, rotula, costilla, etc.",69481,92
COOPERATIVA DE VIVIENDA CONSUMO Y CREDITO HORIZONTE LIMITADA,76,5786,Fractura compleja de maxilares y huesos de la cara,70186,94
COOPERATIVA DE VIVIENDA CONSUMO Y CREDITO HORIZONTE LIMITADA,76,5787,Fractura compleja de orbita/ reduccion/ osteosintesis y/o injerto,70187,93
COOPERATIVA DE VIVIENDA CONSUMO Y CREDITO HORIZONTE LIMITADA,76,5788,Fractura de orbita y/o malar,70188,93
COOPERATIVA DE VIVIENDA CONSUMO Y CREDITO HORIZONTE LIMITADA,76,5790,"Fractura nasal asociada (naso-orbitaria, etc.)",70189,92
COOPERATIVA DE VIVIENDA CONSUMO Y CREDITO HORIZONTE LIMITADA,76,5791,Fractura simple,70190,90
COOPERATIVA DE VIVIENDA CONSUMO Y CREDITO HORIZONTE LIMITADA,76,5792,"Fractura simple de orbita, reduccion y osteosintesis",70191,91
COOPERATIVA DE VIVIENDA CONSUMO Y CREDITO HORIZONTE LIMITADA,76,5793,Fractura supracondilea de codo,70192,92
COOPERATIVA DE VIVIENDA CONSUMO Y CREDITO HORIZONTE LIMITADA,76,5966,Limpieza quirurgica de fractura expuesta (no de femur),70346,91
COOPERATIVA DE VIVIENDA CONSUMO Y CREDITO HORIZONTE LIMITADA,76,5967,Limpieza quirurgica de fractura expuesta de femur,70348,92
COOPERATIVA DE VIVIENDA CONSUMO Y CREDITO HORIZONTE LIMITADA,76,5968,Limpieza quirurgica de fractura expuesta de miembro superior,70349,91
COOPERATIVA DE VIVIENDA CONSUMO Y CREDITO HORIZONTE LIMITADA,76,6147,Osteosintesis de fractura de pelvis,70500,94
COOPERATIVA DE VIVIENDA CONSUMO Y CREDITO HORIZONTE LIMITADA,76,6148,Osteosintesis de fractura de platillo tibial,70501,93
COOPERATIVA DE VIVIENDA CONSUMO Y CREDITO HORIZONTE LIMITADA,76,6322,Reduccion cruenta de fractura de pelvis,70664,93
COOPERATIVA DE VIVIENDA CONSUMO Y CREDITO HORIZONTE LIMITADA,76,6326,Reduccion de fractura nasal,70668,90
COOPERATIVA DE VIVIENDA CONSUMO Y CREDITO HORIZONTE LIMITADA,76,6327,Reduccion de fractura o luxacion de coccix,70669,93
COOPERATIVA DE VIVIENDA CONSUMO Y CREDITO HORIZONTE LIMITADA,76,6333,Reduccion quirurgica / osteosintesis de fracturas en general,70674,92
COOPERATIVA DE VIVIENDA CONSUMO Y CREDITO HORIZONTE LIMITADA,76,8114,Reduccion incruenta de fracturas,71084,90
COOPERATIVA DE VIVIENDA CONSUMO Y CREDITO HORIZONTE LIMITADA,76,5794,Frenulotomia,70193,89
COOPERATIVA DE VIVIENDA CONSUMO Y CREDITO HORIZONTE LIMITADA,76,5795,Fulguracion corneal con o sin raspado,70194,90
COOPERATIVA DE VIVIENDA CONSUMO Y CREDITO HORIZONTE LIMITADA,76,5796,Fulguracion de neo de recto,70195,91
COOPERATIVA DE VIVIENDA CONSUMO Y CREDITO HORIZONTE LIMITADA,76,5797,Gastrectomia por videolaparoscopia,70196,95
COOPERATIVA DE VIVIENDA CONSUMO Y CREDITO HORIZONTE LIMITADA,76,5798,Gastrectomia subtotal,70198,94
COOPERATIVA DE VIVIENDA CONSUMO Y CREDITO HORIZONTE LIMITADA,76,5800,Gastrectomia total por toraco-laparotomia,70200,95
COOPERATIVA DE VIVIENDA CONSUMO Y CREDITO HORIZONTE LIMITADA,76,5802,Gastroquisis (tratamiento quirurgico),70202,95
COOPERATIVA DE VIVIENDA CONSUMO Y CREDITO HORIZONTE LIMITADA,76,6604,Tratamiento quirurgico de la gastroquisis,70909,95
COOPERATIVA DE VIVIENDA CONSUMO Y CREDITO HORIZONTE LIMITADA,76,5806,Gastrostomia percutanea,70205,91
COOPERATIVA DE VIVIENDA CONSUMO Y CREDITO HORIZONTE LIMITADA,76,5807,Gastrostomia por via endoscopica,70206,91
COOPERATIVA DE VIVIENDA CONSUMO Y CREDITO HORIZONTE LIMITADA,76,5809,Ginecomastia unilateral,69466,92
COOPERATIVA DE VIVIENDA CONSUMO Y CREDITO HORIZONTE LIMITADA,76,5810,Gingivectomia parcial por tumores,70209,91
COOPERATIVA DE VIVIENDA CONSUMO Y CREDITO HORIZONTE LIMITADA,76,5811,Gingivectomia total ampliada,70210,92
COOPERATIVA DE VIVIENDA CONSUMO Y CREDITO HORIZONTE LIMITADA,76,5812,Glosectomia subtotal,70211,93
COOPERATIVA DE VIVIENDA CONSUMO Y CREDITO HORIZONTE LIMITADA,76,6112,Operacion comando de lengua (glosectomia total),70466,95
COOPERATIVA DE VIVIENDA CONSUMO Y CREDITO HORIZONTE LIMITADA,76,5813,Glosoplastia,70212,90
COOPERATIVA DE VIVIENDA CONSUMO Y CREDITO HORIZONTE LIMITADA,76,5815,Gonioscopia,70214,90
COOPERATIVA DE VIVIENDA CONSUMO Y CREDITO HORIZONTE LIMITADA,76,5817,"Grandes quemados, injertos",70216,93
COOPERATIVA DE VIVIENDA CONSUMO Y CREDITO HORIZONTE LIMITADA,76,5818,Granuloma de traquea,70217,91
COOPERATIVA DE VIVIENDA CONSUMO Y CREDITO HORIZONTE LIMITADA,76,5819,Hallux valgus completo unilateral,70218,91
COOPERATIVA DE VIVIENDA CONSUMO Y CREDITO HORIZONTE LIMITADA,76,5820,Hematoma retroperitoneal,70219,93
COOPERATIVA DE VIVIENDA CONSUMO Y CREDITO HORIZONTE LIMITADA,76,6628,Tumor de pared (hematoma supra-infra aponeurotico),70932,91
COOPERATIVA DE VIVIENDA CONSUMO Y CREDITO HORIZONTE LIMITADA,76,8548,Reintervencion por sangrado y hematoma transfixiante,71138,94
COOPERATIVA DE VIVIENDA CONSUMO Y CREDITO HORIZONTE LIMITADA,76,5822,Hemi-paratiroidectomia,70220,92
COOPERATIVA DE VIVIENDA CONSUMO Y CREDITO HORIZONTE LIMITADA,76,5825,Hemihepatectomia,70223,95
COOPERATIVA DE VIVIENDA CONSUMO Y CREDITO HORIZONTE LIMITADA,76,5826,Hemitiroidectomia,70224,92
COOPERATIVA DE VIVIENDA CONSUMO Y CREDITO HORIZONTE LIMITADA,76,6024,Microsomia hemifacial / osteotomias e injertos oseos en mandibula,70396,93
COOPERATIVA DE VIVIENDA CONSUMO Y CREDITO HORIZONTE LIMITADA,76,6597,Tratamiento endoscopico de la hemorragia digestiva,70906,91
COOPERATIVA DE VIVIENDA CONSUMO Y CREDITO HORIZONTE LIMITADA,76,5828,Hemorroidectomia,70226,91
COOPERATIVA DE VIVIENDA CONSUMO Y CREDITO HORIZONTE LIMITADA,76,5829,Hepatectomia lobar derecha o izquierda,70227,95
COOPERATIVA DE VIVIENDA CONSUMO Y CREDITO HORIZONTE LIMITADA,76,5830,Herida de pared abdominal de mas de 20 cm,70228,91
COOPERATIVA DE VIVIENDA CONSUMO Y CREDITO HORIZONTE LIMITADA,76,5831,Herida de parpado,70229,90
COOPERATIVA DE VIVIENDA CONSUMO Y CREDITO HORIZONTE LIMITADA,76,5832,Herida de via lagrimal,70230,92
COOPERATIVA DE VIVIENDA CONSUMO Y CREDITO HORIZONTE LIMITADA,76,5833,Herida hasta aponeurosis de menos de 20 cm,70231,90
COOPERATIVA DE VIVIENDA CONSUMO Y CREDITO HORIZONTE LIMITADA,76,5834,Herida penetrante de ojo,70232,92
COOPERATIVA DE VIVIENDA CONSUMO Y CREDITO HORIZONTE LIMITADA,76,5835,Herida traumatica de higado,70233,93
COOPERATIVA DE VIVIENDA CONSUMO Y CREDITO HORIZONTE LIMITADA,76,5836,Heridas complejas de labio,70234,91
COOPERATIVA DE VIVIENDA CONSUMO Y CREDITO HORIZONTE LIMITADA,76,6495,Sutura de herida de cornea con prolapso de iris y o herida de cristalino,70823,92
COOPERATIVA DE VIVIENDA CONSUMO Y CREDITO HORIZONTE LIMITADA,76,6496,Sutura de herida simple de higado,70824,91
COOPERATIVA DE VIVIENDA CONSUMO Y CREDITO HORIZONTE LIMITADA,76,6502,Sutura simple de herida (mas de 10 cm); excepto en cabeza y cuello,70830,90
COOPERATIVA DE VIVIENDA CONSUMO Y CREDITO HORIZONTE LIMITADA,76,6503,Sutura simple de herida (menos de 10 cm); excepto en cabeza y cuello,70831,89
COOPERATIVA DE VIVIENDA CONSUMO Y CREDITO HORIZONTE LIMITADA,76,6504,Sutura simple de herida (menos de 5 cm) en cabeza y/o cuello,70832,90
COOPERATIVA DE VIVIENDA CONSUMO Y CREDITO HORIZONTE LIMITADA,76,6553,"Toillete quirurgico de herida, con o sin debridamiento",70864,90
COOPERATIVA DE VIVIENDA CONSUMO Y CREDITO HORIZONTE LIMITADA,76,5837,Hernia atascada,70235,92
COOPERATIVA DE VIVIENDA CONSUMO Y CREDITO HORIZONTE LIMITADA,76,5838,Hernia de disco cervical (via anterior),70236,94
COOPERATIVA DE VIVIENDA CONSUMO Y CREDITO HORIZONTE LIMITADA,76,5839,Hernia de disco cervical un espacio (via posterior),70237,94
COOPERATIVA DE VIVIENDA CONSUMO Y CREDITO HORIZONTE LIMITADA,76,5840,Hernia de disco dorsal o lumbar,70238,94
COOPERATIVA DE VIVIENDA CONSUMO Y CREDITO HORIZONTE LIMITADA,76,5841,Hernia de disco dorso-lumbar multiple,70239,95
COOPERATIVA DE VIVIENDA CONSUMO Y CREDITO HORIZONTE LIMITADA,76,5842,Hernia de hiato a cielo abierto,70240,93
COOPERATIVA DE VIVIENDA CONSUMO Y CREDITO HORIZONTE LIMITADA,76,5843,Hernia diafragmatica congenita,70241,107
COOPERATIVA DE VIVIENDA CONSUMO Y CREDITO HORIZONTE LIMITADA,76,5844,Hernia diafragmatica por via abdominal,70242,94
COOPERATIVA DE VIVIENDA CONSUMO Y CREDITO HORIZONTE LIMITADA,76,5845,Hernia diafragmatica por via toracica,70243,94
COOPERATIVA DE VIVIENDA CONSUMO Y CREDITO HORIZONTE LIMITADA,76,5846,Hernia diafragmatica por via toraco-abdominal,70244,95
COOPERATIVA DE VIVIENDA CONSUMO Y CREDITO HORIZONTE LIMITADA,76,5847,Hernia diafragmatica por video-toracoscopia,70245,95
COOPERATIVA DE VIVIENDA CONSUMO Y CREDITO HORIZONTE LIMITADA,76,5848,Hernia estrangulada,70246,92
COOPERATIVA DE VIVIENDA CONSUMO Y CREDITO HORIZONTE LIMITADA,76,5849,Hernia estrangulada con reseccion intestinal,70247,93
COOPERATIVA DE VIVIENDA CONSUMO Y CREDITO HORIZONTE LIMITADA,76,8119,Hernia inguinal bilateral por videolaparoscopia,70251,93
COOPERATIVA DE VIVIENDA CONSUMO Y CREDITO HORIZONTE LIMITADA,76,5852,Hernia inguinal por videolaparoscopia,70252,92
COOPERATIVA DE VIVIENDA CONSUMO Y CREDITO HORIZONTE LIMITADA,76,5853,Hernia recidivada,70253,91
COOPERATIVA DE VIVIENDA CONSUMO Y CREDITO HORIZONTE LIMITADA,76,5854,"Hernia umbilical, inguinal, crural o epigastrica",70254,91
COOPERATIVA DE VIVIENDA CONSUMO Y CREDITO HORIZONTE LIMITADA,76,6364,Reparacion de hernia muscular,70704,91
COOPERATIVA DE VIVIENDA CONSUMO Y CREDITO HORIZONTE LIMITADA,76,6653,Varicocele o hidrocele por video-laparoscopia,69510,91
COOPERATIVA DE VIVIENDA CONSUMO Y CREDITO HORIZONTE LIMITADA,76,5855,Hidrocele,70255,90
COOPERATIVA DE VIVIENDA CONSUMO Y CREDITO HORIZONTE LIMITADA,76,5856,Himenectomia,70256,90
COOPERATIVA DE VIVIENDA CONSUMO Y CREDITO HORIZONTE LIMITADA,76,5857,Hipema,70257,91
COOPERATIVA DE VIVIENDA CONSUMO Y CREDITO HORIZONTE LIMITADA,76,5858,Hiperhidrosis selectiva por video-toracoscopia,70258,95
COOPERATIVA DE VIVIENDA CONSUMO Y CREDITO HORIZONTE LIMITADA,76,5860,Hipertrofia del piloro por via laparoscopica,70261,94
COOPERATIVA DE VIVIENDA CONSUMO Y CREDITO HORIZONTE LIMITADA,76,5861,Hipertrofia del piloro-piloromiotomia,70262,93
COOPERATIVA DE VIVIENDA CONSUMO Y CREDITO HORIZONTE LIMITADA,76,5862,Hipofisectomia transepto-esfenoidal,70263,98
COOPERATIVA DE VIVIENDA CONSUMO Y CREDITO HORIZONTE LIMITADA,76,5863,Hipospadia / epispadia (cada tiempo),70264,93
COOPERATIVA DE VIVIENDA CONSUMO Y CREDITO HORIZONTE LIMITADA,76,8109,Hipospadia / epispadia / plastica de pene,71079,93
COOPERATIVA DE VIVIENDA CONSUMO Y CREDITO HORIZONTE LIMITADA,76,5865,Hipotermia controlada C/ 24 hs o fraccion siguiente,70265,91
COOPERATIVA DE VIVIENDA CONSUMO Y CREDITO HORIZONTE LIMITADA,76,5866,Histerectomia con o sin anexectomia,70266,93
COOPERATIVA DE VIVIENDA CONSUMO Y CREDITO HORIZONTE LIMITADA,76,5867,Histerectomia con o sin anexectomia por video-laparoscopia,70267,94
COOPERATIVA DE VIVIENDA CONSUMO Y CREDITO HORIZONTE LIMITADA,76,5868,Histerectomia con o sin anexectomia por videolaparoscopia,70268,94
COOPERATIVA DE VIVIENDA CONSUMO Y CREDITO HORIZONTE LIMITADA,76,5869,Histerectomia fundica,70269,91
COOPERATIVA DE VIVIENDA CONSUMO Y CREDITO HORIZONTE LIMITADA,76,6123,Operacion de Wertheim-Meigs (colpo-anexo-histerectomia total ampliada),70476,95
COOPERATIVA DE VIVIENDA CONSUMO Y CREDITO HORIZONTE LIMITADA,76,5871,Histeroscopia por video diagnostica,70271,90
COOPERATIVA DE VIVIENDA CONSUMO Y CREDITO HORIZONTE LIMITADA,76,5872,"Histeroscopia por video terapeutica (miomectomia, polipectomia, etc)",70272,91
COOPERATIVA DE VIVIENDA CONSUMO Y CREDITO HORIZONTE LIMITADA,76,5873,Huevo muerto y retenido,69467,90
COOPERATIVA DE VIVIENDA CONSUMO Y CREDITO HORIZONTE LIMITADA,76,5874,Ileostomia,70273,92
COOPERATIVA DE VIVIENDA CONSUMO Y CREDITO HORIZONTE LIMITADA,76,5098,Ano imperforado con recto alto,69613,93
COOPERATIVA DE VIVIENDA CONSUMO Y CREDITO HORIZONTE LIMITADA,76,5099,Ano imperforado con recto bajo,69614,92
COOPERATIVA DE VIVIENDA CONSUMO Y CREDITO HORIZONTE LIMITADA,76,5875,Implantacion de circulacion asistida,70274,93
COOPERATIVA DE VIVIENDA CONSUMO Y CREDITO HORIZONTE LIMITADA,76,5876,Implante capilar,70275,95
COOPERATIVA DE VIVIENDA CONSUMO Y CREDITO HORIZONTE LIMITADA,76,5877,Implante coclear,70276,95
COOPERATIVA DE VIVIENDA CONSUMO Y CREDITO HORIZONTE LIMITADA,76,5880,Implante de celulas B,70277,95
COOPERATIVA DE VIVIENDA CONSUMO Y CREDITO HORIZONTE LIMITADA,76,5882,Implante de estimulador medular definitivo,70279,98
COOPERATIVA DE VIVIENDA CONSUMO Y CREDITO HORIZONTE LIMITADA,76,5883,Implante de estimulador medular transitorio,70280,95
COOPERATIVA DE VIVIENDA CONSUMO Y CREDITO HORIZONTE LIMITADA,76,5885,Implante intraorbitario (melanoma de retina),70282,90
COOPERATIVA DE VIVIENDA CONSUMO Y CREDITO HORIZONTE LIMITADA,76,5886,Implante mamario,70283,94
COOPERATIVA DE VIVIENDA CONSUMO Y CREDITO HORIZONTE LIMITADA,76,5888,Implante mamario mas pexia,70284,95
COOPERATIVA DE VIVIENDA CONSUMO Y CREDITO HORIZONTE LIMITADA,76,5889,Implante secundario de lente intraocular,70285,93
COOPERATIVA DE VIVIENDA CONSUMO Y CREDITO HORIZONTE LIMITADA,76,6348,Reimplante de miembro inferior,70688,95
COOPERATIVA DE VIVIENDA CONSUMO Y CREDITO HORIZONTE LIMITADA,76,6349,Reimplante de miembro superior,70689,98
COOPERATIVA DE VIVIENDA CONSUMO Y CREDITO HORIZONTE LIMITADA,76,6353,Reimplante ureteral bilateral con afinamiento,70693,94
COOPERATIVA DE VIVIENDA CONSUMO Y CREDITO HORIZONTE LIMITADA,76,6354,Reimplante ureteral bilateral por videolaparoscopia,70694,95
COOPERATIVA DE VIVIENDA CONSUMO Y CREDITO HORIZONTE LIMITADA,76,6355,Reimplante ureteral unilateral,70695,92
COOPERATIVA DE VIVIENDA CONSUMO Y CREDITO HORIZONTE LIMITADA,76,6356,Reimplante ureteral unilateral con afinamiento,70696,93
COOPERATIVA DE VIVIENDA CONSUMO Y CREDITO HORIZONTE LIMITADA,76,6357,Reimplante ureteral unilateral por videolaparoscopia,70697,94
COOPERATIVA DE VIVIENDA CONSUMO Y CREDITO HORIZONTE LIMITADA,76,6424,Retinopexia con o sin esclerectomia e implante,70760,94
COOPERATIVA DE VIVIENDA CONSUMO Y CREDITO HORIZONTE LIMITADA,76,8618,Implante gluteo,71205,93
COOPERATIVA DE VIVIENDA CONSUMO Y CREDITO HORIZONTE LIMITADA,76,5901,Inclusion de semillas radioactivas en perine,70296,92
COOPERATIVA DE VIVIENDA CONSUMO Y CREDITO HORIZONTE LIMITADA,76,7790,Infiltracion de toxina botulinica en Trigger point (hasta 3),71071,92
COOPERATIVA DE VIVIENDA CONSUMO Y CREDITO HORIZONTE LIMITADA,76,8537,Infiltracion de toxina botulinica en Trigger point ( mas de 3 ),71127,93
COOPERATIVA DE VIVIENDA CONSUMO Y CREDITO HORIZONTE LIMITADA,76,7587,Re inflado de balon intragastrico,71049,92
COOPERATIVA DE VIVIENDA CONSUMO Y CREDITO HORIZONTE LIMITADA,76,6716,Obtencion y/o uso de injerto oseo y/o tendinoso,69520,92
COOPERATIVA DE VIVIENDA CONSUMO Y CREDITO HORIZONTE LIMITADA,76,5910,Injerto de cornea,70297,94
COOPERATIVA DE VIVIENDA CONSUMO Y CREDITO HORIZONTE LIMITADA,76,5911,Injerto de esclera,70298,92
COOPERATIVA DE VIVIENDA CONSUMO Y CREDITO HORIZONTE LIMITADA,76,5912,Injerto de piel,70299,90
COOPERATIVA DE VIVIENDA CONSUMO Y CREDITO HORIZONTE LIMITADA,76,5913,Injerto libre de ceja,70300,90
COOPERATIVA DE VIVIENDA CONSUMO Y CREDITO HORIZONTE LIMITADA,76,6097,Neurorrafia con o sin injerto de un solo nervio,70455,92
COOPERATIVA DE VIVIENDA CONSUMO Y CREDITO HORIZONTE LIMITADA,76,6217,Plastica de uretra con injerto de mucosa yugal o lingual,70566,94
COOPERATIVA DE VIVIENDA CONSUMO Y CREDITO HORIZONTE LIMITADA,76,6221,Plastica o injerto del tendon de aquiles o rotuliano,70570,92
COOPERATIVA DE VIVIENDA CONSUMO Y CREDITO HORIZONTE LIMITADA,76,6245,Protesis peneana con o sin injerto,70590,95
COOPERATIVA DE VIVIENDA CONSUMO Y CREDITO HORIZONTE LIMITADA,76,6369,"Reparacion plastica de la orbita, con o sin injerto de piel",70708,92
COOPERATIVA DE VIVIENDA CONSUMO Y CREDITO HORIZONTE LIMITADA,76,6408,Reseccion diafisiaria con protesis y/o injerto de sustitucion,70745,93
COOPERATIVA DE VIVIENDA CONSUMO Y CREDITO HORIZONTE LIMITADA,76,6439,"Rinoplastia compleja con o sin injerto, no estetica",70773,91
COOPERATIVA DE VIVIENDA CONSUMO Y CREDITO HORIZONTE LIMITADA,76,8117,Neurorrafia con o sin injerto de nervio (cada uno),71087,92
COOPERATIVA DE VIVIENDA CONSUMO Y CREDITO HORIZONTE LIMITADA,76,5917,Insuficiencia mitral con CIV post-infarto,70304,96
COOPERATIVA DE VIVIENDA CONSUMO Y CREDITO HORIZONTE LIMITADA,76,5918,Interconsulta anestesiologica,70305,89
COOPERATIVA DE VIVIENDA CONSUMO Y CREDITO HORIZONTE LIMITADA,76,8104,Interconsulta para tratamiento del dolor,71075,89
COOPERATIVA DE VIVIENDA CONSUMO Y CREDITO HORIZONTE LIMITADA,76,5919,Intervenciones en nervios opticos,70306,95
COOPERATIVA DE VIVIENDA CONSUMO Y CREDITO HORIZONTE LIMITADA,76,5920,Intervenciones estereotaxicas (inicio en TAC y que continuan en quirofano),70307,95
COOPERATIVA DE VIVIENDA CONSUMO Y CREDITO HORIZONTE LIMITADA,76,5921,Intubacion con fibroscopia (bronco-fibroscopio),70308,90
COOPERATIVA DE VIVIENDA CONSUMO Y CREDITO HORIZONTE LIMITADA,76,5923,Inyeccion de glicerol en el G de Gasser,70310,95
COOPERATIVA DE VIVIENDA CONSUMO Y CREDITO HORIZONTE LIMITADA,76,5924,Inyeccion de sustancias retro-bulbares,70311,91
COOPERATIVA DE VIVIENDA CONSUMO Y CREDITO HORIZONTE LIMITADA,76,5925,Inyeccion esclerosante en angioma,70312,90
COOPERATIVA DE VIVIENDA CONSUMO Y CREDITO HORIZONTE LIMITADA,76,5926,Inyeccion para-vertebral de troncos y ganglios simpaticos,70313,90
COOPERATIVA DE VIVIENDA CONSUMO Y CREDITO HORIZONTE LIMITADA,76,5927,Inyeccion subconjuntival,70314,90
COOPERATIVA DE VIVIENDA CONSUMO Y CREDITO HORIZONTE LIMITADA,76,6251,Puncion arterial para inyeccion medicamentosa,70596,89
COOPERATIVA DE VIVIENDA CONSUMO Y CREDITO HORIZONTE LIMITADA,76,5928,Laberintectomia,70315,93
COOPERATIVA DE VIVIENDA CONSUMO Y CREDITO HORIZONTE LIMITADA,76,5561,Ectoprion de labio,69994,90
COOPERATIVA DE VIVIENDA CONSUMO Y CREDITO HORIZONTE LIMITADA,76,5929,Labio leporino bilateral completo,70316,94
COOPERATIVA DE VIVIENDA CONSUMO Y CREDITO HORIZONTE LIMITADA,76,5930,Labio leporino unilateral completo,70317,93
COOPERATIVA DE VIVIENDA CONSUMO Y CREDITO HORIZONTE LIMITADA,76,5931,Labio leporino unilateral incompleto,70318,93
COOPERATIVA DE VIVIENDA CONSUMO Y CREDITO HORIZONTE LIMITADA,76,6272,Queiloplastia (reconstruccion quirurgica del labio),70614,92
COOPERATIVA DE VIVIENDA CONSUMO Y CREDITO HORIZONTE LIMITADA,76,6373,Reseccion cuneiforme de labio,70712,90
COOPERATIVA DE VIVIENDA CONSUMO Y CREDITO HORIZONTE LIMITADA,76,6475,Sinequias de labios mayores y/o menores,70806,90
COOPERATIVA DE VIVIENDA CONSUMO Y CREDITO HORIZONTE LIMITADA,76,5932,Laminectomia descompresiva por cada vertebra,70319,94
COOPERATIVA DE VIVIENDA CONSUMO Y CREDITO HORIZONTE LIMITADA,76,5935,Laparotomia exploradora,69469,92
COOPERATIVA DE VIVIENDA CONSUMO Y CREDITO HORIZONTE LIMITADA,76,5933,Laparotomia contenida (lavado de cavidad),70320,91
COOPERATIVA DE VIVIENDA CONSUMO Y CREDITO HORIZONTE LIMITADA,76,5934,Laparotomia exploradora en paciente critico,70321,94
COOPERATIVA DE VIVIENDA CONSUMO Y CREDITO HORIZONTE LIMITADA,76,5936,Laparotomia terapeutica en paciente critico,70322,95
COOPERATIVA DE VIVIENDA CONSUMO Y CREDITO HORIZONTE LIMITADA,76,6040,Nefrectomia por toraco-freno-laparotomia,70411,95
COOPERATIVA DE VIVIENDA CONSUMO Y CREDITO HORIZONTE LIMITADA,76,5937,Laringo-faringuectomia,70323,95
COOPERATIVA DE VIVIENDA CONSUMO Y CREDITO HORIZONTE LIMITADA,76,5938,"Laringoplastia, cordopexia, aritenoidopexia",70324,92
COOPERATIVA DE VIVIENDA CONSUMO Y CREDITO HORIZONTE LIMITADA,76,5943,Laser de vagina,70329,92
COOPERATIVA DE VIVIENDA CONSUMO Y CREDITO HORIZONTE LIMITADA,76,5944,Laser panfacial,70330,93
COOPERATIVA DE VIVIENDA CONSUMO Y CREDITO HORIZONTE LIMITADA,76,6241,Prostatectomia por laser,70586,95
COOPERATIVA DE VIVIENDA CONSUMO Y CREDITO HORIZONTE LIMITADA,76,6412,TUR-P por laser (adenomectomia),70749,94
COOPERATIVA DE VIVIENDA CONSUMO Y CREDITO HORIZONTE LIMITADA,76,6418,Reseccion tumor bronquial con laser,70754,95
COOPERATIVA DE VIVIENDA CONSUMO Y CREDITO HORIZONTE LIMITADA,76,8624,Litotricia con laser,71211,94
COOPERATIVA DE VIVIENDA CONSUMO Y CREDITO HORIZONTE LIMITADA,76,5946,Lavado de cavidad,70331,90
COOPERATIVA DE VIVIENDA CONSUMO Y CREDITO HORIZONTE LIMITADA,76,5947,Lavado de la cavidad,70332,90
COOPERATIVA DE VIVIENDA CONSUMO Y CREDITO HORIZONTE LIMITADA,76,6488,Sondaje y lavado de via lagrimal,70816,91
COOPERATIVA DE VIVIENDA CONSUMO Y CREDITO HORIZONTE LIMITADA,76,5948,Legrado por mola o similar,70333,91
COOPERATIVA DE VIVIENDA CONSUMO Y CREDITO HORIZONTE LIMITADA,76,5949,Legrado uterino,70334,90
COOPERATIVA DE VIVIENDA CONSUMO Y CREDITO HORIZONTE LIMITADA,76,7522,Termolesion por Rf. de hombro (N. supraespinoso) bilateral,71254,95
COOPERATIVA DE VIVIENDA CONSUMO Y CREDITO HORIZONTE LIMITADA,76,5951,Lesion por compresion del G de Gassercon balon de Foggarty,69470,95
COOPERATIVA DE VIVIENDA CONSUMO Y CREDITO HORIZONTE LIMITADA,76,7508,Termolesion por Rf. del nervio Occipital Mayor unilateral,69521,95
COOPERATIVA DE VIVIENDA CONSUMO Y CREDITO HORIZONTE LIMITADA,76,7521,Termolesion por Rf. de hombro (N. supraespinoso) unilateral,69522,94
COOPERATIVA DE VIVIENDA CONSUMO Y CREDITO HORIZONTE LIMITADA,76,7511,Termolesion por Rf. facetaria + Rf. radicular ( 1 o mas niveles),71012,98
COOPERATIVA DE VIVIENDA CONSUMO Y CREDITO HORIZONTE LIMITADA,76,7512,Termolesion por Rf. de mas de 2 nervios craneales,71013,98
COOPERATIVA DE VIVIENDA CONSUMO Y CREDITO HORIZONTE LIMITADA,76,7520,Termolesion por Rf. de rodilla (N. geniculados) bilateral,71019,95
COOPERATIVA DE VIVIENDA CONSUMO Y CREDITO HORIZONTE LIMITADA,76,8556,Termolesion por Rf. de hasta 2 nervios craneales,71146,95
COOPERATIVA DE VIVIENDA CONSUMO Y CREDITO HORIZONTE LIMITADA,76,5954,Levantamiento de vejiga por via abdominal (tipo Bursch),70337,92
COOPERATIVA DE VIVIENDA CONSUMO Y CREDITO HORIZONTE LIMITADA,76,6001,Mastopexia unilateral (levantamiento mamario),70377,94
COOPERATIVA DE VIVIENDA CONSUMO Y CREDITO HORIZONTE LIMITADA,76,5955,Lifting,70338,94
COOPERATIVA DE VIVIENDA CONSUMO Y CREDITO HORIZONTE LIMITADA,76,5956,Lifting endoscopico,70339,95
COOPERATIVA DE VIVIENDA CONSUMO Y CREDITO HORIZONTE LIMITADA,76,5957,Ligadura bilateral de trompas (anti-concepcion) a cielo abierto,70340,92
COOPERATIVA DE VIVIENDA CONSUMO Y CREDITO HORIZONTE LIMITADA,76,5958,Ligadura bilateral de trompas (anti-concepcion) por video-laparoscopia,70341,93
COOPERATIVA DE VIVIENDA CONSUMO Y CREDITO HORIZONTE LIMITADA,76,5961,Ligadura del paquete esfeno-palatino,70342,92
COOPERATIVA DE VIVIENDA CONSUMO Y CREDITO HORIZONTE LIMITADA,76,5964,Ligadura unilateral de troncos profundos de los miembros,70344,92
COOPERATIVA DE VIVIENDA CONSUMO Y CREDITO HORIZONTE LIMITADA,76,6501,Sutura o ligadura de vasos profundos del cuello,70829,93
COOPERATIVA DE VIVIENDA CONSUMO Y CREDITO HORIZONTE LIMITADA,76,5965,Ligamentopexia abdominal,70345,91
COOPERATIVA DE VIVIENDA CONSUMO Y CREDITO HORIZONTE LIMITADA,76,5969,Limpieza quirurgica de mano (como unica intervencion),70350,90
COOPERATIVA DE VIVIENDA CONSUMO Y CREDITO HORIZONTE LIMITADA,76,5971,Linfadenectomia mediastinica,70351,94
COOPERATIVA DE VIVIENDA CONSUMO Y CREDITO HORIZONTE LIMITADA,76,5972,Linfadenectomia retroperitoneal (tipo lumboaortica o similares),70352,93
COOPERATIVA DE VIVIENDA CONSUMO Y CREDITO HORIZONTE LIMITADA,76,5973,Linfadenectomia retroperitoneal por video,70353,94
COOPERATIVA DE VIVIENDA CONSUMO Y CREDITO HORIZONTE LIMITADA,76,5974,Linfadenectomia retroperitoneal por videolaparoscopia,70354,94
COOPERATIVA DE VIVIENDA CONSUMO Y CREDITO HORIZONTE LIMITADA,76,6242,Prostatectomia radical + linfadenectomia,70587,94
COOPERATIVA DE VIVIENDA CONSUMO Y CREDITO HORIZONTE LIMITADA,76,8622,"Linfadenectomia cervical, axilar o inguinal, unilateral",71209,92
COOPERATIVA DE VIVIENDA CONSUMO Y CREDITO HORIZONTE LIMITADA,76,5977,"Lipoma, reseccion con el paciente en decubito dorsal o lateral",70357,90
COOPERATIVA DE VIVIENDA CONSUMO Y CREDITO HORIZONTE LIMITADA,76,5978,"Lipoma, reseccion con el paciente en decubito ventral",70358,91
COOPERATIVA DE VIVIENDA CONSUMO Y CREDITO HORIZONTE LIMITADA,76,5982,Litotricia endoluminal,69471,92
COOPERATIVA DE VIVIENDA CONSUMO Y CREDITO HORIZONTE LIMITADA,76,5984,Litotricia extracorporea,70361,91
COOPERATIVA DE VIVIENDA CONSUMO Y CREDITO HORIZONTE LIMITADA,76,5985,Litotricia por onda de choque extracorporea (litotricia extracorporea),70362,91
COOPERATIVA DE VIVIENDA CONSUMO Y CREDITO HORIZONTE LIMITADA,76,5986,Litotricia ureteral por via endoscopica (incluye litotricia endoluminal),70363,92
COOPERATIVA DE VIVIENDA CONSUMO Y CREDITO HORIZONTE LIMITADA,76,5987,Lobectomia,70364,98
COOPERATIVA DE VIVIENDA CONSUMO Y CREDITO HORIZONTE LIMITADA,76,5988,Lobectomia o segmentectomia a cielo abierto,70365,95
COOPERATIVA DE VIVIENDA CONSUMO Y CREDITO HORIZONTE LIMITADA,76,6457,Segmentectomia / lobectomia por video-toracoscopia,70788,95
COOPERATIVA DE VIVIENDA CONSUMO Y CREDITO HORIZONTE LIMITADA,76,5989,Lobulo hendido de oreja,70366,90
COOPERATIVA DE VIVIENDA CONSUMO Y CREDITO HORIZONTE LIMITADA,76,6168,Otoplastia de lobulo hendido,70517,90
COOPERATIVA DE VIVIENDA CONSUMO Y CREDITO HORIZONTE LIMITADA,76,6185,Parotidectomia de lobulo superficial,70534,92
COOPERATIVA DE VIVIENDA CONSUMO Y CREDITO HORIZONTE LIMITADA,76,5990,Luxacion recidivante de hombro por via convencional,70367,92
COOPERATIVA DE VIVIENDA CONSUMO Y CREDITO HORIZONTE LIMITADA,76,8116,Reduccion incruenta de luxaciones,71086,90
COOPERATIVA DE VIVIENDA CONSUMO Y CREDITO HORIZONTE LIMITADA,76,8120,Reduccion cruenta de luxacion de columna,71089,93
COOPERATIVA DE VIVIENDA CONSUMO Y CREDITO HORIZONTE LIMITADA,76,5992,Mama supernumeraria unilateral,70369,92
COOPERATIVA DE VIVIENDA CONSUMO Y CREDITO HORIZONTE LIMITADA,76,6100,Nodulectomia de mama unilateral,70458,91
COOPERATIVA DE VIVIENDA CONSUMO Y CREDITO HORIZONTE LIMITADA,76,6264,Puncion de mama unilateral,70606,89
COOPERATIVA DE VIVIENDA CONSUMO Y CREDITO HORIZONTE LIMITADA,76,6278,Quiste de mama unilateral,70621,90
COOPERATIVA DE VIVIENDA CONSUMO Y CREDITO HORIZONTE LIMITADA,76,6312,Reconstruccion mamaria con dorsal ancho,70654,98
COOPERATIVA DE VIVIENDA CONSUMO Y CREDITO HORIZONTE LIMITADA,76,8623,"Lipotransferencia (hasta 2 zonas, excepto mama)",71210,94
COOPERATIVA DE VIVIENDA CONSUMO Y CREDITO HORIZONTE LIMITADA,76,8640,Reconstruccion mamaria con lipotransferencia,71224,95
COOPERATIVA DE VIVIENDA CONSUMO Y CREDITO HORIZONTE LIMITADA,76,8650,"Lipotransferencia (mas de 2 zonas, excepto mama)",71234,95
COOPERATIVA DE VIVIENDA CONSUMO Y CREDITO HORIZONTE LIMITADA,76,5995,Mastectomia radical con vaciamiento ganglionar,70371,95
COOPERATIVA DE VIVIENDA CONSUMO Y CREDITO HORIZONTE LIMITADA,76,7598,Mastectomia ( mas ganglio centinela),71059,93
COOPERATIVA DE VIVIENDA CONSUMO Y CREDITO HORIZONTE LIMITADA,76,7599,Mastectomia ( mas vaciamiento axilar ),71060,94
COOPERATIVA DE VIVIENDA CONSUMO Y CREDITO HORIZONTE LIMITADA,76,5998,Mastoidectomia simple o radical (operacion radical de oido),70374,92
COOPERATIVA DE VIVIENDA CONSUMO Y CREDITO HORIZONTE LIMITADA,76,6002,Mastotomia unilateral,70378,90
COOPERATIVA DE VIVIENDA CONSUMO Y CREDITO HORIZONTE LIMITADA,76,6003,Maxilar inferior: prognatismo / retrognatismo,70379,93
COOPERATIVA DE VIVIENDA CONSUMO Y CREDITO HORIZONTE LIMITADA,76,6004,Maxilar superior: prognasia / retrognasia,70380,94
COOPERATIVA DE VIVIENDA CONSUMO Y CREDITO HORIZONTE LIMITADA,76,6111,Operacion comando de glandula submaxilar,70465,95
COOPERATIVA DE VIVIENDA CONSUMO Y CREDITO HORIZONTE LIMITADA,76,6279,Quiste de maxilar (pieza dental incluida),70622,91
COOPERATIVA DE VIVIENDA CONSUMO Y CREDITO HORIZONTE LIMITADA,76,6393,Reseccion de maxilar inferior con vaciamiento (comando),70731,98
COOPERATIVA DE VIVIENDA CONSUMO Y CREDITO HORIZONTE LIMITADA,76,6481,Sinusotomia maxilar radical,70812,92
COOPERATIVA DE VIVIENDA CONSUMO Y CREDITO HORIZONTE LIMITADA,76,6482,Sinusotomia maxilar simple,70813,92
COOPERATIVA DE VIVIENDA CONSUMO Y CREDITO HORIZONTE LIMITADA,76,6005,Maxilectomia radical por via endoscopica,70381,93
COOPERATIVA DE VIVIENDA CONSUMO Y CREDITO HORIZONTE LIMITADA,76,6007,Maxilectomia simple por via endoscopica,70383,92
COOPERATIVA DE VIVIENDA CONSUMO Y CREDITO HORIZONTE LIMITADA,76,6009,Meatotomia,70385,89
COOPERATIVA DE VIVIENDA CONSUMO Y CREDITO HORIZONTE LIMITADA,76,6010,Mediastinitis,70386,95
COOPERATIVA DE VIVIENDA CONSUMO Y CREDITO HORIZONTE LIMITADA,76,6011,Mediastinoscopia,70388,92
COOPERATIVA DE VIVIENDA CONSUMO Y CREDITO HORIZONTE LIMITADA,76,6014,Megacolon congenito,70389,93
COOPERATIVA DE VIVIENDA CONSUMO Y CREDITO HORIZONTE LIMITADA,76,6605,Tratamiento quirurgico del megacolon,70910,94
COOPERATIVA DE VIVIENDA CONSUMO Y CREDITO HORIZONTE LIMITADA,76,6016,Meningocele,70391,94
COOPERATIVA DE VIVIENDA CONSUMO Y CREDITO HORIZONTE LIMITADA,76,6027,Mielomeningocele,70399,94
COOPERATIVA DE VIVIENDA CONSUMO Y CREDITO HORIZONTE LIMITADA,76,6019,Metatarsalgia / ratas articulares,70392,90
COOPERATIVA DE VIVIENDA CONSUMO Y CREDITO HORIZONTE LIMITADA,76,6025,"Microtia, reconstruccion en varios tiempos",70397,90
COOPERATIVA DE VIVIENDA CONSUMO Y CREDITO HORIZONTE LIMITADA,76,6026,Mielografia,70398,90
COOPERATIVA DE VIVIENDA CONSUMO Y CREDITO HORIZONTE LIMITADA,76,6028,Miomectomia / histerorrafia,70400,92
COOPERATIVA DE VIVIENDA CONSUMO Y CREDITO HORIZONTE LIMITADA,76,6029,Miomectomia por videolaparoscopia,70401,93
COOPERATIVA DE VIVIENDA CONSUMO Y CREDITO HORIZONTE LIMITADA,76,6030,Miomectomia vaginal (mioma nascens),70402,90
COOPERATIVA DE VIVIENDA CONSUMO Y CREDITO HORIZONTE LIMITADA,76,6031,Miringoplastia,70403,91
COOPERATIVA DE VIVIENDA CONSUMO Y CREDITO HORIZONTE LIMITADA,76,6034,Movilizacion (quiropraxia ),70405,89
COOPERATIVA DE VIVIENDA CONSUMO Y CREDITO HORIZONTE LIMITADA,76,6035,Movilizacion del estribo,70406,90
COOPERATIVA DE VIVIENDA CONSUMO Y CREDITO HORIZONTE LIMITADA,76,7580,Mucosectomia,71042,93
COOPERATIVA DE VIVIENDA CONSUMO Y CREDITO HORIZONTE LIMITADA,76,6037,Nariz leporina compleja,70408,91
COOPERATIVA DE VIVIENDA CONSUMO Y CREDITO HORIZONTE LIMITADA,76,6438,Rinofina (rosacea fimatosa de nariz),70772,91
COOPERATIVA DE VIVIENDA CONSUMO Y CREDITO HORIZONTE LIMITADA,76,6038,Nefrectomia parcial,70409,94
COOPERATIVA DE VIVIENDA CONSUMO Y CREDITO HORIZONTE LIMITADA,76,6039,Nefrectomia parcial o total por video-laparoscopia,70410,95
COOPERATIVA DE VIVIENDA CONSUMO Y CREDITO HORIZONTE LIMITADA,76,6041,Nefrectomia radical + vaciamiento ganglionar,70412,95
COOPERATIVA DE VIVIENDA CONSUMO Y CREDITO HORIZONTE LIMITADA,76,6042,Nefrectomia total,70413,94
COOPERATIVA DE VIVIENDA CONSUMO Y CREDITO HORIZONTE LIMITADA,76,6043,Nefrectomia total o parcial por videolaparoscopia,70414,95
COOPERATIVA DE VIVIENDA CONSUMO Y CREDITO HORIZONTE LIMITADA,76,6045,Nefrolitotomia,70416,93
COOPERATIVA DE VIVIENDA CONSUMO Y CREDITO HORIZONTE LIMITADA,76,6046,Nefrolitotomia percutanea,70417,94
COOPERATIVA DE VIVIENDA CONSUMO Y CREDITO HORIZONTE LIMITADA,76,6047,Nefropexia,70418,92
COOPERATIVA DE VIVIENDA CONSUMO Y CREDITO HORIZONTE LIMITADA,76,6048,Nefrostomia percutanea,70419,92
COOPERATIVA DE VIVIENDA CONSUMO Y CREDITO HORIZONTE LIMITADA,76,6051,Neumonectomia a cielo abierto,70422,95
COOPERATIVA DE VIVIENDA CONSUMO Y CREDITO HORIZONTE LIMITADA,76,6052,Neumonectomia por video-toracoscopia,70423,98
COOPERATIVA DE VIVIENDA CONSUMO Y CREDITO HORIZONTE LIMITADA,76,6060,Neurolisis por Rf. de nervios facetarios (dos niveles),69478,94
COOPERATIVA DE VIVIENDA CONSUMO Y CREDITO HORIZONTE LIMITADA,76,6064,Neurolisis por Rf. de la articulacion sacro-iliaca unilateral,69479,95
COOPERATIVA DE VIVIENDA CONSUMO Y CREDITO HORIZONTE LIMITADA,76,6056,Neurolisis del nervio glosofaringeo con Rf,70425,95
COOPERATIVA DE VIVIENDA CONSUMO Y CREDITO HORIZONTE LIMITADA,76,6057,Neurolisis- modulacion ganglio estrellado por Rf.,70426,95
COOPERATIVA DE VIVIENDA CONSUMO Y CREDITO HORIZONTE LIMITADA,76,6058,Neurolisis- modulacion de nervio periferico con Rf.,70427,94
COOPERATIVA DE VIVIENDA CONSUMO Y CREDITO HORIZONTE LIMITADA,76,6059,Neurolisis con Rf nervios esplacnicos,70428,95
COOPERATIVA DE VIVIENDA CONSUMO Y CREDITO HORIZONTE LIMITADA,76,6061,Neurolisis por Rf. de nervios facetarios (mas de 2 niveles),70430,94
COOPERATIVA DE VIVIENDA CONSUMO Y CREDITO HORIZONTE LIMITADA,76,6062,Neurolisis con Rf del plexo celiaco,70431,95
COOPERATIVA DE VIVIENDA CONSUMO Y CREDITO HORIZONTE LIMITADA,76,6065,Neurolisis de nervios perifericos,70432,90
COOPERATIVA DE VIVIENDA CONSUMO Y CREDITO HORIZONTE LIMITADA,76,6066,Neurolisis extracraneal,70433,90
COOPERATIVA DE VIVIENDA CONSUMO Y CREDITO HORIZONTE LIMITADA,76,6067,Neurolisis del ganglio esfeno-palatino con Rf.,70434,95
COOPERATIVA DE VIVIENDA CONSUMO Y CREDITO HORIZONTE LIMITADA,76,6069,Neurolisis de nervio periferico sin RX,70435,92
COOPERATIVA DE VIVIENDA CONSUMO Y CREDITO HORIZONTE LIMITADA,76,6070,Neurolisis por Rf. del ganglio de Walter,70436,95
COOPERATIVA DE VIVIENDA CONSUMO Y CREDITO HORIZONTE LIMITADA,76,6074,Neurolisis por Rf. simpatico lumbar unilateral,70437,95
COOPERATIVA DE VIVIENDA CONSUMO Y CREDITO HORIZONTE LIMITADA,76,6075,Neurolisis quimica,70438,90
COOPERATIVA DE VIVIENDA CONSUMO Y CREDITO HORIZONTE LIMITADA,76,6076,Neurolisis quimica del ganglio de Walter,70439,95
COOPERATIVA DE VIVIENDA CONSUMO Y CREDITO HORIZONTE LIMITADA,76,6077,Neurolisis por Rf del plexo hipogastrico superior,70440,95
COOPERATIVA DE VIVIENDA CONSUMO Y CREDITO HORIZONTE LIMITADA,76,6078,Neurolisis quimica del simpatico dorsal,70442,95
COOPERATIVA DE VIVIENDA CONSUMO Y CREDITO HORIZONTE LIMITADA,76,6080,Neurolisis quimica del simpatico lumbar unilateral,70443,95
COOPERATIVA DE VIVIENDA CONSUMO Y CREDITO HORIZONTE LIMITADA,76,6081,Neurolisis quimica del ganglio estrellado,70444,95
COOPERATIVA DE VIVIENDA CONSUMO Y CREDITO HORIZONTE LIMITADA,76,6082,Neurolisis quimica nervios esplacnicos,70445,94
COOPERATIVA DE VIVIENDA CONSUMO Y CREDITO HORIZONTE LIMITADA,76,6083,Neurolisis quimica del plexo celiaco,70447,94
COOPERATIVA DE VIVIENDA CONSUMO Y CREDITO HORIZONTE LIMITADA,76,6085,Neurolisis transoval del trgemino,70448,91
COOPERATIVA DE VIVIENDA CONSUMO Y CREDITO HORIZONTE LIMITADA,76,6086,Neurolisis del trigemino con Rf,70449,98
COOPERATIVA DE VIVIENDA CONSUMO Y CREDITO HORIZONTE LIMITADA,76,6087,Neurolisis- modulacion del trigemino por Rf.,70450,98
COOPERATIVA DE VIVIENDA CONSUMO Y CREDITO HORIZONTE LIMITADA,76,6088,Neurolisis- modulacion ganglio esfeno-palatino por Rf.,70451,95
COOPERATIVA DE VIVIENDA CONSUMO Y CREDITO HORIZONTE LIMITADA,76,6089,Neurolisis- modulacion nervio glosofaringeo por Rf.,70452,95
COOPERATIVA DE VIVIENDA CONSUMO Y CREDITO HORIZONTE LIMITADA,76,7515,Neurolisis por Rf. del simpatico dorsal,71016,98
COOPERATIVA DE VIVIENDA CONSUMO Y CREDITO HORIZONTE LIMITADA,76,8540,Neurolisis de nervio periferico bajo radioscopia,71130,93
COOPERATIVA DE VIVIENDA CONSUMO Y CREDITO HORIZONTE LIMITADA,76,8541,Neurolisis quimica del plexo hipogastrico superior,71131,94
COOPERATIVA DE VIVIENDA CONSUMO Y CREDITO HORIZONTE LIMITADA,76,8566,Neurolisis con rf de nervios perifericos,71154,95
COOPERATIVA DE VIVIENDA CONSUMO Y CREDITO HORIZONTE LIMITADA,76,6093,Neuromodulacion con Rf. pulsada ganglio raiz dorsal ( 1 nivel),70453,95
COOPERATIVA DE VIVIENDA CONSUMO Y CREDITO HORIZONTE LIMITADA,76,6096,Neuromodulacion sistemica con anestesicos locales en dolor neuropatico,70454,91
COOPERATIVA DE VIVIENDA CONSUMO Y CREDITO HORIZONTE LIMITADA,76,6098,Neurotomia del nervio optico,70456,90
COOPERATIVA DE VIVIENDA CONSUMO Y CREDITO HORIZONTE LIMITADA,76,6099,Neurotomia trigeminal / vestibular / glosofaringeo,70457,95
COOPERATIVA DE VIVIENDA CONSUMO Y CREDITO HORIZONTE LIMITADA,76,6104,Oclusion con reseccion de intestino,70459,93
COOPERATIVA DE VIVIENDA CONSUMO Y CREDITO HORIZONTE LIMITADA,76,6105,Omentectomia total o parcial,69480,93
COOPERATIVA DE VIVIENDA CONSUMO Y CREDITO HORIZONTE LIMITADA,76,8633,Omentectomia total o parcial por videolaparoscopia,71217,94
COOPERATIVA DE VIVIENDA CONSUMO Y CREDITO HORIZONTE LIMITADA,76,6106,Onfalitis,70460,91
COOPERATIVA DE VIVIENDA CONSUMO Y CREDITO HORIZONTE LIMITADA,76,6107,Ooforectomia simple unilateral,70461,91
COOPERATIVA DE VIVIENDA CONSUMO Y CREDITO HORIZONTE LIMITADA,76,6108,Ooforo-salpinguectomia unilateral,70462,91
COOPERATIVA DE VIVIENDA CONSUMO Y CREDITO HORIZONTE LIMITADA,76,6226,Plicatura intestinal (operacion de Noble),69487,93
COOPERATIVA DE VIVIENDA CONSUMO Y CREDITO HORIZONTE LIMITADA,76,6109,Operacion comando de encias o trigono-retromolar,70463,93
COOPERATIVA DE VIVIENDA CONSUMO Y CREDITO HORIZONTE LIMITADA,76,6110,Operacion comando de faringe con vaciamiento,70464,95
COOPERATIVA DE VIVIENDA CONSUMO Y CREDITO HORIZONTE LIMITADA,76,6113,Operacion comando de paladar blando,70467,95
COOPERATIVA DE VIVIENDA CONSUMO Y CREDITO HORIZONTE LIMITADA,76,6114,Operacion comando de piso de boca,70468,95
COOPERATIVA DE VIVIENDA CONSUMO Y CREDITO HORIZONTE LIMITADA,76,6115,Operacion correctora de glaucoma,70469,92
COOPERATIVA DE VIVIENDA CONSUMO Y CREDITO HORIZONTE LIMITADA,76,6117,Operacion de Dixon (para tumores del 1/3 superior del recto),70470,94
COOPERATIVA DE VIVIENDA CONSUMO Y CREDITO HORIZONTE LIMITADA,76,6118,Operacion de Dixon laparoscopica (para tumores del 1/3 superior del recto),70471,95
COOPERATIVA DE VIVIENDA CONSUMO Y CREDITO HORIZONTE LIMITADA,76,6119,Operacion de Frikolm (hasta 2 discos),70472,94
COOPERATIVA DE VIVIENDA CONSUMO Y CREDITO HORIZONTE LIMITADA,76,6120,Operacion de Lefort o similares para prolapso vaginal,70473,91
COOPERATIVA DE VIVIENDA CONSUMO Y CREDITO HORIZONTE LIMITADA,76,6125,Operacion de Wertheim-Meigs por video-laparoscopia,70478,98
COOPERATIVA DE VIVIENDA CONSUMO Y CREDITO HORIZONTE LIMITADA,76,6708,Operacion comando de parotida,70998,95
COOPERATIVA DE VIVIENDA CONSUMO Y CREDITO HORIZONTE LIMITADA,76,6406,"Reseccion de tumor, intraorbitario mediante orbitotomia",70743,91
COOPERATIVA DE VIVIENDA CONSUMO Y CREDITO HORIZONTE LIMITADA,76,6131,Orquidectomia,70486,91
COOPERATIVA DE VIVIENDA CONSUMO Y CREDITO HORIZONTE LIMITADA,76,6132,Orquidopexia,70487,91
COOPERATIVA DE VIVIENDA CONSUMO Y CREDITO HORIZONTE LIMITADA,76,6133,Orzuelo,70488,90
COOPERATIVA DE VIVIENDA CONSUMO Y CREDITO HORIZONTE LIMITADA,76,6134,Osteoclasia,70489,90
COOPERATIVA DE VIVIENDA CONSUMO Y CREDITO HORIZONTE LIMITADA,76,6144,Osteosintesis de esternon,69482,92
COOPERATIVA DE VIVIENDA CONSUMO Y CREDITO HORIZONTE LIMITADA,76,5398,Osteosintesis de perone,69860,92
COOPERATIVA DE VIVIENDA CONSUMO Y CREDITO HORIZONTE LIMITADA,76,6138,Osteosintesis clavicular,70492,92
COOPERATIVA DE VIVIENDA CONSUMO Y CREDITO HORIZONTE LIMITADA,76,6139,Osteosintesis de calcaneo,70493,92
COOPERATIVA DE VIVIENDA CONSUMO Y CREDITO HORIZONTE LIMITADA,76,6141,Osteosintesis de cubito o radio,70495,92
COOPERATIVA DE VIVIENDA CONSUMO Y CREDITO HORIZONTE LIMITADA,76,6142,Osteosintesis de cubito y radio (por diferentes vias),70496,93
COOPERATIVA DE VIVIENDA CONSUMO Y CREDITO HORIZONTE LIMITADA,76,6143,Osteosintesis de escafoide,70497,93
COOPERATIVA DE VIVIENDA CONSUMO Y CREDITO HORIZONTE LIMITADA,76,6145,Osteosintesis de falange o metacarpiano (hasta 3 huesos),70498,91
COOPERATIVA DE VIVIENDA CONSUMO Y CREDITO HORIZONTE LIMITADA,76,6146,"Osteosintesis de femur (tipo Kuncher, clavo gamma o similares)",70499,93
COOPERATIVA DE VIVIENDA CONSUMO Y CREDITO HORIZONTE LIMITADA,76,6149,Osteosintesis de hasta 2 huesos del carpo,70502,92
COOPERATIVA DE VIVIENDA CONSUMO Y CREDITO HORIZONTE LIMITADA,76,6151,Osteosintesis de humero,70504,92
COOPERATIVA DE VIVIENDA CONSUMO Y CREDITO HORIZONTE LIMITADA,76,6154,Osteosintesis de mas de 2 huesos del carpo,70505,93
COOPERATIVA DE VIVIENDA CONSUMO Y CREDITO HORIZONTE LIMITADA,76,6156,Osteosintesis de rotula,70506,92
COOPERATIVA DE VIVIENDA CONSUMO Y CREDITO HORIZONTE LIMITADA,76,6157,Osteosintesis de tarso o metatarso hasta 2 huesos,70507,92
COOPERATIVA DE VIVIENDA CONSUMO Y CREDITO HORIZONTE LIMITADA,76,6158,Osteosintesis de tibia,70508,92
COOPERATIVA DE VIVIENDA CONSUMO Y CREDITO HORIZONTE LIMITADA,76,6159,Osteosintesis de tobillo,70509,93
COOPERATIVA DE VIVIENDA CONSUMO Y CREDITO HORIZONTE LIMITADA,76,6160,Osteosintesis del malar,70510,93
COOPERATIVA DE VIVIENDA CONSUMO Y CREDITO HORIZONTE LIMITADA,76,6161,Osteosintesis tarso o metatarso mas de 2 huesos,70511,93
COOPERATIVA DE VIVIENDA CONSUMO Y CREDITO HORIZONTE LIMITADA,76,8634,Osteosintesis de costillas hasta 3,71218,93
COOPERATIVA DE VIVIENDA CONSUMO Y CREDITO HORIZONTE LIMITADA,76,8635,Osteosintesis de costillas mas de 3,71219,94
COOPERATIVA DE VIVIENDA CONSUMO Y CREDITO HORIZONTE LIMITADA,76,6162,Osteotomia correctora de pie,70512,91
COOPERATIVA DE VIVIENDA CONSUMO Y CREDITO HORIZONTE LIMITADA,76,6163,Osteotomia correctora de tibia o perone,70513,92
COOPERATIVA DE VIVIENDA CONSUMO Y CREDITO HORIZONTE LIMITADA,76,6166,Osteotomia de femur,70515,93
COOPERATIVA DE VIVIENDA CONSUMO Y CREDITO HORIZONTE LIMITADA,76,6167,Osteotomia simple,70516,90
COOPERATIVA DE VIVIENDA CONSUMO Y CREDITO HORIZONTE LIMITADA,76,6170,Paciente oncologico- atencion clinica por mes o fraccion mayor a 14 dias,69485,95
COOPERATIVA DE VIVIENDA CONSUMO Y CREDITO HORIZONTE LIMITADA,76,6169,Paciente oncologico- atencion clinica por 2 a 14 dias,70518,93
COOPERATIVA DE VIVIENDA CONSUMO Y CREDITO HORIZONTE LIMITADA,76,6719,Trombectomia pulmonar mecanica en TEPA paciente critico,71005,96
COOPERATIVA DE VIVIENDA CONSUMO Y CREDITO HORIZONTE LIMITADA,76,6171,Palatoplastia,70519,91
COOPERATIVA DE VIVIENDA CONSUMO Y CREDITO HORIZONTE LIMITADA,76,6273,Queiloplastia con palatoplastia,70615,93
COOPERATIVA DE VIVIENDA CONSUMO Y CREDITO HORIZONTE LIMITADA,76,6172,Palatorrafia,70521,91
COOPERATIVA DE VIVIENDA CONSUMO Y CREDITO HORIZONTE LIMITADA,76,6176,Pancreatectomia por Videolaparoscopia,70525,95
COOPERATIVA DE VIVIENDA CONSUMO Y CREDITO HORIZONTE LIMITADA,76,6177,Papilotomia del conducto de Warthon y/o Stenon,70526,90
COOPERATIVA DE VIVIENDA CONSUMO Y CREDITO HORIZONTE LIMITADA,76,6179,Paratiroidectomia,70529,93
COOPERATIVA DE VIVIENDA CONSUMO Y CREDITO HORIZONTE LIMITADA,76,6180,Paratiroidectomia por via endoscopica,70530,94
COOPERATIVA DE VIVIENDA CONSUMO Y CREDITO HORIZONTE LIMITADA,76,6181,Paratiroidectomia total con vaciamiento ganglionar,70531,94
COOPERATIVA DE VIVIENDA CONSUMO Y CREDITO HORIZONTE LIMITADA,76,6182,Paratiroidectomia total con vaciamiento ganglionar por via endoscopica,70532,95
COOPERATIVA DE VIVIENDA CONSUMO Y CREDITO HORIZONTE LIMITADA,76,5020,"Parche hematico (o similar) blood parch"" en cefalea post-puncion",69402,92
COOPERATIVA DE VIVIENDA CONSUMO Y CREDITO HORIZONTE LIMITADA,76,6184,Parche hematico,70533,90
COOPERATIVA DE VIVIENDA CONSUMO Y CREDITO HORIZONTE LIMITADA,76,6186,Parotidectomia total,70535,93
COOPERATIVA DE VIVIENDA CONSUMO Y CREDITO HORIZONTE LIMITADA,76,5235,By-pass de vasos perifericos unilateral,69711,94
COOPERATIVA DE VIVIENDA CONSUMO Y CREDITO HORIZONTE LIMITADA,76,5236,By-pass temporo-silviano,69712,96
COOPERATIVA DE VIVIENDA CONSUMO Y CREDITO HORIZONTE LIMITADA,76,6188,Pectus excavatum / pectus carinatum,70537,94
COOPERATIVA DE VIVIENDA CONSUMO Y CREDITO HORIZONTE LIMITADA,76,6189,Pectus excavatum / pectus carinatum por video-toracoscopia,70538,95
COOPERATIVA DE VIVIENDA CONSUMO Y CREDITO HORIZONTE LIMITADA,76,6191,Pericardiectomia amplia (pericarditis constrictiva),70540,95
COOPERATIVA DE VIVIENDA CONSUMO Y CREDITO HORIZONTE LIMITADA,76,6193,Pericardiocentesis,70542,92
COOPERATIVA DE VIVIENDA CONSUMO Y CREDITO HORIZONTE LIMITADA,76,6194,Pericardiotomia,70543,93
COOPERATIVA DE VIVIENDA CONSUMO Y CREDITO HORIZONTE LIMITADA,76,6195,Peridural por distocia,70544,92
COOPERATIVA DE VIVIENDA CONSUMO Y CREDITO HORIZONTE LIMITADA,76,6196,Perineorrafia,70545,90
COOPERATIVA DE VIVIENDA CONSUMO Y CREDITO HORIZONTE LIMITADA,76,6198,Peritoneocentesis,70547,90
COOPERATIVA DE VIVIENDA CONSUMO Y CREDITO HORIZONTE LIMITADA,76,6199,Peritonitis generalizada,70548,93
COOPERATIVA DE VIVIENDA CONSUMO Y CREDITO HORIZONTE LIMITADA,76,6203,Pielografia ascendente por ureteroscopia,70552,90
COOPERATIVA DE VIVIENDA CONSUMO Y CREDITO HORIZONTE LIMITADA,76,6204,Pielolitotomia,70553,92
COOPERATIVA DE VIVIENDA CONSUMO Y CREDITO HORIZONTE LIMITADA,76,6205,Pielolitotomia por videolaparoscopia,70554,93
COOPERATIVA DE VIVIENDA CONSUMO Y CREDITO HORIZONTE LIMITADA,76,6206,Pieloplastia,70555,92
COOPERATIVA DE VIVIENDA CONSUMO Y CREDITO HORIZONTE LIMITADA,76,6207,Pieloplastia por lumbotomia,70556,93
COOPERATIVA DE VIVIENDA CONSUMO Y CREDITO HORIZONTE LIMITADA,76,6208,Pielotomia por videolaparoscopia,70557,93
COOPERATIVA DE VIVIENDA CONSUMO Y CREDITO HORIZONTE LIMITADA,76,6201,Pie plano unilateral,70550,94
COOPERATIVA DE VIVIENDA CONSUMO Y CREDITO HORIZONTE LIMITADA,76,6288,Reconstruccion - plastica de vulva,69492,93
COOPERATIVA DE VIVIENDA CONSUMO Y CREDITO HORIZONTE LIMITADA,76,6209,Plastica anal / anoplastia,70558,91
COOPERATIVA DE VIVIENDA CONSUMO Y CREDITO HORIZONTE LIMITADA,76,6210,Plastica de canal estrecho de columna con disectomia hasta 2 espacios,70559,98
COOPERATIVA DE VIVIENDA CONSUMO Y CREDITO HORIZONTE LIMITADA,76,6211,Plastica de canal estrecho de columna mas de 2 espacios,70560,98
COOPERATIVA DE VIVIENDA CONSUMO Y CREDITO HORIZONTE LIMITADA,76,6212,Plastica de colostomia,70561,92
COOPERATIVA DE VIVIENDA CONSUMO Y CREDITO HORIZONTE LIMITADA,76,6213,Plastica de la union uretero-pielica,70562,92
COOPERATIVA DE VIVIENDA CONSUMO Y CREDITO HORIZONTE LIMITADA,76,6214,Plastica de ligamentos de rodilla no cruzados,70563,93
COOPERATIVA DE VIVIENDA CONSUMO Y CREDITO HORIZONTE LIMITADA,76,6215,Plastica de manguito rotador no artroscopica,70564,93
COOPERATIVA DE VIVIENDA CONSUMO Y CREDITO HORIZONTE LIMITADA,76,6216,Plastica de uretra / uretroplastia,70565,92
COOPERATIVA DE VIVIENDA CONSUMO Y CREDITO HORIZONTE LIMITADA,76,6218,Plastica de via lagrimal,70567,93
COOPERATIVA DE VIVIENDA CONSUMO Y CREDITO HORIZONTE LIMITADA,76,6219,Plastica del cuadriceps,70568,91
COOPERATIVA DE VIVIENDA CONSUMO Y CREDITO HORIZONTE LIMITADA,76,6220,Plastica del pabellon auricular,70569,92
COOPERATIVA DE VIVIENDA CONSUMO Y CREDITO HORIZONTE LIMITADA,76,6222,Plastica pielo-ureteral por videolaparoscopia,70571,94
COOPERATIVA DE VIVIENDA CONSUMO Y CREDITO HORIZONTE LIMITADA,76,6223,Plastica ureteral,70572,92
COOPERATIVA DE VIVIENDA CONSUMO Y CREDITO HORIZONTE LIMITADA,76,6224,Plastica ureteral o de la union pielo-pielica por videolaparoscopia,70573,94
COOPERATIVA DE VIVIENDA CONSUMO Y CREDITO HORIZONTE LIMITADA,76,6336,Reemplazo de una valvula cardiaca y plastica de otra,70677,98
COOPERATIVA DE VIVIENDA CONSUMO Y CREDITO HORIZONTE LIMITADA,76,6405,"Reseccion de tumor maligno externo, con reconstruccion plastica",70742,92
COOPERATIVA DE VIVIENDA CONSUMO Y CREDITO HORIZONTE LIMITADA,76,6712,Plastica de codo,71001,93
COOPERATIVA DE VIVIENDA CONSUMO Y CREDITO HORIZONTE LIMITADA,76,6715,Plastica de manguito rotador por artroscopia,71003,94
COOPERATIVA DE VIVIENDA CONSUMO Y CREDITO HORIZONTE LIMITADA,76,7539,Plastica o comisurotomias valvulares Ao o pulmonares en el recien nacido.,71035,98
COOPERATIVA DE VIVIENDA CONSUMO Y CREDITO HORIZONTE LIMITADA,76,7595,Pleurectomia parcial por video-toracoscopia,71056,94
COOPERATIVA DE VIVIENDA CONSUMO Y CREDITO HORIZONTE LIMITADA,76,6225,Pleurodesis quimica por video-toracoscopia,70574,95
COOPERATIVA DE VIVIENDA CONSUMO Y CREDITO HORIZONTE LIMITADA,76,6227,Polidactilia,70575,91
COOPERATIVA DE VIVIENDA CONSUMO Y CREDITO HORIZONTE LIMITADA,76,6229,Polipo de cuello uterino,70577,89
COOPERATIVA DE VIVIENDA CONSUMO Y CREDITO HORIZONTE LIMITADA,76,6231,Potenciales evocados somatosensoriales,70578,91
COOPERATIVA DE VIVIENDA CONSUMO Y CREDITO HORIZONTE LIMITADA,76,6582,Trasplante oseo en procedimientos primarios,70890,94
COOPERATIVA DE VIVIENDA CONSUMO Y CREDITO HORIZONTE LIMITADA,76,6593,Tratamiento de las secuelas por paralisis (por cada procedimiento),70901,91
COOPERATIVA DE VIVIENDA CONSUMO Y CREDITO HORIZONTE LIMITADA,76,6235,Proctectomia con prostatectomia,70580,93
COOPERATIVA DE VIVIENDA CONSUMO Y CREDITO HORIZONTE LIMITADA,76,6236,Proctorrafia,70581,90
COOPERATIVA DE VIVIENDA CONSUMO Y CREDITO HORIZONTE LIMITADA,76,6237,Prolapso rectal,70582,91
COOPERATIVA DE VIVIENDA CONSUMO Y CREDITO HORIZONTE LIMITADA,76,8637,Prolapso tricompartimental,71221,95
COOPERATIVA DE VIVIENDA CONSUMO Y CREDITO HORIZONTE LIMITADA,76,6238,Prostatectomia o adenectomia con o sin vasectomia por videolaparoscopia,70583,94
COOPERATIVA DE VIVIENDA CONSUMO Y CREDITO HORIZONTE LIMITADA,76,6239,"Prostatectomia o adenectomia por via abdominal, con o sin vasectomia",70584,93
COOPERATIVA DE VIVIENDA CONSUMO Y CREDITO HORIZONTE LIMITADA,76,6240,Prostatectomia o adenomectomia por videolaparoscopia,70585,94
COOPERATIVA DE VIVIENDA CONSUMO Y CREDITO HORIZONTE LIMITADA,76,6243,Prostatectomia radical por videolaparoscopia,70588,95
COOPERATIVA DE VIVIENDA CONSUMO Y CREDITO HORIZONTE LIMITADA,76,6246,Protesis testicular unilateral,70591,93
COOPERATIVA DE VIVIENDA CONSUMO Y CREDITO HORIZONTE LIMITADA,76,6274,Querato-protesis,70617,94
COOPERATIVA DE VIVIENDA CONSUMO Y CREDITO HORIZONTE LIMITADA,76,6434,Revision de protesis total de rodilla,70768,95
COOPERATIVA DE VIVIENDA CONSUMO Y CREDITO HORIZONTE LIMITADA,76,6580,Trasplante oseo combinado con protesis,70888,95
COOPERATIVA DE VIVIENDA CONSUMO Y CREDITO HORIZONTE LIMITADA,76,8597,Debranching con protesis,71184,98
COOPERATIVA DE VIVIENDA CONSUMO Y CREDITO HORIZONTE LIMITADA,76,6247,Ptosis de parpado,70592,92
COOPERATIVA DE VIVIENDA CONSUMO Y CREDITO HORIZONTE LIMITADA,76,6248,Ptosis palpebral,70593,92
COOPERATIVA DE VIVIENDA CONSUMO Y CREDITO HORIZONTE LIMITADA,76,6261,Puncion de derrame escrotal,70603,89
COOPERATIVA DE VIVIENDA CONSUMO Y CREDITO HORIZONTE LIMITADA,76,6262,Puncion de ganglio linfatico,70604,89
COOPERATIVA DE VIVIENDA CONSUMO Y CREDITO HORIZONTE LIMITADA,76,6263,Puncion de la cavidad pleural para lavaje,70605,91
COOPERATIVA DE VIVIENDA CONSUMO Y CREDITO HORIZONTE LIMITADA,76,6265,Puncion del antro mastoideo,70607,90
COOPERATIVA DE VIVIENDA CONSUMO Y CREDITO HORIZONTE LIMITADA,76,6267,Puncion del seno esfenoidal,70609,91
COOPERATIVA DE VIVIENDA CONSUMO Y CREDITO HORIZONTE LIMITADA,76,6268,Puncion pleural,70610,89
COOPERATIVA DE VIVIENDA CONSUMO Y CREDITO HORIZONTE LIMITADA,76,6269,Puncion raquidea diagnostica,70611,90
COOPERATIVA DE VIVIENDA CONSUMO Y CREDITO HORIZONTE LIMITADA,76,6270,Puncion trans-fontanoidal,70612,90
COOPERATIVA DE VIVIENDA CONSUMO Y CREDITO HORIZONTE LIMITADA,76,6271,Puncion ventricular por trepanacion,70613,92
COOPERATIVA DE VIVIENDA CONSUMO Y CREDITO HORIZONTE LIMITADA,76,8653,Puncion guiada por TAC en quirofano,71237,91
COOPERATIVA DE VIVIENDA CONSUMO Y CREDITO HORIZONTE LIMITADA,76,6275,Queratocentesis,70618,90
COOPERATIVA DE VIVIENDA CONSUMO Y CREDITO HORIZONTE LIMITADA,76,6287,Quiste sacrococcigeo (tipo quiste pilonidal),69491,91
COOPERATIVA DE VIVIENDA CONSUMO Y CREDITO HORIZONTE LIMITADA,76,6276,Quiste artro-sinovial,70619,90
COOPERATIVA DE VIVIENDA CONSUMO Y CREDITO HORIZONTE LIMITADA,76,6277,Quiste de cordon,70620,90
COOPERATIVA DE VIVIENDA CONSUMO Y CREDITO HORIZONTE LIMITADA,76,6280,Quiste de ovario,70623,92
COOPERATIVA DE VIVIENDA CONSUMO Y CREDITO HORIZONTE LIMITADA,76,6281,Quiste de pancreas,70624,92
COOPERATIVA DE VIVIENDA CONSUMO Y CREDITO HORIZONTE LIMITADA,76,6282,Quiste de tumor de cuello,70625,92
COOPERATIVA DE VIVIENDA CONSUMO Y CREDITO HORIZONTE LIMITADA,76,6283,Quiste hidatidico de bazo,70626,92
COOPERATIVA DE VIVIENDA CONSUMO Y CREDITO HORIZONTE LIMITADA,76,6284,Quiste hidatidico de higado,70627,93
COOPERATIVA DE VIVIENDA CONSUMO Y CREDITO HORIZONTE LIMITADA,76,6285,Quiste o tumor de mesenterio,70628,92
COOPERATIVA DE VIVIENDA CONSUMO Y CREDITO HORIZONTE LIMITADA,76,6286,Quiste o tumor del hueco popliteo,70629,92
COOPERATIVA DE VIVIENDA CONSUMO Y CREDITO HORIZONTE LIMITADA,76,6399,Reseccion de quiste oseo,70736,90
COOPERATIVA DE VIVIENDA CONSUMO Y CREDITO HORIZONTE LIMITADA,76,6293,Radioterapia de intensidad modulada (IMRT),70636,91
COOPERATIVA DE VIVIENDA CONSUMO Y CREDITO HORIZONTE LIMITADA,76,6294,Radioterapia intraoperatoria,70637,95
COOPERATIVA DE VIVIENDA CONSUMO Y CREDITO HORIZONTE LIMITADA,76,6472,Simulacion de tratamiento para radioterapia,70803,90
COOPERATIVA DE VIVIENDA CONSUMO Y CREDITO HORIZONTE LIMITADA,76,6296,Reanimacion fuera del acto anestesiologico,70639,92
COOPERATIVA DE VIVIENDA CONSUMO Y CREDITO HORIZONTE LIMITADA,76,6299,Recarga de bomba elastomerica,70641,91
COOPERATIVA DE VIVIENDA CONSUMO Y CREDITO HORIZONTE LIMITADA,76,6300,Reconstruccion de areola y/o pezon,70642,91
COOPERATIVA DE VIVIENDA CONSUMO Y CREDITO HORIZONTE LIMITADA,76,6301,Reconstruccion de cavidad orbitaria,70643,93
COOPERATIVA DE VIVIENDA CONSUMO Y CREDITO HORIZONTE LIMITADA,76,6302,Reconstruccion de conducto auditivo externo,70644,92
COOPERATIVA DE VIVIENDA CONSUMO Y CREDITO HORIZONTE LIMITADA,76,6303,Reconstruccion de la pared abdominal,70645,93
COOPERATIVA DE VIVIENDA CONSUMO Y CREDITO HORIZONTE LIMITADA,76,6304,Reconstruccion de las vias biliares,70646,95
COOPERATIVA DE VIVIENDA CONSUMO Y CREDITO HORIZONTE LIMITADA,76,6305,Reconstruccion de ombligo,70647,90
COOPERATIVA DE VIVIENDA CONSUMO Y CREDITO HORIZONTE LIMITADA,76,6307,Reconstruccion de pene y/o escroto,70649,92
COOPERATIVA DE VIVIENDA CONSUMO Y CREDITO HORIZONTE LIMITADA,76,6308,Reconstruccion de pene y/o testiculo,70650,93
COOPERATIVA DE VIVIENDA CONSUMO Y CREDITO HORIZONTE LIMITADA,76,6313,Reconstruccion nasal parcial,70655,91
COOPERATIVA DE VIVIENDA CONSUMO Y CREDITO HORIZONTE LIMITADA,76,6314,Reconstruccion parcial de orbita o malar,70656,92
COOPERATIVA DE VIVIENDA CONSUMO Y CREDITO HORIZONTE LIMITADA,76,6316,Reconstruccion total de orbita,70658,93
COOPERATIVA DE VIVIENDA CONSUMO Y CREDITO HORIZONTE LIMITADA,76,6319,Reconstruccion total de parpado,70661,93
COOPERATIVA DE VIVIENDA CONSUMO Y CREDITO HORIZONTE LIMITADA,76,6320,Recto-sigmoidoscopia,70662,90
COOPERATIVA DE VIVIENDA CONSUMO Y CREDITO HORIZONTE LIMITADA,76,6321,Rectoscopia,70663,89
COOPERATIVA DE VIVIENDA CONSUMO Y CREDITO HORIZONTE LIMITADA,76,6414,Reseccion parcial osea infecciosa o tumoral de columna (corporectomia),70751,94
COOPERATIVA DE VIVIENDA CONSUMO Y CREDITO HORIZONTE LIMITADA,76,6425,Retinopexia y esclerectomia,70761,93
COOPERATIVA DE VIVIENDA CONSUMO Y CREDITO HORIZONTE LIMITADA,76,6455,Secuestrectomia,70786,93
COOPERATIVA DE VIVIENDA CONSUMO Y CREDITO HORIZONTE LIMITADA,76,6610,Trombo-endarterectomia de vasos perifericos,70915,94
COOPERATIVA DE VIVIENDA CONSUMO Y CREDITO HORIZONTE LIMITADA,76,6637,Tumorectomia,70942,91
COOPERATIVA DE VIVIENDA CONSUMO Y CREDITO HORIZONTE LIMITADA,76,6644,Ureterectomia,70948,91
COOPERATIVA DE VIVIENDA CONSUMO Y CREDITO HORIZONTE LIMITADA,76,6695,Vitrectomia,70988,94
COOPERATIVA DE VIVIENDA CONSUMO Y CREDITO HORIZONTE LIMITADA,76,6702,Reseccion de tumor de recto,70993,93
COOPERATIVA DE VIVIENDA CONSUMO Y CREDITO HORIZONTE LIMITADA,76,8641,Reseccion anterior baja de recto por videolaparoscopia,71225,95
COOPERATIVA DE VIVIENDA CONSUMO Y CREDITO HORIZONTE LIMITADA,76,6328,Reduccion incruenta cervical o dorsal,70670,92
COOPERATIVA DE VIVIENDA CONSUMO Y CREDITO HORIZONTE LIMITADA,76,8547,Reduccion incruenta con osteosintes percutanea - osteodesis,71137,91
COOPERATIVA DE VIVIENDA CONSUMO Y CREDITO HORIZONTE LIMITADA,76,8590,Citorreduccion oncologica,71177,99
COOPERATIVA DE VIVIENDA CONSUMO Y CREDITO HORIZONTE LIMITADA,76,6334,Reemplazo bi-valvular,70675,96
COOPERATIVA DE VIVIENDA CONSUMO Y CREDITO HORIZONTE LIMITADA,76,6339,Reemplazo total de femur,70679,95
COOPERATIVA DE VIVIENDA CONSUMO Y CREDITO HORIZONTE LIMITADA,76,6340,Reemplazo total de hombro,70680,95
COOPERATIVA DE VIVIENDA CONSUMO Y CREDITO HORIZONTE LIMITADA,76,6341,Reemplazo total de rodilla,70681,95
COOPERATIVA DE VIVIENDA CONSUMO Y CREDITO HORIZONTE LIMITADA,76,6342,Reemplazo valvular,70682,98
COOPERATIVA DE VIVIENDA CONSUMO Y CREDITO HORIZONTE LIMITADA,76,7535,Reemplazo valvular en hemodinamia ( TAVI),71032,96
COOPERATIVA DE VIVIENDA CONSUMO Y CREDITO HORIZONTE LIMITADA,76,6360,Remodelacion de la boveda craneana (turricefalia / plagiocefalia),70700,95
COOPERATIVA DE VIVIENDA CONSUMO Y CREDITO HORIZONTE LIMITADA,76,6361,"Remodelacion de la boveda craneana (turricefalia, plagioce falia)",70701,95
COOPERATIVA DE VIVIENDA CONSUMO Y CREDITO HORIZONTE LIMITADA,76,6365,Reparacion de senos craneales,70705,94
COOPERATIVA DE VIVIENDA CONSUMO Y CREDITO HORIZONTE LIMITADA,76,6367,Reparacion ligamentaria de rodilla (ligamento laterales y/o cruzados) por video-artroscopia,70706,94
COOPERATIVA DE VIVIENDA CONSUMO Y CREDITO HORIZONTE LIMITADA,76,6368,"Reparacion ligamentaria de tobillo (ligamentos laterales, etc)",70707,93
COOPERATIVA DE VIVIENDA CONSUMO Y CREDITO HORIZONTE LIMITADA,76,6417,Reseccion transuretral monopolar de prostata (TUR-P),69496,93
COOPERATIVA DE VIVIENDA CONSUMO Y CREDITO HORIZONTE LIMITADA,76,6000,Reseccion de tabique vaginal por videolaparoscopia,70376,92
COOPERATIVA DE VIVIENDA CONSUMO Y CREDITO HORIZONTE LIMITADA,76,6371,Reseccion pleuro-parietal,70710,93
COOPERATIVA DE VIVIENDA CONSUMO Y CREDITO HORIZONTE LIMITADA,76,6372,Reseccion costal,70711,90
COOPERATIVA DE VIVIENDA CONSUMO Y CREDITO HORIZONTE LIMITADA,76,6374,Reseccion cuneiforme de ovario,70713,91
COOPERATIVA DE VIVIENDA CONSUMO Y CREDITO HORIZONTE LIMITADA,76,6375,Reseccion de cabeza de radio o cubito,70714,91
COOPERATIVA DE VIVIENDA CONSUMO Y CREDITO HORIZONTE LIMITADA,76,6380,Reseccion de cuello de vejiga,70719,91
COOPERATIVA DE VIVIENDA CONSUMO Y CREDITO HORIZONTE LIMITADA,76,6381,Reseccion de epiplon,70720,91
COOPERATIVA DE VIVIENDA CONSUMO Y CREDITO HORIZONTE LIMITADA,76,6385,Reseccion de espolon calcaneo,70724,91
COOPERATIVA DE VIVIENDA CONSUMO Y CREDITO HORIZONTE LIMITADA,76,6386,Reseccion de exostosis,70725,90
COOPERATIVA DE VIVIENDA CONSUMO Y CREDITO HORIZONTE LIMITADA,76,6389,Reseccion de hasta 3 falanges,70727,90
COOPERATIVA DE VIVIENDA CONSUMO Y CREDITO HORIZONTE LIMITADA,76,6390,Reseccion de intestino delgado,70728,93
COOPERATIVA DE VIVIENDA CONSUMO Y CREDITO HORIZONTE LIMITADA,76,6392,Reseccion de mas de 3 falanges,70730,91
COOPERATIVA DE VIVIENDA CONSUMO Y CREDITO HORIZONTE LIMITADA,76,6394,Reseccion de osteoma del CAE,70732,92
COOPERATIVA DE VIVIENDA CONSUMO Y CREDITO HORIZONTE LIMITADA,76,6395,Reseccion de plexo hipogastrico,70733,92
COOPERATIVA DE VIVIENDA CONSUMO Y CREDITO HORIZONTE LIMITADA,76,6397,Reseccion de plexo hipogastrico por videolaparoscopia,70734,93
COOPERATIVA DE VIVIENDA CONSUMO Y CREDITO HORIZONTE LIMITADA,76,6398,Reseccion de queloide,70735,91
COOPERATIVA DE VIVIENDA CONSUMO Y CREDITO HORIZONTE LIMITADA,76,6401,Reseccion de tabique vaginal,70738,91
COOPERATIVA DE VIVIENDA CONSUMO Y CREDITO HORIZONTE LIMITADA,76,6402,Reseccion de tumor de mas de 5 cm,70739,91
COOPERATIVA DE VIVIENDA CONSUMO Y CREDITO HORIZONTE LIMITADA,76,6403,Reseccion de tumor de menos de 5 cm,70740,90
COOPERATIVA DE VIVIENDA CONSUMO Y CREDITO HORIZONTE LIMITADA,76,6407,Reseccion del plexo hipogastrico,70744,92
COOPERATIVA DE VIVIENDA CONSUMO Y CREDITO HORIZONTE LIMITADA,76,6411,Reseccion parcial de hueso infeccioso o tumoral,70748,92
COOPERATIVA DE VIVIENDA CONSUMO Y CREDITO HORIZONTE LIMITADA,76,6413,Reseccion parcial de pelvis infecciosa o tumoral,70750,92
COOPERATIVA DE VIVIENDA CONSUMO Y CREDITO HORIZONTE LIMITADA,76,6415,Reseccion submucosa del cornete inferior,70752,91
COOPERATIVA DE VIVIENDA CONSUMO Y CREDITO HORIZONTE LIMITADA,76,6416,Reseccion total de paladar,70753,94
COOPERATIVA DE VIVIENDA CONSUMO Y CREDITO HORIZONTE LIMITADA,76,6419,Reseccion tumoral de nervio periferico,70755,91
COOPERATIVA DE VIVIENDA CONSUMO Y CREDITO HORIZONTE LIMITADA,76,8549,Reseccion transmural endoscopica con sistema OVESCO o similares,71139,93
COOPERATIVA DE VIVIENDA CONSUMO Y CREDITO HORIZONTE LIMITADA,76,8550,Reseccion multivisceral sin quimioterapia intraabdominal,71140,106
COOPERATIVA DE VIVIENDA CONSUMO Y CREDITO HORIZONTE LIMITADA,76,8551,Reseccion transuretral de prostata (TUR-P) bipolar,71141,94
COOPERATIVA DE VIVIENDA CONSUMO Y CREDITO HORIZONTE LIMITADA,76,6422,Retinografia,70758,90
COOPERATIVA DE VIVIENDA CONSUMO Y CREDITO HORIZONTE LIMITADA,76,6426,Retiro de cables endocavitarios,70762,93
COOPERATIVA DE VIVIENDA CONSUMO Y CREDITO HORIZONTE LIMITADA,76,6427,Retoque de muñon,69498,91
COOPERATIVA DE VIVIENDA CONSUMO Y CREDITO HORIZONTE LIMITADA,76,6428,Retromentonismo no estetico,70763,91
COOPERATIVA DE VIVIENDA CONSUMO Y CREDITO HORIZONTE LIMITADA,76,8539,Internacion. Primera o revision.,71129,90
COOPERATIVA DE VIVIENDA CONSUMO Y CREDITO HORIZONTE LIMITADA,76,6437,Rinoseptumplastia,70771,94
COOPERATIVA DE VIVIENDA CONSUMO Y CREDITO HORIZONTE LIMITADA,76,6440,"Rinoplastia simple, no estetica",70774,90
COOPERATIVA DE VIVIENDA CONSUMO Y CREDITO HORIZONTE LIMITADA,76,6514,Taponamiento intra-uterino,70839,90
COOPERATIVA DE VIVIENDA CONSUMO Y CREDITO HORIZONTE LIMITADA,76,6606,Tratamiento quirurgico del neurinoma del acustico por via optica,70911,95
COOPERATIVA DE VIVIENDA CONSUMO Y CREDITO HORIZONTE LIMITADA,76,6442,Rizotomia del ligamento dentado,70775,93
COOPERATIVA DE VIVIENDA CONSUMO Y CREDITO HORIZONTE LIMITADA,76,6443,Rizotomia dorsal selectiva,70776,94
COOPERATIVA DE VIVIENDA CONSUMO Y CREDITO HORIZONTE LIMITADA,76,7513,Rizotomia estereotaxica por crioterapia del G. de Gasser,71014,98
COOPERATIVA DE VIVIENDA CONSUMO Y CREDITO HORIZONTE LIMITADA,76,6445,Safenectomia externa unilateral,70777,92
COOPERATIVA DE VIVIENDA CONSUMO Y CREDITO HORIZONTE LIMITADA,76,6446,Safenectomia interna unilateral,70778,92
COOPERATIVA DE VIVIENDA CONSUMO Y CREDITO HORIZONTE LIMITADA,76,6449,Salpingolisis / salpingoplastia unilateral,70781,92
COOPERATIVA DE VIVIENDA CONSUMO Y CREDITO HORIZONTE LIMITADA,76,6450,Salpingolisis / salpingoplastia unilateral por videolaparoscopia,70782,93
COOPERATIVA DE VIVIENDA CONSUMO Y CREDITO HORIZONTE LIMITADA,76,8565,Salpinguectomia para anticoncepcion bilateral,71153,93
COOPERATIVA DE VIVIENDA CONSUMO Y CREDITO HORIZONTE LIMITADA,76,6452,Seccion de aductores con o sin tenotomia,70783,92
COOPERATIVA DE VIVIENDA CONSUMO Y CREDITO HORIZONTE LIMITADA,76,6453,Seccion de frenillo lingual,70784,90
COOPERATIVA DE VIVIENDA CONSUMO Y CREDITO HORIZONTE LIMITADA,76,6454,Secuelas de paralisis facial en todas sus formas,70785,92
COOPERATIVA DE VIVIENDA CONSUMO Y CREDITO HORIZONTE LIMITADA,76,6456,Segmentectomia hepatica,70787,95
COOPERATIVA DE VIVIENDA CONSUMO Y CREDITO HORIZONTE LIMITADA,76,6459,Septumplastia video-endoscopica,70790,93
COOPERATIVA DE VIVIENDA CONSUMO Y CREDITO HORIZONTE LIMITADA,76,6461,Shunt porto-sistemico transyugular intra-hepatico (TIPS),70792,95
COOPERATIVA DE VIVIENDA CONSUMO Y CREDITO HORIZONTE LIMITADA,76,6462,Sialografia,70793,89
COOPERATIVA DE VIVIENDA CONSUMO Y CREDITO HORIZONTE LIMITADA,76,6463,Sigmoidectomia,70794,94
COOPERATIVA DE VIVIENDA CONSUMO Y CREDITO HORIZONTE LIMITADA,76,6464,Sigmoidectomia por videolaparoscopia,70795,95
COOPERATIVA DE VIVIENDA CONSUMO Y CREDITO HORIZONTE LIMITADA,76,6465,Simpatectomia abdominal o lumbar,70796,91
COOPERATIVA DE VIVIENDA CONSUMO Y CREDITO HORIZONTE LIMITADA,76,6466,Simpatectomia cervical,70797,92
COOPERATIVA DE VIVIENDA CONSUMO Y CREDITO HORIZONTE LIMITADA,76,6467,Simpatectomia lumbar,70798,91
COOPERATIVA DE VIVIENDA CONSUMO Y CREDITO HORIZONTE LIMITADA,76,6468,Simpatectomia lumbar o toracica (hiper-hidrosis),70799,93
COOPERATIVA DE VIVIENDA CONSUMO Y CREDITO HORIZONTE LIMITADA,76,6470,Simpatectomia periarterial,70801,91
COOPERATIVA DE VIVIENDA CONSUMO Y CREDITO HORIZONTE LIMITADA,76,6471,Simpatectomia toracica,70802,93
COOPERATIVA DE VIVIENDA CONSUMO Y CREDITO HORIZONTE LIMITADA,76,6473,Sindactilia,70804,91
COOPERATIVA DE VIVIENDA CONSUMO Y CREDITO HORIZONTE LIMITADA,76,6474,Sindrome apico-transverso,70805,95
COOPERATIVA DE VIVIENDA CONSUMO Y CREDITO HORIZONTE LIMITADA,76,6476,Sinovectomia,70807,91
COOPERATIVA DE VIVIENDA CONSUMO Y CREDITO HORIZONTE LIMITADA,76,6485,Sinusotomia por via endoscopica,69500,93
COOPERATIVA DE VIVIENDA CONSUMO Y CREDITO HORIZONTE LIMITADA,76,6478,Sinusotomia esfenoidal,70809,92
COOPERATIVA DE VIVIENDA CONSUMO Y CREDITO HORIZONTE LIMITADA,76,6479,Sinusotomia frontal externa (trepanacion del seno frontal),70810,91
COOPERATIVA DE VIVIENDA CONSUMO Y CREDITO HORIZONTE LIMITADA,76,6480,Sinusotomia frontal radical por via externa,70811,92
COOPERATIVA DE VIVIENDA CONSUMO Y CREDITO HORIZONTE LIMITADA,76,6484,Sinusotomias combinadas por via endoscopica,70815,94
COOPERATIVA DE VIVIENDA CONSUMO Y CREDITO HORIZONTE LIMITADA,76,8101,Spect cerebral en niños,69536,91
COOPERATIVA DE VIVIENDA CONSUMO Y CREDITO HORIZONTE LIMITADA,76,6489,Spect cerebral,70817,91
COOPERATIVA DE VIVIENDA CONSUMO Y CREDITO HORIZONTE LIMITADA,76,6490,Suprarrenalectomia laparoscopica unilateral,70818,95
COOPERATIVA DE VIVIENDA CONSUMO Y CREDITO HORIZONTE LIMITADA,76,6491,Sutura de conjuntiva,70819,90
COOPERATIVA DE VIVIENDA CONSUMO Y CREDITO HORIZONTE LIMITADA,76,6492,Sutura de cornea,70820,91
COOPERATIVA DE VIVIENDA CONSUMO Y CREDITO HORIZONTE LIMITADA,76,6493,Sutura de encia,70821,90
COOPERATIVA DE VIVIENDA CONSUMO Y CREDITO HORIZONTE LIMITADA,76,6494,Sutura de faringe,70822,92
COOPERATIVA DE VIVIENDA CONSUMO Y CREDITO HORIZONTE LIMITADA,76,6497,Sutura de lengua,70825,90
COOPERATIVA DE VIVIENDA CONSUMO Y CREDITO HORIZONTE LIMITADA,76,6498,Sutura de vasos perifericos,70826,92
COOPERATIVA DE VIVIENDA CONSUMO Y CREDITO HORIZONTE LIMITADA,76,6499,Sutura del pabellon auricular,70827,90
COOPERATIVA DE VIVIENDA CONSUMO Y CREDITO HORIZONTE LIMITADA,76,6500,Sutura del paladar,70828,90
COOPERATIVA DE VIVIENDA CONSUMO Y CREDITO HORIZONTE LIMITADA,76,6513,Taponaje anterior y/o posterior,70838,89
COOPERATIVA DE VIVIENDA CONSUMO Y CREDITO HORIZONTE LIMITADA,76,6515,Tarsorrafia,70840,90
COOPERATIVA DE VIVIENDA CONSUMO Y CREDITO HORIZONTE LIMITADA,76,6516,Telecanto,70842,92
COOPERATIVA DE VIVIENDA CONSUMO Y CREDITO HORIZONTE LIMITADA,76,6517,Tenolisis (hasta 3 tendones),70843,91
COOPERATIVA DE VIVIENDA CONSUMO Y CREDITO HORIZONTE LIMITADA,76,6518,Tenolisis o tenorrafia (4 o mas tendones),70844,92
COOPERATIVA DE VIVIENDA CONSUMO Y CREDITO HORIZONTE LIMITADA,76,6519,Tenoplastia multiple (mas de 3 tendones),70845,93
COOPERATIVA DE VIVIENDA CONSUMO Y CREDITO HORIZONTE LIMITADA,76,6520,Tenoplastia simple (hasta 3 tendones),70846,92
COOPERATIVA DE VIVIENDA CONSUMO Y CREDITO HORIZONTE LIMITADA,76,6521,Tenorrafia (hasta 3 tendones),70847,91
COOPERATIVA DE VIVIENDA CONSUMO Y CREDITO HORIZONTE LIMITADA,76,6522,Tenorrafia del tendon de aquiles o rotuliano,70848,92
COOPERATIVA DE VIVIENDA CONSUMO Y CREDITO HORIZONTE LIMITADA,76,6523,Tenotomia multiple,70849,91
COOPERATIVA DE VIVIENDA CONSUMO Y CREDITO HORIZONTE LIMITADA,76,6524,Tenotomia simple,70850,90
COOPERATIVA DE VIVIENDA CONSUMO Y CREDITO HORIZONTE LIMITADA,76,6511,TENS. (maximo 6 sesiones al mes),69502,91
COOPERATIVA DE VIVIENDA CONSUMO Y CREDITO HORIZONTE LIMITADA,76,6554,Toma de tension ocular,70865,90
COOPERATIVA DE VIVIENDA CONSUMO Y CREDITO HORIZONTE LIMITADA,76,8545,Quimioterapia intratecal,71135,94
COOPERATIVA DE VIVIENDA CONSUMO Y CREDITO HORIZONTE LIMITADA,76,6539,"Test de Opioide, Baclofen intratecal",69504,92
COOPERATIVA DE VIVIENDA CONSUMO Y CREDITO HORIZONTE LIMITADA,76,6540,Test de duccion forzada y fuerza generada,70852,90
COOPERATIVA DE VIVIENDA CONSUMO Y CREDITO HORIZONTE LIMITADA,76,6630,Tumor de testiculo,70934,91
COOPERATIVA DE VIVIENDA CONSUMO Y CREDITO HORIZONTE LIMITADA,76,6541,Timectomia por miastenia gravis,70853,94
COOPERATIVA DE VIVIENDA CONSUMO Y CREDITO HORIZONTE LIMITADA,76,6543,Timpanoplastia,70854,93
COOPERATIVA DE VIVIENDA CONSUMO Y CREDITO HORIZONTE LIMITADA,76,6544,Tiroidectomia por via endoscopica,70855,94
COOPERATIVA DE VIVIENDA CONSUMO Y CREDITO HORIZONTE LIMITADA,76,6545,Tiroidectomia total,70856,93
COOPERATIVA DE VIVIENDA CONSUMO Y CREDITO HORIZONTE LIMITADA,76,6546,Tiroidectomia total con vaciamiento cervical,70857,94
COOPERATIVA DE VIVIENDA CONSUMO Y CREDITO HORIZONTE LIMITADA,76,6547,Tiroidectomia total con vaciamiento cervical por via endoscopica,70858,95
COOPERATIVA DE VIVIENDA CONSUMO Y CREDITO HORIZONTE LIMITADA,76,6548,Toilette quirurgico con debridamiento,70859,90
COOPERATIVA DE VIVIENDA CONSUMO Y CREDITO HORIZONTE LIMITADA,76,6549,Toilette quirurgico de columna,70860,92
COOPERATIVA DE VIVIENDA CONSUMO Y CREDITO HORIZONTE LIMITADA,76,8646,Toilette de esternon,71230,93
COOPERATIVA DE VIVIENDA CONSUMO Y CREDITO HORIZONTE LIMITADA,76,6551,Toillete quirurgica,70862,89
COOPERATIVA DE VIVIENDA CONSUMO Y CREDITO HORIZONTE LIMITADA,76,6555,Tomografia computada de ojo,70866,90
COOPERATIVA DE VIVIENDA CONSUMO Y CREDITO HORIZONTE LIMITADA,76,6556,Toracoplastia,70867,92
COOPERATIVA DE VIVIENDA CONSUMO Y CREDITO HORIZONTE LIMITADA,76,6509,"TAC de torax, con o sin contraste",70836,91
COOPERATIVA DE VIVIENDA CONSUMO Y CREDITO HORIZONTE LIMITADA,76,6558,Torticolis congenita,70869,94
COOPERATIVA DE VIVIENDA CONSUMO Y CREDITO HORIZONTE LIMITADA,76,6560,Traccion de partes blandas,70871,89
COOPERATIVA DE VIVIENDA CONSUMO Y CREDITO HORIZONTE LIMITADA,76,6561,Traccion esqueletica,70872,89
COOPERATIVA DE VIVIENDA CONSUMO Y CREDITO HORIZONTE LIMITADA,76,8599,Distraccion osea,71186,94
COOPERATIVA DE VIVIENDA CONSUMO Y CREDITO HORIZONTE LIMITADA,76,6562,Tractotomia,70873,94
COOPERATIVA DE VIVIENDA CONSUMO Y CREDITO HORIZONTE LIMITADA,76,6563,Transferencias tendinosas (mas de 3 tendones),70874,93
COOPERATIVA DE VIVIENDA CONSUMO Y CREDITO HORIZONTE LIMITADA,76,6565,Transposicion de nervio periferico,70876,92
COOPERATIVA DE VIVIENDA CONSUMO Y CREDITO HORIZONTE LIMITADA,76,6566,Transposicion de tendones en miembro superior o miembro inferior,70877,93
COOPERATIVA DE VIVIENDA CONSUMO Y CREDITO HORIZONTE LIMITADA,76,6567,Transposicion del cubital,70878,91
COOPERATIVA DE VIVIENDA CONSUMO Y CREDITO HORIZONTE LIMITADA,76,6568,Traqueoplastia,70879,94
COOPERATIVA DE VIVIENDA CONSUMO Y CREDITO HORIZONTE LIMITADA,76,8559,Traqueoplastia en ECMO,71147,96
COOPERATIVA DE VIVIENDA CONSUMO Y CREDITO HORIZONTE LIMITADA,76,6569,Traqueorrafia,70880,92
COOPERATIVA DE VIVIENDA CONSUMO Y CREDITO HORIZONTE LIMITADA,76,6570,Traqueostomia,69506,91
COOPERATIVA DE VIVIENDA CONSUMO Y CREDITO HORIZONTE LIMITADA,76,6571,Traqueostomia o traqueotomia,69507,91
COOPERATIVA DE VIVIENDA CONSUMO Y CREDITO HORIZONTE LIMITADA,76,6572,Traqueostomia percutanea,70881,91
COOPERATIVA DE VIVIENDA CONSUMO Y CREDITO HORIZONTE LIMITADA,76,6576,Trasplante corazon-riñon,69508,108
COOPERATIVA DE VIVIENDA CONSUMO Y CREDITO HORIZONTE LIMITADA,76,6573,Trasplante de corazon,70882,107
COOPERATIVA DE VIVIENDA CONSUMO Y CREDITO HORIZONTE LIMITADA,76,6574,Trasplante de corazon y pulmon,70883,108
COOPERATIVA DE VIVIENDA CONSUMO Y CREDITO HORIZONTE LIMITADA,76,6575,Trasplante de corazon-pulmon,70884,108
COOPERATIVA DE VIVIENDA CONSUMO Y CREDITO HORIZONTE LIMITADA,76,6577,Trasplante de medula osea,70885,92
COOPERATIVA DE VIVIENDA CONSUMO Y CREDITO HORIZONTE LIMITADA,76,6578,Trasplante de pancreas,70886,106
COOPERATIVA DE VIVIENDA CONSUMO Y CREDITO HORIZONTE LIMITADA,76,6579,Trasplante hepatico,70887,107
COOPERATIVA DE VIVIENDA CONSUMO Y CREDITO HORIZONTE LIMITADA,76,6584,Trasplante oseo intercalares,70892,94
COOPERATIVA DE VIVIENDA CONSUMO Y CREDITO HORIZONTE LIMITADA,76,6585,Trasplante oseo osteo-articulares,70893,94
COOPERATIVA DE VIVIENDA CONSUMO Y CREDITO HORIZONTE LIMITADA,76,6586,Trasplante pulmonar,70894,106
COOPERATIVA DE VIVIENDA CONSUMO Y CREDITO HORIZONTE LIMITADA,76,6587,Trasplante renal,70895,96
COOPERATIVA DE VIVIENDA CONSUMO Y CREDITO HORIZONTE LIMITADA,76,6588,Trasplante reno-pancreatico,70896,107
COOPERATIVA DE VIVIENDA CONSUMO Y CREDITO HORIZONTE LIMITADA,76,6589,Trasplante y alargamiento (hasta 3 tendones),70897,92
COOPERATIVA DE VIVIENDA CONSUMO Y CREDITO HORIZONTE LIMITADA,76,6590,Trasplante y alargamiento (mas de 3 tendones),70898,93
COOPERATIVA DE VIVIENDA CONSUMO Y CREDITO HORIZONTE LIMITADA,76,6594,Tratamiento de las varices esofagicas (bandas / escleroris / balon),70902,91
COOPERATIVA DE VIVIENDA CONSUMO Y CREDITO HORIZONTE LIMITADA,76,6600,Tratamiento endovascular de arterias uterinas,70908,95
COOPERATIVA DE VIVIENDA CONSUMO Y CREDITO HORIZONTE LIMITADA,76,6607,Tratamiento quirurgico del onfalocele,70912,94
COOPERATIVA DE VIVIENDA CONSUMO Y CREDITO HORIZONTE LIMITADA,76,6510,TAC tridimensional,70837,91
COOPERATIVA DE VIVIENDA CONSUMO Y CREDITO HORIZONTE LIMITADA,76,6609,Trombectomia venosa profunda,70913,93
COOPERATIVA DE VIVIENDA CONSUMO Y CREDITO HORIZONTE LIMITADA,76,6720,Trombectomia intracraneal por hemodinamia,71006,96
COOPERATIVA DE VIVIENDA CONSUMO Y CREDITO HORIZONTE LIMITADA,76,6611,Trombosis hemorroidal,70916,90
COOPERATIVA DE VIVIENDA CONSUMO Y CREDITO HORIZONTE LIMITADA,76,6612,Trombosis mesenterica,70917,93
COOPERATIVA DE VIVIENDA CONSUMO Y CREDITO HORIZONTE LIMITADA,76,6616,Tumor de vagina,69509,92
COOPERATIVA DE VIVIENDA CONSUMO Y CREDITO HORIZONTE LIMITADA,76,5752,Extrirpacion de tumor oseo (mas de 5 cm),70154,91
COOPERATIVA DE VIVIENDA CONSUMO Y CREDITO HORIZONTE LIMITADA,76,6613,Tumor benigno de ano,70918,91
COOPERATIVA DE VIVIENDA CONSUMO Y CREDITO HORIZONTE LIMITADA,76,6615,Tumor benigno de vulva,70920,91
COOPERATIVA DE VIVIENDA CONSUMO Y CREDITO HORIZONTE LIMITADA,76,6617,Tumor cerebral intracraneal (mas de 8 horas de duracion),70921,96
COOPERATIVA DE VIVIENDA CONSUMO Y CREDITO HORIZONTE LIMITADA,76,6618,Tumor cerebral intracraneal (menos de 8 horas de duracion),70922,98
COOPERATIVA DE VIVIENDA CONSUMO Y CREDITO HORIZONTE LIMITADA,76,6620,Tumor de fosa posterior (mas de 8 horas de duracion),70924,96
COOPERATIVA DE VIVIENDA CONSUMO Y CREDITO HORIZONTE LIMITADA,76,6621,Tumor de fosa posterior (menos de 8 horas de duracion),70925,98
COOPERATIVA DE VIVIENDA CONSUMO Y CREDITO HORIZONTE LIMITADA,76,6622,Tumor de hipofisis (mas de 8 horas de duracion),70926,96
COOPERATIVA DE VIVIENDA CONSUMO Y CREDITO HORIZONTE LIMITADA,76,6623,Tumor de hipofisis (menos de 8 horas de duracion),70927,98
COOPERATIVA DE VIVIENDA CONSUMO Y CREDITO HORIZONTE LIMITADA,76,6624,Tumor de la pared costal,70928,92
COOPERATIVA DE VIVIENDA CONSUMO Y CREDITO HORIZONTE LIMITADA,76,6625,Tumor de la pared costal por videotoracoscopia,70929,93
COOPERATIVA DE VIVIENDA CONSUMO Y CREDITO HORIZONTE LIMITADA,76,6627,Tumor de ovario,70931,92
COOPERATIVA DE VIVIENDA CONSUMO Y CREDITO HORIZONTE LIMITADA,76,6629,Tumor de partes blandas,70933,90
COOPERATIVA DE VIVIENDA CONSUMO Y CREDITO HORIZONTE LIMITADA,76,6631,Tumor del glomus carotideo,70935,95
COOPERATIVA DE VIVIENDA CONSUMO Y CREDITO HORIZONTE LIMITADA,76,6632,Tumor del hueco supra-clavicular,70936,91
COOPERATIVA DE VIVIENDA CONSUMO Y CREDITO HORIZONTE LIMITADA,76,6633,Tumor fibroso de pie,70937,90
COOPERATIVA DE VIVIENDA CONSUMO Y CREDITO HORIZONTE LIMITADA,76,6634,Tumor retroperitoneal,70938,94
COOPERATIVA DE VIVIENDA CONSUMO Y CREDITO HORIZONTE LIMITADA,76,6635,Tumor retroperitoneal por video,70939,95
COOPERATIVA DE VIVIENDA CONSUMO Y CREDITO HORIZONTE LIMITADA,76,6638,Tumores mediastinales a cielo abierto,70943,94
COOPERATIVA DE VIVIENDA CONSUMO Y CREDITO HORIZONTE LIMITADA,76,6639,Tumores mediastinales por toracoscopia,70944,95
COOPERATIVA DE VIVIENDA CONSUMO Y CREDITO HORIZONTE LIMITADA,76,6640,Turbinectomia parcial o completa simple (unica o muliple),70945,92
COOPERATIVA DE VIVIENDA CONSUMO Y CREDITO HORIZONTE LIMITADA,76,6642,Turbinectomia video-endoscopica,70946,93
COOPERATIVA DE VIVIENDA CONSUMO Y CREDITO HORIZONTE LIMITADA,76,8649,Turbinectomia por radiofrecuencia,71233,93
COOPERATIVA DE VIVIENDA CONSUMO Y CREDITO HORIZONTE LIMITADA,76,6645,Ureterolitotomia,70949,92
COOPERATIVA DE VIVIENDA CONSUMO Y CREDITO HORIZONTE LIMITADA,76,6646,Ureteroscopia,70950,89
COOPERATIVA DE VIVIENDA CONSUMO Y CREDITO HORIZONTE LIMITADA,76,6675,Video cisto-ureteroscopia,70977,90
COOPERATIVA DE VIVIENDA CONSUMO Y CREDITO HORIZONTE LIMITADA,76,6647,Ureterostomia,70951,91
COOPERATIVA DE VIVIENDA CONSUMO Y CREDITO HORIZONTE LIMITADA,76,6648,Uretro-cisto-fibroscopia,70952,90
COOPERATIVA DE VIVIENDA CONSUMO Y CREDITO HORIZONTE LIMITADA,76,6649,Uretrografia,70953,89
COOPERATIVA DE VIVIENDA CONSUMO Y CREDITO HORIZONTE LIMITADA,76,6650,Uretrorrafia,70954,90
COOPERATIVA DE VIVIENDA CONSUMO Y CREDITO HORIZONTE LIMITADA,76,6651,Uretrotomia interna / uretroscopia,70955,89
COOPERATIVA DE VIVIENDA CONSUMO Y CREDITO HORIZONTE LIMITADA,76,5941,Laringuectomia radical con vaciamiento cervical,70327,95
COOPERATIVA DE VIVIENDA CONSUMO Y CREDITO HORIZONTE LIMITADA,76,6654,Vaciamiento ganglionar lumbo-aortico,70958,94
COOPERATIVA DE VIVIENDA CONSUMO Y CREDITO HORIZONTE LIMITADA,76,6655,Vaciamiento inguino-abdominal convencional,70959,93
COOPERATIVA DE VIVIENDA CONSUMO Y CREDITO HORIZONTE LIMITADA,76,6656,Vaciamiento inguino-abdominal o inguino-escrotal por video,70960,94
COOPERATIVA DE VIVIENDA CONSUMO Y CREDITO HORIZONTE LIMITADA,76,6657,Vaciamiento inguino-escrotal convencional,70961,93
COOPERATIVA DE VIVIENDA CONSUMO Y CREDITO HORIZONTE LIMITADA,76,6658,Vaciamiento radical unilateral de cuello,70962,92
COOPERATIVA DE VIVIENDA CONSUMO Y CREDITO HORIZONTE LIMITADA,76,6696,Vulvectomia con vaciamiento ganglionar,70989,94
COOPERATIVA DE VIVIENDA CONSUMO Y CREDITO HORIZONTE LIMITADA,76,6659,Vagotomia / vagotomia selectiva / gastropexia,70963,92
COOPERATIVA DE VIVIENDA CONSUMO Y CREDITO HORIZONTE LIMITADA,76,6660,Vagotomia por videolaparoscopia,70964,93
COOPERATIVA DE VIVIENDA CONSUMO Y CREDITO HORIZONTE LIMITADA,76,6661,Valvuloplastia aortica / pulmonar / tricuspidea / mitral / en hemodinamia,70965,98
COOPERATIVA DE VIVIENDA CONSUMO Y CREDITO HORIZONTE LIMITADA,76,6662,Valvuloplastia mitral o tricuspidea o aortica o pulmonar,70966,98
COOPERATIVA DE VIVIENDA CONSUMO Y CREDITO HORIZONTE LIMITADA,76,6652,Varicocele,70956,90
COOPERATIVA DE VIVIENDA CONSUMO Y CREDITO HORIZONTE LIMITADA,76,6665,Varicocele pelviano,70969,91
COOPERATIVA DE VIVIENDA CONSUMO Y CREDITO HORIZONTE LIMITADA,76,6666,Vasectomia,70970,91
COOPERATIVA DE VIVIENDA CONSUMO Y CREDITO HORIZONTE LIMITADA,76,6049,Neo-vejiga a cielo abierto,70420,95
COOPERATIVA DE VIVIENDA CONSUMO Y CREDITO HORIZONTE LIMITADA,76,6667,Ventana pleuro-pericardica,70971,94
COOPERATIVA DE VIVIENDA CONSUMO Y CREDITO HORIZONTE LIMITADA,76,6668,Ventana pleuro-pericardica por video,70972,95
COOPERATIVA DE VIVIENDA CONSUMO Y CREDITO HORIZONTE LIMITADA,76,6669,Ventriculo-cisternotomia,70973,94
COOPERATIVA DE VIVIENDA CONSUMO Y CREDITO HORIZONTE LIMITADA,76,6670,Ventriculo-cisternotomia videoasistida,70974,95
COOPERATIVA DE VIVIENDA CONSUMO Y CREDITO HORIZONTE LIMITADA,76,6673,Vertebroplastia (cada vertebra),69511,93
COOPERATIVA DE VIVIENDA CONSUMO Y CREDITO HORIZONTE LIMITADA,76,6671,Vertebroplastia percutanea (1 vertebra),70975,94
COOPERATIVA DE VIVIENDA CONSUMO Y CREDITO HORIZONTE LIMITADA,76,6672,Vertebroplastia percutanea ( 2 o mas vertebras),70976,95
COOPERATIVA DE VIVIENDA CONSUMO Y CREDITO HORIZONTE LIMITADA,76,6676,"Video-artroscopia compleja (codo, tobillo)",69512,94
COOPERATIVA DE VIVIENDA CONSUMO Y CREDITO HORIZONTE LIMITADA,76,6680,Video-artroscopia simple de rodilla para menisectomia,69513,93
COOPERATIVA DE VIVIENDA CONSUMO Y CREDITO HORIZONTE LIMITADA,76,7605,Video artroscopia simple de muñeca,69526,92
COOPERATIVA DE VIVIENDA CONSUMO Y CREDITO HORIZONTE LIMITADA,76,7606,Video artroscopia compleja de muñeca,69527,93
COOPERATIVA DE VIVIENDA CONSUMO Y CREDITO HORIZONTE LIMITADA,76,6678,Video-artroscopia de hombro / codo,70979,94
COOPERATIVA DE VIVIENDA CONSUMO Y CREDITO HORIZONTE LIMITADA,76,6679,Video-artroscopia de tobillo,70980,93
COOPERATIVA DE VIVIENDA CONSUMO Y CREDITO HORIZONTE LIMITADA,76,6682,Video-cistoscopia,70982,90
COOPERATIVA DE VIVIENDA CONSUMO Y CREDITO HORIZONTE LIMITADA,76,6687,Videobroncofibroscopia,70984,91
COOPERATIVA DE VIVIENDA CONSUMO Y CREDITO HORIZONTE LIMITADA,76,6688,Videolaparoscopica diagnostica,70985,93
COOPERATIVA DE VIVIENDA CONSUMO Y CREDITO HORIZONTE LIMITADA,76,6694,Videotoracoscopia convertida a via convencional,70987,95
COOPERATIVA DE VIVIENDA CONSUMO Y CREDITO HORIZONTE LIMITADA,76,7604,Video artroscopia de hombro,71063,94
COOPERATIVA DE VIVIENDA CONSUMO Y CREDITO HORIZONTE LIMITADA,76,8610,Eventroplastia por video,71197,93
COOPERATIVA DE VIVIENDA CONSUMO Y CREDITO HORIZONTE LIMITADA,76,8629,Metastasectomia por videolaparoscopia,71213,95
COOPERATIVA DE VIVIENDA CONSUMO Y CREDITO HORIZONTE LIMITADA,76,6697,Vulvectomia simple,70990,91
COOPERATIVA DE VIVIENDA CONSUMO Y CREDITO HORIZONTE LIMITADA,76,6698,Yeyunostomia,70991,92
COOPERATIVA DE VIVIENDA CONSUMO Y CREDITO HORIZONTE LIMITADA,76,6202,Pie zambo / varo / equino supinado,70551,93
BERKLEY,227,6689,Videolaparoscopia exploradora de abdomen,14836,92
BERKLEY,227,6692,Videolaparoscopia terapeutica de abdomen,14838,93
BERKLEY,227,5975,"Lipoaspiracion (cadera, muslo, abdomen) (hasta 2 zonas)",15037,93
BERKLEY,227,5976,"Lipoaspiracion (cadera, muslo, abdomen) (mas de 2 zonas)",15038,94
BERKLEY,227,5979,Liposuccion de abdomen,15039,93
BERKLEY,227,6506,"TAC de abdomen, con o sin contraste",15174,91
BERKLEY,227,5002,Abdominoplastia,14843,94
BERKLEY,227,5004,Ablacion por radiofrecuencia de arritmias complejas (tipo fibrilacion auricular),13645,98
BERKLEY,227,5005,Ablacion por radiofrecuencia de arritmias simples (tipo haz de His),13646,95
BERKLEY,227,6187,Patelectomia (ablacion de la rotula),14480,91
BERKLEY,227,5003,Ablacion de corazon,14844,95
BERKLEY,227,5083,Anestesiologo en ablacion de organos,14864,92
BERKLEY,227,6053,Neuroablacion aferentes articulacion de cadera con Rf,15056,93
BERKLEY,227,7532,Ablacion por radiofrecuencia de arritmias con navegador de impedancia,15546,95
BERKLEY,227,5006,Abocamiento del ureter a piel,13647,92
BERKLEY,227,5007,Aborto del segundo trimestre con mecanismo de parto seguido o no de legrado,13648,91
BERKLEY,227,5009,Absceso de mama / drenaje unilateral,13649,89
BERKLEY,227,5010,Absceso de pancreas,13650,92
BERKLEY,227,5011,Absceso de pared,13651,89
BERKLEY,227,5012,Absceso de parpado,13652,89
BERKLEY,227,5014,Absceso perianal,13653,89
BERKLEY,227,5015,Absceso perirectal,13654,91
BERKLEY,227,5540,Drenaje de absceso de glandula de Bartholino,14011,89
BERKLEY,227,5542,Drenaje de absceso hepatico guiado por ecografia,14012,91
BERKLEY,227,5544,Drenaje de absceso subfrenico,14014,91
BERKLEY,227,5545,Drenaje de absceso subfrenico por via laparoscopica,14015,93
BERKLEY,227,5546,Drenaje de absceso testicular,14016,89
BERKLEY,227,5547,Drenaje de absceso y/o quiste pancreatico guiado por ecografia,14017,91
BERKLEY,227,5894,"Incision y drenaje de laringe, absceso, pericondritis, etc.",14283,92
BERKLEY,227,5896,Incision y drenaje de paladar (absceso),14284,90
BERKLEY,227,5950,"Lesion local de pulmon (absceso, tumor)",14321,93
BERKLEY,227,5541,Drenaje de absceso en cabeza y/o cuello,14970,90
BERKLEY,227,5543,"Drenaje de absceso o hematoma, excepto en cabeza y cuello",14971,89
BERKLEY,227,8107,Absceso de higado,15303,92
BERKLEY,227,5013,Absceso gluteo,15469,89
BERKLEY,227,5814,Glosotomia con drenaje de absceso o hematoma,15497,90
BERKLEY,227,6135,"Osteoplastia / osteosintesis en: pseudo-artrosis, consolidacion viciosa, acortamiento, alargamiento, injerto de huesos",69350,93
BERKLEY,227,5016,Acortamiento de metatarsianos,13655,91
BERKLEY,227,6136,"Osteoplastia de tibia y/o perone: alargamiento, acortamiento / pseudoartrosis / consolidacion viciosa / injerto de huesos.",15476,93
BERKLEY,227,5017,Acromioplastia,13656,92
BERKLEY,227,6379,"Reseccion de clavicula o acromion, acromioplastia",14615,92
BERKLEY,227,5018,Acupuntura por sesion,14845,89
BERKLEY,227,5019,"Acupuntura, acupuntura laser o electroacupuntura, por sesion, maximo 6",14846,89
BERKLEY,227,5021,Adenomastectomia unilateral,13657,92
BERKLEY,227,5023,Adrenalectomia unilateral,13658,94
BERKLEY,227,5574,Embolizacion o alcoholizacion coronaria,14040,93
BERKLEY,227,5024,Alcoholizacion o fenolizacion de dos nervios perifericos,14847,91
BERKLEY,227,5025,Alcoholizacion o fenolizacion de mas de dos nervios perifericos,14848,92
BERKLEY,227,5026,Alcoholizacion o fenolizacion de par craneal (no V par),14849,93
BERKLEY,227,5028,Alcoholizacion o fenolizacion de rama secundaria de par craneal,14850,92
BERKLEY,227,5032,"Alcoholizacion o fenolizacion peridural, cervical, dorsal o lumbar",14851,94
BERKLEY,227,5035,Alcoholizacion o fenolizacion rama primaria de V par,14852,94
BERKLEY,227,5036,"Alcoholizacion o fenolizacion subaracnoidea cervical, dorsal o lumbar",14853,95
BERKLEY,227,5037,Amigdalectomia y/o adenoidectomia,13659,92
BERKLEY,227,5038,Amigdalectomia y/o adenoidectomia por radiofrecuencia,13660,93
BERKLEY,227,5827,Hemorragia post-adeno-amigdalectomia,14226,91
BERKLEY,227,6400,Reseccion de resto de amigdalectomia y/o resto de adeno-amigdalectomia,14630,91
BERKLEY,227,7609,Amigdalectomia  mas septumplastia,15508,94
BERKLEY,227,7610,Amigdalectomia  mas miringoplastia,15509,94
BERKLEY,227,7611,Amigdalectomia  mas colocacion de TTT,15510,94
BERKLEY,227,7529,Amigdalectomia  mas septumplastia mas colocacion de TTT,15511,95
BERKLEY,227,7530,Amigdalectomia  mas septumplastia mas miringoplastia,15512,95
BERKLEY,227,5039,Amniocentesis,13662,90
BERKLEY,227,5041,Amputacion de antebrazo,13663,95
BERKLEY,227,5042,Amputacion de brazo,13664,95
BERKLEY,227,5043,Amputacion de cuello como unico procedimiento,13665,90
BERKLEY,227,5044,Amputacion de dedo,13666,90
BERKLEY,227,5045,Amputacion de hasta 2 dedos del pie,13667,90
BERKLEY,227,5046,Amputacion de mano,13668,95
BERKLEY,227,5047,Amputacion de mas de 2 dedos del pie,13669,91
BERKLEY,227,5048,Amputacion de mas de 3 dedos,13670,91
BERKLEY,227,5049,Amputacion de menos de 3 dedos,13671,90
BERKLEY,227,5050,"Amputacion de muslo, pie o antepie",13672,92
BERKLEY,227,5053,Amputacion de pierna (supracondilea),13673,92
BERKLEY,227,5054,Amputacion inter-ilio-abdominal,13674,95
BERKLEY,227,5055,Amputacion inter-ilio-femoral,13675,94
BERKLEY,227,5056,Amputacion parcial o total de pene,13676,92
BERKLEY,227,5997,Mastectomia unilateral (amputacion simple de mama),14358,92
BERKLEY,227,5051,Amputacion de oreja,14854,91
BERKLEY,227,5462,Crioneurolisis de neuroma de amputacion,14955,92
BERKLEY,227,5040,Amputacion abdomino-perineal (operacion de Miles o similares) (se reseca recto y ano y se deja colosto- mia definitiva en FII),15359,95
BERKLEY,227,5052,Amputacion de pie,15473,92
BERKLEY,227,8500,"Analgesia peridural, lumbar o toracica, colocacion de cateter, puesta en marcha de la infusion. Dia 0",66589,92
BERKLEY,227,8503,"Analgesia peridural continua, con bomba, control dias subsiguientes a la colocacion. Hasta 72 hs. Por dia.",69333,90
BERKLEY,227,8504,"Analgesia peridural continua, sin bomba, control dias subsiguientes a la colocacion. Hasta 72 hs. Por dia.",69334,89
BERKLEY,227,8505,"Analgesia intratecal, controles dias subsiguientes. Por dia (hasta 48 hs)",69355,91
BERKLEY,227,8506,"Analgesia intratecal, dosis unica, colocacion",69356,91
BERKLEY,227,8516,"Analgesia sistemica continua, sin PCA, instalacion y puesta en marcha",69366,90
BERKLEY,227,8533,Control diario de analgesia sistemica sin bomba de infusion por dia,69383,90
BERKLEY,227,5057,Analgesia / anestesia raquidea o peridural en periodo expulsivo,13677,92
BERKLEY,227,5061,"Analgesia regional continua , primer dia cateter. Incluye colocacion de",14855,92
BERKLEY,227,5062,Analgesia regional continua c/24 hs o fraccion siguiente,14856,89
BERKLEY,227,5066,Analgesia regional continua con colocacion de cateter: 1ras 24 hs o fraccion siguiente,14857,91
BERKLEY,227,5067,"Analgesia regional continua, dias siguientes, por dia",14858,89
BERKLEY,227,5069,Analgesia regional por bloqueo subaracnoideo con fenol o similar,14859,90
BERKLEY,227,5077,Anestesia o sedacion-analgesia para fenolizacion de plexo vegetativo,14860,91
BERKLEY,227,5078,Anestesia o sedacion-analgesia para termolesion por rf,14861,92
BERKLEY,227,5143,Barbotaje de liquido cefaloraquideo / crioanalgesia,14873,90
BERKLEY,227,5220,"Bloqueo periferico para analgesia postquirurgica: interescalencio, infraclavicular, femoral, ciatico, etc.",14905,91
BERKLEY,227,6012,"Medicacion sistemica antalgica (neuroleptoanalgesia, agripnianalgesia): 1ras 24 hs o fraccion",15051,90
BERKLEY,227,6013,"Medicacion sistemica antalgica (neuroleptoanalgesia, agripnianalgesia): c/24hs o fraccion sig.",15204,89
BERKLEY,227,5059,Analgesia continua sistemica con o sin Pca. Controles,15208,89
BERKLEY,227,5064,"Analgesia regional continua con bomba de infusion para SDRC, (DSR) dias subsiguientes",15212,89
BERKLEY,227,5076,"Anestesia o sedacion-analgesia para bloqueos diagnosticos, corticoides",15216,90
BERKLEY,227,5058,Analgesia continua sistemica con o sin Pca. instalacion y primer dia de tratamiento,15218,90
BERKLEY,227,5879,Implante de cateter tunelizado para analgesia postop. o de corta duracion,15250,91
BERKLEY,227,5063,"Analgesia regional continua con bomba de infusion para SDRC, (DSR) colocacion y primer dia",15251,92
BERKLEY,227,7518,Adesiolisis radicular segun Raez. No incluye honorarios por analgesia,15281,95
BERKLEY,227,5060,Analgesia durante el trabajo de parto (peridural continua o perfusion de remifentanilo) menos de 90 minutos,15403,92
BERKLEY,227,5070,Anastomosis bilio-digestiva con o sin colecistectomia,13678,94
BERKLEY,227,5071,Anastomosis de conducto deferente,13679,90
BERKLEY,227,5072,Anastomosis pancreato-digestiva,13680,93
BERKLEY,227,5073,Anastomosis porto-cava o espleno-renal,13681,95
BERKLEY,227,5074,Anastomosis termino-terminal,13682,92
BERKLEY,227,5075,Anastomosis uretero-sigmoidea,13683,93
BERKLEY,227,5358,Coledoco-duodeno-anastomosis,13878,93
BERKLEY,227,5428,"Correccion de fistula biliar con anastomosis bilio-digestiva, con o sin colecistectomia",13930,94
BERKLEY,227,5479,Dacrio-cistorrinoanastomosis,13963,93
BERKLEY,227,5769,Fistula uretero-vaginal con anastomosis uretero-vesical,14183,94
BERKLEY,227,5774,Fistula vesico-utero-vaginal con anastomosis uretero-intestinal,14188,94
BERKLEY,227,5801,Gastroenteroanastomosis,14203,93
BERKLEY,227,5916,Injerto y/o anastomosis facial / hipogloso o similar,14294,92
BERKLEY,227,5658,Examen ginecologico bajo anestesia,69298,89
BERKLEY,227,8501,"Bloqueo peridural con anestesia local, opioides y/o corticoides (lumbar, Dorsal o Caudal)",69326,91
BERKLEY,227,8502,"Bloqueo peridural con anestesia local, opioides y/o corticoides (lumbar, Dorsal o Caudal) bajo radioscopia",69327,92
BERKLEY,227,8655,Anestesia para implante transitorio/definitivo de bomba intratecal (estimulador medular),71246,94
BERKLEY,227,5079,Anestesia para neurotomia (facial / glosofaringeo / neumogastrico),13684,91
BERKLEY,227,5080,Anestesia para neurotomia (infra o supraorbitaria / suboccipital / temporal superior),13685,91
BERKLEY,227,5657,Examen gineco-obstetrico bajo anestesia,14103,89
BERKLEY,227,6036,Movilizaciones bajo anestesia general o regional,14387,89
BERKLEY,227,6559,Trabajo de parto bajo anestesia epidural continua que fracasa y que termina en cesarea,14734,94
BERKLEY,227,5081,Anestesia para sesion de cobaltoterapia o acelerador,14862,90
BERKLEY,227,5082,Anestesia para terapia electroconvulsiva,14863,90
BERKLEY,227,5413,"Conduccion del trabajo de parto bajo anestesia epidural continua, que termina en parto (mas de 90 minutos)",15404,93
BERKLEY,227,5084,Aneurisma de la aorta abdominal complicado,13686,98
BERKLEY,227,5085,Aneurisma de la aorta abdominal no complicado,13687,95
BERKLEY,227,5086,Aneurisma del cayado de la aorta ascendente o descendente,13688,98
BERKLEY,227,5088,Aneurismas medulares,13689,95
BERKLEY,227,5089,Aneurismas o malformaciones A-V medulares,13690,95
BERKLEY,227,5090,Angiografia de control del tratamiento de aneurisma,13691,92
BERKLEY,227,5302,Cirugia de aneurisma cerebral (mas de 8 horas de duracion),13834,98
BERKLEY,227,5303,Cirugia de aneurisma cerebral (menos de 8 horas de duracion),13835,98
BERKLEY,227,5423,Correccion de aneurisma de fistula arterio-venosa,13925,93
BERKLEY,227,5424,Correccion de aneurisma o pseudo-aneurisma femoral,13926,94
BERKLEY,227,6592,Tratamiento de aneurisma con coils con o sin colocacion de stent,14760,95
BERKLEY,227,6595,Tratamiento de pseudoaneurisma con o sin colocacion de stent,14763,95
BERKLEY,227,6599,Tratamiento endovascular de aneurisma o pseudoaneurisma periferico,14766,94
BERKLEY,227,5087,Aneurisma ventricular,14865,95
BERKLEY,227,7551,Tratamiento endovascular aneurisma cerebral (embolizacion de aneurisma cerebral por hemodinamia),15532,95
BERKLEY,227,6601,Tratamiento endovascular de dos o mas aneurismas cerebrales (embolizacion de 2 o mas aneurismas cerebrales),15533,98
BERKLEY,227,7550,Tratamiento quirurgico de aneurisma o pseudo-aneurisma humeral o femoral con by-pass,15544,98
BERKLEY,227,7584,Angiodisplasia,15340,92
BERKLEY,227,5091,Angiografia de vasos de miembros inferior o superior,13692,92
BERKLEY,227,5092,Angiografia de vasos uterinos,13694,92
BERKLEY,227,5093,Angiografia del cuello,13695,92
BERKLEY,227,5094,Angiografia medular,13698,92
BERKLEY,227,5095,Angioplastia coronaria con o sin colocacion de stent,13699,94
BERKLEY,227,5096,Angioplastia de mas de un vaso con o sin stent,13700,93
BERKLEY,227,5097,Angioplastia de un vaso periferico con o sin stent,13701,92
BERKLEY,227,7536,Angioplastia o remplazo valvular en pacientes con ASA 4,15289,98
BERKLEY,227,7533,Correccion de coartacion de aorta en hemodinamia en el recien nacido (Angioplastia),15547,98
BERKLEY,227,5100,Anquilosis temporo-mandibular bilateral,14866,93
BERKLEY,227,5101,"Anquilosis temporo-mandibular, unilateral",14867,92
BERKLEY,227,5102,Antrotomia y atico-antrotomia,13704,92
BERKLEY,227,8542,Nucleoplastia y / o anuloplastia con Rf. ( 2 o 3 discos),69392,98
BERKLEY,227,5103,Anuloplastia mitral o tricuspidea,14868,95
BERKLEY,227,7505,Nucleoplastia y/o anuloplastia con Rf (un disco),15274,98
BERKLEY,227,7506,Nucleoplastia y/o anuloplastia con Rf (dos a tres discos),15278,98
BERKLEY,227,5104,Aortografia por cateterismo,13705,92
BERKLEY,227,5105,Aortografia por puncion,13706,91
BERKLEY,227,6707,Apendicectomia Convertida,60858,94
BERKLEY,227,5106,Apendicectomia por via convencional,13707,92
BERKLEY,227,5107,Apendicectomia por videolaparoscopia,13708,93
BERKLEY,227,5517,Diatermia o crioaplicacion escleral,13993,90
BERKLEY,227,6423,Retinopexia (diatermia y o crioaplicacion),14644,92
BERKLEY,227,5108,Aplicacion de laser en retina,15526,90
BERKLEY,227,5109,Aponeurotomia / fasciotomia cutanea,13710,90
BERKLEY,227,6703,Tac de Columna (Cada Area),60854,91
BERKLEY,227,5264,Cesarea,13803,93
BERKLEY,227,5265,Cesarea por placenta acreta o sus variedades con o sin embolizacion y que termina en histerectomia,13804,98
BERKLEY,227,6688,"Videolaparoscopia diagnostica (incluye endometriosis, prueba de Cote y ligadura tubarea bilateral)",14835,92
BERKLEY,227,6421,Resonancia (un area) con espectroscopia,15161,93
BERKLEY,227,6289,"RMN (dos areas), con o sin contraste",15166,92
BERKLEY,227,6290,"RMN (mas de dos areas), con o sin contraste",15167,93
BERKLEY,227,6291,"RMN (un area), con o sin contraste",15168,91
BERKLEY,227,6507,TAC de cerebro / orbita / cara / cuello (un area) (con o sin contraste),15175,90
BERKLEY,227,5110,Arreglos dentales de mas de 4 piezas (obturacion dentaria),13711,93
BERKLEY,227,5111,Arreglos dentales hasta 4 piezas (obturacion dentaria),13712,92
BERKLEY,227,5112,Arteriografia,13713,90
BERKLEY,227,5113,Arteriografia cerebral por cateterismo,13714,90
BERKLEY,227,5114,Arteriografia renal,13715,90
BERKLEY,227,6174,Panarteriografia cerebral,14469,92
BERKLEY,227,5115,Artrocentesis,13716,89
BERKLEY,227,5116,Artrodesis cervical,13717,95
BERKLEY,227,5117,Artrodesis de cadera,13718,93
BERKLEY,227,5118,Artrodesis de hasta tres dedos,13719,91
BERKLEY,227,5119,Artrodesis de hombro,13720,92
BERKLEY,227,5120,Artrodesis de mas de 3 dedos en miembro inferior,13721,92
BERKLEY,227,5121,Artrodesis de mas de tres dedos,13722,92
BERKLEY,227,5122,Artrodesis de menos de 3 dedos,13723,91
BERKLEY,227,5123,Artrodesis de menos de 3 dedos en miembro inferior,13724,91
BERKLEY,227,5124,Artrodesis de muñeca / tarso / hombro / codo,13725,92
BERKLEY,227,5125,Artrodesis de pie y tibioastragalina,13726,92
BERKLEY,227,5126,Artrodesis de rodilla,13727,92
BERKLEY,227,5127,Artrodesis dinamica de columna (colocacion de espaciadores),13728,95
BERKLEY,227,5128,Artrodesis instrumentada de columna cervical,13729,95
BERKLEY,227,5129,Artrodesis instrumentada de columna dorso-lumbar (tipo Harrington y similares),13730,95
BERKLEY,227,5130,Artrodesis tibio-peronea-astragalina o medio tarsiana de Chopart,13731,93
BERKLEY,227,7500,Artrodesis dorsal lumbar o sacra,15485,95
BERKLEY,227,5131,Artrolisis,13733,90
BERKLEY,227,5136,Artrotomia / artrolisis / exploracion intra-articular,13738,91
BERKLEY,227,5132,Artroplastia (no de cadera),13734,93
BERKLEY,227,5133,Artroplastia de cadera,13735,94
BERKLEY,227,5134,Artroplastia de hombro,13736,93
BERKLEY,227,5135,Artroplastia de un dedo,13737,91
BERKLEY,227,5821,Hemi-artroplastia de cadera,14219,93
BERKLEY,227,6337,Reemplazo parcial de cadera / hemi-artroplastia,14581,93
BERKLEY,227,6581,Trasplante oseo con artroplastias primarias,14749,95
BERKLEY,227,6583,Trasplante oseo en revision de artroplastias,14751,98
BERKLEY,227,5137,"Aspiracion, lavado e implante de vitreo",13739,92
BERKLEY,227,5139,Atresia ano-rectal en pediatria / malformaciones congenitas anorectales,13740,95
BERKLEY,227,5140,Atresia de coanas por via palatina,13741,94
BERKLEY,227,5141,Atresia de esofago por video-toracoscopia,13742,98
BERKLEY,227,5991,Malformaciones congenitas de esofago (atresia de esofago / fistula traqueo-esofagica),14353,95
BERKLEY,227,5142,Auriculotomia,14872,95
BERKLEY,227,5144,Bermellectomia,14874,90
BERKLEY,227,5182,Biopsia y/o cauterizacion de cuello uterino,69297,89
BERKLEY,227,5145,"Biopsia (peritoneo, epiplon, etc)",13745,91
BERKLEY,227,5146,Biopsia costal,13746,89
BERKLEY,227,5147,Biopsia de Daniels del hueco supraclavicular,13747,91
BERKLEY,227,5148,Biopsia de encia,13748,90
BERKLEY,227,5149,Biopsia de endocardio / miocardio en hemodinamia,13749,93
BERKLEY,227,5150,Biopsia de epididimo,13750,90
BERKLEY,227,5151,Biopsia de faringe y/o amigdala,13751,90
BERKLEY,227,5153,Biopsia de ganglios linfaticos de la pared toracica,13752,90
BERKLEY,227,5154,Biopsia de glandula salival,13753,90
BERKLEY,227,5155,Biopsia de higado a cielo abierto o laparoscopica,13754,91
BERKLEY,227,5156,Biopsia de higado laparoscopica,13755,91
BERKLEY,227,5157,Biopsia de laringe,13756,91
BERKLEY,227,5158,Biopsia de lesion nasofaringea,13757,90
BERKLEY,227,5159,Biopsia de mama unilateral,13758,90
BERKLEY,227,5160,Biopsia de pancreas a cielo abierto,13759,92
BERKLEY,227,5161,Biopsia de pene,13760,89
BERKLEY,227,5162,Biopsia de pericardio,13761,92
BERKLEY,227,5165,Biopsia de testiculo,13762,90
BERKLEY,227,5166,Biopsia de vagina,13763,89
BERKLEY,227,5167,Biopsia de vejiga,13764,90
BERKLEY,227,5168,Biopsia de vertebra,13765,91
BERKLEY,227,5169,Biopsia de vulva,13766,89
BERKLEY,227,5170,Biopsia del paladar,13767,90
BERKLEY,227,5171,Biopsia muscular,13768,90
BERKLEY,227,5173,Biopsia o sutura de la boca o mejilla,13769,90
BERKLEY,227,5175,Biopsia prostatica por puncion,13770,89
BERKLEY,227,5176,Biopsia quirurgica de femur o cadera,13771,91
BERKLEY,227,5177,Biopsia quirurgica de hueso (no de femur o cadera),13773,90
BERKLEY,227,5178,Biopsia radioquirurgica de mama,13774,91
BERKLEY,227,5179,Biopsia renal percutanea (quirofano),13775,89
BERKLEY,227,5180,Biopsia renal percutanea guiado por ecografia u otro metodo (fuera de quirofano),13776,90
BERKLEY,227,5181,Biopsia traqueal o bronquial,13777,90
BERKLEY,227,5405,Colonovideoscopia con o sin biopsia,13913,91
BERKLEY,227,5552,Drenaje pleural por toracotomia minima y/o biopsia pleural,14024,90
BERKLEY,227,5676,Exploracion renal con o sin biopsia,14119,91
BERKLEY,227,5718,Extraccion de cuerpo extraño de orbita / exploracion / biopsia / drenaje,14143,91
BERKLEY,227,5898,Incision y drenaje del CAE y/o biopsia,14286,90
BERKLEY,227,5899,Incision y drenaje/ biopsia o sutura de labio,14287,89
BERKLEY,227,6249,Puncion / biopsia de prostata bajo control ecografico,14535,90
BERKLEY,227,6252,Puncion biopsia de hueso,14538,89
BERKLEY,227,6253,Puncion biopsia de tiroides,14539,89
BERKLEY,227,6254,Puncion biopsia de tiroides a cielo abierto,14540,90
BERKLEY,227,6258,Puncion biopsia percutanea de bazo o pancreas,14541,89
BERKLEY,227,6259,Puncion biopsia percutanea de higado,14542,89
BERKLEY,227,6266,Puncion del seno con o sin insercion de sonda y/o biopsia de seno paranasal,14546,89
BERKLEY,227,6505,Sutura y/o biopsia de nariz,14709,90
BERKLEY,227,6557,Toracotomia exploradora amplia y/o biopsia pulmonar,14733,94
BERKLEY,227,5152,Biopsia de ganglios linfaticos de cuello,14875,90
BERKLEY,227,5163,Biopsia de piel en cabeza y/o cuello,14876,90
BERKLEY,227,5164,"Biopsia de piel, excepto en cabeza y cuello",14877,89
BERKLEY,227,5172,Biopsia o exeresis de ganglios linfaticos,14878,90
BERKLEY,227,5174,Biopsia osea a cielo abierto,14879,90
BERKLEY,227,6257,Puncion biopsia guiada por ecografia,15113,91
BERKLEY,227,6255,Puncion biopsia guiada por TAC (fuera de quirofano),15114,90
BERKLEY,227,7594,Biopsia Pulmonar o Mediastinal por video-toracoscopia,15371,92
BERKLEY,227,6127,Operacion del hueco supraclavicular (tipo biopsia de Daniels),15480,91
BERKLEY,227,5184,Blefaroplastia bilateral,14880,93
BERKLEY,227,5185,"Blefaroplastia simple, no estetica",14881,92
BERKLEY,227,8103,Blefaroplastia unilateral,15254,92
BERKLEY,227,5183,Blefaroplastia,15524,92
BERKLEY,227,7778,"Bloqueo regional periferico dosis unica, un solo nervio, eco guiado",69275,91
BERKLEY,227,7779,"Bloqueo regional periferico dosis unica, mas de un nervio, eco guiado",69276,92
BERKLEY,227,7780,"Bloqueo regional periferico continuo con cateter, sin bomba control dias sub siguientes a la colocacion (hasta 72 horas) por dia",69277,89
BERKLEY,227,7781,"Bloqueo regional periferico continuo con cateter, con bomba control dias subsiguientes a la colocacion (hasta 72 horas) por dia",69278,90
BERKLEY,227,7782,"Bloqueo del musculo erector espinal, ecoguiado, dosis unica",69279,91
BERKLEY,227,7783,"Bloqueo del musculo erector espinal, ecoguiado continuo. Colocacion de cateter",69280,92
BERKLEY,227,7784,"Bloqueo del musculo erector espinal, continuo, sin bomba, control dias subsiguientes hasta 48 por dia",69281,89
BERKLEY,227,7785,"Bloqueo del musculo erector espinal, continuo, con bomba, control dias subsiguientes hasta 48 horas por dia",69282,90
BERKLEY,227,7787,Bloqueo radicular selectivo cervical/dorsal o lumbar (hasta 2 niveles),69283,93
BERKLEY,227,7786,Bloqueo radicular selectivo cervical/dorsal o lumbar (mas de 2 niveles),69284,94
BERKLEY,227,7788,Bloqueo radicular selectivo (hasta 2 niveles),69285,92
BERKLEY,227,7789,Bloqueo radicular selectivo (mas de 2 niveles),69286,93
BERKLEY,227,8517,Bloqueo del nervio Occipital Mayor unilateral,69367,93
BERKLEY,227,8518,Bloqueo diagnostico de cadera/hombro,69368,94
BERKLEY,227,8519,Bloqueo diagnostico del ganglio estrellado,69369,94
BERKLEY,227,8520,"Bloqueo facetario cervical, dorsal o lumbar bajo radioscopia",69370,94
BERKLEY,227,8521,"Bloqueo ganglio simpatico toracico, lumbar, dorsal o hipogastrico superior",69371,95
BERKLEY,227,8525,Bloqueo paravertebral unilateral,69375,93
BERKLEY,227,8526,Bloqueo terapeutico de rodilla (N. geniculados) unilateral,69376,93
BERKLEY,227,8527,Bloqueo transforminal (mas de 1 nivel),69377,93
BERKLEY,227,8528,Bloqueo transforminal selectivo,69378,92
BERKLEY,227,8654,"Bloqueo regional continuo, con colocacion de cateter, eco guiado. Dia 0",69399,92
BERKLEY,227,5215,Bloqueo extra-craneal antalgico,13779,90
BERKLEY,227,5186,Bloqueo de G Esfenopalatino,14882,94
BERKLEY,227,5191,Bloqueo de hasta dos nervios craneales (no G de Gasser) x sesion,14883,90
BERKLEY,227,5192,Bloqueo de mas de dos nervios craneales (no G Gasser) por sesion,14884,91
BERKLEY,227,5193,Bloqueo de nervio periferico por sesion,14885,89
BERKLEY,227,5194,Bloqueo diagnostico / terapeutico de hombro,14886,90
BERKLEY,227,5195,Bloqueo diagnostico / terapeutico de rodilla,14887,90
BERKLEY,227,5196,Bloqueo diagnostico articulacion atlanto axoidea uni o bilateral,14888,91
BERKLEY,227,5197,Bloqueo diagnostico articulacion atlanto-occipital uni o bilateral,14889,91
BERKLEY,227,5198,Bloqueo diagnostico de cadera,14890,91
BERKLEY,227,5199,"Bloqueo diagnostico diferencial, por sesion",14891,89
BERKLEY,227,5200,Bloqueo diagnostico ganglio de Walter,14892,92
BERKLEY,227,5201,Bloqueo diagnostico nervio periferico bajo radioscopia,14894,91
BERKLEY,227,5202,Bloqueo diagnostico nervio periferico sin Rx,14895,90
BERKLEY,227,5203,"Bloqueo diagnostico o neurolisis de plexo celiaco, ganglio estrellado, o similar .",14896,90
BERKLEY,227,5204,Bloqueo diagnostico o terapeutico art sacro-iliaca bilateral,14897,93
BERKLEY,227,5205,Bloqueo diagnostico o terapeutico art sacro-iliaca unilateral,14898,92
BERKLEY,227,5206,Bloqueo diagnostico o terapeutico de G Estrellado. Unilateral,14899,91
BERKLEY,227,5207,Bloqueo diagnostico o terapeutico de G Simpatico lumbar.,14900,92
BERKLEY,227,5210,Bloqueo diagnostico o terapeutico de Ganglio de Walther,14901,91
BERKLEY,227,5216,Bloqueo facetario diagnostico ( hasta dos facetas),14902,92
BERKLEY,227,5217,Bloqueo facetario diagnostico (mas de 2 facetas),14903,93
BERKLEY,227,5219,Bloqueo paravertebral mas de dos nervios por sesion,14904,91
BERKLEY,227,5223,Bloqueo transforaminal (mas de 1 nivel),14906,92
BERKLEY,227,5218,Bloqueo paravertebral hasta dos nervios,15213,90
BERKLEY,227,5221,Bloqueo regional Bier con farmacos para diagnostico,15214,90
BERKLEY,227,5222,Bloqueo transforaminal (1 nivel),15243,91
BERKLEY,227,5209,Bloqueo diagnostico o terapeutico de G Estrellado guiado por imagenes,15252,92
BERKLEY,227,5212,Bloqueo diagnostico o terapeutico facetario (art cervical o dorsal) (una faceta),15265,93
BERKLEY,227,5213,Bloqueo diagnostico/ terapeutico   facetario art cervicalo dorsal (masde1faceta),15267,93
BERKLEY,227,5208,Bloqueo diagnostico o terapeutico de G Simpatico toracico,15269,93
BERKLEY,227,7523,Rf. / Bloqueo de Ganglio de Gasser,15282,95
BERKLEY,227,7593,Bloqueo nervio frenico  para neumotorax recidivante,15365,91
BERKLEY,227,5225,Bocio endotoracico,13780,94
BERKLEY,227,5227,Braquiterapia ginecologica (colocacion de radium intra-cavitario),13781,91
BERKLEY,227,5228,Braquiterapia intersticial de cabeza y cuello,14908,91
BERKLEY,227,5230,Braquiterapia urologica,14909,91
BERKLEY,227,5231,Braquiterapia urologica con abordaje abdominal para reseccion de plexos hipogastricos,14910,94
BERKLEY,227,5229,Braquiterapia intersticial de partes blandas,15245,91
BERKLEY,227,5226,Braquiterapia en cancer de prostata,15429,91
BERKLEY,227,5232,Broncorrafia,13782,93
BERKLEY,227,5233,Broncoscopia con broncoscopio rigido,13783,91
BERKLEY,227,5234,Bursitis,13784,90
BERKLEY,227,6387,Reseccion de exostosis y bursitis (operacion de Haglund - prolongacion osea en el dorso del talon -),14622,90
BERKLEY,227,5237,Cadera en resorte,13788,93
BERKLEY,227,5395,Colocacion de tutor externo (excepto de cadera y maxilar),13903,92
BERKLEY,227,5396,Colocacion de tutor externo de cadera,13904,93
BERKLEY,227,5446,"Correccion quirurgica de luxacion congenita de cadera, cruenta, con o sin osteotomia",13950,94
BERKLEY,227,5536,Displasia de cadera,14005,92
BERKLEY,227,5731,Extraccion de placas y/o tornillos (no de rodilla ni de cadera),14155,90
BERKLEY,227,5732,Extraccion de placas y/o tornillos de cadera o rodilla,14156,91
BERKLEY,227,5736,Extraccion de protesis total de cadera,14159,93
BERKLEY,227,5738,Extraccion de protesis y reemplazo en el mismo acto (rodilla o cadera),14161,95
BERKLEY,227,6150,"Osteosintesis de hombro, rodilla y cadera",14450,93
BERKLEY,227,6331,"Reduccion incruenta de luxaciones (hombro, codo, cadera, rodilla)",14576,90
BERKLEY,227,6338,Reemplazo total de cadera,14582,95
BERKLEY,227,6430,Revision de osteosintesis (no de cadera),14650,93
BERKLEY,227,6431,Revision de osteosintesis de cadera,14651,94
BERKLEY,227,6433,Revision de protesis total de cadera,14653,95
BERKLEY,227,6552,Toillete quirurgico de cadera,14729,91
BERKLEY,227,6677,Video-artroscopia de cadera,14825,94
BERKLEY,227,5902,"Infiltracion art rodilla, cadera, codo, hombro y otras, guiadas por, (art adic)",15016,91
BERKLEY,227,5903,"Infiltracion art rodilla, cadera, codo, hombro y otras. art adicional",15017,90
BERKLEY,227,5905,"Infiltracion articulacion rodilla, cadera, codo, hombro y otras una",15018,90
BERKLEY,227,5980,Liposuccion de cadera,15040,93
BERKLEY,227,8118,Reduccion incruenta de luxacion (ejemplo cadera),15470,90
BERKLEY,227,5735,Extraccion de protesis parcial de cadera,15474,92
BERKLEY,227,6410,Reseccion parcial de cadera,15475,93
BERKLEY,227,6323,Reduccion cruenta de luxacion de cadera,15479,93
BERKLEY,227,8115,Reduccion incruenta de luxacion de cadera,15481,90
BERKLEY,227,5238,Calcificaciones de hombro,13789,90
BERKLEY,227,10005,Recambio o retirada de bomba de infusion continua,69332,94
BERKLEY,227,5240,Cambio de generador,13790,91
BERKLEY,227,6297,Recambio de cateter de derivacion ventriculo-peritoneal,14565,92
BERKLEY,227,6436,Revision y recambio de protesis de hombro,14656,95
BERKLEY,227,5239,Cambio Implantes,14911,94
BERKLEY,227,6358,"Reintervencion alejada mas de 24 horas (cambio de valvula, by-pass, protesis, banding)",15146,98
BERKLEY,227,5243,Canalizacion de via central,15232,90
BERKLEY,227,5241,Canalizacion arterial,15233,90
BERKLEY,227,5242,Canalizacion de venas o arterias como unico procedimiento,15538,89
BERKLEY,227,5244,Cantotomia externa,15227,90
BERKLEY,227,5245,Capsulectomia,15242,91
BERKLEY,227,5246,Capsuloplastia,13791,91
BERKLEY,227,10002,Capsulotomia,69331,90
BERKLEY,227,5247,Capsulotomia (cristalino),13792,90
BERKLEY,227,5248,Cardiomioplastia,14912,95
BERKLEY,227,5249,Cardiorrafia,14913,94
BERKLEY,227,5250,Cardioversion electrica de arritmias,13793,90
BERKLEY,227,5251,Caruncula uretral,13794,89
BERKLEY,227,5253,Cateterismo cardiaco mas angiocardiografia,13795,91
BERKLEY,227,5254,Cateterismo cardiaco para toma de presiones y muestras de sangre,13796,91
BERKLEY,227,5255,Cateterismo de ambas carotidas con o sin colocacion de stents,13797,93
BERKLEY,227,5256,Cateterismo del ureter,13798,90
BERKLEY,227,5257,Cateterismo vesical / cistomanometria,13799,91
BERKLEY,227,8102,Cateterismo cardiaco mas angiocardiografia CA,15541,92
BERKLEY,227,5258,Cauterizacion del cuello uterino con laser,13800,91
BERKLEY,227,5259,Cavernostomia,15368,93
BERKLEY,227,5260,Cavografia toracica o abdominal (colocacion de portacath),13801,91
BERKLEY,227,6200,Pie Bot / cavo / equino unilateral,14491,92
BERKLEY,227,7542,"Tetralogia de Fallot, canal atrioventricular, Tubo VD-AP, Anomalia total del retorno venoso pulmonar, Estenosis SubAo, Comisurotomia Ao o Pulmonar, Valvuloplatia Ao o Pulmonar, Glenn, Cavopulmonar, Cirugia de MAZE, Sindrome de Cimitarra, Rastelli, Senning, Jatene, Cirugia de Ross no en el recien nacido",15287,98
BERKLEY,227,5261,Cecostomia,15324,91
BERKLEY,227,5262,Centellograma oseo radio-isotopico,14914,90
BERKLEY,227,5263,Cerclaje (correccion de incontinencia cervical),13802,90
BERKLEY,227,5335,"Cirugias de cardiopatias congenitas sin CEC (cierre de ductus, cerclaje de arteria pulmonar, coartacion de aorta)",14926,95
BERKLEY,227,7543,"Cirugias de cardiopatias congenitas complejas (transposicion, tronco arterioso, ductus arterioso permiable, cerclaje de la arteria pulmonar, anillo vascular, subclavia drecha aberrante)",15285,98
BERKLEY,227,8108,Colpopexia / cerclaje,15395,91
BERKLEY,227,5712,Extraccion de cuerpo extraño de cerebro,14136,94
BERKLEY,227,5884,Implante de material radioactivo en cerebro,14279,98
BERKLEY,227,5266,Chalazion,15522,89
BERKLEY,227,5267,Cicatriz retractil de cuello / reseccion e injerto,14915,92
BERKLEY,227,6376,Reseccion de cicatriz grande / zetoplastia,15150,92
BERKLEY,227,6377,Reseccion de cicatriz retractil en cuello con o sin injerto,15151,93
BERKLEY,227,6378,Reseccion simple de cicatriz,15220,90
BERKLEY,227,6388,Reseccion de gran cicatriz / zetaplastia,15241,91
BERKLEY,227,5268,Cierre de Hartmann,13805,93
BERKLEY,227,5269,Cierre de Hartmann por videolaparoscopia,13806,94
BERKLEY,227,5270,Cierre de colostomia,13807,91
BERKLEY,227,5272,Cierre de defectos septales con dispositivos de tipo Amplatzer,13808,95
BERKLEY,227,5273,Cierre de defectos septales congenitos simples en hemodinamia,13809,94
BERKLEY,227,5274,Cierre de ductus arterioso permeable con coils o similar en hemodinamia,13810,95
BERKLEY,227,5275,Cierre de faringostomia,13811,92
BERKLEY,227,5276,Cierre de fistula arterio-venosa de hemodialisis,13812,91
BERKLEY,227,5277,Cierre de fistula branquial y/o quiste branquial o vestigio,13813,92
BERKLEY,227,5278,Cierre de fistula bronco-cutanea,13814,92
BERKLEY,227,5279,Cierre de fistula esofago-cutanea,13816,94
BERKLEY,227,5280,Cierre de fistula externa de boca,13818,91
BERKLEY,227,5281,Cierre de fistula mastoidea,13819,92
BERKLEY,227,5282,Cierre de fistula meningea por via transinusal,13820,93
BERKLEY,227,5283,Cierre de fistula oral del seno maxilar (buco-antral),13821,92
BERKLEY,227,5284,Cierre de fistula traqueo-esofagica,13822,94
BERKLEY,227,5285,Cierre de fistula uretro-rectal,13824,92
BERKLEY,227,5286,Cierre de gastrostomia y/o fistula gastrica,13825,92
BERKLEY,227,5288,Cierre de ileostomia,13826,91
BERKLEY,227,5289,Cierre de traqueostomia,13827,90
BERKLEY,227,6643,ulcera perforada / gastrorrafia/ herida perforada / cierre de fistula gastrica,14799,93
BERKLEY,227,5271,Cierre de defectos septales adquiridos,14916,95
BERKLEY,227,5287,Cierre de grandes defectos con combinacion de varios colgajos,14918,93
BERKLEY,227,5290,Cierre diferido de torax posterior a cirugia cardiaca,14920,94
BERKLEY,227,5334,Cirugias de cardiopatias congenitas simples (cierre de defectos septales),14925,95
BERKLEY,227,5637,Estafilorrafia (cierre del paladar blando),14980,91
BERKLEY,227,6614,Tumor benigno de mas de 5 cm / extirpacion y cierre plastico,15194,91
BERKLEY,227,5291,Circuncision,15408,91
BERKLEY,227,7000,Cirugia Suspendida,43224,89
BERKLEY,227,6704,Cirugia de Bahas,60855,94
BERKLEY,227,9008,Cirugias Cardiacas con valor diferenciado Clinica Reg. Del Sud,69335,61
BERKLEY,227,8529,Cirugia tricompartimental de piso pelvico,69379,93
BERKLEY,227,5292,Cirugia antireflujo esofagico (Nissen) a cielo abierto,13828,93
BERKLEY,227,5293,Cirugia artroscopica de hombro (cirugia de Bankart artroscopica y similares),13829,93
BERKLEY,227,5295,"Cirugia compleja de columna (escoliosis congenita / adquirida, con test del despertar o potenciales evocados)",13830,98
BERKLEY,227,5296,"Cirugia compleja de columna, con abordaje anterior y posterior y/o con patologia asociada",13831,98
BERKLEY,227,5298,Cirugia de Bricker (cistectomia radical + reemplazo vesical con asa ileal),13832,96
BERKLEY,227,5301,Cirugia de agenesia del CAE,13833,92
BERKLEY,227,5306,Cirugia de craneo video-asistida (mas de 8 horas de duracion),13836,98
BERKLEY,227,5307,Cirugia de craneo video-asistida (menos de 8 horas de duracion),13837,98
BERKLEY,227,5308,"Cirugia de la 1ra porcion del nervio facial, el nervio auditivo o el vestibular",13838,94
BERKLEY,227,5309,Cirugia de la 2da y 3ra porcion del nervio facial,13839,94
BERKLEY,227,5311,"Cirugia de la fosa pterigo-maxilar (exploracion, escision de tumores, etc)",13840,93
BERKLEY,227,5312,Cirugia de la obesidad (by-pass gastrico) a cielo abierto,13841,95
BERKLEY,227,5313,Cirugia de la obesidad (by-pass gastrico) por video,13842,98
BERKLEY,227,5314,Cirugia de la obesidad (manga gastrica) por video,13843,95
BERKLEY,227,5315,Cirugia de la vena cava,13844,94
BERKLEY,227,5316,Cirugia de las arritmias / colocacion de cardio-desfibrilador endocavitario,13845,95
BERKLEY,227,5317,Cirugia de las ramas de la aorta abdominal,13846,94
BERKLEY,227,5318,Cirugia de los grandes troncos arterio-venosos del torax,13847,94
BERKLEY,227,5319,Cirugia de tumores etmoidales,13848,93
BERKLEY,227,5320,Cirugia del conducto auditivo interno y su contenido,13849,94
BERKLEY,227,5321,Cirugia del glomus yugularis,13850,94
BERKLEY,227,5322,Cirugia del saco endolinfatico,13851,93
BERKLEY,227,5323,Cirugia endoscopica de tejido linfoideo rino-faringeo,13852,92
BERKLEY,227,5325,Cirugia para el tratamiento del mal de Parkinson (menos de 8 horas de duracion),13854,98
BERKLEY,227,5326,Cirugia plastica por agenesia del oido medio,13855,94
BERKLEY,227,5330,Cirugia vasculo-renal,13856,93
BERKLEY,227,5331,Cirugia videoartroscopica de codo,13857,93
BERKLEY,227,5332,Cirugia videoartroscopica de hombro (cirugia de Bankart artroscopica y similar),13858,93
BERKLEY,227,5336,Cirugias intra-uterinas a cielo abierto o por puncion,13859,96
BERKLEY,227,5497,Dermolipectomia post-cirugia bariatrica,13975,94
BERKLEY,227,5756,Facoexeresis con implante de lente intraocular (cirugia de cataratas),14172,93
BERKLEY,227,5816,Gran cirugia reconstructora de mano,14214,95
BERKLEY,227,5850,Hernia hiatal por videolaparoscopia (cirugia antireflujo por videolaparoscopia),14253,94
BERKLEY,227,6020,Microcirugia de la via espermal,14373,98
BERKLEY,227,6021,Microcirugia de laringe,14374,92
BERKLEY,227,6022,Microcirugia tubaria unilateral,14375,93
BERKLEY,227,6023,Microcirugia tubaria unilateral por videolaparoscopia,14376,95
BERKLEY,227,6350,Reimplante de miembros o dedos por microcirugia,14594,98
BERKLEY,227,6352,Reimplante total o parcial de miembro con microcirugia,14595,98
BERKLEY,227,6664,Varices residuales (microcirugia),14815,91
BERKLEY,227,5297,Cirugia coronaria o valvular por mini-toracotomia,14921,98
BERKLEY,227,5304,Cirugia de by-pass aorto-coronario,14922,95
BERKLEY,227,5300,Cirugia de Norwood,14923,96
BERKLEY,227,5327,Cirugia reductiva bilateral de mama,14924,98
BERKLEY,227,5368,Colgajos libres con micro-cirugia vascular,14936,94
BERKLEY,227,5887,Implante mamario en cirugia reconstructiva,15014,94
BERKLEY,227,5999,Mastomegalia / cirugia reductora no estetica unilateral,15043,94
BERKLEY,227,6292,Radioneurocirugia esterotaxica,15119,95
BERKLEY,227,6344,Reemplazo valvular o bi-valvular con cirugia de revascularizacion,15144,96
BERKLEY,227,6351,Reimplante de oreja con microcirugia vascular,15145,94
BERKLEY,227,7537,Cirugia de  by- pass aorto- coronaria sin CEC,15284,98
BERKLEY,227,7538,cirugia de Co Ao (con o sin CEC),15286,98
BERKLEY,227,7541,"Cirugia de transposicion de grandes vasos, Tronco arterioso, Norwood, Anomalia total del retorno venoso",15293,96
BERKLEY,227,6700,Cirugia reduccion volumenes pulmonares por video,15370,99
BERKLEY,227,6701,Cirugia de adecuacion de sexo,15398,106
BERKLEY,227,7528,"Cirugia de Mitrofanoff (apendico-vesicostomia) (ptes paraplejicos, vejiga neurogenica, espina bifida)",15428,95
BERKLEY,227,5305,Cirugia de columna por videofibroscopia,15487,98
BERKLEY,227,5324,Cirugia para el tratamiento del mal de Parkinson (mas de 8 horas de duracion)8,15537,98
BERKLEY,227,5310,Cirugia de la carotida,15542,94
BERKLEY,227,5337,Cistectomia parcial,13861,93
BERKLEY,227,5338,Cistectomia parcial con reimplante de ureter,13862,93
BERKLEY,227,5339,Cistectomia parcial o total por video-laparoscopia,13863,95
BERKLEY,227,5340,Cistectomia total,13864,94
BERKLEY,227,5348,Colecistectomia laparoscopica convertida,13869,94
BERKLEY,227,5349,Colecistectomia simple,13870,92
BERKLEY,227,5554,Duodeno-papilotomia con o sin colecistectomia,14026,93
BERKLEY,227,5671,Exploracion de las vias biliares por laparoscopia con o sin colecistectomia,14114,94
BERKLEY,227,5672,Exploracion de vias biliares con o sin colecistectomia,14115,93
BERKLEY,227,5673,Exploracion de vias biliares por via laparoscopica con o sin colecistectomia,14116,94
BERKLEY,227,6044,Nefro-ureterectomia con o sin cistectomia parcial,14393,95
BERKLEY,227,5347,Colecistectomia por videolaparoscopia,15305,93
BERKLEY,227,5341,Cistoplastia,13865,93
BERKLEY,227,6709,Cistorrafia por Videolaparoscopia,60860,92
BERKLEY,227,5342,Cistorrafia,13866,90
BERKLEY,227,5343,Cistostomia (talla vesical),13867,90
BERKLEY,227,5350,Colecistostomia,13871,92
BERKLEY,227,5351,Colecistostomia percutanea,15302,91
BERKLEY,227,5564,Electrocoagulacion de cornetes,14031,91
BERKLEY,227,5612,Escision o electrocoagulacion de amigdala lingual,14071,90
BERKLEY,227,5784,Fotocoagulacion de retina,14197,90
BERKLEY,227,6409,Reseccion endoscopica de vejiga por electrocoagulacion (TUR-V),14633,92
BERKLEY,227,7583,Coagulacion de angiodisplacias con argon plasma,15339,92
BERKLEY,227,5426,Correccion de coartacion de aorta en hemodinamia,13928,95
BERKLEY,227,5344,Coartacion de aorta con CEC (CEC: circulacion extra-corporea),14927,95
BERKLEY,227,5345,Coartacion de aorta sin CEC (CEC: circulacion extra-corporea),14928,95
BERKLEY,227,5346,Cobalto-terapia,13868,92
BERKLEY,227,5352,Colectomia o hemicolectomia abdomino -pelvica (operacion de Miles),13872,95
BERKLEY,227,5354,Colectomia total por videolaparoscopia,13873,96
BERKLEY,227,5355,Colectomia transversa segmentaria (operacion de Hartmann),13875,94
BERKLEY,227,5356,Colectomia transversa segmentaria de Hartman por videolaparoscopia (Hartman laparoscopica),13876,95
BERKLEY,227,5357,Colectomia transversa segmentaria por videolaparoscopia (Hartman laparoscopica),13877,95
BERKLEY,227,5823,Hemicolectomia,14221,94
BERKLEY,227,5824,Hemicolectomia por videolaparoscopia,14222,95
BERKLEY,227,5353,Colectomia total,15330,95
BERKLEY,227,7524,Colectomia o hemicolectomia abdomino -pelvica (operacion de Miles) por videolaparoscopia,15331,98
BERKLEY,227,5359,Coledocotomia como unica intervencion,15304,92
BERKLEY,227,5360,Colesteatoma,13879,92
BERKLEY,227,5600,Escision ampliada de mucosa yugal y recomposicion inmediata con injerto o colgajo,14060,93
BERKLEY,227,5914,Injerto o colgajo de piel de dedos (hasta 3),14292,90
BERKLEY,227,5915,Injerto o colgajo de piel de dedos (mas de 3),14293,91
BERKLEY,227,6309,Reconstruccion diferida de piramide nasal con colgajo,14568,92
BERKLEY,227,6318,Reconstruccion total de paladar inmediata con injerto o colgajo,14569,95
BERKLEY,227,5361,Colgajo alejado,14929,92
BERKLEY,227,5362,Colgajo de vecindad,14930,91
BERKLEY,227,5363,Colgajo de vecindad o a la distancia para reconstruccion total de labio,14931,93
BERKLEY,227,5364,Colgajo diferido,14932,91
BERKLEY,227,5365,"Colgajo en isla, reparacion de ceja",14933,91
BERKLEY,227,5366,Colgajo miocutaneo,14934,92
BERKLEY,227,5367,Colgajo para reconstruccion parcial de labio,14935,91
BERKLEY,227,5754,"FLAP unilateral completo (FLAP: colgajo, segmento de tejido que se trasplanta de una zona a otra del cuerpo)",14997,94
BERKLEY,227,6306,reconstruccion de oreja parcial o total mediante colgajos y o injertos,15130,92
BERKLEY,227,6311,Reconstruccion mamaria con colgajo cutaneo o miocutaneo,15133,95
BERKLEY,227,6310,Reconstruccion mamaria con TRAM (colgajo miocutaneo del recto abdominal transverso),15135,98
BERKLEY,227,6315,Reconstruccion total de nariz mediante colgajos,15138,93
BERKLEY,227,6626,"Tumor de labio superior e inferior, con o sin colgajos",15195,94
BERKLEY,227,5755,"FLAP unilateral incompleto (FLAP: colgajo, segmento de tejido que se trasplanta de una zona",15258,93
BERKLEY,227,5678,Extirpacion de apendices pre-auriculares (coloboma auris),14120,90
BERKLEY,227,5369,"Coloboma de parpado, reconstruccion simple",14937,90
BERKLEY,227,7794,Titulacion espinal de opioides para colocacion de bomba implantables (test),69291,93
BERKLEY,227,9541,Colocacion de Protesis,69346,95
BERKLEY,227,5371,"Colocacion de VAC (vacum, por ejemplo en rodilla)",13880,89
BERKLEY,227,5373,Colocacion de cateter intra-hepatico para quimioterapia,13881,92
BERKLEY,227,5374,Colocacion de cateter para medicion de PIC (PIC: presion intra-craneal),13882,93
BERKLEY,227,5375,Colocacion de coils en vasculatura toracica o abdominal,13883,94
BERKLEY,227,5377,Colocacion de endoprotesis de aorta en hemodinamia,13884,95
BERKLEY,227,5378,Colocacion de endoprotesis en arterias o venas toracicas o abdominales,13885,98
BERKLEY,227,5379,Colocacion de esfinter artificial,13886,92
BERKLEY,227,5380,Colocacion de filtros en la vena cava,13887,93
BERKLEY,227,5381,Colocacion de marcapaso endocavitario,13888,91
BERKLEY,227,5382,Colocacion de marcapaso epicardico,13889,92
BERKLEY,227,5383,Colocacion de protesis / stent en esofago,13890,91
BERKLEY,227,5384,Colocacion de protesis cervical / dorsal / o lumbar,13891,95
BERKLEY,227,5385,Colocacion de radium intra-cavitario,13892,91
BERKLEY,227,5386,Colocacion de semillas radioactivas transrectal,13893,92
BERKLEY,227,5387,Colocacion de sonda de alimentacion por endoscopia,13894,90
BERKLEY,227,5388,Colocacion de stent colonico,13895,91
BERKLEY,227,5389,Colocacion de stent en duodeno por endoscopia,13896,91
BERKLEY,227,5390,Colocacion de stent en la  via biliar por endoscopia,13897,92
BERKLEY,227,5392,Colocacion de stent traqueal o bronquial,13899,93
BERKLEY,227,5393,Colocacion de taponaje vesical,13901,90
BERKLEY,227,5394,Colocacion de tips para cirrosis,13902,92
BERKLEY,227,5397,Colocacion de tutor externo maxilar,13905,93
BERKLEY,227,5399,Colocacion de via central / colocacion cateter doble Y / tunelizado / cateter para quimioterapia / cateter picc,13907,91
BERKLEY,227,5400,"Colocacion de yeso de antebrazo, braquipalmar, pierna o pedico",13908,89
BERKLEY,227,5402,Colocacion o extraccion de balon gastrico en obesidad (gastroenterologia),13909,92
BERKLEY,227,5403,Colocacion percutanea de stents para las vias biliares (por puncion hepatica),13910,93
BERKLEY,227,5404,Colocacion y extraccion de yesos,13912,89
BERKLEY,227,5444,"Correccion incontinencia orina (Bursch, Marshal- Marchetti, colocacion de malla de Sling)",13947,92
BERKLEY,227,5477,"DIU, colocacion o extraccion",13961,89
BERKLEY,227,5522,Dilatacion de traquea y/o colocacion de stent bronquial,13999,93
BERKLEY,227,5523,Dilatacion del ureter + colocacion de pig-tail,14000,91
BERKLEY,227,5804,Gastrostomia (colocacion / extraccion y/o recolocacion) (tipo boton gastrico),14206,91
BERKLEY,227,6032,Miringotomia (paracentesis) con o sin colocacion de tubos trans-timpanicos (diabolos o similar),14384,90
BERKLEY,227,6363,Reparacion de hernia con colocacion de malla de tipo Marlex o similares,14606,92
BERKLEY,227,5376,Colocacion de desfibrilador interno,14938,93
BERKLEY,227,5370,Colocacion de expansor mamario,15259,93
BERKLEY,227,7552,Mastectomia bilateral con colocacion de protesis,15292,98
BERKLEY,227,7585,Colocacion de balon intragastrico,15341,92
BERKLEY,227,8111,Colocacion de cateter doble “J” (tipo pig-tail o similares),15415,91
BERKLEY,227,8113,Colocacion de cateter de pig-tail,15422,91
BERKLEY,227,5401,"Colocacion de yeso de tipo: minerva, corse, toracobraquial; pelvi-rotuliano o pelvi-pedico",15434,90
BERKLEY,227,7531,Colocacion  de protesis,15543,95
BERKLEY,227,7581,Colonoscopia con polipectomia con clips o Mucosectomia,15337,92
BERKLEY,227,5406,Colonovideoscopia con polipectomia,13914,91
BERKLEY,227,5407,Colpoperineorrafia anterior y/o posterior,13915,92
BERKLEY,227,5870,Histerectomia vaginal con o sin colpoperineorrafia,14269,93
BERKLEY,227,5408,Colpopexia,13916,91
BERKLEY,227,5409,Colpopexia con malla de Sling o similares,13917,92
BERKLEY,227,5410,Colpotomia / lesion local de vagina,13918,89
BERKLEY,227,5411,Comisuroplastia,14939,90
BERKLEY,227,5412,Condilomas acuminados (fulguracion),13919,89
BERKLEY,227,5414,Conizacion de cuello uterino o leep,13921,90
BERKLEY,227,5415,Conjuntivoplastia,13922,91
BERKLEY,227,5419,Conversion electrica de arritmias cardiacas,14941,90
BERKLEY,227,5420,Cordocentesis (transfusion intra-uterina),13923,91
BERKLEY,227,5421,Cordotomia,15529,94
BERKLEY,227,5422,Correccion de adherencias vaginales,13924,90
BERKLEY,227,5425,Correccion de cistocele,13927,91
BERKLEY,227,5427,Correccion de diastasis de los rectos,13929,91
BERKLEY,227,5430,Correccion de fistula recto-uterina o vesico-uterina,13931,93
BERKLEY,227,5431,Correccion de fistula recto-vaginal,13932,92
BERKLEY,227,5432,Correccion de fistula recto-vaginal + reconstruccion del esfinter anal,13933,93
BERKLEY,227,5433,Correccion de fistula vesico-vaginal,13934,92
BERKLEY,227,5434,"Correccion de incontinencia de orina (Marshall-Marchetti, Bursch o similares)",13935,92
BERKLEY,227,5435,Correccion de incontinencia de orina con malla de tipo Sling,13936,92
BERKLEY,227,5436,Correccion de incontinencia de orina por video,13937,93
BERKLEY,227,5437,Correccion de incontinencia de orina por video-laparoscopia,13938,93
BERKLEY,227,5438,Correccion de inversion uterina,13939,90
BERKLEY,227,5439,Correccion de malformaciones uterinas,13940,94
BERKLEY,227,5440,Correccion de reflujo vesico-ureteral (RVU),13941,92
BERKLEY,227,5441,Correccion de tunel carpiano,13943,91
BERKLEY,227,5442,Correccion de tunel carpiano por videoartroscopia,13944,92
BERKLEY,227,5443,Correccion del reflujo por inyeccion sub-ureteral de sustancia bultica (tipo Vantrix® o Coaptite®),13945,92
BERKLEY,227,5445,Correccion quirurgica de acalasia,13948,93
BERKLEY,227,5447,Correccion quirurgica del sindrome del tunel carpiano,13951,91
BERKLEY,227,5704,Extraccion de barra post-correccion de pectus excavatum,14130,92
BERKLEY,227,5429,Correccion de fistula congenita de cuello,14943,91
BERKLEY,227,8535,Infiltracion con corticoides/ A. locales/ Aines en puntos gatillos (hasta 5),69385,90
BERKLEY,227,8536,Infiltracion con corticoides/ A. locales/ Aines en puntos gatillos (mas de 5),69386,91
BERKLEY,227,5448,"Corticoides epidurales, por sesion",14944,90
BERKLEY,227,5451,"Corticoterapia peridural ( dorsal, lumbar o caudal, sin control x imagenes)",14947,91
BERKLEY,227,5452,"Corticoterapia peridural (dorsal, lumbar o caudal con control x imagenes)",14948,92
BERKLEY,227,5453,Corticoterapia peridural cervical con o sin control por imagenes (por sesion),14949,93
BERKLEY,227,5449,Corticoterapia foraminal cervical guiada por imagenes,15264,94
BERKLEY,227,5450,Corticoterapia foraminal dorsal o lumbar guiada por imagenes (hasta dos),15266,93
BERKLEY,227,5454,Craneoestenosis / craneosinostosis,13952,95
BERKLEY,227,5952,Lesion tumoral de los huesos del craneo,14322,92
BERKLEY,227,6165,"Osteotomia craneo-facial sin tiempo neuroquirurgico (Crouzon, Apert, etc.)",14464,98
BERKLEY,227,6325,Reduccion de fractura expuesta de craneo,14573,93
BERKLEY,227,6164,Osteotomia craneo-facial con tiempo neuroquirurgico,15100,98
BERKLEY,227,5455,Craneoplastia,15276,94
BERKLEY,227,5456,Craneotomia exploradora,15534,93
BERKLEY,227,5457,"Cricotomia, laringorrafia, como unica operacion",15507,92
BERKLEY,227,5458,Crioneurolisis de articulacion sacro-iliaca bilateral,14951,94
BERKLEY,227,5459,Crioneurolisis de articulacion sacro-iliaca unilateral,14952,93
BERKLEY,227,5460,Crioneurolisis de nervio facetario (hasta 2 nervios),14953,93
BERKLEY,227,5461,Crioneurolisis de nervio facetario (mas 2 nervios),14954,94
BERKLEY,227,5463,Crioneurolisis de neuroma postquirurgicos,14956,92
BERKLEY,227,5464,Criptorquidea,13953,91
BERKLEY,227,5465,Criptorquidea u orquidopexia por video-laparoscopia,13954,92
BERKLEY,227,5466,Criptorquidea u orquidopexia por videolaparoscopia,13955,92
BERKLEY,227,5470,Cuadrantectomia unilateral,13956,92
BERKLEY,227,7596,Cuadrantectomia / tumorectomia ( mas ganglio centinela),15390,92
BERKLEY,227,7597,Cuadrantectomia / tumorectomia (mas  vaciamiento axilar),15391,93
BERKLEY,227,5471,Cuerpo extraño / bolo fecal,13957,90
BERKLEY,227,5472,Cuerpo extraño de pared,13958,89
BERKLEY,227,5473,Cuerpo extraño de tobillo,13959,89
BERKLEY,227,5616,Esclerotomia con extraccion de cuerpo extraño intraocular,14074,92
BERKLEY,227,5667,Exploracion / extraccion de cuerpo extraño de faringe,14110,90
BERKLEY,227,5713,Extraccion de cuerpo extraño de faringe / esofago / estomago,14137,91
BERKLEY,227,5714,Extraccion de cuerpo extraño de fosa nasal,14139,90
BERKLEY,227,5715,"Extraccion de cuerpo extraño de las vias aereas (traquea, bronquios)",14140,92
BERKLEY,227,5716,Extraccion de cuerpo extraño de lengua,14141,90
BERKLEY,227,5717,Extraccion de cuerpo extraño de mano,14142,90
BERKLEY,227,5719,Extraccion de cuerpo extraño de pie,14144,91
BERKLEY,227,5720,Extraccion de cuerpo extraño de traquea o bronquio,14145,92
BERKLEY,227,5721,Extraccion de cuerpo extraño del conducto auditivo externo (CAE),14147,89
BERKLEY,227,5722,Extraccion de cuerpo extraño en faringe /esofago / estomago / duodeno,14148,91
BERKLEY,227,5723,Extraccion de cuerpo extraño endoocular,14149,92
BERKLEY,227,5726,Extraccion de cuerpo extraño superficial (conjuntiva),14150,89
BERKLEY,227,5727,"Extraccion de cuerpo extraño, exploracion de drenajes",14151,90
BERKLEY,227,5724,Extraccion de cuerpo extraño profundo,14994,91
BERKLEY,227,5725,Extraccion de cuerpo extraño profundo de cuello,14995,91
BERKLEY,227,6508,"TAC de cuerpo entero, con o sin contraste",15176,92
BERKLEY,227,5805,Gastrostomia / exploracion / extraccion de cuerpo extraño/ lesion local o tumor benigno,15313,92
BERKLEY,227,5474,"Curacion de un gran quemado, mas del 30%",14957,92
BERKLEY,227,5475,Curacion de un quemado hasta el 30%,14958,91
BERKLEY,227,5476,Curetaje oseo,13960,89
BERKLEY,227,5478,Dacrio-cistografia,13962,90
BERKLEY,227,5480,Dacrio-cistorrinostomia,13964,93
BERKLEY,227,5481,Decorticacion pleuropulmonar a cielo abierto,13965,95
BERKLEY,227,5482,Decorticacion pleuropulmonar por video-toracoscopia,13966,95
BERKLEY,227,5483,Dedo en gatillo o dedo en resorte,13967,90
BERKLEY,227,5485,Dedos en martillo (cada uno),13968,89
BERKLEY,227,5679,Extirpacion de aponeurosis palmar hasta 3 dedos,14121,91
BERKLEY,227,5680,Extirpacion de aponeurosis palmar mas de 3 dedos (enfermedad de Dupuytren),14122,92
BERKLEY,227,5681,Extirpacion de aponeurosis plantar hasta 3 dedos,14123,91
BERKLEY,227,6173,Panadizo / flemon de dedos,14468,89
BERKLEY,227,6345,Reimplante de 1 a 2 dedos,14586,92
BERKLEY,227,6346,Reimplante de dedo (hasta 2),14587,92
BERKLEY,227,6347,Reimplante de mas de 2 dedos,14589,93
BERKLEY,227,6619,Tumor de dedo,14781,90
BERKLEY,227,5484,Dedo en martillo traumatico (“mallet finger”),15461,91
BERKLEY,227,5486,Denervacion articular,15442,92
BERKLEY,227,5487,Derivacion aorto-bifemoral,13969,98
BERKLEY,227,5488,Derivacion aorto-iliaca con o sin simpatectomia,13970,95
BERKLEY,227,5489,Derivacion aorto-renal,13971,95
BERKLEY,227,5491,Derivacion paliativa de esofago,13972,94
BERKLEY,227,5493,Derivacion ventriculo-peritoneal o similar,13974,93
BERKLEY,227,5742,Extraccion de tubo de derivacion,14165,91
BERKLEY,227,6435,Revision o restitucion parcial o total de valvula derivativa (en derivaciones ventriculo-peritoneales o similar),14655,92
BERKLEY,227,5492,Derivacion pericardio-peritoneal,14959,95
BERKLEY,227,5490,Derivacion intestinal interna,15329,93
BERKLEY,227,5494,Dermoabrasion,14960,91
BERKLEY,227,5495,Dermolipectomia,14961,93
BERKLEY,227,5496,Dermolipectomia con ombligo,14963,94
BERKLEY,227,5498,Desarticulacion coxo-femoral,13976,95
BERKLEY,227,5499,Desarticulacion del brazo,13977,95
BERKLEY,227,5500,Desarticulacion escapulo-humeral,13978,95
BERKLEY,227,5501,Desarticulacion interescapulo-toracica,13979,94
BERKLEY,227,5504,Descompresion orbitaria unilateral,13980,93
BERKLEY,227,7507,Descompresion discal con decompressor o similar,15275,98
BERKLEY,227,5506,Desgarro de cuello uterino,69300,90
BERKLEY,227,5505,Desgarro de cristalino,13981,91
BERKLEY,227,5507,Desgarro de vagina / colporrafia o colpocleisis / fuera del trabajo de parto,13983,91
BERKLEY,227,5508,Desgarro de vagina y/o esfinter,13984,90
BERKLEY,227,5509,Desgarro muscular de cara anterior del muslo,13985,90
BERKLEY,227,5510,Desgarro muscular de cara posterior del muslo (paciente en decubito ventral),13986,91
BERKLEY,227,6477,Sintesis muscular (desgarro muscular simple),14690,90
BERKLEY,227,5511,Determinacion de respuesta neuromoduladora sistemica a la anest.,14965,90
BERKLEY,227,5512,Devolvulacion / desinvaginacion intestinal con reseccion intestinal,13987,93
BERKLEY,227,5513,Devolvulacion / desinvaginacion intestinal sin reseccion intestinal,13988,91
BERKLEY,227,5514,Devolvulacion endoscopica,13989,91
BERKLEY,227,5515,Diagnostico estereotaxico para estudios de epilepsia,13990,93
BERKLEY,227,5224,Bloquo diagnostico o terapeutico de G de Walther guiado por,14907,92
BERKLEY,227,6234,Procedimiento diagnostico para implante de bomba de infusion,15272,94
BERKLEY,227,5516,Diastasis del pubis,13992,92
BERKLEY,227,5519,Dilatacion colonica por endoscopia,13994,91
BERKLEY,227,5520,Dilatacion de esofago,13995,91
BERKLEY,227,5521,Dilatacion de esofago/ pilorica / colonica,13998,91
BERKLEY,227,5524,Dilatacion endoscopica de estenosis de via biliar,14001,92
BERKLEY,227,5525,Dilatacion endoscopica de la via biliar,14002,92
BERKLEY,227,5526,Dilatacion pilorica por endoscopia,14003,91
BERKLEY,227,5528,Dilatacion uretral por video,14004,90
BERKLEY,227,5518,Dilatacion anal,15355,90
BERKLEY,227,5527,Dilatacion uretral,15412,89
BERKLEY,227,5529,Dinamica renal (renograma isotopico),14966,90
BERKLEY,227,5531,Discografia provocativa  (un disco),14967,92
BERKLEY,227,5530,Discografia provocativa (dos a tres discos),15253,92
BERKLEY,227,5532,Discograma discal diagnostica,14968,94
BERKLEY,227,5534,Diseccion de la aorta ascente y/o reemplazo de la aorta,51394,98
BERKLEY,227,5535,Diseccion quirurgica para linfadenografia,14969,90
BERKLEY,227,5537,Diverticulo de Meckel por via convencional,14006,91
BERKLEY,227,5538,Diverticulo de Meckel por videolaparoscopia,14007,92
BERKLEY,227,5539,Diverticulo de esofago,14009,93
BERKLEY,227,5601,Escision de diverticulo faringo-esofagico,14061,92
BERKLEY,227,5001,"Abceso, Flemon, Drenaje",13644,89
BERKLEY,227,5548,Drenaje de glandula y o saco lagrimal,14019,90
BERKLEY,227,5549,Drenaje del septum,14020,90
BERKLEY,227,5550,Drenaje del wirsung,14021,92
BERKLEY,227,5551,Drenaje percutaneo de las vias biliares,14022,93
BERKLEY,227,5553,Drenaje ventricular continuo,14025,91
BERKLEY,227,5590,Epididimotomia y drenaje,14054,90
BERKLEY,227,5891,Incision y drenaje de amigdalas o tejido peri-amigdalino,14281,90
BERKLEY,227,5892,Incision y drenaje de glandula parotida o submaxilar,14282,90
BERKLEY,227,5897,Incision y drenaje de piso de la boca o mejilla,14285,90
BERKLEY,227,5900,Incision y/o drenaje de tejido retro-faringeo por via oral,14288,90
BERKLEY,227,6175,Pancreatectomia con exploracion y drenaje,14470,94
BERKLEY,227,6250,Puncion / drenaje del Douglas,14536,89
BERKLEY,227,6391,"Reseccion de lesion local de septum, cornetes, hematoma septal o drenaje del septum",14624,91
BERKLEY,227,5895,Incision y drenaje de lesion dentaria,15230,90
BERKLEY,227,7592,Pleurodesis quimica por tubo de drenaje,15364,90
BERKLEY,227,5893,Incision y drenaje de la auricula,15490,90
BERKLEY,227,5555,Duodenopancreatectomia,15310,95
BERKLEY,227,6683,Video esofago gastro duodenoscopia Veda,15333,90
BERKLEY,227,6684,Video gastro duodenoscopia con polipectomia Veda,15334,90
BERKLEY,227,5557,Ecocardiografia transtoracica o transesofagica intra-operatoria,14027,91
BERKLEY,227,5558,Ecocardiograma transesofagico,14028,91
BERKLEY,227,5560,Ecografia trans-toracica o trans-esofagica intra-operatoria,14972,91
BERKLEY,227,6256,Puncion ovarica guiada por ecografia (incluye icsi),15399,91
BERKLEY,227,5559,Ecografia de ojo,15520,89
BERKLEY,227,5562,Ectropion simple y/o entropion,14975,90
BERKLEY,227,7525,Implante de electrodo espinal para estimulacion medular (trial),51347,95
BERKLEY,227,5563,Electro-retinograma,14030,89
BERKLEY,227,5647,Estudio electrofisiologico,14095,92
BERKLEY,227,5565,Emasculacion total con vaciamiento inguino-abdominal,14032,94
BERKLEY,227,5566,Embarazo ectopico hemorragico,14033,92
BERKLEY,227,5567,Embarazo ectopico no complicado,14034,91
BERKLEY,227,5568,Embolectomia de arteria periferica,14035,92
BERKLEY,227,5569,Embolectomia renal,15413,90
BERKLEY,227,5570,Embolizacion de tumor cerebral por hemodinamia,14036,94
BERKLEY,227,5571,Embolizacion de tumor extracraneal por via periferica,14037,92
BERKLEY,227,5572,Embolizacion extra-craneal por via periferica,14038,93
BERKLEY,227,5573,Embolizacion hepatica,14039,93
BERKLEY,227,5575,Embolizacion por via periferica en hemodinamia,14041,91
BERKLEY,227,5576,Encefalo-meningocele,14042,94
BERKLEY,227,6050,Neumoencefalografia,15530,91
BERKLEY,227,6714,Endometriosis Convencional - Laparatomia,60865,93
BERKLEY,227,5577,Endometriosis tratamiento por videolaparoscopia,14043,94
BERKLEY,227,6685,Video-laparoscopia ginecologica diagnostica (incluye endometriosis y prueba de Cote),14832,92
BERKLEY,227,5578,Endoprotesis vasculares perifericas en hemodinamia (no de aorta),14044,94
BERKLEY,227,5881,Implante de endoprotesis en arterias o venas toracicas o abdominales,14278,95
BERKLEY,227,5579,Endoscopia nasal diagnostica,14045,91
BERKLEY,227,5618,Esfenoidectomia por video-endoscopia,14076,93
BERKLEY,227,5650,Etmoidectomia por videoendoscopia,14098,93
BERKLEY,227,5705,Extraccion de calculo por endoscopia,14131,91
BERKLEY,227,6006,Maxilectomia radical por video-endoscopia,14361,93
BERKLEY,227,6008,Maxilectomia simple por video-endoscopia,14362,92
BERKLEY,227,6228,Polipectomia nasal endoscopica (extirpacion de polipos nasales por video-endoscopia),14521,92
BERKLEY,227,6486,"Sinusotomias por videoendoscopia (etmoidectomia, esfenoidectomia, etc)",14699,93
BERKLEY,227,6596,Tratamiento de ulceras y fistulas traqueoesofagicas por endoscopias,14764,91
BERKLEY,227,7582,Endoscopia con Argon plasma,15338,92
BERKLEY,227,6459,Septumplastia por videoendoscopia,15514,92
BERKLEY,227,5581,Enfermedad de Quervain,14048,91
BERKLEY,227,5582,"Enterolisis como unica intervencion, debridamiento intestinal",60873,92
BERKLEY,227,5583,Enterolisis por videolaparoscopia,14049,93
BERKLEY,227,5808,Enterolisis,15326,92
BERKLEY,227,8100,Enterolisis abdominal laparoscopica (como unica intervencion),15348,92
BERKLEY,227,5585,Enterorrafia simple,14050,91
BERKLEY,227,5584,Enterorrafia multiple (dos o mas),15327,93
BERKLEY,227,7588,Enteroscopia alta,15344,93
BERKLEY,227,7589,Enteroscopia baja,15345,93
BERKLEY,227,7590,Enteroscopia mixta 100% mas 75%,15346,93
BERKLEY,227,5586,Enterostomia temporaria o definitiva,14051,91
BERKLEY,227,5587,Enucleacion ocular,14052,91
BERKLEY,227,5588,Epicanto,14976,90
BERKLEY,227,5589,Epididimectomia,14053,91
BERKLEY,227,5591,Epidurograma,14977,95
BERKLEY,227,5592,Epiduroplastia (incluye dosis esteroides por cateter),15273,94
BERKLEY,227,5593,Epiduroscopia,14978,95
BERKLEY,227,5594,Epifisiolisis,14055,91
BERKLEY,227,5595,Epifisiolisis de la cabeza femoral (desplazamiento del nucleo epifisiario en relacion al cuello femoral),14056,92
BERKLEY,227,5596,Episiorrafia,14057,90
BERKLEY,227,5597,Escapula alata,14059,93
BERKLEY,227,6126,Operacion de hueso escapular,14431,91
BERKLEY,227,6140,"Osteosintesis de clavicula, costilla o escapula",14442,92
BERKLEY,227,5598,"Escara, reseccion con el paciente en decubito dorsal o lateral",15225,90
BERKLEY,227,6382,Reseccion de escara con el paciente en decubito lateral o dorsal,15234,91
BERKLEY,227,5599,"Escara, reseccion con el paciente en decubito ventral",15237,91
BERKLEY,227,6383,Reseccion de escara con el paciente en decubito ventral,15256,92
BERKLEY,227,5602,Escision de lesion conjuntival,14062,90
BERKLEY,227,5604,Escision de lesion local de conducto auditivo externo (CAE),14063,89
BERKLEY,227,5605,Escision de lesion local de parpados,14064,90
BERKLEY,227,5606,Escision de lesion localizada superficial de lengua,14065,90
BERKLEY,227,5607,Escision de lesion primaria de encias mas vaciamiento cervical,14066,93
BERKLEY,227,5608,Escision de polipo retrocoanal,14067,90
BERKLEY,227,5609,Escision de tumor del cavum (rino-faringe),14068,93
BERKLEY,227,5610,Escision de tumores endonasales por rinotomia lateral,14069,92
BERKLEY,227,5611,Escision local de lesion de labio,14070,89
BERKLEY,227,5614,Escision radical de tumor de naso-faringe (cavum),14072,93
BERKLEY,227,6129,Orbitotomia con escision de lesion de orbita,14434,91
BERKLEY,227,5603,"Escision de lesion de conductos linfaticos (linfangioma, higroma)",14979,92
BERKLEY,227,5613,Escision radical de glandula submaxilar,15500,92
BERKLEY,227,5615,Esclerotomia,14073,91
BERKLEY,227,5617,Escrotoplastia,14075,91
BERKLEY,227,5619,Esfinteroplastia con colostomia,14077,92
BERKLEY,227,5620,Esfinteroplastia tipo plicatura,14078,91
BERKLEY,227,5621,Esfinterotomia - esfinterectomia,14079,89
BERKLEY,227,6015,Megaesofago,14367,93
BERKLEY,227,6190,Perforaciones de esofago,14484,93
BERKLEY,227,6335,Reemplazo de esofago,14579,95
BERKLEY,227,6384,Reseccion de esofago,14617,94
BERKLEY,227,5622,Esofago-gastrectomia,15319,98
BERKLEY,227,5623,Esofagostomia,15320,92
BERKLEY,227,5624,Esofaguectomia por videolaparoscopia,14080,95
BERKLEY,227,5625,Esofaguectomia total,15321,94
BERKLEY,227,7519,Implante definitivo de cateter espinal para bomba intratecal de morfina,51348,98
BERKLEY,227,5626,Espina bifida,14081,94
BERKLEY,227,5627,Esplenectomia electiva,14082,92
BERKLEY,227,5628,Esplenectomia laparoscopica,14083,94
BERKLEY,227,5631,Esplenectomia por videolaparoscopia,14084,94
BERKLEY,227,5799,Gastrectomia total con o sin esplenectomia,14202,95
BERKLEY,227,5629,Esplenectomia por rotura de bazo,15307,93
BERKLEY,227,5630,Esplenectomia por toracotomia,15309,94
BERKLEY,227,5632,Espleno-portografia,15306,91
BERKLEY,227,5633,Esplenopancreatectomia corporo-caudal,15311,95
BERKLEY,227,5634,Esqueletizacion del sistema venoso valvular o avalvular,14085,92
BERKLEY,227,5635,Esquiascopias,14086,89
BERKLEY,227,5636,Estafiloma,14087,90
BERKLEY,227,5638,Estapedectomia,15493,93
BERKLEY,227,5639,Estenosis traqueal sub-glotica,14089,92
BERKLEY,227,5641,Estimulacion electrica transcutanea (EET): c/24 hs o fraccion,14981,90
BERKLEY,227,5642,Estomatoplastia con injerto (inlcuye toma),14090,93
BERKLEY,227,5643,Estrabismo  mas de  dos musculos,14091,92
BERKLEY,227,5644,Estrabismo (dos musculos),14092,91
BERKLEY,227,5645,Estrabismo bilateral,14093,94
BERKLEY,227,5646,Estrabismo mas de cuatro musculos,14094,93
BERKLEY,227,5648,Etmoidectomia endoscopica,14096,93
BERKLEY,227,5649,Etmoidectomia interna,14097,92
BERKLEY,227,5651,Evacuacion de hematoma extradural / subdural / intracerebral,14099,94
BERKLEY,227,5652,Evacuacion por puncion de coleccion intra-cerebral o extra-cerebral,14100,93
BERKLEY,227,5653,Eventracion,15295,92
BERKLEY,227,5655,Evisceracion ocular,14101,91
BERKLEY,227,5656,Examen con lampara de hendidura,14102,89
BERKLEY,227,5659,Excentracion del contenido orbitario con reseccion total del maxilar superior,14105,94
BERKLEY,227,5660,Excentracion del contenido orbitario y/o peri-orbitario,14106,92
BERKLEY,227,5662,Exeresis de neuroma de Morton (tumoracion dolorosa de los nervios del pie),14107,92
BERKLEY,227,5663,Exeresis de tumor hepatico por radiofrecuencia,14108,93
BERKLEY,227,5757,Facofragmentacion y facoexeresis,14173,92
BERKLEY,227,5962,Ligadura sub-aponeurotica de perforantes mas safenectomia interna con o sin exeresis escalonada de colaterales,14330,93
BERKLEY,227,6116,Operacion de Cockett mas safenectomia interna con exeresis escalonada de colaterales insuficientes,14421,93
BERKLEY,227,6447,Safenectomia interna unilateral con exeresis escalonada,14662,93
BERKLEY,227,5661,Exeresis de ganglio centinela,14982,91
BERKLEY,227,5664,Exoftalmia endocrina o de otras causas,14983,93
BERKLEY,227,5665,Expansor de cuero cabelludo,14984,93
BERKLEY,227,5666,Exploracion  de hombro doloroso,14109,92
BERKLEY,227,5668,Exploracion de arteria periferica,14111,92
BERKLEY,227,5669,Exploracion de columna por via anterior,14112,93
BERKLEY,227,5670,Exploracion de heridas en partes blandas,14113,91
BERKLEY,227,5674,Exploracion del plexo cervico-braquial,14117,92
BERKLEY,227,5675,Exploracion del plexo lumbo-sacro,14118,93
BERKLEY,227,5766,Fistula biliar con exploracion de vias biliares,14181,93
BERKLEY,227,6295,Re-exploracion de tiroides y/o paratiroides (ejemplo:post-sangrado),14564,91
BERKLEY,227,5689,Extirpacion de polipos nasales,14124,91
BERKLEY,227,5694,Extirpacion de quiste tirogloso,14125,91
BERKLEY,227,5696,Extirpacion de tumor de partes blandas de miembro superior o inferior,14127,90
BERKLEY,227,5699,Extirpacion de tumor vesical por laparotomia,14128,92
BERKLEY,227,5993,Marsupializacion / extirpacion de glandula de Bartholino,14355,90
BERKLEY,227,5677,Extirpacion de angioma,14985,91
BERKLEY,227,5684,"Extirpacion de nevus (hasta 3), en cabeza y cuello",14986,90
BERKLEY,227,5685,"Extirpacion de nevus (hasta 3), excepto en cabeza y cuello",14987,89
BERKLEY,227,5688,"Extirpacion de papilomas (hasta 5), excepto en cabeza y cuello",14988,89
BERKLEY,227,5690,Extirpacion de quiste congenito tirogloso y similares,14989,91
BERKLEY,227,5692,Extirpacion de quiste sebaceo en cabeza y/o cuello,14990,90
BERKLEY,227,5693,"Extirpacion de quiste sebaceo, excepto en cabeza y cuello",14991,89
BERKLEY,227,5697,Extirpacion de tumor osea mas reconstruccion,14992,93
BERKLEY,227,5698,Extirpacion de tumor oseo,14993,92
BERKLEY,227,5683,Extirpacion de mas de 5 papilomas; excepto en cabeza y cuello,15222,90
BERKLEY,227,5687,Extirpacion de nevus (mas de 3); excepto en cabeza y cuello,15224,90
BERKLEY,227,5702,Extirpacion parcial de nariz,15229,90
BERKLEY,227,5701,Extirpacion dentaria,15231,90
BERKLEY,227,5686,Extirpacion de nevus (mas de 3); en cabeza y cuello,15239,91
BERKLEY,227,6244,Proctectomia (extirpacion del recto),15357,92
BERKLEY,227,7602,Extirpacion de calculos endovesicales a cielo abierto,15425,93
BERKLEY,227,7603,Extirpacion de calculos endovesicales por citoscopia,15426,94
BERKLEY,227,5682,Extirpacion de ganglion,15449,90
BERKLEY,227,5691,Extirpacion de quiste muscular,15454,90
BERKLEY,227,5700,Extirpacion del coccix,15483,91
BERKLEY,227,5695,Extirpacion de ranula,15496,90
BERKLEY,227,6710,Extraccion de Implante Mamario,60861,93
BERKLEY,227,6711,Extraccion de Implante Mamario mas Pexia,60862,94
BERKLEY,227,5703,Extraccion cruenta de calculos salivales,14129,90
BERKLEY,227,5706,Extraccion de calculo por via endoscopica,14132,90
BERKLEY,227,5707,Extraccion de cateter central / cateter doble Y / tunelizado / cateter para quimioterapia,14133,90
BERKLEY,227,5708,Extraccion de cateter central / doble Y / tunelizado / similares,14134,90
BERKLEY,227,5711,Extraccion de clavo intramedular,14135,92
BERKLEY,227,5729,Extraccion de material de osteosintesis de columna,14152,92
BERKLEY,227,5730,"Extraccion de material de osteosintesis de miembro superior (placas, tornillos, etc)",14154,90
BERKLEY,227,5733,Extraccion de protesis de columna,14157,93
BERKLEY,227,5734,Extraccion de protesis de rodilla (1 elemento),14158,92
BERKLEY,227,5737,Extraccion de protesis total de rodilla,14160,92
BERKLEY,227,5739,Extraccion de puntos de la conjuntiva,14162,89
BERKLEY,227,5740,Extraccion de puntos de parpados,14163,89
BERKLEY,227,5741,Extraccion de taponaje de loge prostatica,14164,90
BERKLEY,227,5743,Extraccion de tutor externo,14166,90
BERKLEY,227,5748,Extraccion extra-capsular de cristalino,14167,92
BERKLEY,227,5749,Extraccion intra-capsular de cristalino,14168,92
BERKLEY,227,5750,Extraccion manual de placenta como unico procedimiento,14169,90
BERKLEY,227,6432,"Revision de protesis de hombro, solo su extraccion",14652,93
BERKLEY,227,6550,Toillete cardiaco post-quirurgico con o sin extraccion de alambres,15188,94
BERKLEY,227,5744,Extraccion dentaria hasta 3 piezas,15236,91
BERKLEY,227,5751,Extracciones dentarias multiples,15255,92
BERKLEY,227,7586,Extraccion de balon intragastrico,15342,92
BERKLEY,227,8110,Extraccion de cateter de doble “J” (tipo pig-tail o similares),15414,90
BERKLEY,227,8112,Extraccion de cateter de pig-tail,15421,90
BERKLEY,227,5745,Extraccion dentaria (pieza unica),15498,90
BERKLEY,227,5746,Extraccion dentaria de piezas multiples,15501,92
BERKLEY,227,5728,Extraccion de masas cristalinas,15527,91
BERKLEY,227,5758,Faringoplastia,14174,93
BERKLEY,227,5760,Fenestracion del conducto semicircular externo,14176,93
BERKLEY,227,5761,Feocromocitoma,14177,95
BERKLEY,227,7527,Feocromocitoma por video-laparoscopia,15387,98
BERKLEY,227,6324,Reduccion cruenta de luxacion o fractura de columna sin fijacion,14572,93
BERKLEY,227,6429,Revision de fijacion de columna,14649,98
BERKLEY,227,5762,Fijacion interdentaria,15489,91
BERKLEY,227,5763,Fimosis / parafimosis / postioplastia,14178,91
BERKLEY,227,5764,Fistula anal / fistulectomia / fistulotomia,14179,90
BERKLEY,227,5765,Fistula arterio-venosa para hemodialisis,14180,92
BERKLEY,227,5768,Fistula umbilical,14182,91
BERKLEY,227,5770,Fistula vagino-perineal,14184,91
BERKLEY,227,5771,Fistula vesico-parietal,14185,91
BERKLEY,227,5772,Fistula vesico-rectal,14186,91
BERKLEY,227,5773,Fistula vesico-ureteral,14187,91
BERKLEY,227,5767,Fistula en columna,15484,93
BERKLEY,227,5775,Fistulografia,14189,89
BERKLEY,227,5776,Fisura anal,14190,90
BERKLEY,227,5859,"Hipertelorismo, fisura facial media",14262,98
BERKLEY,227,5939,"Laringotomia mediana, laringofisura, como unica operacion",14309,92
BERKLEY,227,5777,"Fisura congenita del esqueleto facial (Treacher Collins, etc.)",14996,95
BERKLEY,227,5778,Flebectomia segmentaria / varices residuales como unica operacion,14191,91
BERKLEY,227,6448,Safenectomia interna unilateral con flebectomia segmentaria o de varices residuales,14663,93
BERKLEY,227,6591,Tratamiento con laser mas flebectomia segmentaria,14759,94
BERKLEY,227,5779,Flebografia de miembros,14192,90
BERKLEY,227,5780,Flemon de mano,14193,90
BERKLEY,227,5781,Flemon de pared,15360,89
BERKLEY,227,5782,Fondo de ojo,14194,89
BERKLEY,227,5783,Formacion de vagina artificial,14196,95
BERKLEY,227,6128,Operaciones plasticas de malformaciones  congenitas ano-rectales con 1 o 2 equipos,14433,95
BERKLEY,227,6130,Oreja en asa y otras malformaciones,15098,91
BERKLEY,227,5785,Fractura bi-maleolar de tobillo (osteosintesis de tibia y perone por distintas vias),14198,93
BERKLEY,227,5789,Fractura del peñasco (tratamiento quirurgico),14199,94
BERKLEY,227,5966,Limpieza quirurgica de fractura expuesta (no de femur),14334,91
BERKLEY,227,5967,Limpieza quirurgica de fractura expuesta de femur,14335,92
BERKLEY,227,5968,Limpieza quirurgica de fractura expuesta de miembro superior,14338,91
BERKLEY,227,6147,Osteosintesis de fractura de pelvis,14446,94
BERKLEY,227,6148,Osteosintesis de fractura de platillo tibial,14448,93
BERKLEY,227,6327,Reduccion de fractura o luxacion de coccix,14574,93
BERKLEY,227,6332,Reduccion quirurgica / osteosintesis de fractura de maxilar superior e inferior,14577,93
BERKLEY,227,6333,Reduccion quirurgica / osteosintesis de fracturas en general,14578,92
BERKLEY,227,5786,Fractura compleja de maxilares y huesos de la cara,14998,94
BERKLEY,227,5787,Fractura compleja de orbita/ reduccion/ osteosintesis y/o injerto,14999,93
BERKLEY,227,5788,Fractura de orbita y/o malar,15000,93
BERKLEY,227,5790,"Fractura nasal asociada (naso-orbitaria, etc.)",15001,92
BERKLEY,227,5791,Fractura simple,15002,90
BERKLEY,227,5792,"Fractura simple de orbita, reduccion y osteosintesis",15003,91
BERKLEY,227,6326,Reduccion de fractura nasal,15228,90
BERKLEY,227,7591,Osteosintesis fracturas costales,15363,93
BERKLEY,227,8114,Reduccion incruenta de fracturas,15436,90
BERKLEY,227,6137,"Osteosintesis (reduccion quirurgica) de fractura: carpo, tarso, humero, cubito, radio, clavicula, costilla, externon, rotula, etc.",15438,92
BERKLEY,227,5793,Fractura supracondilea de codo,15465,92
BERKLEY,227,6322,Reduccion cruenta de fractura de pelvis,15482,93
BERKLEY,227,5794,Frenulotomia,15405,89
BERKLEY,227,5795,Fulguracion corneal con o sin raspado,14200,89
BERKLEY,227,5796,Fulguracion de neo de recto,14201,91
BERKLEY,227,5798,Gastrectomia subtotal,15316,94
BERKLEY,227,5800,Gastrectomia total por toraco-laparotomia,15317,95
BERKLEY,227,5797,Gastrectomia por videolaparoscopia,15318,95
BERKLEY,227,5802,Gastroquisis (tratamiento quirurgico),14204,95
BERKLEY,227,6604,Tratamiento quirurgico de la gastroquisis,14768,95
BERKLEY,227,5803,Gastrorrafia / herida o traumatismo estomago,14205,92
BERKLEY,227,5807,Gastrostomia por via endoscopica,14207,91
BERKLEY,227,5806,Gastrostomia percutanea,15312,91
BERKLEY,227,5809,Ginecomastia unilateral / mama supernumeraria,14209,92
BERKLEY,227,5810,Gingivectomia parcial por tumores,14210,91
BERKLEY,227,5811,Gingivectomia total ampliada,14211,92
BERKLEY,227,6112,Operacion comando de lengua (glosectomia total),14417,95
BERKLEY,227,5812,Glosectomia subtotal,15503,93
BERKLEY,227,5813,Glosoplastia,14212,90
BERKLEY,227,5815,Gonioscopia,14213,89
BERKLEY,227,5818,Granuloma de traquea,14215,91
BERKLEY,227,5817,"Grandes quemados, injertos",15005,93
BERKLEY,227,5819,Hallux valgus completo unilateral,14217,91
BERKLEY,227,5820,Hematoma retroperitoneal,14218,92
BERKLEY,227,6628,Tumor de pared (hematoma supra-infra aponeurotico),14789,91
BERKLEY,227,5822,Hemi-paratiroidectomia,14220,92
BERKLEY,227,5825,Hemihepatectomia,14224,95
BERKLEY,227,5826,Hemitiroidectomia,14225,92
BERKLEY,227,6024,Microsomia hemifacial / osteotomias e injertos oseos en mandibula,15052,93
BERKLEY,227,6597,Tratamiento endoscopico de la hemorragia digestiva,14765,91
BERKLEY,227,5828,Hemorroidectomia,14227,91
BERKLEY,227,5829,Hepatectomia lobar derecha o izquierda,14228,95
BERKLEY,227,5830,Herida de pared abdominal de mas de 20 cm,14229,90
BERKLEY,227,5831,Herida de parpado,14230,90
BERKLEY,227,5832,Herida de via lagrimal,14231,92
BERKLEY,227,5833,Herida hasta aponeurosis de menos de 20 cm,14232,89
BERKLEY,227,5834,Herida penetrante de ojo,14233,92
BERKLEY,227,5835,Herida traumatica de higado,14234,93
BERKLEY,227,6495,Sutura de herida de cornea con prolapso de iris y o herida de cristalino,14703,92
BERKLEY,227,6496,Sutura de herida simple de higado,14704,91
BERKLEY,227,5836,Heridas complejas de labio,15006,91
BERKLEY,227,6504,Sutura simple de herida (menos de 5 cm) en cabeza y/o cuello,15173,90
BERKLEY,227,6553,"Toillete quirurgico de herida, con o sin debridamiento",15189,90
BERKLEY,227,6503,Sutura simple de herida (menos de 10 cm); excepto en cabeza y cuello,15202,89
BERKLEY,227,6502,Sutura simple de herida (mas de 10 cm); excepto en cabeza y cuello,15221,90
BERKLEY,227,5837,Hernia atascada,14235,92
BERKLEY,227,5838,Hernia de disco cervical (via anterior),14236,94
BERKLEY,227,5839,Hernia de disco cervical un espacio (via posterior),14237,94
BERKLEY,227,5840,Hernia de disco dorsal o lumbar,14238,93
BERKLEY,227,5841,Hernia de disco dorso-lumbar multiple,14239,94
BERKLEY,227,5842,Hernia de hiato a cielo abierto,14240,92
BERKLEY,227,5843,Hernia diafragmatica congenita,14241,107
BERKLEY,227,5844,Hernia diafragmatica por via abdominal,14242,94
BERKLEY,227,5845,Hernia diafragmatica por via toracica,14243,94
BERKLEY,227,5846,Hernia diafragmatica por via toraco-abdominal,14246,95
BERKLEY,227,5847,Hernia diafragmatica por video-toracoscopia,14247,95
BERKLEY,227,5848,Hernia estrangulada,14251,91
BERKLEY,227,5849,Hernia estrangulada con reseccion intestinal,14252,93
BERKLEY,227,5853,Hernia recidivada,14255,91
BERKLEY,227,5854,"Hernia umbilical, inguinal, crural o epigastrica",14256,91
BERKLEY,227,8119,Hernia inguinal bilateral,15294,92
BERKLEY,227,5852,Hernia inguinal por videolaparoscopia,15349,93
BERKLEY,227,6364,Reparacion de hernia muscular,15455,91
BERKLEY,227,5855,Hidrocele,14257,90
BERKLEY,227,6653,Varicocele o hidrocele por videolaparoscopia,14806,91
BERKLEY,227,5856,Himenectomia,14258,90
BERKLEY,227,5857,Hipema,14259,91
BERKLEY,227,5858,Hiperhidrosis selectiva por video-toracoscopia,14260,95
BERKLEY,227,6469,Simpatectomia lumbar o toracica por video-toracoscopia (hiperhidrosis selectiva por toracoscopia),14682,95
BERKLEY,227,5860,Hipertrofia del piloro por via laparoscopica,14263,93
BERKLEY,227,5861,Hipertrofia del piloro-piloromiotomia,14264,92
BERKLEY,227,5862,Hipofisectomia transepto-esfenoidal,14265,98
BERKLEY,227,5863,Hipospadia / epispadia (cada tiempo),15007,93
BERKLEY,227,8109,Hipospadia / epispadia / plastica de pene,15410,93
BERKLEY,227,5864,Hipotermia controlada: 1ras 24 hs o fraccion,15008,90
BERKLEY,227,5865,Hipotermia controlada: c/24 hs 0 fraccion siguiente,15009,89
BERKLEY,227,5866,Histerectomia con o sin anexectomia,14266,93
BERKLEY,227,5867,Histerectomia con o sin anexectomia por video-laparoscopia,14267,94
BERKLEY,227,5868,Histerectomia con o sin anexectomia por videolaparoscopia,14268,94
BERKLEY,227,6123,Operacion de Wertheim-Meigs (colpo-anexo-histerectomia total ampliada),14428,95
BERKLEY,227,5869,Histerectomia fundica,15396,91
BERKLEY,227,5871,Histeroscopia por video diagnostica,14271,90
BERKLEY,227,5872,"Histeroscopia por video terapeutica (miomectomia, polipectomia, etc)",14272,91
BERKLEY,227,7600,"Histeroscopia por video para tratamiento de fertilidad, ICSI",15397,93
BERKLEY,227,5873,Huevo muerto y retenido / legrado,14274,90
BERKLEY,227,5874,Ileostomia,14275,91
BERKLEY,227,5098,Ano imperforado con recto alto,13702,93
BERKLEY,227,5099,Ano imperforado con recto bajo,13703,92
BERKLEY,227,5875,Implantacion de circulacion asistida,15550,92
BERKLEY,227,5877,Implante coclear,14276,95
BERKLEY,227,5880,Implante de celulas B,14277,95
BERKLEY,227,5889,Implante secundario de lente intraocular,14280,93
BERKLEY,227,6348,Reimplante de miembro inferior,14592,95
BERKLEY,227,6349,Reimplante de miembro superior,14593,98
BERKLEY,227,6353,Reimplante ureteral bilateral con afinamiento,14596,94
BERKLEY,227,6354,Reimplante ureteral bilateral por videolaparoscopia,14597,95
BERKLEY,227,6355,Reimplante ureteral unilateral,14599,92
BERKLEY,227,6356,Reimplante ureteral unilateral con afinamiento,14600,93
BERKLEY,227,6357,Reimplante ureteral unilateral por videolaparoscopia,14601,94
BERKLEY,227,6424,Retinopexia con o sin esclerectomia e implante,14645,94
BERKLEY,227,5876,Implante capilar,15010,95
BERKLEY,227,5878,Implante de cateter tunelizado definitivo con bomba subcutanea,15011,94
BERKLEY,227,5882,Implante de estimulador medular definitivo,15012,98
BERKLEY,227,5885,Implante intraorbitario (melanoma de retina),15013,90
BERKLEY,227,5888,Implante mamario mas pexia,15015,94
BERKLEY,227,5886,Implante mamario,15261,93
BERKLEY,227,5890,Implantes gluteos,15262,93
BERKLEY,227,5883,Implante de estimulador medular transitorio,15280,95
BERKLEY,227,5901,Inclusion de semillas radioactivas en perine,14289,92
BERKLEY,227,7790,Infiltracion de toxina botulinica en Trigger-Points (hasta 3),69287,91
BERKLEY,227,7791,Infiltracion de toxina botulinica en Trigger-Points (mas de 3),69288,92
BERKLEY,227,7792,Infiltracion trigger points (hasta 4),69289,90
BERKLEY,227,8537,Infiltracion de toxina botulinica en Trigger point ( mas de 3 ),69387,93
BERKLEY,227,5908,Infiltracion toxina botulinica puntos gatillos (hasta 5 ),15019,90
BERKLEY,227,5909,Infiltracion toxina botulinica puntos gatillos (mas de 5 ),15020,91
BERKLEY,227,5906,"Infiltracion contic, AL, Aines etc en puntos gatillos (hasta 5)",15210,89
BERKLEY,227,5907,"Infiltracion contic, AL, Aines etc en puntos gatillos (mas de 5)",15217,90
BERKLEY,227,7587,Re inflado de balon intragastrico,15343,92
BERKLEY,227,6716,Obtencion de Injerto Oseo y Tendinoso,60867,92
BERKLEY,227,6717,Uso de Injerto Oseo y/o Tendon,60868,91
BERKLEY,227,5910,Injerto de cornea,14290,94
BERKLEY,227,5911,Injerto de esclera,14291,92
BERKLEY,227,6097,Neurorrafia con o sin injerto de un solo nervio,14405,92
BERKLEY,227,6103,Obtencion de injerto simple de hueso,14409,90
BERKLEY,227,6217,Plastica de uretra con injerto de mucosa yugal o lingual,14510,94
BERKLEY,227,6221,Plastica o injerto del tendon de aquiles o rotuliano,14513,92
BERKLEY,227,6245,Protesis peneana con o sin injerto,14533,95
BERKLEY,227,6369,"Reparacion plastica de la orbita, con o sin injerto de piel",14611,92
BERKLEY,227,6408,Reseccion diafisiaria con protesis y/o injerto de sustitucion,14632,93
BERKLEY,227,5912,Injerto de piel,15021,90
BERKLEY,227,5913,Injerto libre de ceja,15022,90
BERKLEY,227,6121,Operacion de Ross (reemplazo valvular aortico con auto-injerto con valvula pulmonar),15097,96
BERKLEY,227,6317,Reconstruccion total de orbita con injerto por tumores esfeno-orbitarios o anoftalmia congenita,15140,94
BERKLEY,227,6439,"Rinoplastia compleja con o sin injerto, no estetica",15164,91
BERKLEY,227,8117,Neurorrafia con o sin injerto de nervio (cada uno),15451,92
BERKLEY,227,5917,Insuficiencia mitral con CIV post-infarto,15025,98
BERKLEY,227,5918,Interconsulta anestesiologica,15026,89
BERKLEY,227,8104,Interconsulta para tratamiento del dolor,15203,89
BERKLEY,227,5919,Intervenciones en nervios opticos,14295,95
BERKLEY,227,5920,Intervenciones estereotaxicas (inicio en TAC y que continuan en quirofano),14296,95
BERKLEY,227,5921,Intubacion con fibroscopia (bronco-fibroscopio),14297,90
BERKLEY,227,5922,Intubacion laringotraqueal (como unico procedimiento) fuera del acto anestesico,15504,89
BERKLEY,227,5924,Inyeccion de sustancias retro-bulbares,14298,91
BERKLEY,227,5926,Inyeccion para-vertebral de troncos y ganglios simpaticos,14299,90
BERKLEY,227,5927,Inyeccion subconjuntival,14300,89
BERKLEY,227,6251,Puncion arterial para inyeccion medicamentosa,14537,89
BERKLEY,227,5923,Inyeccion de glicerol en el G de Gasser,15027,95
BERKLEY,227,5925,Inyeccion esclerosante en angioma,15028,90
BERKLEY,227,5928,Laberintectomia,14301,93
BERKLEY,227,6475,Sinequias de labios mayores y/o menores,14687,90
BERKLEY,227,5561,Ectoprion de labio,14974,90
BERKLEY,227,5929,Labio leporino bilateral completo,15029,94
BERKLEY,227,5930,Labio leporino unilateral completo,15030,93
BERKLEY,227,5931,Labio leporino unilateral incompleto,15031,93
BERKLEY,227,6272,Queiloplastia (reconstruccion quirurgica del labio),15116,92
BERKLEY,227,6373,Reseccion cuneiforme de labio,15149,90
BERKLEY,227,5932,Laminectomia descompresiva,14302,93
BERKLEY,227,5933,Laparotomia contenida (lavado de cavidad),14304,91
BERKLEY,227,5934,Laparotomia exploradora en paciente critico,14305,94
BERKLEY,227,5936,Laparotomia terapeutica en paciente critico,14306,95
BERKLEY,227,5935,"Laparotomia exploradora, como unica intervencion",15297,91
BERKLEY,227,6040,Nefrectomia por toraco-freno-laparotomia,15418,95
BERKLEY,227,5937,Laringo-faringuectomia,14307,95
BERKLEY,227,5938,"Laringoplastia, cordopexia, aritenoidopexia",14308,92
BERKLEY,227,5943,Laser de vagina,14313,92
BERKLEY,227,6418,Reseccion tumor bronquial con laser,14641,95
BERKLEY,227,5944,Laser panfacial,15032,93
BERKLEY,227,6412,TUR-P por laser (adenomectomia),15431,94
BERKLEY,227,6241,Prostatectomia por laser,15432,95
BERKLEY,227,5945,Lavado bronquial para desobstruccion,14314,91
BERKLEY,227,5946,Lavado de cavidad,14316,90
BERKLEY,227,5947,Lavado de la cavidad,14317,90
BERKLEY,227,6488,Sondaje y lavado de via lagrimal,14700,90
BERKLEY,227,5948,Legrado por mola o similar,14318,90
BERKLEY,227,5949,Legrado uterino,14319,90
BERKLEY,227,7508,Termolesion por Rf. del Nervio Occipital Mayor uni o bilateral,51338,95
BERKLEY,227,7509,Termolesion por Rf. facetaria (ramo medio) cervical/dorsal/lumbar hasta 3 niveles,51339,95
BERKLEY,227,7510,Termolesion por Rf. facetaria (ramo medio) cervical/doral/lumbar mas de 3 niveles,51340,98
BERKLEY,227,7511,Termolesion por Rf. facetaria + Rf. radicular (1 o mas niveles),51341,98
BERKLEY,227,7512,Termolesion por Rf. de mas de 2 nervios craneales,51342,95
BERKLEY,227,7514,Termolesion por Rf. del ganglio simpatico toracico/dorsal/lumbar/hipogastrico sup,51343,95
BERKLEY,227,7520,Termolesion por Rf. de rodilla (N.geniculados) unilateral,51349,95
BERKLEY,227,7521,Termolesion por Rf. de rodilla (N.geniculados) bilateral,51350,98
BERKLEY,227,7522,Termolesion por Rf. de hombro (N.supraespinoso) bilateral,51351,95
BERKLEY,227,8556,Termolesion por Rf. de hasta 2 nervios craneales,69400,95
BERKLEY,227,5953,Lesiones adquiridas o congenitas vertebro-meningo-medulares (compresion tumoral),14323,94
BERKLEY,227,5951,Lesion por compresion de G de Gasser con balon de Foggarty,15033,95
BERKLEY,227,6534,Termolesion por rf de G Esfenopalatino,15183,94
BERKLEY,227,6535,"Termolesion por Rf. del ganglio de la raiz dorsal, cervical, lumbar y sacra. (hasta 2 niveles)",15184,95
BERKLEY,227,6536,"Termolesion por Rf. del ganglio de raiz dorsal, cervical, lumbar y sacra. (mas de 2 niveles)",15185,98
BERKLEY,227,6537,"Termolesion por rf de rama media cerv, dorsal o lumbar cada nivel adic",15186,95
BERKLEY,227,6538,"Termolesion por rf de rama media cerv, dorsal o lumbar.",15187,95
BERKLEY,227,5954,Levantamiento de vejiga por via abdominal (tipo Bursch),14324,92
BERKLEY,227,6001,Mastopexia unilateral (levantamiento mamario),15045,94
BERKLEY,227,5955,Lifting,15034,94
BERKLEY,227,5956,Lifting endoscopico,15035,95
BERKLEY,227,5957,Ligadura bilateral de trompas (anti-concepcion) a cielo abierto,14325,91
BERKLEY,227,5958,Ligadura bilateral de trompas (anti-concepcion) por video-laparoscopia,14326,92
BERKLEY,227,5959,Ligadura bilateral de trompas a cielo abierto,14327,91
BERKLEY,227,5960,Ligadura bilateral de trompas por videolaparoscopia,14328,92
BERKLEY,227,5961,Ligadura del paquete esfeno-palatino,14329,92
BERKLEY,227,5963,Ligadura sub-aponeurotica de venas perforantes o comunicantes insuficientes (tipo: Linton / Cigorraga / Cockett),14331,91
BERKLEY,227,5964,Ligadura unilateral de troncos profundos de los miembros,14332,92
BERKLEY,227,6501,Sutura o ligadura de vasos profundos del cuello,14708,92
BERKLEY,227,5965,Ligamentopexia abdominal,14333,91
BERKLEY,227,5969,Limpieza quirurgica de mano (como unica intervencion),14339,90
BERKLEY,227,5971,Linfadenectomia mediastinica,14340,94
BERKLEY,227,5972,Linfadenectomia retroperitoneal (tipo lumboaortica o similares),14341,93
BERKLEY,227,5973,Linfadenectomia retroperitoneal por video,14342,94
BERKLEY,227,5974,Linfadenectomia retroperitoneal por videolaparoscopia,14343,94
BERKLEY,227,6242,Prostatectomia radical + linfadenectomia,14530,94
BERKLEY,227,5970,"Linfadenectomia cervical, axilar o inguinal como unica operacion",15036,92
BERKLEY,227,5977,"Lipoma, reseccion con el paciente en decubito dorsal o lateral",15226,90
BERKLEY,227,5978,"Lipoma, reseccion con el paciente en decubito ventral",15238,91
BERKLEY,227,5982,Litotricia endoluminal calculo unico,14344,91
BERKLEY,227,5983,Litotricia endoluminal calculos multiples,14345,92
BERKLEY,227,5984,Litotricia extracorporea,14346,91
BERKLEY,227,5985,Litotricia por onda de choque extracorporea (litotricia extracorporea),14348,91
BERKLEY,227,5986,Litotricia ureteral por via endoscopica (incluye litotricia endoluminal),14349,92
BERKLEY,227,5988,Lobectomia o segmentectomia a cielo abierto,14351,94
BERKLEY,227,6457,Segmentectomia o lobectomia por video-toracoscopia,14669,95
BERKLEY,227,5987,Lobectomia,15536,98
BERKLEY,227,6168,Otoplastia de lobulo hendido,14466,90
BERKLEY,227,6185,Parotidectomia de lobulo superficial,14478,92
BERKLEY,227,5989,Lobulo hendido de oreja,15041,90
BERKLEY,227,5990,Luxacion recidivante de hombro por via convencional,14352,92
BERKLEY,227,8120,Reduccion cruenta de luxacion de columna,15440,93
BERKLEY,227,8116,Reduccion incruenta de luxaciones,15458,90
BERKLEY,227,6330,Reduccion incruenta de luxacion de maxilar,15488,90
BERKLEY,227,6100,Nodulectomia de mama unilateral,14408,91
BERKLEY,227,6278,Quiste de mama unilateral,14554,90
BERKLEY,227,5992,Mama supernumeraria unilateral,15042,92
BERKLEY,227,6312,Reconstruccion mamaria con dorsal ancho,15134,98
BERKLEY,227,6264,Puncion de mama unilateral,15388,89
BERKLEY,227,5995,Mastectomia radical con vaciamiento ganglionar,14356,95
BERKLEY,227,5996,Mastectomia subradical unilateral / mastoplastia unilateral (operacion de Urban),14357,94
BERKLEY,227,7598,Mastectomia ( mas ganglio centinela),15392,93
BERKLEY,227,7599,Mastectomia ( mas vaciamiento axilar ),15393,94
BERKLEY,227,5998,Mastoidectomia simple o radical (operacion radical de oido),14359,92
BERKLEY,227,6542,Timpano-mastoidectomia,14720,94
BERKLEY,227,6002,Mastotomia unilateral,14360,90
BERKLEY,227,6017,Meniscectomia maxilar,14370,91
BERKLEY,227,6111,Operacion comando de glandula submaxilar,14416,95
BERKLEY,227,6152,Osteosintesis de malar o maxilar (2 placas titanio),14452,93
BERKLEY,227,6153,Osteosintesis de malar o maxilar (mas de 2 placas titanio),14453,94
BERKLEY,227,6279,Quiste de maxilar (pieza dental incluida),14555,91
BERKLEY,227,6481,Sinusotomia maxilar radical,14694,92
BERKLEY,227,6482,Sinusotomia maxilar simple,14695,92
BERKLEY,227,6483,"Sinusotomias combinadas (frontal, etmoidal, etc.) por via externa transmaxilar",14696,93
BERKLEY,227,6003,Maxilar inferior: prognatismo / retrognatismo,15046,93
BERKLEY,227,6004,Maxilar superior: prognasia / retrognasia,15047,94
BERKLEY,227,6393,Reseccion de maxilar inferior con vaciamiento (comando),15152,98
BERKLEY,227,6005,Maxilectomia radical por via endoscopica,15048,93
BERKLEY,227,6007,Maxilectomia simple por via endoscopica,15049,92
BERKLEY,227,6009,Meatotomia,15406,89
BERKLEY,227,6010,Mediastinitis / toillette mediastinal,15050,94
BERKLEY,227,6011,Mediastinoscopia,14363,92
BERKLEY,227,6014,Megacolon congenito,14366,93
BERKLEY,227,6605,Tratamiento quirurgico del megacolon,14769,93
BERKLEY,227,6016,Meningocele,14369,94
BERKLEY,227,6027,Mielomeningocele,14379,94
BERKLEY,227,6018,Metastasis hepatica / fenolizacion termo-tratamiento,14371,93
BERKLEY,227,6019,Metatarsalgia / ratas articulares,14372,90
BERKLEY,227,6025,"Microtia, reconstruccion en varios tiempos",15053,90
BERKLEY,227,6026,Mielografia,14378,90
BERKLEY,227,6030,Miomectomia vaginal (mioma nascens),69299,90
BERKLEY,227,6028,Miomectomia / histerorrafia,14380,92
BERKLEY,227,6029,Miomectomia por videolaparoscopia,14381,93
BERKLEY,227,6686,"Video-laparoscopia ginecologica terapeutica (incluye miomectomia, quiste de ovario, etc)",14833,93
BERKLEY,227,6691,"Videolaparoscopia terapeutica (incluye quiste de ovario, lisis pelvianas, miomectomias,",15400,93
BERKLEY,227,6031,Miringoplastia,14383,91
BERKLEY,227,6033,"Morfina o morfinosimiles por via epidural o subaracnoidea, por sesion: continua 1ras 24 hs o fraccion",15054,91
BERKLEY,227,6034,Movilizacion (quiropraxia ),14385,89
BERKLEY,227,6035,Movilizacion del estribo,14386,90
BERKLEY,227,7580,Mucosectomia,15336,92
BERKLEY,227,6037,Nariz leporina compleja,15055,91
BERKLEY,227,6438,Rinofina (rosacea fimatosa de nariz),15163,91
BERKLEY,227,6420,"Resecciones totales de huesos (radio, cubito, perone, astralago, calcaneo, clavicula, malar, huesos propios de la nariz etc.)",15439,93
BERKLEY,227,6038,Nefrectomia parcial,14388,94
BERKLEY,227,6039,Nefrectomia parcial o total por video-laparoscopia,14389,95
BERKLEY,227,6041,Nefrectomia radical + vaciamiento ganglionar,14390,95
BERKLEY,227,6043,Nefrectomia total o parcial por videolaparoscopia,14391,95
BERKLEY,227,6042,Nefrectomia total,15417,94
BERKLEY,227,6045,Nefrolitotomia,14394,93
BERKLEY,227,6046,Nefrolitotomia percutanea,14395,94
BERKLEY,227,6047,Nefropexia,14396,92
BERKLEY,227,6048,Nefrostomia percutanea,15416,92
BERKLEY,227,6051,Neumonectomia a cielo abierto,14398,94
BERKLEY,227,6052,Neumonectomia por video-toracoscopia,14399,95
BERKLEY,227,7515,Neurolisis por Rf. del simpatico dorsal,51344,98
BERKLEY,227,7516,Neurolisis por Rf. simpatico lumbar unilateral,51345,95
BERKLEY,227,7517,Neurolisis por Rf. simpatico lumbar bilateral,51346,98
BERKLEY,227,8540,Neurolisis de nervio periferico bajo radioscopia,69390,93
BERKLEY,227,8541,Neurolisis quimica del plexo hipogastrico superior,69391,94
BERKLEY,227,6065,Neurolisis de nervios perifericos,14401,90
BERKLEY,227,6066,Neurolisis extracraneal,14402,90
BERKLEY,227,6075,Neurolisis quimica,14403,90
BERKLEY,227,6085,Neurolisis transoval del trgemino,14404,91
BERKLEY,227,6057,Neurolisis - modulacion ganglio estrellado con Rf,15058,95
BERKLEY,227,6058,Neurolisis - modulacion nervio periferico con Rf,15059,92
BERKLEY,227,6056,Neurolisis  nervio glosofaringeo con Rf,15060,94
BERKLEY,227,6063,Neurolisis por rf de articulacion sacro-iliaca bilateral,15061,95
BERKLEY,227,6064,Neurolisis con rf de articulacion sacro-iliaca unilateral,15062,94
BERKLEY,227,6059,neurolisis con Rf de nervios esplacnicos,15063,94
BERKLEY,227,6061,Neurolisis con Rf de nervios facetarios (mas de 2 niveles),15064,94
BERKLEY,227,6062,Neurolisis con Rf de plexo celiaco,15065,94
BERKLEY,227,6067,Neurolisis ganglio esfeno-palatino con Rf,15066,94
BERKLEY,227,6068,Neurolisis nervio periferico con Rx,15067,92
BERKLEY,227,6069,Neurolisis nervio periferico sin Rx,15068,91
BERKLEY,227,6070,Neurolisis pcon Rf de ganglio de Walter,15069,95
BERKLEY,227,6071,Neurolisis por Rf de plexo hipogastrico superior,15071,94
BERKLEY,227,6072,Neurolisis por rf de simpatico dorsal,15073,95
BERKLEY,227,6073,Neurolisis por rf simpatico lumbar bilateral,15074,95
BERKLEY,227,6074,Neurolisis por rf simpatico lumbar unilateral,15075,95
BERKLEY,227,6076,Neurolisis quimica de ganglio de Walter,15076,95
BERKLEY,227,6077,Neurolisis por Rf. del plexo hipogastrico superior,15078,95
BERKLEY,227,6078,Neurolisis quimica del simpatico dorsal,15080,95
BERKLEY,227,6079,Neurolisis quimica del simpatico lumbar bilateral,15081,95
BERKLEY,227,6080,Neurolisis quimica de simpatico lumbar unilateral,15082,94
BERKLEY,227,6081,Neurolisis quimica ganglio estrellado,15083,94
BERKLEY,227,6082,Neurolisis quimica nervios esplacnicos,15084,94
BERKLEY,227,6083,Neurolisis quimica plexo celiaco,15086,94
BERKLEY,227,6086,Neurolisis del trigemino con Rf,15087,95
BERKLEY,227,6087,Neurolisis-modulacion del trigemino con Rf,15088,98
BERKLEY,227,6088,Neurolisis-modulacion ganglio esfeno-palatino con Rf,15089,95
BERKLEY,227,6089,Neurolisis-modulacion nervio glosofaringeo con Rf,15090,95
BERKLEY,227,6060,Neurolisis con Rf de nervios facetarios (2 niveles),15263,93
BERKLEY,227,6090,Neuromodulacion articulacion de hombro con Rf pulsada,15091,91
BERKLEY,227,6091,Neuromodulacion articulacion de rodilla con Rf pulsada,15092,91
BERKLEY,227,6092,Neuromodulacion con Rf pulsada de articulacion AA o AO,15093,93
BERKLEY,227,6093,Neuromodulacion con Rf pulsada ganglio raiz dorsal  (1 nivel),15094,92
BERKLEY,227,6094,Neuromodulacion con Rf pulsada ganglio raiz dorsal (mas de 1 nivel),15095,93
BERKLEY,227,6095,Neuromodulacion percutanea de nervio periferico,15096,94
BERKLEY,227,6096,Neuromodulacion sistemica con anestesicos locales en dolor neuropatico.,15215,90
BERKLEY,227,6098,Neurotomia del nervio optico,14406,90
BERKLEY,227,6099,Neurotomia trigeminal / vestibular / glosofaringeo,14407,95
BERKLEY,227,6104,Oclusion con reseccion de intestino,14410,93
BERKLEY,227,6105,Omentectomia,15328,93
BERKLEY,227,6106,Onfalitis,14411,91
BERKLEY,227,6107,Ooforectomia simple unilateral,14412,91
BERKLEY,227,6108,Ooforo-salpinguectomia unilateral,14413,91
BERKLEY,227,6708,Operacion Comando de Parotida,60859,95
BERKLEY,227,6109,Operacion comando de encias o trigono-retromolar,14414,93
BERKLEY,227,6110,Operacion comando de faringe con vaciamiento,14415,95
BERKLEY,227,6113,Operacion comando de paladar blando,14418,95
BERKLEY,227,6114,Operacion comando de piso de boca,14419,95
BERKLEY,227,6115,Operacion correctora de glaucoma,14420,92
BERKLEY,227,6117,Operacion de Dixon (para tumores del 1/3 superior del recto),14422,93
BERKLEY,227,6118,Operacion de Dixon laparoscopica (para tumores del 1/3 superior del recto),14423,94
BERKLEY,227,6119,Operacion de Frikolm (hasta 2 discos),14425,94
BERKLEY,227,6120,Operacion de Lefort o similares para prolapso vaginal,14426,91
BERKLEY,227,6122,Operacion de Sugarbaker (HIPEC) para carcinomatosis toracica (QMT + hipertermia intracavitaria),14427,107
BERKLEY,227,6124,Operacion de Wertheim-Meigs con lavaje intracavitario con circulacion extracorporea (tipo Sugarbaker),14429,107
BERKLEY,227,6125,Operacion de Wertheim-Meigs por video-laparoscopia,14430,98
BERKLEY,227,6226,Plicatura intestinal (operacion de Noble),14519,93
BERKLEY,227,6460,Septumplastia y/o reseccion del tabique nasal (operacion de Killian o similar),14672,92
BERKLEY,227,6197,Peritonectomia + quimioterapia con hipertermia intracavitaria (HIPEC - operacion de Sugarbaker,15300,107
BERKLEY,227,6406,"Reseccion de tumor, intraorbitario mediante orbitotomia",15160,91
BERKLEY,227,6131,Orquidectomia,14435,91
BERKLEY,227,6132,Orquidopexia,14436,91
BERKLEY,227,6133,Orzuelo,14437,89
BERKLEY,227,6134,Osteoclasia,14438,90
BERKLEY,227,5398,Osteosintesis de Perone,60851,92
BERKLEY,227,6138,Osteosintesis clavicular,14439,92
BERKLEY,227,6139,Osteosintesis de calcaneo,14441,92
BERKLEY,227,6143,Osteosintesis de escafoide,14443,93
BERKLEY,227,6145,Osteosintesis de falange o metacarpiano (hasta 3 huesos),14444,91
BERKLEY,227,6146,"Osteosintesis de femur (tipo Kuncher, clavo gamma o similares)",14445,93
BERKLEY,227,6149,Osteosintesis de hasta 2 huesos del carpo,14449,92
BERKLEY,227,6154,Osteosintesis de mas de 2 huesos del carpo,14454,93
BERKLEY,227,6155,Osteosintesis de muñeca con clavija percutanea (tipo Sauve-Kapandi y similares),14455,91
BERKLEY,227,6156,Osteosintesis de rotula,14456,92
BERKLEY,227,6157,Osteosintesis de tarso o metatarso hasta 2 huesos,14457,92
BERKLEY,227,6158,Osteosintesis de tibia,14458,92
BERKLEY,227,6159,Osteosintesis de tobillo,14459,92
BERKLEY,227,6161,Osteosintesis tarso o metatarso mas de 2 huesos,14460,93
BERKLEY,227,6160,Osteosintesis del malar,15099,92
BERKLEY,227,6144,Osteosintesis de esternon como unica intervencion,15362,92
BERKLEY,227,6141,Osteosintesis de cubito o radio,15463,92
BERKLEY,227,6151,Osteosintesis de humero,15464,92
BERKLEY,227,6142,Osteosintesis de cubito y radio (por diferentes vias),15467,93
BERKLEY,227,6162,Osteotomia correctora de pie,14461,91
BERKLEY,227,6163,Osteotomia correctora de tibia y perone,14463,92
BERKLEY,227,6167,Osteotomia simple,14465,90
BERKLEY,227,6166,Osteotomia de femur,15478,93
BERKLEY,227,6719,Trombectomia Pulmonar Mecanica En Tepa Paciente Critico,60870,96
BERKLEY,227,8553,Revision del manejo del dolor agudo (no postoperatorio) en pacientes internados,69401,89
BERKLEY,227,6169,Paciente oncologico - atencion clinica por 2 a 14 dias,15103,91
BERKLEY,227,6170,Paciente oncologico - atencion clinica x mes o frac. > a 14 d.,15268,93
BERKLEY,227,6171,Palatoplastia,14467,91
BERKLEY,227,6273,Queiloplastia con palatoplastia,15117,93
BERKLEY,227,6172,Palatorrafia,15104,91
BERKLEY,227,6176,Pancreatectomia por Videolaparoscopia,14471,95
BERKLEY,227,6177,Papilotomia del conducto de Warthon y/o Stenon,14472,90
BERKLEY,227,6178,Papilotomia endoscopica / ERCP (colangio-pancreatografia endoscopica retrogada),14473,92
BERKLEY,227,6179,Paratiroidectomia,14474,93
BERKLEY,227,6180,Paratiroidectomia por via endoscopica,14475,94
BERKLEY,227,6181,Paratiroidectomia total con vaciamiento ganglionar,14476,94
BERKLEY,227,6182,Paratiroidectomia total con vaciamiento ganglionar por via endoscopica,14477,95
BERKLEY,227,6184,Parche hematico,15105,90
BERKLEY,227,5020,Parchehematico de sangreo similar (blood parch) en cefalea post puncion,15248,91
BERKLEY,227,6186,Parotidectomia total,14479,93
BERKLEY,227,5235,By-pass de vasos perifericos unilateral,13786,94
BERKLEY,227,5236,By-pass temporo-silviano,13787,96
BERKLEY,227,6188,Pectus excavatum / pectus carinatum,14481,94
BERKLEY,227,6189,Pectus excavatum / pectus carinatum por video-toracoscopia,14482,95
BERKLEY,227,6191,Pericardiectomia amplia (pericarditis constrictiva),15106,94
BERKLEY,227,6192,Pericardiectomia no constrictiva,15107,93
BERKLEY,227,6193,Pericardiocentesis,14486,91
BERKLEY,227,6194,Pericardiotomia,15108,92
BERKLEY,227,6195,Peridural por distocia,14487,92
BERKLEY,227,6196,Perineorrafia,14488,90
BERKLEY,227,6198,Peritoneocentesis,14489,90
BERKLEY,227,6199,Peritonitis generalizada,14490,93
BERKLEY,227,6203,Pielografia ascendente por ureteroscopia,14494,90
BERKLEY,227,6204,Pielolitotomia,14495,92
BERKLEY,227,6205,Pielolitotomia por videolaparoscopia,14496,93
BERKLEY,227,6206,Pieloplastia,14497,92
BERKLEY,227,6207,Pieloplastia por lumbotomia,14498,93
BERKLEY,227,6208,Pielotomia por videolaparoscopia,14499,93
BERKLEY,227,6201,Pie plano unilateral,14492,92
BERKLEY,227,6712,Plastica de Codo,60863,93
BERKLEY,227,6715,Plastica de Manguito Rotador por Artroscopia,60866,94
BERKLEY,227,5580,Plastica peneana,14047,93
BERKLEY,227,6209,Plastica anal / anoplastia,14500,91
BERKLEY,227,6210,Plastica de canal estrecho de columna con disectomia hasta 2 espacios,14501,98
BERKLEY,227,6211,Plastica de canal estrecho de columna mas de 2 espacios,14502,98
BERKLEY,227,6212,Plastica de colostomia,14503,91
BERKLEY,227,6213,Plastica de la union uretero-pielica,14504,92
BERKLEY,227,6214,Plastica de ligamentos de rodilla no cruzados,14505,93
BERKLEY,227,6215,Plastica de manguito rotador no artroscopica,14506,93
BERKLEY,227,6216,Plastica de uretra / uretroplastia,14509,92
BERKLEY,227,6218,Plastica de via lagrimal,14511,93
BERKLEY,227,6219,Plastica del cuadriceps,14512,91
BERKLEY,227,6222,Plastica pielo-ureteral por videolaparoscopia,14514,94
BERKLEY,227,6223,Plastica ureteral,14516,92
BERKLEY,227,6224,Plastica ureteral o de la union pielo-pielica por videolaparoscopia,14517,94
BERKLEY,227,6362,Reparacion artroscopica quirurgica de tobillo (plastica de tobillo por video-artroscopia),14604,93
BERKLEY,227,6370,Reparacion plastica de ligamento peroneo-astragalino anterior y/o lateral y/o peroneo-calcaneo,14612,93
BERKLEY,227,6336,Reemplazo de una valvula cardiaca y plastica de otra,15142,98
BERKLEY,227,6405,"Reseccion de tumor maligno externo, con reconstruccion plastica",15159,92
BERKLEY,227,7539,Plastica o comisurotomias valvulares Ao o pulmonares en el recien nacido.,15288,98
BERKLEY,227,6220,Plastica del pabellon auricular,15492,92
BERKLEY,227,7595,Pleurectomia parcial por video-toracoscopia,15372,94
BERKLEY,227,6225,Pleurodesis quimica por video-toracoscopia,14518,94
BERKLEY,227,6227,Polidactilia,14520,91
BERKLEY,227,6229,Polipo de cuello uterino,14522,89
BERKLEY,227,6230,Potenciales evocados,14523,89
BERKLEY,227,6231,Potenciales evocados somatosensoriales,14524,91
BERKLEY,227,6582,Trasplante oseo en procedimientos primarios,14750,94
BERKLEY,227,6593,Tratamiento de las secuelas por paralisis (por cada procedimiento),14761,91
BERKLEY,227,6235,Proctectomia con prostatectomia,15358,93
BERKLEY,227,6236,Proctorrafia,14525,90
BERKLEY,227,6237,Prolapso rectal,14526,91
BERKLEY,227,6238,Prostatectomia o adenectomia con o sin vasectomia por videolaparoscopia,14527,94
BERKLEY,227,6239,"Prostatectomia o adenectomia por via abdominal, con o sin vasectomia",14528,93
BERKLEY,227,6240,Prostatectomia o adenomectomia por videolaparoscopia,14529,94
BERKLEY,227,6243,Prostatectomia radical por videolaparoscopia,14531,95
BERKLEY,227,6274,Querato-protesis,14550,94
BERKLEY,227,6434,Revision de protesis total de rodilla,14654,95
BERKLEY,227,6580,Trasplante oseo combinado con protesis,14748,95
BERKLEY,227,6246,Protesis testicular unilateral,15411,93
BERKLEY,227,6248,Ptosis palpebral,14534,91
BERKLEY,227,6247,Ptosis de parpado,15111,92
BERKLEY,227,8653,Puncion guiada por TAC en quirofano,69398,91
BERKLEY,227,6260,Puncion de camara anterior para daignosticos,14543,89
BERKLEY,227,6261,Puncion de derrame escrotal,14544,89
BERKLEY,227,6265,Puncion del antro mastoideo,14545,90
BERKLEY,227,6267,Puncion del seno esfenoidal,14547,91
BERKLEY,227,6270,Puncion trans-fontanoidal,14548,90
BERKLEY,227,6271,Puncion ventricular por trepanacion,14549,92
BERKLEY,227,6262,Puncion de ganglio linfatico,15115,89
BERKLEY,227,6268,Puncion pleural,15361,89
BERKLEY,227,6263,Puncion de la cavidad pleural para lavaje,15366,91
BERKLEY,227,6269,Puncion raquidea diagnostica,15528,90
BERKLEY,227,6275,Queratocentesis,14551,90
BERKLEY,227,6276,Quiste artro-sinovial,14552,90
BERKLEY,227,6277,Quiste de cordon,14553,90
BERKLEY,227,6280,Quiste de ovario,14556,91
BERKLEY,227,6281,Quiste de pancreas,14557,92
BERKLEY,227,6282,Quiste de tumor de cuello,14558,92
BERKLEY,227,6283,Quiste hidatidico de bazo,14559,92
BERKLEY,227,6284,Quiste hidatidico de higado,14560,93
BERKLEY,227,6285,Quiste o tumor de mesenterio,14561,92
BERKLEY,227,6286,Quiste o tumor del hueco popliteo,14562,92
BERKLEY,227,6399,Reseccion de quiste oseo,14629,90
BERKLEY,227,6287,Quiste sacro-coccigeo en decubito ventral (ej. quiste pilonidal),15240,91
BERKLEY,227,6293,Radioterapia de intensidad modulada (IMRT),15120,91
BERKLEY,227,6294,Radioterapia intraoperatoria,15121,95
BERKLEY,227,6472,Simulacion de tratamiento para radioterapia,15170,90
BERKLEY,227,6296,Reanimacion fuera del acto anestesiologico,15122,92
BERKLEY,227,6298,Recarga de bomba de infusion,15124,90
BERKLEY,227,6299,Recarga bomba elastomerica,15211,89
BERKLEY,227,6304,Reconstruccion de las vias biliares,14566,95
BERKLEY,227,6308,Reconstruccion de pene y/o testiculo,14567,93
BERKLEY,227,6319,Reconstruccion total de parpado,14570,92
BERKLEY,227,6300,Reconstruccion de areola y/o pezon,15125,91
BERKLEY,227,6301,Reconstruccion de cavidad orbitaria,15126,93
BERKLEY,227,6302,Reconstruccion de conducto auditivo externo,15127,92
BERKLEY,227,6303,Reconstruccion de la pared abdominal,15128,93
BERKLEY,227,6305,Reconstruccion de ombligo,15129,90
BERKLEY,227,6307,Reconstruccion de pene y/o escroto,15131,92
BERKLEY,227,6288,Reconstruccion de vulva,15132,93
BERKLEY,227,6313,Reconstruccion nasal parcial,15136,91
BERKLEY,227,6314,Reconstruccion parcial de orbita o malar,15137,92
BERKLEY,227,6316,Reconstruccion total de orbita,15139,93
BERKLEY,227,6404,Reseccion de tumor de orbita con reseccion osea y reconstruccion inmediata,15158,93
BERKLEY,227,6702,Reseccion de Tumor de Recto,60853,93
BERKLEY,227,6320,Recto-sigmoidoscopia,14571,89
BERKLEY,227,6414,Reseccion parcial osea infecciosa o tumoral de columna (corporectomia),14637,94
BERKLEY,227,6425,Retinopexia y esclerectomia,14646,93
BERKLEY,227,6451,Salpinguectomia con o sin ooferectomia por videolaproscopia,14666,93
BERKLEY,227,6610,Trombo-endarterectomia de vasos perifericos,14773,94
BERKLEY,227,6695,Vitrectomia,14840,94
BERKLEY,227,6455,Secuestrectomia,15308,93
BERKLEY,227,6321,Rectoscopia,15332,89
BERKLEY,227,6637,Tumorectomia,15389,91
BERKLEY,227,6644,Ureterectomia,15423,91
BERKLEY,227,6328,Reduccion incruenta cervical o dorsal,14575,92
BERKLEY,227,6339,Reemplazo total de femur,14583,95
BERKLEY,227,6340,Reemplazo total de hombro,14584,95
BERKLEY,227,6341,Reemplazo total de rodilla,14585,95
BERKLEY,227,6334,Reemplazo bi-valvular,15141,98
BERKLEY,227,6342,Reemplazo valvular,15143,95
BERKLEY,227,7535,Reemplazo valvular en hemodinamia ( TAVI),15549,98
BERKLEY,227,6359,Reintervencion cardiaca dentro de las primeras 24 horas (ejemplo: sangrado),15147,94
BERKLEY,227,6360,Remodelacion de la boveda craneana (turricefalia / plagiocefalia),14603,95
BERKLEY,227,6361,"Remodelacion de la boveda craneana (turricefalia, plagioce falia)",15148,95
BERKLEY,227,6367,Reparacion ligamentaria de rodilla (ligamento laterales y/o cruzados),51397,94
BERKLEY,227,6365,Reparacion de senos craneales,14607,94
BERKLEY,227,6368,"Reparacion ligamentaria de tobillo (ligamentos laterales, etc)",14610,93
BERKLEY,227,6000,Reseccion de Tabique Vaginal por Videolaparoscopia,60852,92
BERKLEY,227,6372,Reseccion costal,14613,90
BERKLEY,227,6374,Reseccion cuneiforme de ovario,14614,91
BERKLEY,227,6380,Reseccion de cuello de vejiga,14616,91
BERKLEY,227,6385,Reseccion de espolon calcaneo,14619,91
BERKLEY,227,6386,Reseccion de exostosis,14620,90
BERKLEY,227,6390,Reseccion de intestino delgado,14623,93
BERKLEY,227,6394,Reseccion de osteoma del CAE,14625,92
BERKLEY,227,6395,Reseccion de plexo hipogastrico,14626,92
BERKLEY,227,6397,Reseccion de plexo hipogastrico por videolaparoscopia,14628,93
BERKLEY,227,6407,Reseccion del plexo hipogastrico,14631,92
BERKLEY,227,6411,Reseccion parcial de hueso infeccioso o tumoral,14634,92
BERKLEY,227,6413,Reseccion parcial de pelvis infecciosa o tumoral,14636,92
BERKLEY,227,6415,Reseccion submucosa del cornete inferior,14639,91
BERKLEY,227,6416,Reseccion total de paladar,14640,94
BERKLEY,227,6419,Reseccion tumoral de nervio periferico,14642,91
BERKLEY,227,6396,Reseccion de plexo hipogastrico por videolaparoscopia,15154,93
BERKLEY,227,6398,Reseccion de queloide,15155,91
BERKLEY,227,6402,Reseccion de tumor de mas de 5 cm,15156,91
BERKLEY,227,6403,Reseccion de tumor de menos de 5 cm,15157,90
BERKLEY,227,6381,Reseccion de epiplon,15298,91
BERKLEY,227,6371,Reseccion pleuro-parietal,15367,93
BERKLEY,227,6401,Reseccion de tabique vaginal,15402,91
BERKLEY,227,6417,Reseccion transuretral de prostata (TUR-P),15430,93
BERKLEY,227,6389,Reseccion de hasta 3 falanges,15459,90
BERKLEY,227,6392,Reseccion de mas de 3 falanges,15460,91
BERKLEY,227,6375,Reseccion de cabeza de radio o cubito,15462,91
BERKLEY,227,6422,Retinografia,14643,89
BERKLEY,227,6426,Retiro de cables endocavitarios,14647,92
BERKLEY,227,6427,Retoque de muñon,14648,91
BERKLEY,227,6428,Retromentonismo no estetico,15162,91
BERKLEY,227,8539,Internacion. Primera o revision.,69389,90
BERKLEY,227,6437,Rino-septumplastia,14657,93
BERKLEY,227,6514,Taponamiento intra-uterino,14711,90
BERKLEY,227,6606,Tratamiento quirurgico del neurinoma del acustico por via optica,14770,95
BERKLEY,227,6440,"Rinoplastia simple, no estetica",15165,90
BERKLEY,227,6442,Rizotomia del ligamento dentado,14658,93
BERKLEY,227,6443,Rizotomia dorsal selectiva,14659,94
BERKLEY,227,6444,Rizotomia retrogaseriana estereotaxica por rf,15270,94
BERKLEY,227,7513,Rizotomia estereotaxica por crioterapia del G de Gasser,15271,98
BERKLEY,227,6445,Safenectomia externa unilateral,14660,92
BERKLEY,227,6446,Safenectomia interna unilateral,14661,92
BERKLEY,227,6449,Salpingolisis / salpingoplastia unilateral,14664,92
BERKLEY,227,6450,Salpingolisis / salpingoplastia unilateral por videolaparoscopia,14665,93
BERKLEY,227,6453,Seccion de frenillo lingual,14667,89
BERKLEY,227,6452,Seccion de aductores con o sin tenotomia,15456,92
BERKLEY,227,6454,Secuelas de paralisis facial en todas sus formas,15169,92
BERKLEY,227,6456,Segmentectomia hepatica,14668,95
BERKLEY,227,6458,Septostomia inter-auricular o ventricular en hemodinamia (tipo Raskind o similares),14670,95
BERKLEY,227,6461,Shunt porto-sistemico transyugular intra-hepatico (TIPS),14673,95
BERKLEY,227,6462,Sialografia,14675,89
BERKLEY,227,6463,Sigmoidectomia,14676,94
BERKLEY,227,6464,Sigmoidectomia por videolaparoscopia,14677,95
BERKLEY,227,6465,Simpatectomia abdominal o lumbar,14678,91
BERKLEY,227,6466,Simpatectomia cervical,14679,92
BERKLEY,227,6467,Simpatectomia lumbar,14680,91
BERKLEY,227,6468,Simpatectomia lumbar o toracica (hiper-hidrosis),14681,93
BERKLEY,227,6470,Simpatectomia periarterial,14683,91
BERKLEY,227,6471,Simpatectomia toracica,14684,93
BERKLEY,227,6473,Sindactilia,14685,91
BERKLEY,227,6474,Sindrome apico-transverso,14686,95
BERKLEY,227,6476,Sinovectomia,14688,91
BERKLEY,227,6478,Sinusotomia esfenoidal,14691,92
BERKLEY,227,6479,Sinusotomia frontal externa (trepanacion del seno frontal),14692,91
BERKLEY,227,6480,Sinusotomia frontal radical por via externa,14693,92
BERKLEY,227,6484,Sinusotomias combinadas por via endoscopica,14697,94
BERKLEY,227,6485,Sinusotomias por via endoscopica,14698,93
BERKLEY,227,6489,Spect cerebral,15172,91
BERKLEY,227,8101,Spect cerebral en niños,15531,91
BERKLEY,227,6490,Suprarrenalectomia laparoscopica unilateral,15385,95
BERKLEY,227,6491,Sutura de conjuntiva,14701,90
BERKLEY,227,6494,Sutura de faringe,14702,92
BERKLEY,227,6497,Sutura de lengua,14705,90
BERKLEY,227,6498,Sutura de vasos perifericos,14706,92
BERKLEY,227,6500,Sutura del paladar,14707,90
BERKLEY,227,6499,Sutura del pabellon auricular,15491,90
BERKLEY,227,6493,Sutura de encia,15495,90
BERKLEY,227,6492,Sutura de cornea,15525,91
BERKLEY,227,6513,Taponaje anterior y/o posterior,14710,89
BERKLEY,227,6515,Tarsorrafia,15179,90
BERKLEY,227,6516,Telecanto,15180,92
BERKLEY,227,6517,Tenolisis (hasta 3 tendones),14712,91
BERKLEY,227,6518,Tenolisis o tenorrafia (4 o mas tendones),14713,92
BERKLEY,227,6520,Tenoplastia simple (hasta 3 tendones),14714,92
BERKLEY,227,6519,Tenoplastia multiple (mas de 3 tendones),15452,93
BERKLEY,227,6521,Tenorrafia (hasta 3 tendones),14715,91
BERKLEY,227,6522,Tenorrafia del tendon de aquiles o rotuliano,14716,91
BERKLEY,227,6524,Tenotomia simple,14717,90
BERKLEY,227,6523,Tenotomia multiple,15450,91
BERKLEY,227,6554,Toma de tension ocular,14731,89
BERKLEY,227,6511,Tens (maximo seis sesiones al mes),15181,89
BERKLEY,227,8545,Quimioterapia intratecal,69395,94
BERKLEY,227,6525,Terapia sistemica del dolor postoperatorio ( todo el periodo),15182,90
BERKLEY,227,6540,Test de duccion forzada y fuerza generada,14718,89
BERKLEY,227,6539,"Test de Opioide, Baclofren, etc, intratecal",15249,91
BERKLEY,227,6630,Tumor de testiculo,15409,91
BERKLEY,227,6541,Timectomia por miastenia gravis,14719,94
BERKLEY,227,6543,Timpanoplastia,14721,93
BERKLEY,227,6544,Tiroidectomia por via endoscopica,14722,94
BERKLEY,227,6545,Tiroidectomia total,14723,93
BERKLEY,227,6546,Tiroidectomia total con vaciamiento cervical,14724,94
BERKLEY,227,6547,Tiroidectomia total con vaciamiento cervical por via endoscopica,14725,95
BERKLEY,227,6548,Toilette quirurgico con debridamiento,14726,90
BERKLEY,227,6549,Toilette quirurgico de columna,14727,92
BERKLEY,227,6551,Toillete quirurgica,14728,89
BERKLEY,227,6555,Tomografia computada de ojo,15521,90
BERKLEY,227,6556,Toracoplastia,14732,92
BERKLEY,227,6509,"TAC de torax, con o sin contraste",15177,91
BERKLEY,227,6558,Torticolis congenita,15486,94
BERKLEY,227,6561,Traccion esqueletica,15435,89
BERKLEY,227,6560,Traccion de partes blandas,15453,89
BERKLEY,227,6562,Tractotomia,15535,94
BERKLEY,227,6563,Transferencias tendinosas (mas de 3 tendones),14735,93
BERKLEY,227,6564,Transferencias tendinosas (trasplante y alargamiento) en miembro superior o inferior (hasta 3 tendones),14736,92
BERKLEY,227,6565,Transposicion de nervio periferico,14737,92
BERKLEY,227,6566,Transposicion de tendones en miembro superior o miembro inferior,14738,93
BERKLEY,227,6567,Transposicion del cubital,14739,91
BERKLEY,227,6568,Traqueoplastia,14740,94
BERKLEY,227,6569,Traqueorrafia,14742,92
BERKLEY,227,6571,Traqueostomia o traqueotomia como unica intervencion,14744,91
BERKLEY,227,6570,Traqueostomia como unica intervencion,15190,91
BERKLEY,227,6572,Traqueostomia percutanea,15383,91
BERKLEY,227,6574,Trasplante de corazon y pulmon,14745,108
BERKLEY,227,6578,Trasplante de pancreas,14746,106
BERKLEY,227,6579,Trasplante hepatico,14747,107
BERKLEY,227,6584,Trasplante oseo intercalares,14752,94
BERKLEY,227,6585,Trasplante oseo osteo-articulares,14753,94
BERKLEY,227,6586,Trasplante pulmonar,14754,106
BERKLEY,227,6587,Trasplante renal,14755,96
BERKLEY,227,6588,Trasplante reno-pancreatico,14756,107
BERKLEY,227,6589,Trasplante y alargamiento (hasta 3 tendones),14757,92
BERKLEY,227,6590,Trasplante y alargamiento (mas de 3 tendones),14758,93
BERKLEY,227,6573,Trasplante de corazon,15191,106
BERKLEY,227,6575,Trasplante de corazon-pulmon,15192,108
BERKLEY,227,6576,Trasplante de corazon-riñon,15193,107
BERKLEY,227,6577,Trasplante de medula osea,15257,92
BERKLEY,227,6594,Tratamiento de las varices esofagicas (bandas / escleroris / balon),14762,91
BERKLEY,227,6600,Tratamiento endovascular de arterias uterinas,14767,94
BERKLEY,227,6607,Tratamiento quirurgico del onfalocele,14771,94
BERKLEY,227,6608,"Tratamiento sistemico del dolor, por dia de tratamiento",15209,89
BERKLEY,227,6510,TAC tridimensional,15178,91
BERKLEY,227,6720,Trombectomia Intracraneal Por Hemodinamia,60871,96
BERKLEY,227,6609,Trombectomia venosa profunda,14772,93
BERKLEY,227,6611,Trombosis hemorroidal,14774,90
BERKLEY,227,6612,Trombosis mesenterica,14775,93
BERKLEY,227,5752,Extrirpacion de tumor oseo (mas de 5 cm),14170,91
BERKLEY,227,5753,Extrirpacion de tumor oseo (menos de 5 cm),14171,90
BERKLEY,227,6613,Tumor benigno de ano,14776,91
BERKLEY,227,6615,Tumor benigno de vulva,14777,89
BERKLEY,227,6616,Tumor beningo de vagina,14778,90
BERKLEY,227,6617,Tumor cerebral intracraneal (mas de 8 horas de duracion),14779,98
BERKLEY,227,6618,Tumor cerebral intracraneal (menos de 8 horas de duracion),14780,98
BERKLEY,227,6620,Tumor de fosa posterior (mas de 8 horas de duracion),14782,98
BERKLEY,227,6621,Tumor de fosa posterior (menos de 8 horas de duracion),14783,98
BERKLEY,227,6622,Tumor de hipofisis (mas de 8 horas de duracion),14784,98
BERKLEY,227,6623,Tumor de hipofisis (menos de 8 horas de duracion),14785,98
BERKLEY,227,6624,Tumor de la pared costal,14786,91
BERKLEY,227,6625,Tumor de la pared costal por videotoracoscopia,14787,92
BERKLEY,227,6627,Tumor de ovario,14788,92
BERKLEY,227,6629,Tumor de partes blandas,14790,90
BERKLEY,227,6633,Tumor fibroso de pie,14791,90
BERKLEY,227,6634,Tumor retroperitoneal,14792,94
BERKLEY,227,6635,Tumor retroperitoneal por videolaparoscopia,14793,95
BERKLEY,227,6638,Tumores mediastinales a cielo abierto,14794,94
BERKLEY,227,6639,Tumores mediastinales por toracoscopia,14795,95
BERKLEY,227,6632,Tumor del hueco supra-clavicular,15196,91
BERKLEY,227,6636,Tumoracion cardiaca con CEC (tumor de auricula y/o ventriculo; tipo mixoma o similares),15283,98
BERKLEY,227,6631,Tumor del glomus carotideo,15540,95
BERKLEY,227,6640,Turbinectomia parcial o completa simple (unica o muliple),14796,92
BERKLEY,227,6642,Turbinectomia video-endoscopica,14798,93
BERKLEY,227,6645,Ureterolitotomia,14800,92
BERKLEY,227,6675,Video cisto-ureteroscopia,14823,90
BERKLEY,227,6646,Ureteroscopia,15420,89
BERKLEY,227,6647,Ureterostomia,15424,91
BERKLEY,227,6648,Uretro-cisto-fibroscopia,14801,90
BERKLEY,227,6649,Uretrografia,14802,89
BERKLEY,227,6650,Uretrorrafia,14803,90
BERKLEY,227,6651,Uretrotomia interna / uretroscopia,14804,89
BERKLEY,227,5941,Laringuectomia radical con vaciamiento cervical,14311,95
BERKLEY,227,6655,Vaciamiento inguino-abdominal convencional,14807,93
BERKLEY,227,6656,Vaciamiento inguino-abdominal o inguino-escrotal por video,14808,94
BERKLEY,227,6657,Vaciamiento inguino-escrotal convencional,14809,93
BERKLEY,227,6696,Vulvectomia con vaciamiento ganglionar,14841,94
BERKLEY,227,6654,Vaciamiento ganglionar lumbo-aortico,15197,94
BERKLEY,227,6658,Vaciamiento radical unilateral de cuello,15199,93
BERKLEY,227,6659,Vagotomia / vagotomia selectiva / gastropexia,14811,92
BERKLEY,227,6660,Vagotomia por videolaparoscopia,14812,93
BERKLEY,227,6661,Valvuloplastia aortica / pulmonar / tricuspidea / mitral / en hemodinamia,14813,95
BERKLEY,227,6662,Valvuloplastia mitral / tricuspidea / aortica / pulmonar,15200,95
BERKLEY,227,7534,Valvuloplastia aortica / pulmonar / tricuspidea / mitral / en hemodinamia en el recien nacido,15548,98
BERKLEY,227,6663,Vaporizacion prostatica por plasma (TURis) (hiperplasia benigna de prostata),14814,93
BERKLEY,227,6652,Varicocele,14805,90
BERKLEY,227,6665,Varicocele pelviano,14816,91
BERKLEY,227,6666,Vasectomia,15407,91
BERKLEY,227,6049,Neo-vejiga a cielo abierto,14397,95
BERKLEY,227,6667,Ventana pleuro-pericardica,14817,94
BERKLEY,227,6668,Ventana pleuro-pericardica por video,14818,95
BERKLEY,227,6669,Ventriculo-cisternotomia,14819,94
BERKLEY,227,6670,Ventriculo-cisternotomia videoasistida,14820,95
BERKLEY,227,6721,VERTEBROPLASTIA CONVENCIONAL,60872,91
BERKLEY,227,6671,Vertebroplastia percutanea (1 Vertebra),14821,94
BERKLEY,227,6672,Vertebroplastia percutanea (2 o mas vertebras),14822,95
BERKLEY,227,6366,Videoartroscopia Compleja de Rodilla,14608,94
BERKLEY,227,6676,"Video-artroscopia compleja (hombro, codo, tobillo)",14824,93
BERKLEY,227,6678,Video-artroscopia de hombro / codo,14827,93
BERKLEY,227,6679,Video-artroscopia de tobillo,14828,93
BERKLEY,227,6680,Video-artroscopia simple de rodilla (incluye menisectomia artroscopica de rodilla),14829,93
BERKLEY,227,6682,Video-cistoscopia,14831,90
BERKLEY,227,6687,Videobroncofibroscopia,14834,91
BERKLEY,227,6690,Videolaparoscopia terapeutica,14837,93
BERKLEY,227,6694,Videotoracoscopia convertida a via convencional,14839,95
BERKLEY,227,7604,Video artroscopia simple de hombro,15443,92
BERKLEY,227,7605,Video artroscopia simple de muñeca,15444,92
BERKLEY,227,7606,Video artroscopia compleja de muñeca,15446,93
BERKLEY,227,7607,Video artroscopia compleja de hombro,15447,93
BERKLEY,227,6697,Vulvectomia simple,14842,91
BERKLEY,227,6698,Yeyunostomia,15325,91
BERKLEY,227,6202,Pie zambo / varo / equino supinado,14493,92
OSPECOR (OBRA SOCIAL DE PETROLEROS DE CORDOBA),37,6689,Videolaparoscopia exploradora de abdomen,14836,92
OSPECOR (OBRA SOCIAL DE PETROLEROS DE CORDOBA),37,6692,Videolaparoscopia terapeutica de abdomen,14838,93
OSPECOR (OBRA SOCIAL DE PETROLEROS DE CORDOBA),37,5975,"Lipoaspiracion (cadera, muslo, abdomen) (hasta 2 zonas)",15037,93
OSPECOR (OBRA SOCIAL DE PETROLEROS DE CORDOBA),37,5976,"Lipoaspiracion (cadera, muslo, abdomen) (mas de 2 zonas)",15038,94
OSPECOR (OBRA SOCIAL DE PETROLEROS DE CORDOBA),37,5979,Liposuccion de abdomen,15039,93
OSPECOR (OBRA SOCIAL DE PETROLEROS DE CORDOBA),37,6506,"TAC de abdomen, con o sin contraste",15174,91
OSPECOR (OBRA SOCIAL DE PETROLEROS DE CORDOBA),37,5002,Abdominoplastia,14843,94
OSPECOR (OBRA SOCIAL DE PETROLEROS DE CORDOBA),37,5004,Ablacion por radiofrecuencia de arritmias complejas (tipo fibrilacion auricular),13645,98
OSPECOR (OBRA SOCIAL DE PETROLEROS DE CORDOBA),37,5005,Ablacion por radiofrecuencia de arritmias simples (tipo haz de His),13646,95
OSPECOR (OBRA SOCIAL DE PETROLEROS DE CORDOBA),37,6187,Patelectomia (ablacion de la rotula),14480,91
OSPECOR (OBRA SOCIAL DE PETROLEROS DE CORDOBA),37,5003,Ablacion de corazon,14844,95
OSPECOR (OBRA SOCIAL DE PETROLEROS DE CORDOBA),37,5083,Anestesiologo en ablacion de organos,14864,92
OSPECOR (OBRA SOCIAL DE PETROLEROS DE CORDOBA),37,6053,Neuroablacion aferentes articulacion de cadera con Rf,15056,93
OSPECOR (OBRA SOCIAL DE PETROLEROS DE CORDOBA),37,7532,Ablacion por radiofrecuencia de arritmias con navegador de impedancia,15546,95
OSPECOR (OBRA SOCIAL DE PETROLEROS DE CORDOBA),37,5006,Abocamiento del ureter a piel,13647,92
OSPECOR (OBRA SOCIAL DE PETROLEROS DE CORDOBA),37,5007,Aborto del segundo trimestre con mecanismo de parto seguido o no de legrado,13648,91
OSPECOR (OBRA SOCIAL DE PETROLEROS DE CORDOBA),37,5009,Absceso de mama / drenaje unilateral,13649,89
OSPECOR (OBRA SOCIAL DE PETROLEROS DE CORDOBA),37,5010,Absceso de pancreas,13650,92
OSPECOR (OBRA SOCIAL DE PETROLEROS DE CORDOBA),37,5011,Absceso de pared,13651,89
OSPECOR (OBRA SOCIAL DE PETROLEROS DE CORDOBA),37,5012,Absceso de parpado,13652,89
OSPECOR (OBRA SOCIAL DE PETROLEROS DE CORDOBA),37,5014,Absceso perianal,13653,89
OSPECOR (OBRA SOCIAL DE PETROLEROS DE CORDOBA),37,5015,Absceso perirectal,13654,91
OSPECOR (OBRA SOCIAL DE PETROLEROS DE CORDOBA),37,5540,Drenaje de absceso de glandula de Bartholino,14011,89
OSPECOR (OBRA SOCIAL DE PETROLEROS DE CORDOBA),37,5542,Drenaje de absceso hepatico guiado por ecografia,14012,91
OSPECOR (OBRA SOCIAL DE PETROLEROS DE CORDOBA),37,5544,Drenaje de absceso subfrenico,14014,91
OSPECOR (OBRA SOCIAL DE PETROLEROS DE CORDOBA),37,5545,Drenaje de absceso subfrenico por via laparoscopica,14015,93
OSPECOR (OBRA SOCIAL DE PETROLEROS DE CORDOBA),37,5546,Drenaje de absceso testicular,14016,89
OSPECOR (OBRA SOCIAL DE PETROLEROS DE CORDOBA),37,5547,Drenaje de absceso y/o quiste pancreatico guiado por ecografia,14017,91
OSPECOR (OBRA SOCIAL DE PETROLEROS DE CORDOBA),37,5894,"Incision y drenaje de laringe, absceso, pericondritis, etc.",14283,92
OSPECOR (OBRA SOCIAL DE PETROLEROS DE CORDOBA),37,5896,Incision y drenaje de paladar (absceso),14284,90
OSPECOR (OBRA SOCIAL DE PETROLEROS DE CORDOBA),37,5950,"Lesion local de pulmon (absceso, tumor)",14321,93
OSPECOR (OBRA SOCIAL DE PETROLEROS DE CORDOBA),37,5541,Drenaje de absceso en cabeza y/o cuello,14970,90
OSPECOR (OBRA SOCIAL DE PETROLEROS DE CORDOBA),37,5543,"Drenaje de absceso o hematoma, excepto en cabeza y cuello",14971,89
OSPECOR (OBRA SOCIAL DE PETROLEROS DE CORDOBA),37,8107,Absceso de higado,15303,92
OSPECOR (OBRA SOCIAL DE PETROLEROS DE CORDOBA),37,5013,Absceso gluteo,15469,89
OSPECOR (OBRA SOCIAL DE PETROLEROS DE CORDOBA),37,5814,Glosotomia con drenaje de absceso o hematoma,15497,90
OSPECOR (OBRA SOCIAL DE PETROLEROS DE CORDOBA),37,6135,"Osteoplastia / osteosintesis en: pseudo-artrosis, consolidacion viciosa, acortamiento, alargamiento, injerto de huesos",69350,93
OSPECOR (OBRA SOCIAL DE PETROLEROS DE CORDOBA),37,5016,Acortamiento de metatarsianos,13655,91
OSPECOR (OBRA SOCIAL DE PETROLEROS DE CORDOBA),37,6136,"Osteoplastia de tibia y/o perone: alargamiento, acortamiento / pseudoartrosis / consolidacion viciosa / injerto de huesos.",15476,93
OSPECOR (OBRA SOCIAL DE PETROLEROS DE CORDOBA),37,5017,Acromioplastia,13656,92
OSPECOR (OBRA SOCIAL DE PETROLEROS DE CORDOBA),37,6379,"Reseccion de clavicula o acromion, acromioplastia",14615,92
OSPECOR (OBRA SOCIAL DE PETROLEROS DE CORDOBA),37,5018,Acupuntura por sesion,14845,89
OSPECOR (OBRA SOCIAL DE PETROLEROS DE CORDOBA),37,5019,"Acupuntura, acupuntura laser o electroacupuntura, por sesion, maximo 6",14846,89
OSPECOR (OBRA SOCIAL DE PETROLEROS DE CORDOBA),37,5021,Adenomastectomia unilateral,13657,92
OSPECOR (OBRA SOCIAL DE PETROLEROS DE CORDOBA),37,5023,Adrenalectomia unilateral,13658,94
OSPECOR (OBRA SOCIAL DE PETROLEROS DE CORDOBA),37,5574,Embolizacion o alcoholizacion coronaria,14040,93
OSPECOR (OBRA SOCIAL DE PETROLEROS DE CORDOBA),37,5024,Alcoholizacion o fenolizacion de dos nervios perifericos,14847,91
OSPECOR (OBRA SOCIAL DE PETROLEROS DE CORDOBA),37,5025,Alcoholizacion o fenolizacion de mas de dos nervios perifericos,14848,92
OSPECOR (OBRA SOCIAL DE PETROLEROS DE CORDOBA),37,5026,Alcoholizacion o fenolizacion de par craneal (no V par),14849,93
OSPECOR (OBRA SOCIAL DE PETROLEROS DE CORDOBA),37,5028,Alcoholizacion o fenolizacion de rama secundaria de par craneal,14850,92
OSPECOR (OBRA SOCIAL DE PETROLEROS DE CORDOBA),37,5032,"Alcoholizacion o fenolizacion peridural, cervical, dorsal o lumbar",14851,94
OSPECOR (OBRA SOCIAL DE PETROLEROS DE CORDOBA),37,5035,Alcoholizacion o fenolizacion rama primaria de V par,14852,94
OSPECOR (OBRA SOCIAL DE PETROLEROS DE CORDOBA),37,5036,"Alcoholizacion o fenolizacion subaracnoidea cervical, dorsal o lumbar",14853,95
OSPECOR (OBRA SOCIAL DE PETROLEROS DE CORDOBA),37,5037,Amigdalectomia y/o adenoidectomia,13659,92
OSPECOR (OBRA SOCIAL DE PETROLEROS DE CORDOBA),37,5038,Amigdalectomia y/o adenoidectomia por radiofrecuencia,13660,93
OSPECOR (OBRA SOCIAL DE PETROLEROS DE CORDOBA),37,5827,Hemorragia post-adeno-amigdalectomia,14226,91
OSPECOR (OBRA SOCIAL DE PETROLEROS DE CORDOBA),37,6400,Reseccion de resto de amigdalectomia y/o resto de adeno-amigdalectomia,14630,91
OSPECOR (OBRA SOCIAL DE PETROLEROS DE CORDOBA),37,7609,Amigdalectomia  mas septumplastia,15508,94
OSPECOR (OBRA SOCIAL DE PETROLEROS DE CORDOBA),37,7610,Amigdalectomia  mas miringoplastia,15509,94
OSPECOR (OBRA SOCIAL DE PETROLEROS DE CORDOBA),37,7611,Amigdalectomia  mas colocacion de TTT,15510,94
OSPECOR (OBRA SOCIAL DE PETROLEROS DE CORDOBA),37,7529,Amigdalectomia  mas septumplastia mas colocacion de TTT,15511,95
OSPECOR (OBRA SOCIAL DE PETROLEROS DE CORDOBA),37,7530,Amigdalectomia  mas septumplastia mas miringoplastia,15512,95
OSPECOR (OBRA SOCIAL DE PETROLEROS DE CORDOBA),37,5039,Amniocentesis,13662,90
OSPECOR (OBRA SOCIAL DE PETROLEROS DE CORDOBA),37,5041,Amputacion de antebrazo,13663,95
OSPECOR (OBRA SOCIAL DE PETROLEROS DE CORDOBA),37,5042,Amputacion de brazo,13664,95
OSPECOR (OBRA SOCIAL DE PETROLEROS DE CORDOBA),37,5043,Amputacion de cuello como unico procedimiento,13665,90
OSPECOR (OBRA SOCIAL DE PETROLEROS DE CORDOBA),37,5044,Amputacion de dedo,13666,90
OSPECOR (OBRA SOCIAL DE PETROLEROS DE CORDOBA),37,5045,Amputacion de hasta 2 dedos del pie,13667,90
OSPECOR (OBRA SOCIAL DE PETROLEROS DE CORDOBA),37,5046,Amputacion de mano,13668,95
OSPECOR (OBRA SOCIAL DE PETROLEROS DE CORDOBA),37,5047,Amputacion de mas de 2 dedos del pie,13669,91
OSPECOR (OBRA SOCIAL DE PETROLEROS DE CORDOBA),37,5048,Amputacion de mas de 3 dedos,13670,91
OSPECOR (OBRA SOCIAL DE PETROLEROS DE CORDOBA),37,5049,Amputacion de menos de 3 dedos,13671,90
OSPECOR (OBRA SOCIAL DE PETROLEROS DE CORDOBA),37,5050,"Amputacion de muslo, pie o antepie",13672,92
OSPECOR (OBRA SOCIAL DE PETROLEROS DE CORDOBA),37,5053,Amputacion de pierna (supracondilea),13673,92
OSPECOR (OBRA SOCIAL DE PETROLEROS DE CORDOBA),37,5054,Amputacion inter-ilio-abdominal,13674,95
OSPECOR (OBRA SOCIAL DE PETROLEROS DE CORDOBA),37,5055,Amputacion inter-ilio-femoral,13675,94
OSPECOR (OBRA SOCIAL DE PETROLEROS DE CORDOBA),37,5056,Amputacion parcial o total de pene,13676,92
OSPECOR (OBRA SOCIAL DE PETROLEROS DE CORDOBA),37,5997,Mastectomia unilateral (amputacion simple de mama),14358,92
OSPECOR (OBRA SOCIAL DE PETROLEROS DE CORDOBA),37,5051,Amputacion de oreja,14854,91
OSPECOR (OBRA SOCIAL DE PETROLEROS DE CORDOBA),37,5462,Crioneurolisis de neuroma de amputacion,14955,92
OSPECOR (OBRA SOCIAL DE PETROLEROS DE CORDOBA),37,5040,Amputacion abdomino-perineal (operacion de Miles o similares) (se reseca recto y ano y se deja colosto- mia definitiva en FII),15359,95
OSPECOR (OBRA SOCIAL DE PETROLEROS DE CORDOBA),37,5052,Amputacion de pie,15473,92
OSPECOR (OBRA SOCIAL DE PETROLEROS DE CORDOBA),37,8500,"Analgesia peridural, lumbar o toracica, colocacion de cateter, puesta en marcha de la infusion. Dia 0",66589,92
OSPECOR (OBRA SOCIAL DE PETROLEROS DE CORDOBA),37,8503,"Analgesia peridural continua, con bomba, control dias subsiguientes a la colocacion. Hasta 72 hs. Por dia.",69333,90
OSPECOR (OBRA SOCIAL DE PETROLEROS DE CORDOBA),37,8504,"Analgesia peridural continua, sin bomba, control dias subsiguientes a la colocacion. Hasta 72 hs. Por dia.",69334,89
OSPECOR (OBRA SOCIAL DE PETROLEROS DE CORDOBA),37,8505,"Analgesia intratecal, controles dias subsiguientes. Por dia (hasta 48 hs)",69355,91
OSPECOR (OBRA SOCIAL DE PETROLEROS DE CORDOBA),37,8506,"Analgesia intratecal, dosis unica, colocacion",69356,91
OSPECOR (OBRA SOCIAL DE PETROLEROS DE CORDOBA),37,8516,"Analgesia sistemica continua, sin PCA, instalacion y puesta en marcha",69366,90
OSPECOR (OBRA SOCIAL DE PETROLEROS DE CORDOBA),37,8533,Control diario de analgesia sistemica sin bomba de infusion por dia,69383,90
OSPECOR (OBRA SOCIAL DE PETROLEROS DE CORDOBA),37,5057,Analgesia / anestesia raquidea o peridural en periodo expulsivo,13677,92
OSPECOR (OBRA SOCIAL DE PETROLEROS DE CORDOBA),37,5061,"Analgesia regional continua , primer dia cateter. Incluye colocacion de",14855,92
OSPECOR (OBRA SOCIAL DE PETROLEROS DE CORDOBA),37,5062,Analgesia regional continua c/24 hs o fraccion siguiente,14856,89
OSPECOR (OBRA SOCIAL DE PETROLEROS DE CORDOBA),37,5066,Analgesia regional continua con colocacion de cateter: 1ras 24 hs o fraccion siguiente,14857,91
OSPECOR (OBRA SOCIAL DE PETROLEROS DE CORDOBA),37,5067,"Analgesia regional continua, dias siguientes, por dia",14858,89
OSPECOR (OBRA SOCIAL DE PETROLEROS DE CORDOBA),37,5069,Analgesia regional por bloqueo subaracnoideo con fenol o similar,14859,90
OSPECOR (OBRA SOCIAL DE PETROLEROS DE CORDOBA),37,5077,Anestesia o sedacion-analgesia para fenolizacion de plexo vegetativo,14860,91
OSPECOR (OBRA SOCIAL DE PETROLEROS DE CORDOBA),37,5078,Anestesia o sedacion-analgesia para termolesion por rf,14861,92
OSPECOR (OBRA SOCIAL DE PETROLEROS DE CORDOBA),37,5143,Barbotaje de liquido cefaloraquideo / crioanalgesia,14873,90
OSPECOR (OBRA SOCIAL DE PETROLEROS DE CORDOBA),37,5220,"Bloqueo periferico para analgesia postquirurgica: interescalencio, infraclavicular, femoral, ciatico, etc.",14905,91
OSPECOR (OBRA SOCIAL DE PETROLEROS DE CORDOBA),37,6012,"Medicacion sistemica antalgica (neuroleptoanalgesia, agripnianalgesia): 1ras 24 hs o fraccion",15051,90
OSPECOR (OBRA SOCIAL DE PETROLEROS DE CORDOBA),37,6013,"Medicacion sistemica antalgica (neuroleptoanalgesia, agripnianalgesia): c/24hs o fraccion sig.",15204,89
OSPECOR (OBRA SOCIAL DE PETROLEROS DE CORDOBA),37,5059,Analgesia continua sistemica con o sin Pca. Controles,15208,89
OSPECOR (OBRA SOCIAL DE PETROLEROS DE CORDOBA),37,5064,"Analgesia regional continua con bomba de infusion para SDRC, (DSR) dias subsiguientes",15212,89
OSPECOR (OBRA SOCIAL DE PETROLEROS DE CORDOBA),37,5076,"Anestesia o sedacion-analgesia para bloqueos diagnosticos, corticoides",15216,90
OSPECOR (OBRA SOCIAL DE PETROLEROS DE CORDOBA),37,5058,Analgesia continua sistemica con o sin Pca. instalacion y primer dia de tratamiento,15218,90
OSPECOR (OBRA SOCIAL DE PETROLEROS DE CORDOBA),37,5879,Implante de cateter tunelizado para analgesia postop. o de corta duracion,15250,91
OSPECOR (OBRA SOCIAL DE PETROLEROS DE CORDOBA),37,5063,"Analgesia regional continua con bomba de infusion para SDRC, (DSR) colocacion y primer dia",15251,92
OSPECOR (OBRA SOCIAL DE PETROLEROS DE CORDOBA),37,7518,Adesiolisis radicular segun Raez. No incluye honorarios por analgesia,15281,95
OSPECOR (OBRA SOCIAL DE PETROLEROS DE CORDOBA),37,5060,Analgesia durante el trabajo de parto (peridural continua o perfusion de remifentanilo) menos de 90 minutos,15403,92
OSPECOR (OBRA SOCIAL DE PETROLEROS DE CORDOBA),37,5070,Anastomosis bilio-digestiva con o sin colecistectomia,13678,94
OSPECOR (OBRA SOCIAL DE PETROLEROS DE CORDOBA),37,5071,Anastomosis de conducto deferente,13679,90
OSPECOR (OBRA SOCIAL DE PETROLEROS DE CORDOBA),37,5072,Anastomosis pancreato-digestiva,13680,93
OSPECOR (OBRA SOCIAL DE PETROLEROS DE CORDOBA),37,5073,Anastomosis porto-cava o espleno-renal,13681,95
OSPECOR (OBRA SOCIAL DE PETROLEROS DE CORDOBA),37,5074,Anastomosis termino-terminal,13682,92
OSPECOR (OBRA SOCIAL DE PETROLEROS DE CORDOBA),37,5075,Anastomosis uretero-sigmoidea,13683,93
OSPECOR (OBRA SOCIAL DE PETROLEROS DE CORDOBA),37,5358,Coledoco-duodeno-anastomosis,13878,93
OSPECOR (OBRA SOCIAL DE PETROLEROS DE CORDOBA),37,5428,"Correccion de fistula biliar con anastomosis bilio-digestiva, con o sin colecistectomia",13930,94
OSPECOR (OBRA SOCIAL DE PETROLEROS DE CORDOBA),37,5479,Dacrio-cistorrinoanastomosis,13963,93
OSPECOR (OBRA SOCIAL DE PETROLEROS DE CORDOBA),37,5769,Fistula uretero-vaginal con anastomosis uretero-vesical,14183,94
OSPECOR (OBRA SOCIAL DE PETROLEROS DE CORDOBA),37,5774,Fistula vesico-utero-vaginal con anastomosis uretero-intestinal,14188,94
OSPECOR (OBRA SOCIAL DE PETROLEROS DE CORDOBA),37,5801,Gastroenteroanastomosis,14203,93
OSPECOR (OBRA SOCIAL DE PETROLEROS DE CORDOBA),37,5916,Injerto y/o anastomosis facial / hipogloso o similar,14294,92
OSPECOR (OBRA SOCIAL DE PETROLEROS DE CORDOBA),37,5658,Examen ginecologico bajo anestesia,69298,89
OSPECOR (OBRA SOCIAL DE PETROLEROS DE CORDOBA),37,8501,"Bloqueo peridural con anestesia local, opioides y/o corticoides (lumbar, Dorsal o Caudal)",69326,91
OSPECOR (OBRA SOCIAL DE PETROLEROS DE CORDOBA),37,8502,"Bloqueo peridural con anestesia local, opioides y/o corticoides (lumbar, Dorsal o Caudal) bajo radioscopia",69327,92
OSPECOR (OBRA SOCIAL DE PETROLEROS DE CORDOBA),37,8655,Anestesia para implante transitorio/definitivo de bomba intratecal (estimulador medular),71246,94
OSPECOR (OBRA SOCIAL DE PETROLEROS DE CORDOBA),37,5079,Anestesia para neurotomia (facial / glosofaringeo / neumogastrico),13684,91
OSPECOR (OBRA SOCIAL DE PETROLEROS DE CORDOBA),37,5080,Anestesia para neurotomia (infra o supraorbitaria / suboccipital / temporal superior),13685,91
OSPECOR (OBRA SOCIAL DE PETROLEROS DE CORDOBA),37,5657,Examen gineco-obstetrico bajo anestesia,14103,89
OSPECOR (OBRA SOCIAL DE PETROLEROS DE CORDOBA),37,6036,Movilizaciones bajo anestesia general o regional,14387,89
OSPECOR (OBRA SOCIAL DE PETROLEROS DE CORDOBA),37,6559,Trabajo de parto bajo anestesia epidural continua que fracasa y que termina en cesarea,14734,94
OSPECOR (OBRA SOCIAL DE PETROLEROS DE CORDOBA),37,5081,Anestesia para sesion de cobaltoterapia o acelerador,14862,90
OSPECOR (OBRA SOCIAL DE PETROLEROS DE CORDOBA),37,5082,Anestesia para terapia electroconvulsiva,14863,90
OSPECOR (OBRA SOCIAL DE PETROLEROS DE CORDOBA),37,5413,"Conduccion del trabajo de parto bajo anestesia epidural continua, que termina en parto (mas de 90 minutos)",15404,93
OSPECOR (OBRA SOCIAL DE PETROLEROS DE CORDOBA),37,5084,Aneurisma de la aorta abdominal complicado,13686,98
OSPECOR (OBRA SOCIAL DE PETROLEROS DE CORDOBA),37,5085,Aneurisma de la aorta abdominal no complicado,13687,95
OSPECOR (OBRA SOCIAL DE PETROLEROS DE CORDOBA),37,5086,Aneurisma del cayado de la aorta ascendente o descendente,13688,98
OSPECOR (OBRA SOCIAL DE PETROLEROS DE CORDOBA),37,5088,Aneurismas medulares,13689,95
OSPECOR (OBRA SOCIAL DE PETROLEROS DE CORDOBA),37,5089,Aneurismas o malformaciones A-V medulares,13690,95
OSPECOR (OBRA SOCIAL DE PETROLEROS DE CORDOBA),37,5090,Angiografia de control del tratamiento de aneurisma,13691,92
OSPECOR (OBRA SOCIAL DE PETROLEROS DE CORDOBA),37,5302,Cirugia de aneurisma cerebral (mas de 8 horas de duracion),13834,98
OSPECOR (OBRA SOCIAL DE PETROLEROS DE CORDOBA),37,5303,Cirugia de aneurisma cerebral (menos de 8 horas de duracion),13835,98
OSPECOR (OBRA SOCIAL DE PETROLEROS DE CORDOBA),37,5423,Correccion de aneurisma de fistula arterio-venosa,13925,93
OSPECOR (OBRA SOCIAL DE PETROLEROS DE CORDOBA),37,5424,Correccion de aneurisma o pseudo-aneurisma femoral,13926,94
OSPECOR (OBRA SOCIAL DE PETROLEROS DE CORDOBA),37,6592,Tratamiento de aneurisma con coils con o sin colocacion de stent,14760,95
OSPECOR (OBRA SOCIAL DE PETROLEROS DE CORDOBA),37,6595,Tratamiento de pseudoaneurisma con o sin colocacion de stent,14763,95
OSPECOR (OBRA SOCIAL DE PETROLEROS DE CORDOBA),37,6599,Tratamiento endovascular de aneurisma o pseudoaneurisma periferico,14766,94
OSPECOR (OBRA SOCIAL DE PETROLEROS DE CORDOBA),37,5087,Aneurisma ventricular,14865,95
OSPECOR (OBRA SOCIAL DE PETROLEROS DE CORDOBA),37,7551,Tratamiento endovascular aneurisma cerebral (embolizacion de aneurisma cerebral por hemodinamia),15532,95
OSPECOR (OBRA SOCIAL DE PETROLEROS DE CORDOBA),37,6601,Tratamiento endovascular de dos o mas aneurismas cerebrales (embolizacion de 2 o mas aneurismas cerebrales),15533,98
OSPECOR (OBRA SOCIAL DE PETROLEROS DE CORDOBA),37,7550,Tratamiento quirurgico de aneurisma o pseudo-aneurisma humeral o femoral con by-pass,15544,98
OSPECOR (OBRA SOCIAL DE PETROLEROS DE CORDOBA),37,7584,Angiodisplasia,15340,92
OSPECOR (OBRA SOCIAL DE PETROLEROS DE CORDOBA),37,5091,Angiografia de vasos de miembros inferior o superior,13692,92
OSPECOR (OBRA SOCIAL DE PETROLEROS DE CORDOBA),37,5092,Angiografia de vasos uterinos,13694,92
OSPECOR (OBRA SOCIAL DE PETROLEROS DE CORDOBA),37,5093,Angiografia del cuello,13695,92
OSPECOR (OBRA SOCIAL DE PETROLEROS DE CORDOBA),37,5094,Angiografia medular,13698,92
OSPECOR (OBRA SOCIAL DE PETROLEROS DE CORDOBA),37,5095,Angioplastia coronaria con o sin colocacion de stent,13699,94
OSPECOR (OBRA SOCIAL DE PETROLEROS DE CORDOBA),37,5096,Angioplastia de mas de un vaso con o sin stent,13700,93
OSPECOR (OBRA SOCIAL DE PETROLEROS DE CORDOBA),37,5097,Angioplastia de un vaso periferico con o sin stent,13701,92
OSPECOR (OBRA SOCIAL DE PETROLEROS DE CORDOBA),37,7536,Angioplastia o remplazo valvular en pacientes con ASA 4,15289,98
OSPECOR (OBRA SOCIAL DE PETROLEROS DE CORDOBA),37,7533,Correccion de coartacion de aorta en hemodinamia en el recien nacido (Angioplastia),15547,98
OSPECOR (OBRA SOCIAL DE PETROLEROS DE CORDOBA),37,5100,Anquilosis temporo-mandibular bilateral,14866,93
OSPECOR (OBRA SOCIAL DE PETROLEROS DE CORDOBA),37,5101,"Anquilosis temporo-mandibular, unilateral",14867,92
OSPECOR (OBRA SOCIAL DE PETROLEROS DE CORDOBA),37,5102,Antrotomia y atico-antrotomia,13704,92
OSPECOR (OBRA SOCIAL DE PETROLEROS DE CORDOBA),37,8542,Nucleoplastia y / o anuloplastia con Rf. ( 2 o 3 discos),69392,98
OSPECOR (OBRA SOCIAL DE PETROLEROS DE CORDOBA),37,5103,Anuloplastia mitral o tricuspidea,14868,95
OSPECOR (OBRA SOCIAL DE PETROLEROS DE CORDOBA),37,7505,Nucleoplastia y/o anuloplastia con Rf (un disco),15274,98
OSPECOR (OBRA SOCIAL DE PETROLEROS DE CORDOBA),37,7506,Nucleoplastia y/o anuloplastia con Rf (dos a tres discos),15278,98
OSPECOR (OBRA SOCIAL DE PETROLEROS DE CORDOBA),37,5104,Aortografia por cateterismo,13705,92
OSPECOR (OBRA SOCIAL DE PETROLEROS DE CORDOBA),37,5105,Aortografia por puncion,13706,91
OSPECOR (OBRA SOCIAL DE PETROLEROS DE CORDOBA),37,6707,Apendicectomia Convertida,60858,94
OSPECOR (OBRA SOCIAL DE PETROLEROS DE CORDOBA),37,5106,Apendicectomia por via convencional,13707,92
OSPECOR (OBRA SOCIAL DE PETROLEROS DE CORDOBA),37,5107,Apendicectomia por videolaparoscopia,13708,93
OSPECOR (OBRA SOCIAL DE PETROLEROS DE CORDOBA),37,5517,Diatermia o crioaplicacion escleral,13993,90
OSPECOR (OBRA SOCIAL DE PETROLEROS DE CORDOBA),37,6423,Retinopexia (diatermia y o crioaplicacion),14644,92
OSPECOR (OBRA SOCIAL DE PETROLEROS DE CORDOBA),37,5108,Aplicacion de laser en retina,15526,90
OSPECOR (OBRA SOCIAL DE PETROLEROS DE CORDOBA),37,5109,Aponeurotomia / fasciotomia cutanea,13710,90
OSPECOR (OBRA SOCIAL DE PETROLEROS DE CORDOBA),37,6703,Tac de Columna (Cada Area),60854,91
OSPECOR (OBRA SOCIAL DE PETROLEROS DE CORDOBA),37,5264,Cesarea,13803,93
OSPECOR (OBRA SOCIAL DE PETROLEROS DE CORDOBA),37,5265,Cesarea por placenta acreta o sus variedades con o sin embolizacion y que termina en histerectomia,13804,98
OSPECOR (OBRA SOCIAL DE PETROLEROS DE CORDOBA),37,6688,"Videolaparoscopia diagnostica (incluye endometriosis, prueba de Cote y ligadura tubarea bilateral)",14835,92
OSPECOR (OBRA SOCIAL DE PETROLEROS DE CORDOBA),37,6421,Resonancia (un area) con espectroscopia,15161,93
OSPECOR (OBRA SOCIAL DE PETROLEROS DE CORDOBA),37,6289,"RMN (dos areas), con o sin contraste",15166,92
OSPECOR (OBRA SOCIAL DE PETROLEROS DE CORDOBA),37,6290,"RMN (mas de dos areas), con o sin contraste",15167,93
OSPECOR (OBRA SOCIAL DE PETROLEROS DE CORDOBA),37,6291,"RMN (un area), con o sin contraste",15168,91
OSPECOR (OBRA SOCIAL DE PETROLEROS DE CORDOBA),37,6507,TAC de cerebro / orbita / cara / cuello (un area) (con o sin contraste),15175,90
OSPECOR (OBRA SOCIAL DE PETROLEROS DE CORDOBA),37,5110,Arreglos dentales de mas de 4 piezas (obturacion dentaria),13711,93
OSPECOR (OBRA SOCIAL DE PETROLEROS DE CORDOBA),37,5111,Arreglos dentales hasta 4 piezas (obturacion dentaria),13712,92
OSPECOR (OBRA SOCIAL DE PETROLEROS DE CORDOBA),37,5112,Arteriografia,13713,90
OSPECOR (OBRA SOCIAL DE PETROLEROS DE CORDOBA),37,5113,Arteriografia cerebral por cateterismo,13714,90
OSPECOR (OBRA SOCIAL DE PETROLEROS DE CORDOBA),37,5114,Arteriografia renal,13715,90
OSPECOR (OBRA SOCIAL DE PETROLEROS DE CORDOBA),37,6174,Panarteriografia cerebral,14469,92
OSPECOR (OBRA SOCIAL DE PETROLEROS DE CORDOBA),37,5115,Artrocentesis,13716,89
OSPECOR (OBRA SOCIAL DE PETROLEROS DE CORDOBA),37,5116,Artrodesis cervical,13717,95
OSPECOR (OBRA SOCIAL DE PETROLEROS DE CORDOBA),37,5117,Artrodesis de cadera,13718,93
OSPECOR (OBRA SOCIAL DE PETROLEROS DE CORDOBA),37,5118,Artrodesis de hasta tres dedos,13719,91
OSPECOR (OBRA SOCIAL DE PETROLEROS DE CORDOBA),37,5119,Artrodesis de hombro,13720,92
OSPECOR (OBRA SOCIAL DE PETROLEROS DE CORDOBA),37,5120,Artrodesis de mas de 3 dedos en miembro inferior,13721,92
OSPECOR (OBRA SOCIAL DE PETROLEROS DE CORDOBA),37,5121,Artrodesis de mas de tres dedos,13722,92
OSPECOR (OBRA SOCIAL DE PETROLEROS DE CORDOBA),37,5122,Artrodesis de menos de 3 dedos,13723,91
OSPECOR (OBRA SOCIAL DE PETROLEROS DE CORDOBA),37,5123,Artrodesis de menos de 3 dedos en miembro inferior,13724,91
OSPECOR (OBRA SOCIAL DE PETROLEROS DE CORDOBA),37,5124,Artrodesis de muñeca / tarso / hombro / codo,13725,92
OSPECOR (OBRA SOCIAL DE PETROLEROS DE CORDOBA),37,5125,Artrodesis de pie y tibioastragalina,13726,92
OSPECOR (OBRA SOCIAL DE PETROLEROS DE CORDOBA),37,5126,Artrodesis de rodilla,13727,92
OSPECOR (OBRA SOCIAL DE PETROLEROS DE CORDOBA),37,5127,Artrodesis dinamica de columna (colocacion de espaciadores),13728,95
OSPECOR (OBRA SOCIAL DE PETROLEROS DE CORDOBA),37,5128,Artrodesis instrumentada de columna cervical,13729,95
OSPECOR (OBRA SOCIAL DE PETROLEROS DE CORDOBA),37,5129,Artrodesis instrumentada de columna dorso-lumbar (tipo Harrington y similares),13730,95
OSPECOR (OBRA SOCIAL DE PETROLEROS DE CORDOBA),37,5130,Artrodesis tibio-peronea-astragalina o medio tarsiana de Chopart,13731,93
OSPECOR (OBRA SOCIAL DE PETROLEROS DE CORDOBA),37,7500,Artrodesis dorsal lumbar o sacra,15485,95
OSPECOR (OBRA SOCIAL DE PETROLEROS DE CORDOBA),37,5131,Artrolisis,13733,90
OSPECOR (OBRA SOCIAL DE PETROLEROS DE CORDOBA),37,5136,Artrotomia / artrolisis / exploracion intra-articular,13738,91
OSPECOR (OBRA SOCIAL DE PETROLEROS DE CORDOBA),37,5132,Artroplastia (no de cadera),13734,93
OSPECOR (OBRA SOCIAL DE PETROLEROS DE CORDOBA),37,5133,Artroplastia de cadera,13735,94
OSPECOR (OBRA SOCIAL DE PETROLEROS DE CORDOBA),37,5134,Artroplastia de hombro,13736,93
OSPECOR (OBRA SOCIAL DE PETROLEROS DE CORDOBA),37,5135,Artroplastia de un dedo,13737,91
OSPECOR (OBRA SOCIAL DE PETROLEROS DE CORDOBA),37,5821,Hemi-artroplastia de cadera,14219,93
OSPECOR (OBRA SOCIAL DE PETROLEROS DE CORDOBA),37,6337,Reemplazo parcial de cadera / hemi-artroplastia,14581,93
OSPECOR (OBRA SOCIAL DE PETROLEROS DE CORDOBA),37,6581,Trasplante oseo con artroplastias primarias,14749,95
OSPECOR (OBRA SOCIAL DE PETROLEROS DE CORDOBA),37,6583,Trasplante oseo en revision de artroplastias,14751,98
OSPECOR (OBRA SOCIAL DE PETROLEROS DE CORDOBA),37,5137,"Aspiracion, lavado e implante de vitreo",13739,92
OSPECOR (OBRA SOCIAL DE PETROLEROS DE CORDOBA),37,5139,Atresia ano-rectal en pediatria / malformaciones congenitas anorectales,13740,95
OSPECOR (OBRA SOCIAL DE PETROLEROS DE CORDOBA),37,5140,Atresia de coanas por via palatina,13741,94
OSPECOR (OBRA SOCIAL DE PETROLEROS DE CORDOBA),37,5141,Atresia de esofago por video-toracoscopia,13742,98
OSPECOR (OBRA SOCIAL DE PETROLEROS DE CORDOBA),37,5991,Malformaciones congenitas de esofago (atresia de esofago / fistula traqueo-esofagica),14353,95
OSPECOR (OBRA SOCIAL DE PETROLEROS DE CORDOBA),37,5142,Auriculotomia,14872,95
OSPECOR (OBRA SOCIAL DE PETROLEROS DE CORDOBA),37,5144,Bermellectomia,14874,90
OSPECOR (OBRA SOCIAL DE PETROLEROS DE CORDOBA),37,5182,Biopsia y/o cauterizacion de cuello uterino,69297,89
OSPECOR (OBRA SOCIAL DE PETROLEROS DE CORDOBA),37,5145,"Biopsia (peritoneo, epiplon, etc)",13745,91
OSPECOR (OBRA SOCIAL DE PETROLEROS DE CORDOBA),37,5146,Biopsia costal,13746,89
OSPECOR (OBRA SOCIAL DE PETROLEROS DE CORDOBA),37,5147,Biopsia de Daniels del hueco supraclavicular,13747,91
OSPECOR (OBRA SOCIAL DE PETROLEROS DE CORDOBA),37,5148,Biopsia de encia,13748,90
OSPECOR (OBRA SOCIAL DE PETROLEROS DE CORDOBA),37,5149,Biopsia de endocardio / miocardio en hemodinamia,13749,93
OSPECOR (OBRA SOCIAL DE PETROLEROS DE CORDOBA),37,5150,Biopsia de epididimo,13750,90
OSPECOR (OBRA SOCIAL DE PETROLEROS DE CORDOBA),37,5151,Biopsia de faringe y/o amigdala,13751,90
OSPECOR (OBRA SOCIAL DE PETROLEROS DE CORDOBA),37,5153,Biopsia de ganglios linfaticos de la pared toracica,13752,90
OSPECOR (OBRA SOCIAL DE PETROLEROS DE CORDOBA),37,5154,Biopsia de glandula salival,13753,90
OSPECOR (OBRA SOCIAL DE PETROLEROS DE CORDOBA),37,5155,Biopsia de higado a cielo abierto o laparoscopica,13754,91
OSPECOR (OBRA SOCIAL DE PETROLEROS DE CORDOBA),37,5156,Biopsia de higado laparoscopica,13755,91
OSPECOR (OBRA SOCIAL DE PETROLEROS DE CORDOBA),37,5157,Biopsia de laringe,13756,91
OSPECOR (OBRA SOCIAL DE PETROLEROS DE CORDOBA),37,5158,Biopsia de lesion nasofaringea,13757,90
OSPECOR (OBRA SOCIAL DE PETROLEROS DE CORDOBA),37,5159,Biopsia de mama unilateral,13758,90
OSPECOR (OBRA SOCIAL DE PETROLEROS DE CORDOBA),37,5160,Biopsia de pancreas a cielo abierto,13759,92
OSPECOR (OBRA SOCIAL DE PETROLEROS DE CORDOBA),37,5161,Biopsia de pene,13760,89
OSPECOR (OBRA SOCIAL DE PETROLEROS DE CORDOBA),37,5162,Biopsia de pericardio,13761,92
OSPECOR (OBRA SOCIAL DE PETROLEROS DE CORDOBA),37,5165,Biopsia de testiculo,13762,90
OSPECOR (OBRA SOCIAL DE PETROLEROS DE CORDOBA),37,5166,Biopsia de vagina,13763,89
OSPECOR (OBRA SOCIAL DE PETROLEROS DE CORDOBA),37,5167,Biopsia de vejiga,13764,90
OSPECOR (OBRA SOCIAL DE PETROLEROS DE CORDOBA),37,5168,Biopsia de vertebra,13765,91
OSPECOR (OBRA SOCIAL DE PETROLEROS DE CORDOBA),37,5169,Biopsia de vulva,13766,89
OSPECOR (OBRA SOCIAL DE PETROLEROS DE CORDOBA),37,5170,Biopsia del paladar,13767,90
OSPECOR (OBRA SOCIAL DE PETROLEROS DE CORDOBA),37,5171,Biopsia muscular,13768,90
OSPECOR (OBRA SOCIAL DE PETROLEROS DE CORDOBA),37,5173,Biopsia o sutura de la boca o mejilla,13769,90
OSPECOR (OBRA SOCIAL DE PETROLEROS DE CORDOBA),37,5175,Biopsia prostatica por puncion,13770,89
OSPECOR (OBRA SOCIAL DE PETROLEROS DE CORDOBA),37,5176,Biopsia quirurgica de femur o cadera,13771,91
OSPECOR (OBRA SOCIAL DE PETROLEROS DE CORDOBA),37,5177,Biopsia quirurgica de hueso (no de femur o cadera),13773,90
OSPECOR (OBRA SOCIAL DE PETROLEROS DE CORDOBA),37,5178,Biopsia radioquirurgica de mama,13774,91
OSPECOR (OBRA SOCIAL DE PETROLEROS DE CORDOBA),37,5179,Biopsia renal percutanea (quirofano),13775,89
OSPECOR (OBRA SOCIAL DE PETROLEROS DE CORDOBA),37,5180,Biopsia renal percutanea guiado por ecografia u otro metodo (fuera de quirofano),13776,90
OSPECOR (OBRA SOCIAL DE PETROLEROS DE CORDOBA),37,5181,Biopsia traqueal o bronquial,13777,90
OSPECOR (OBRA SOCIAL DE PETROLEROS DE CORDOBA),37,5405,Colonovideoscopia con o sin biopsia,13913,91
OSPECOR (OBRA SOCIAL DE PETROLEROS DE CORDOBA),37,5552,Drenaje pleural por toracotomia minima y/o biopsia pleural,14024,90
OSPECOR (OBRA SOCIAL DE PETROLEROS DE CORDOBA),37,5676,Exploracion renal con o sin biopsia,14119,91
OSPECOR (OBRA SOCIAL DE PETROLEROS DE CORDOBA),37,5718,Extraccion de cuerpo extraño de orbita / exploracion / biopsia / drenaje,14143,91
OSPECOR (OBRA SOCIAL DE PETROLEROS DE CORDOBA),37,5898,Incision y drenaje del CAE y/o biopsia,14286,90
OSPECOR (OBRA SOCIAL DE PETROLEROS DE CORDOBA),37,5899,Incision y drenaje/ biopsia o sutura de labio,14287,89
OSPECOR (OBRA SOCIAL DE PETROLEROS DE CORDOBA),37,6249,Puncion / biopsia de prostata bajo control ecografico,14535,90
OSPECOR (OBRA SOCIAL DE PETROLEROS DE CORDOBA),37,6252,Puncion biopsia de hueso,14538,89
OSPECOR (OBRA SOCIAL DE PETROLEROS DE CORDOBA),37,6253,Puncion biopsia de tiroides,14539,89
OSPECOR (OBRA SOCIAL DE PETROLEROS DE CORDOBA),37,6254,Puncion biopsia de tiroides a cielo abierto,14540,90
OSPECOR (OBRA SOCIAL DE PETROLEROS DE CORDOBA),37,6258,Puncion biopsia percutanea de bazo o pancreas,14541,89
OSPECOR (OBRA SOCIAL DE PETROLEROS DE CORDOBA),37,6259,Puncion biopsia percutanea de higado,14542,89
OSPECOR (OBRA SOCIAL DE PETROLEROS DE CORDOBA),37,6266,Puncion del seno con o sin insercion de sonda y/o biopsia de seno paranasal,14546,89
OSPECOR (OBRA SOCIAL DE PETROLEROS DE CORDOBA),37,6505,Sutura y/o biopsia de nariz,14709,90
OSPECOR (OBRA SOCIAL DE PETROLEROS DE CORDOBA),37,6557,Toracotomia exploradora amplia y/o biopsia pulmonar,14733,94
OSPECOR (OBRA SOCIAL DE PETROLEROS DE CORDOBA),37,5152,Biopsia de ganglios linfaticos de cuello,14875,90
OSPECOR (OBRA SOCIAL DE PETROLEROS DE CORDOBA),37,5163,Biopsia de piel en cabeza y/o cuello,14876,90
OSPECOR (OBRA SOCIAL DE PETROLEROS DE CORDOBA),37,5164,"Biopsia de piel, excepto en cabeza y cuello",14877,89
OSPECOR (OBRA SOCIAL DE PETROLEROS DE CORDOBA),37,5172,Biopsia o exeresis de ganglios linfaticos,14878,90
OSPECOR (OBRA SOCIAL DE PETROLEROS DE CORDOBA),37,5174,Biopsia osea a cielo abierto,14879,90
OSPECOR (OBRA SOCIAL DE PETROLEROS DE CORDOBA),37,6257,Puncion biopsia guiada por ecografia,15113,91
OSPECOR (OBRA SOCIAL DE PETROLEROS DE CORDOBA),37,6255,Puncion biopsia guiada por TAC (fuera de quirofano),15114,90
OSPECOR (OBRA SOCIAL DE PETROLEROS DE CORDOBA),37,7594,Biopsia Pulmonar o Mediastinal por video-toracoscopia,15371,92
OSPECOR (OBRA SOCIAL DE PETROLEROS DE CORDOBA),37,6127,Operacion del hueco supraclavicular (tipo biopsia de Daniels),15480,91
OSPECOR (OBRA SOCIAL DE PETROLEROS DE CORDOBA),37,5184,Blefaroplastia bilateral,14880,93
OSPECOR (OBRA SOCIAL DE PETROLEROS DE CORDOBA),37,5185,"Blefaroplastia simple, no estetica",14881,92
OSPECOR (OBRA SOCIAL DE PETROLEROS DE CORDOBA),37,8103,Blefaroplastia unilateral,15254,92
OSPECOR (OBRA SOCIAL DE PETROLEROS DE CORDOBA),37,5183,Blefaroplastia,15524,92
OSPECOR (OBRA SOCIAL DE PETROLEROS DE CORDOBA),37,7778,"Bloqueo regional periferico dosis unica, un solo nervio, eco guiado",69275,91
OSPECOR (OBRA SOCIAL DE PETROLEROS DE CORDOBA),37,7779,"Bloqueo regional periferico dosis unica, mas de un nervio, eco guiado",69276,92
OSPECOR (OBRA SOCIAL DE PETROLEROS DE CORDOBA),37,7780,"Bloqueo regional periferico continuo con cateter, sin bomba control dias sub siguientes a la colocacion (hasta 72 horas) por dia",69277,89
OSPECOR (OBRA SOCIAL DE PETROLEROS DE CORDOBA),37,7781,"Bloqueo regional periferico continuo con cateter, con bomba control dias subsiguientes a la colocacion (hasta 72 horas) por dia",69278,90
OSPECOR (OBRA SOCIAL DE PETROLEROS DE CORDOBA),37,7782,"Bloqueo del musculo erector espinal, ecoguiado, dosis unica",69279,91
OSPECOR (OBRA SOCIAL DE PETROLEROS DE CORDOBA),37,7783,"Bloqueo del musculo erector espinal, ecoguiado continuo. Colocacion de cateter",69280,92
OSPECOR (OBRA SOCIAL DE PETROLEROS DE CORDOBA),37,7784,"Bloqueo del musculo erector espinal, continuo, sin bomba, control dias subsiguientes hasta 48 por dia",69281,89
OSPECOR (OBRA SOCIAL DE PETROLEROS DE CORDOBA),37,7785,"Bloqueo del musculo erector espinal, continuo, con bomba, control dias subsiguientes hasta 48 horas por dia",69282,90
OSPECOR (OBRA SOCIAL DE PETROLEROS DE CORDOBA),37,7787,Bloqueo radicular selectivo cervical/dorsal o lumbar (hasta 2 niveles),69283,93
OSPECOR (OBRA SOCIAL DE PETROLEROS DE CORDOBA),37,7786,Bloqueo radicular selectivo cervical/dorsal o lumbar (mas de 2 niveles),69284,94
OSPECOR (OBRA SOCIAL DE PETROLEROS DE CORDOBA),37,7788,Bloqueo radicular selectivo (hasta 2 niveles),69285,92
OSPECOR (OBRA SOCIAL DE PETROLEROS DE CORDOBA),37,7789,Bloqueo radicular selectivo (mas de 2 niveles),69286,93
OSPECOR (OBRA SOCIAL DE PETROLEROS DE CORDOBA),37,8517,Bloqueo del nervio Occipital Mayor unilateral,69367,93
OSPECOR (OBRA SOCIAL DE PETROLEROS DE CORDOBA),37,8518,Bloqueo diagnostico de cadera/hombro,69368,94
OSPECOR (OBRA SOCIAL DE PETROLEROS DE CORDOBA),37,8519,Bloqueo diagnostico del ganglio estrellado,69369,94
OSPECOR (OBRA SOCIAL DE PETROLEROS DE CORDOBA),37,8520,"Bloqueo facetario cervical, dorsal o lumbar bajo radioscopia",69370,94
OSPECOR (OBRA SOCIAL DE PETROLEROS DE CORDOBA),37,8521,"Bloqueo ganglio simpatico toracico, lumbar, dorsal o hipogastrico superior",69371,95
OSPECOR (OBRA SOCIAL DE PETROLEROS DE CORDOBA),37,8525,Bloqueo paravertebral unilateral,69375,93
OSPECOR (OBRA SOCIAL DE PETROLEROS DE CORDOBA),37,8526,Bloqueo terapeutico de rodilla (N. geniculados) unilateral,69376,93
OSPECOR (OBRA SOCIAL DE PETROLEROS DE CORDOBA),37,8527,Bloqueo transforminal (mas de 1 nivel),69377,93
OSPECOR (OBRA SOCIAL DE PETROLEROS DE CORDOBA),37,8528,Bloqueo transforminal selectivo,69378,92
OSPECOR (OBRA SOCIAL DE PETROLEROS DE CORDOBA),37,8654,"Bloqueo regional continuo, con colocacion de cateter, eco guiado. Dia 0",69399,92
OSPECOR (OBRA SOCIAL DE PETROLEROS DE CORDOBA),37,5215,Bloqueo extra-craneal antalgico,13779,90
OSPECOR (OBRA SOCIAL DE PETROLEROS DE CORDOBA),37,5186,Bloqueo de G Esfenopalatino,14882,94
OSPECOR (OBRA SOCIAL DE PETROLEROS DE CORDOBA),37,5191,Bloqueo de hasta dos nervios craneales (no G de Gasser) x sesion,14883,90
OSPECOR (OBRA SOCIAL DE PETROLEROS DE CORDOBA),37,5192,Bloqueo de mas de dos nervios craneales (no G Gasser) por sesion,14884,91
OSPECOR (OBRA SOCIAL DE PETROLEROS DE CORDOBA),37,5193,Bloqueo de nervio periferico por sesion,14885,89
OSPECOR (OBRA SOCIAL DE PETROLEROS DE CORDOBA),37,5194,Bloqueo diagnostico / terapeutico de hombro,14886,90
OSPECOR (OBRA SOCIAL DE PETROLEROS DE CORDOBA),37,5195,Bloqueo diagnostico / terapeutico de rodilla,14887,90
OSPECOR (OBRA SOCIAL DE PETROLEROS DE CORDOBA),37,5196,Bloqueo diagnostico articulacion atlanto axoidea uni o bilateral,14888,91
OSPECOR (OBRA SOCIAL DE PETROLEROS DE CORDOBA),37,5197,Bloqueo diagnostico articulacion atlanto-occipital uni o bilateral,14889,91
OSPECOR (OBRA SOCIAL DE PETROLEROS DE CORDOBA),37,5198,Bloqueo diagnostico de cadera,14890,91
OSPECOR (OBRA SOCIAL DE PETROLEROS DE CORDOBA),37,5199,"Bloqueo diagnostico diferencial, por sesion",14891,89
OSPECOR (OBRA SOCIAL DE PETROLEROS DE CORDOBA),37,5200,Bloqueo diagnostico ganglio de Walter,14892,92
OSPECOR (OBRA SOCIAL DE PETROLEROS DE CORDOBA),37,5201,Bloqueo diagnostico nervio periferico bajo radioscopia,14894,91
OSPECOR (OBRA SOCIAL DE PETROLEROS DE CORDOBA),37,5202,Bloqueo diagnostico nervio periferico sin Rx,14895,90
OSPECOR (OBRA SOCIAL DE PETROLEROS DE CORDOBA),37,5203,"Bloqueo diagnostico o neurolisis de plexo celiaco, ganglio estrellado, o similar .",14896,90
OSPECOR (OBRA SOCIAL DE PETROLEROS DE CORDOBA),37,5204,Bloqueo diagnostico o terapeutico art sacro-iliaca bilateral,14897,93
OSPECOR (OBRA SOCIAL DE PETROLEROS DE CORDOBA),37,5205,Bloqueo diagnostico o terapeutico art sacro-iliaca unilateral,14898,92
OSPECOR (OBRA SOCIAL DE PETROLEROS DE CORDOBA),37,5206,Bloqueo diagnostico o terapeutico de G Estrellado. Unilateral,14899,91
OSPECOR (OBRA SOCIAL DE PETROLEROS DE CORDOBA),37,5207,Bloqueo diagnostico o terapeutico de G Simpatico lumbar.,14900,92
OSPECOR (OBRA SOCIAL DE PETROLEROS DE CORDOBA),37,5210,Bloqueo diagnostico o terapeutico de Ganglio de Walther,14901,91
OSPECOR (OBRA SOCIAL DE PETROLEROS DE CORDOBA),37,5216,Bloqueo facetario diagnostico ( hasta dos facetas),14902,92
OSPECOR (OBRA SOCIAL DE PETROLEROS DE CORDOBA),37,5217,Bloqueo facetario diagnostico (mas de 2 facetas),14903,93
OSPECOR (OBRA SOCIAL DE PETROLEROS DE CORDOBA),37,5219,Bloqueo paravertebral mas de dos nervios por sesion,14904,91
OSPECOR (OBRA SOCIAL DE PETROLEROS DE CORDOBA),37,5223,Bloqueo transforaminal (mas de 1 nivel),14906,92
OSPECOR (OBRA SOCIAL DE PETROLEROS DE CORDOBA),37,5218,Bloqueo paravertebral hasta dos nervios,15213,90
OSPECOR (OBRA SOCIAL DE PETROLEROS DE CORDOBA),37,5221,Bloqueo regional Bier con farmacos para diagnostico,15214,90
OSPECOR (OBRA SOCIAL DE PETROLEROS DE CORDOBA),37,5222,Bloqueo transforaminal (1 nivel),15243,91
OSPECOR (OBRA SOCIAL DE PETROLEROS DE CORDOBA),37,5209,Bloqueo diagnostico o terapeutico de G Estrellado guiado por imagenes,15252,92
OSPECOR (OBRA SOCIAL DE PETROLEROS DE CORDOBA),37,5212,Bloqueo diagnostico o terapeutico facetario (art cervical o dorsal) (una faceta),15265,93
OSPECOR (OBRA SOCIAL DE PETROLEROS DE CORDOBA),37,5213,Bloqueo diagnostico/ terapeutico   facetario art cervicalo dorsal (masde1faceta),15267,93
OSPECOR (OBRA SOCIAL DE PETROLEROS DE CORDOBA),37,5208,Bloqueo diagnostico o terapeutico de G Simpatico toracico,15269,93
OSPECOR (OBRA SOCIAL DE PETROLEROS DE CORDOBA),37,7523,Rf. / Bloqueo de Ganglio de Gasser,15282,95
OSPECOR (OBRA SOCIAL DE PETROLEROS DE CORDOBA),37,7593,Bloqueo nervio frenico  para neumotorax recidivante,15365,91
OSPECOR (OBRA SOCIAL DE PETROLEROS DE CORDOBA),37,5225,Bocio endotoracico,13780,94
OSPECOR (OBRA SOCIAL DE PETROLEROS DE CORDOBA),37,5227,Braquiterapia ginecologica (colocacion de radium intra-cavitario),13781,91
OSPECOR (OBRA SOCIAL DE PETROLEROS DE CORDOBA),37,5228,Braquiterapia intersticial de cabeza y cuello,14908,91
OSPECOR (OBRA SOCIAL DE PETROLEROS DE CORDOBA),37,5230,Braquiterapia urologica,14909,91
OSPECOR (OBRA SOCIAL DE PETROLEROS DE CORDOBA),37,5231,Braquiterapia urologica con abordaje abdominal para reseccion de plexos hipogastricos,14910,94
OSPECOR (OBRA SOCIAL DE PETROLEROS DE CORDOBA),37,5229,Braquiterapia intersticial de partes blandas,15245,91
OSPECOR (OBRA SOCIAL DE PETROLEROS DE CORDOBA),37,5226,Braquiterapia en cancer de prostata,15429,91
OSPECOR (OBRA SOCIAL DE PETROLEROS DE CORDOBA),37,5232,Broncorrafia,13782,93
OSPECOR (OBRA SOCIAL DE PETROLEROS DE CORDOBA),37,5233,Broncoscopia con broncoscopio rigido,13783,91
OSPECOR (OBRA SOCIAL DE PETROLEROS DE CORDOBA),37,5234,Bursitis,13784,90
OSPECOR (OBRA SOCIAL DE PETROLEROS DE CORDOBA),37,6387,Reseccion de exostosis y bursitis (operacion de Haglund - prolongacion osea en el dorso del talon -),14622,90
OSPECOR (OBRA SOCIAL DE PETROLEROS DE CORDOBA),37,5237,Cadera en resorte,13788,93
OSPECOR (OBRA SOCIAL DE PETROLEROS DE CORDOBA),37,5395,Colocacion de tutor externo (excepto de cadera y maxilar),13903,92
OSPECOR (OBRA SOCIAL DE PETROLEROS DE CORDOBA),37,5396,Colocacion de tutor externo de cadera,13904,93
OSPECOR (OBRA SOCIAL DE PETROLEROS DE CORDOBA),37,5446,"Correccion quirurgica de luxacion congenita de cadera, cruenta, con o sin osteotomia",13950,94
OSPECOR (OBRA SOCIAL DE PETROLEROS DE CORDOBA),37,5536,Displasia de cadera,14005,92
OSPECOR (OBRA SOCIAL DE PETROLEROS DE CORDOBA),37,5731,Extraccion de placas y/o tornillos (no de rodilla ni de cadera),14155,90
OSPECOR (OBRA SOCIAL DE PETROLEROS DE CORDOBA),37,5732,Extraccion de placas y/o tornillos de cadera o rodilla,14156,91
OSPECOR (OBRA SOCIAL DE PETROLEROS DE CORDOBA),37,5736,Extraccion de protesis total de cadera,14159,93
OSPECOR (OBRA SOCIAL DE PETROLEROS DE CORDOBA),37,5738,Extraccion de protesis y reemplazo en el mismo acto (rodilla o cadera),14161,95
OSPECOR (OBRA SOCIAL DE PETROLEROS DE CORDOBA),37,6150,"Osteosintesis de hombro, rodilla y cadera",14450,93
OSPECOR (OBRA SOCIAL DE PETROLEROS DE CORDOBA),37,6331,"Reduccion incruenta de luxaciones (hombro, codo, cadera, rodilla)",14576,90
OSPECOR (OBRA SOCIAL DE PETROLEROS DE CORDOBA),37,6338,Reemplazo total de cadera,14582,95
OSPECOR (OBRA SOCIAL DE PETROLEROS DE CORDOBA),37,6430,Revision de osteosintesis (no de cadera),14650,93
OSPECOR (OBRA SOCIAL DE PETROLEROS DE CORDOBA),37,6431,Revision de osteosintesis de cadera,14651,94
OSPECOR (OBRA SOCIAL DE PETROLEROS DE CORDOBA),37,6433,Revision de protesis total de cadera,14653,95
OSPECOR (OBRA SOCIAL DE PETROLEROS DE CORDOBA),37,6552,Toillete quirurgico de cadera,14729,91
OSPECOR (OBRA SOCIAL DE PETROLEROS DE CORDOBA),37,6677,Video-artroscopia de cadera,14825,94
OSPECOR (OBRA SOCIAL DE PETROLEROS DE CORDOBA),37,5902,"Infiltracion art rodilla, cadera, codo, hombro y otras, guiadas por, (art adic)",15016,91
OSPECOR (OBRA SOCIAL DE PETROLEROS DE CORDOBA),37,5903,"Infiltracion art rodilla, cadera, codo, hombro y otras. art adicional",15017,90
OSPECOR (OBRA SOCIAL DE PETROLEROS DE CORDOBA),37,5905,"Infiltracion articulacion rodilla, cadera, codo, hombro y otras una",15018,90
OSPECOR (OBRA SOCIAL DE PETROLEROS DE CORDOBA),37,5980,Liposuccion de cadera,15040,93
OSPECOR (OBRA SOCIAL DE PETROLEROS DE CORDOBA),37,8118,Reduccion incruenta de luxacion (ejemplo cadera),15470,90
OSPECOR (OBRA SOCIAL DE PETROLEROS DE CORDOBA),37,5735,Extraccion de protesis parcial de cadera,15474,92
OSPECOR (OBRA SOCIAL DE PETROLEROS DE CORDOBA),37,6410,Reseccion parcial de cadera,15475,93
OSPECOR (OBRA SOCIAL DE PETROLEROS DE CORDOBA),37,6323,Reduccion cruenta de luxacion de cadera,15479,93
OSPECOR (OBRA SOCIAL DE PETROLEROS DE CORDOBA),37,8115,Reduccion incruenta de luxacion de cadera,15481,90
OSPECOR (OBRA SOCIAL DE PETROLEROS DE CORDOBA),37,5238,Calcificaciones de hombro,13789,90
OSPECOR (OBRA SOCIAL DE PETROLEROS DE CORDOBA),37,10005,Recambio o retirada de bomba de infusion continua,69332,94
OSPECOR (OBRA SOCIAL DE PETROLEROS DE CORDOBA),37,5240,Cambio de generador,13790,91
OSPECOR (OBRA SOCIAL DE PETROLEROS DE CORDOBA),37,6297,Recambio de cateter de derivacion ventriculo-peritoneal,14565,92
OSPECOR (OBRA SOCIAL DE PETROLEROS DE CORDOBA),37,6436,Revision y recambio de protesis de hombro,14656,95
OSPECOR (OBRA SOCIAL DE PETROLEROS DE CORDOBA),37,5239,Cambio Implantes,14911,94
OSPECOR (OBRA SOCIAL DE PETROLEROS DE CORDOBA),37,6358,"Reintervencion alejada mas de 24 horas (cambio de valvula, by-pass, protesis, banding)",15146,98
OSPECOR (OBRA SOCIAL DE PETROLEROS DE CORDOBA),37,5243,Canalizacion de via central,15232,90
OSPECOR (OBRA SOCIAL DE PETROLEROS DE CORDOBA),37,5241,Canalizacion arterial,15233,90
OSPECOR (OBRA SOCIAL DE PETROLEROS DE CORDOBA),37,5242,Canalizacion de venas o arterias como unico procedimiento,15538,89
OSPECOR (OBRA SOCIAL DE PETROLEROS DE CORDOBA),37,5244,Cantotomia externa,15227,90
OSPECOR (OBRA SOCIAL DE PETROLEROS DE CORDOBA),37,5245,Capsulectomia,15242,91
OSPECOR (OBRA SOCIAL DE PETROLEROS DE CORDOBA),37,5246,Capsuloplastia,13791,91
OSPECOR (OBRA SOCIAL DE PETROLEROS DE CORDOBA),37,10002,Capsulotomia,69331,90
OSPECOR (OBRA SOCIAL DE PETROLEROS DE CORDOBA),37,5247,Capsulotomia (cristalino),13792,90
OSPECOR (OBRA SOCIAL DE PETROLEROS DE CORDOBA),37,5248,Cardiomioplastia,14912,95
OSPECOR (OBRA SOCIAL DE PETROLEROS DE CORDOBA),37,5249,Cardiorrafia,14913,94
OSPECOR (OBRA SOCIAL DE PETROLEROS DE CORDOBA),37,5250,Cardioversion electrica de arritmias,13793,90
OSPECOR (OBRA SOCIAL DE PETROLEROS DE CORDOBA),37,5251,Caruncula uretral,13794,89
OSPECOR (OBRA SOCIAL DE PETROLEROS DE CORDOBA),37,5253,Cateterismo cardiaco mas angiocardiografia,13795,91
OSPECOR (OBRA SOCIAL DE PETROLEROS DE CORDOBA),37,5254,Cateterismo cardiaco para toma de presiones y muestras de sangre,13796,91
OSPECOR (OBRA SOCIAL DE PETROLEROS DE CORDOBA),37,5255,Cateterismo de ambas carotidas con o sin colocacion de stents,13797,93
OSPECOR (OBRA SOCIAL DE PETROLEROS DE CORDOBA),37,5256,Cateterismo del ureter,13798,90
OSPECOR (OBRA SOCIAL DE PETROLEROS DE CORDOBA),37,5257,Cateterismo vesical / cistomanometria,13799,91
OSPECOR (OBRA SOCIAL DE PETROLEROS DE CORDOBA),37,8102,Cateterismo cardiaco mas angiocardiografia CA,15541,92
OSPECOR (OBRA SOCIAL DE PETROLEROS DE CORDOBA),37,5258,Cauterizacion del cuello uterino con laser,13800,91
OSPECOR (OBRA SOCIAL DE PETROLEROS DE CORDOBA),37,5259,Cavernostomia,15368,93
OSPECOR (OBRA SOCIAL DE PETROLEROS DE CORDOBA),37,5260,Cavografia toracica o abdominal (colocacion de portacath),13801,91
OSPECOR (OBRA SOCIAL DE PETROLEROS DE CORDOBA),37,6200,Pie Bot / cavo / equino unilateral,14491,92
OSPECOR (OBRA SOCIAL DE PETROLEROS DE CORDOBA),37,7542,"Tetralogia de Fallot, canal atrioventricular, Tubo VD-AP, Anomalia total del retorno venoso pulmonar, Estenosis SubAo, Comisurotomia Ao o Pulmonar, Valvuloplatia Ao o Pulmonar, Glenn, Cavopulmonar, Cirugia de MAZE, Sindrome de Cimitarra, Rastelli, Senning, Jatene, Cirugia de Ross no en el recien nacido",15287,98
OSPECOR (OBRA SOCIAL DE PETROLEROS DE CORDOBA),37,5261,Cecostomia,15324,91
OSPECOR (OBRA SOCIAL DE PETROLEROS DE CORDOBA),37,5262,Centellograma oseo radio-isotopico,14914,90
OSPECOR (OBRA SOCIAL DE PETROLEROS DE CORDOBA),37,5263,Cerclaje (correccion de incontinencia cervical),13802,90
OSPECOR (OBRA SOCIAL DE PETROLEROS DE CORDOBA),37,5335,"Cirugias de cardiopatias congenitas sin CEC (cierre de ductus, cerclaje de arteria pulmonar, coartacion de aorta)",14926,95
OSPECOR (OBRA SOCIAL DE PETROLEROS DE CORDOBA),37,7543,"Cirugias de cardiopatias congenitas complejas (transposicion, tronco arterioso, ductus arterioso permiable, cerclaje de la arteria pulmonar, anillo vascular, subclavia drecha aberrante)",15285,98
OSPECOR (OBRA SOCIAL DE PETROLEROS DE CORDOBA),37,8108,Colpopexia / cerclaje,15395,91
OSPECOR (OBRA SOCIAL DE PETROLEROS DE CORDOBA),37,5712,Extraccion de cuerpo extraño de cerebro,14136,94
OSPECOR (OBRA SOCIAL DE PETROLEROS DE CORDOBA),37,5884,Implante de material radioactivo en cerebro,14279,98
OSPECOR (OBRA SOCIAL DE PETROLEROS DE CORDOBA),37,5266,Chalazion,15522,89
OSPECOR (OBRA SOCIAL DE PETROLEROS DE CORDOBA),37,5267,Cicatriz retractil de cuello / reseccion e injerto,14915,92
OSPECOR (OBRA SOCIAL DE PETROLEROS DE CORDOBA),37,6376,Reseccion de cicatriz grande / zetoplastia,15150,92
OSPECOR (OBRA SOCIAL DE PETROLEROS DE CORDOBA),37,6377,Reseccion de cicatriz retractil en cuello con o sin injerto,15151,93
OSPECOR (OBRA SOCIAL DE PETROLEROS DE CORDOBA),37,6378,Reseccion simple de cicatriz,15220,90
OSPECOR (OBRA SOCIAL DE PETROLEROS DE CORDOBA),37,6388,Reseccion de gran cicatriz / zetaplastia,15241,91
OSPECOR (OBRA SOCIAL DE PETROLEROS DE CORDOBA),37,5268,Cierre de Hartmann,13805,93
OSPECOR (OBRA SOCIAL DE PETROLEROS DE CORDOBA),37,5269,Cierre de Hartmann por videolaparoscopia,13806,94
OSPECOR (OBRA SOCIAL DE PETROLEROS DE CORDOBA),37,5270,Cierre de colostomia,13807,91
OSPECOR (OBRA SOCIAL DE PETROLEROS DE CORDOBA),37,5272,Cierre de defectos septales con dispositivos de tipo Amplatzer,13808,95
OSPECOR (OBRA SOCIAL DE PETROLEROS DE CORDOBA),37,5273,Cierre de defectos septales congenitos simples en hemodinamia,13809,94
OSPECOR (OBRA SOCIAL DE PETROLEROS DE CORDOBA),37,5274,Cierre de ductus arterioso permeable con coils o similar en hemodinamia,13810,95
OSPECOR (OBRA SOCIAL DE PETROLEROS DE CORDOBA),37,5275,Cierre de faringostomia,13811,92
OSPECOR (OBRA SOCIAL DE PETROLEROS DE CORDOBA),37,5276,Cierre de fistula arterio-venosa de hemodialisis,13812,91
OSPECOR (OBRA SOCIAL DE PETROLEROS DE CORDOBA),37,5277,Cierre de fistula branquial y/o quiste branquial o vestigio,13813,92
OSPECOR (OBRA SOCIAL DE PETROLEROS DE CORDOBA),37,5278,Cierre de fistula bronco-cutanea,13814,92
OSPECOR (OBRA SOCIAL DE PETROLEROS DE CORDOBA),37,5279,Cierre de fistula esofago-cutanea,13816,94
OSPECOR (OBRA SOCIAL DE PETROLEROS DE CORDOBA),37,5280,Cierre de fistula externa de boca,13818,91
OSPECOR (OBRA SOCIAL DE PETROLEROS DE CORDOBA),37,5281,Cierre de fistula mastoidea,13819,92
OSPECOR (OBRA SOCIAL DE PETROLEROS DE CORDOBA),37,5282,Cierre de fistula meningea por via transinusal,13820,93
OSPECOR (OBRA SOCIAL DE PETROLEROS DE CORDOBA),37,5283,Cierre de fistula oral del seno maxilar (buco-antral),13821,92
OSPECOR (OBRA SOCIAL DE PETROLEROS DE CORDOBA),37,5284,Cierre de fistula traqueo-esofagica,13822,94
OSPECOR (OBRA SOCIAL DE PETROLEROS DE CORDOBA),37,5285,Cierre de fistula uretro-rectal,13824,92
OSPECOR (OBRA SOCIAL DE PETROLEROS DE CORDOBA),37,5286,Cierre de gastrostomia y/o fistula gastrica,13825,92
OSPECOR (OBRA SOCIAL DE PETROLEROS DE CORDOBA),37,5288,Cierre de ileostomia,13826,91
OSPECOR (OBRA SOCIAL DE PETROLEROS DE CORDOBA),37,5289,Cierre de traqueostomia,13827,90
OSPECOR (OBRA SOCIAL DE PETROLEROS DE CORDOBA),37,6643,ulcera perforada / gastrorrafia/ herida perforada / cierre de fistula gastrica,14799,93
OSPECOR (OBRA SOCIAL DE PETROLEROS DE CORDOBA),37,5271,Cierre de defectos septales adquiridos,14916,95
OSPECOR (OBRA SOCIAL DE PETROLEROS DE CORDOBA),37,5287,Cierre de grandes defectos con combinacion de varios colgajos,14918,93
OSPECOR (OBRA SOCIAL DE PETROLEROS DE CORDOBA),37,5290,Cierre diferido de torax posterior a cirugia cardiaca,14920,94
OSPECOR (OBRA SOCIAL DE PETROLEROS DE CORDOBA),37,5334,Cirugias de cardiopatias congenitas simples (cierre de defectos septales),14925,95
OSPECOR (OBRA SOCIAL DE PETROLEROS DE CORDOBA),37,5637,Estafilorrafia (cierre del paladar blando),14980,91
OSPECOR (OBRA SOCIAL DE PETROLEROS DE CORDOBA),37,6614,Tumor benigno de mas de 5 cm / extirpacion y cierre plastico,15194,91
OSPECOR (OBRA SOCIAL DE PETROLEROS DE CORDOBA),37,5291,Circuncision,15408,91
OSPECOR (OBRA SOCIAL DE PETROLEROS DE CORDOBA),37,7000,Cirugia Suspendida,43224,89
OSPECOR (OBRA SOCIAL DE PETROLEROS DE CORDOBA),37,6704,Cirugia de Bahas,60855,94
OSPECOR (OBRA SOCIAL DE PETROLEROS DE CORDOBA),37,9008,Cirugias Cardiacas con valor diferenciado Clinica Reg. Del Sud,69335,61
OSPECOR (OBRA SOCIAL DE PETROLEROS DE CORDOBA),37,8529,Cirugia tricompartimental de piso pelvico,69379,93
OSPECOR (OBRA SOCIAL DE PETROLEROS DE CORDOBA),37,5292,Cirugia antireflujo esofagico (Nissen) a cielo abierto,13828,93
OSPECOR (OBRA SOCIAL DE PETROLEROS DE CORDOBA),37,5293,Cirugia artroscopica de hombro (cirugia de Bankart artroscopica y similares),13829,93
OSPECOR (OBRA SOCIAL DE PETROLEROS DE CORDOBA),37,5295,"Cirugia compleja de columna (escoliosis congenita / adquirida, con test del despertar o potenciales evocados)",13830,98
OSPECOR (OBRA SOCIAL DE PETROLEROS DE CORDOBA),37,5296,"Cirugia compleja de columna, con abordaje anterior y posterior y/o con patologia asociada",13831,98
OSPECOR (OBRA SOCIAL DE PETROLEROS DE CORDOBA),37,5298,Cirugia de Bricker (cistectomia radical + reemplazo vesical con asa ileal),13832,96
OSPECOR (OBRA SOCIAL DE PETROLEROS DE CORDOBA),37,5301,Cirugia de agenesia del CAE,13833,92
OSPECOR (OBRA SOCIAL DE PETROLEROS DE CORDOBA),37,5306,Cirugia de craneo video-asistida (mas de 8 horas de duracion),13836,98
OSPECOR (OBRA SOCIAL DE PETROLEROS DE CORDOBA),37,5307,Cirugia de craneo video-asistida (menos de 8 horas de duracion),13837,98
OSPECOR (OBRA SOCIAL DE PETROLEROS DE CORDOBA),37,5308,"Cirugia de la 1ra porcion del nervio facial, el nervio auditivo o el vestibular",13838,94
OSPECOR (OBRA SOCIAL DE PETROLEROS DE CORDOBA),37,5309,Cirugia de la 2da y 3ra porcion del nervio facial,13839,94
OSPECOR (OBRA SOCIAL DE PETROLEROS DE CORDOBA),37,5311,"Cirugia de la fosa pterigo-maxilar (exploracion, escision de tumores, etc)",13840,93
OSPECOR (OBRA SOCIAL DE PETROLEROS DE CORDOBA),37,5312,Cirugia de la obesidad (by-pass gastrico) a cielo abierto,13841,95
OSPECOR (OBRA SOCIAL DE PETROLEROS DE CORDOBA),37,5313,Cirugia de la obesidad (by-pass gastrico) por video,13842,98
OSPECOR (OBRA SOCIAL DE PETROLEROS DE CORDOBA),37,5314,Cirugia de la obesidad (manga gastrica) por video,13843,95
OSPECOR (OBRA SOCIAL DE PETROLEROS DE CORDOBA),37,5315,Cirugia de la vena cava,13844,94
OSPECOR (OBRA SOCIAL DE PETROLEROS DE CORDOBA),37,5316,Cirugia de las arritmias / colocacion de cardio-desfibrilador endocavitario,13845,95
OSPECOR (OBRA SOCIAL DE PETROLEROS DE CORDOBA),37,5317,Cirugia de las ramas de la aorta abdominal,13846,94
OSPECOR (OBRA SOCIAL DE PETROLEROS DE CORDOBA),37,5318,Cirugia de los grandes troncos arterio-venosos del torax,13847,94
OSPECOR (OBRA SOCIAL DE PETROLEROS DE CORDOBA),37,5319,Cirugia de tumores etmoidales,13848,93
OSPECOR (OBRA SOCIAL DE PETROLEROS DE CORDOBA),37,5320,Cirugia del conducto auditivo interno y su contenido,13849,94
OSPECOR (OBRA SOCIAL DE PETROLEROS DE CORDOBA),37,5321,Cirugia del glomus yugularis,13850,94
OSPECOR (OBRA SOCIAL DE PETROLEROS DE CORDOBA),37,5322,Cirugia del saco endolinfatico,13851,93
OSPECOR (OBRA SOCIAL DE PETROLEROS DE CORDOBA),37,5323,Cirugia endoscopica de tejido linfoideo rino-faringeo,13852,92
OSPECOR (OBRA SOCIAL DE PETROLEROS DE CORDOBA),37,5325,Cirugia para el tratamiento del mal de Parkinson (menos de 8 horas de duracion),13854,98
OSPECOR (OBRA SOCIAL DE PETROLEROS DE CORDOBA),37,5326,Cirugia plastica por agenesia del oido medio,13855,94
OSPECOR (OBRA SOCIAL DE PETROLEROS DE CORDOBA),37,5330,Cirugia vasculo-renal,13856,93
OSPECOR (OBRA SOCIAL DE PETROLEROS DE CORDOBA),37,5331,Cirugia videoartroscopica de codo,13857,93
OSPECOR (OBRA SOCIAL DE PETROLEROS DE CORDOBA),37,5332,Cirugia videoartroscopica de hombro (cirugia de Bankart artroscopica y similar),13858,93
OSPECOR (OBRA SOCIAL DE PETROLEROS DE CORDOBA),37,5336,Cirugias intra-uterinas a cielo abierto o por puncion,13859,96
OSPECOR (OBRA SOCIAL DE PETROLEROS DE CORDOBA),37,5497,Dermolipectomia post-cirugia bariatrica,13975,94
OSPECOR (OBRA SOCIAL DE PETROLEROS DE CORDOBA),37,5756,Facoexeresis con implante de lente intraocular (cirugia de cataratas),14172,93
OSPECOR (OBRA SOCIAL DE PETROLEROS DE CORDOBA),37,5816,Gran cirugia reconstructora de mano,14214,95
OSPECOR (OBRA SOCIAL DE PETROLEROS DE CORDOBA),37,5850,Hernia hiatal por videolaparoscopia (cirugia antireflujo por videolaparoscopia),14253,94
OSPECOR (OBRA SOCIAL DE PETROLEROS DE CORDOBA),37,6020,Microcirugia de la via espermal,14373,98
OSPECOR (OBRA SOCIAL DE PETROLEROS DE CORDOBA),37,6021,Microcirugia de laringe,14374,92
OSPECOR (OBRA SOCIAL DE PETROLEROS DE CORDOBA),37,6022,Microcirugia tubaria unilateral,14375,93
OSPECOR (OBRA SOCIAL DE PETROLEROS DE CORDOBA),37,6023,Microcirugia tubaria unilateral por videolaparoscopia,14376,95
OSPECOR (OBRA SOCIAL DE PETROLEROS DE CORDOBA),37,6350,Reimplante de miembros o dedos por microcirugia,14594,98
OSPECOR (OBRA SOCIAL DE PETROLEROS DE CORDOBA),37,6352,Reimplante total o parcial de miembro con microcirugia,14595,98
OSPECOR (OBRA SOCIAL DE PETROLEROS DE CORDOBA),37,6664,Varices residuales (microcirugia),14815,91
OSPECOR (OBRA SOCIAL DE PETROLEROS DE CORDOBA),37,5297,Cirugia coronaria o valvular por mini-toracotomia,14921,98
OSPECOR (OBRA SOCIAL DE PETROLEROS DE CORDOBA),37,5304,Cirugia de by-pass aorto-coronario,14922,95
OSPECOR (OBRA SOCIAL DE PETROLEROS DE CORDOBA),37,5300,Cirugia de Norwood,14923,96
OSPECOR (OBRA SOCIAL DE PETROLEROS DE CORDOBA),37,5327,Cirugia reductiva bilateral de mama,14924,98
OSPECOR (OBRA SOCIAL DE PETROLEROS DE CORDOBA),37,5368,Colgajos libres con micro-cirugia vascular,14936,94
OSPECOR (OBRA SOCIAL DE PETROLEROS DE CORDOBA),37,5887,Implante mamario en cirugia reconstructiva,15014,94
OSPECOR (OBRA SOCIAL DE PETROLEROS DE CORDOBA),37,5999,Mastomegalia / cirugia reductora no estetica unilateral,15043,94
OSPECOR (OBRA SOCIAL DE PETROLEROS DE CORDOBA),37,6292,Radioneurocirugia esterotaxica,15119,95
OSPECOR (OBRA SOCIAL DE PETROLEROS DE CORDOBA),37,6344,Reemplazo valvular o bi-valvular con cirugia de revascularizacion,15144,96
OSPECOR (OBRA SOCIAL DE PETROLEROS DE CORDOBA),37,6351,Reimplante de oreja con microcirugia vascular,15145,94
OSPECOR (OBRA SOCIAL DE PETROLEROS DE CORDOBA),37,7537,Cirugia de  by- pass aorto- coronaria sin CEC,15284,98
OSPECOR (OBRA SOCIAL DE PETROLEROS DE CORDOBA),37,7538,cirugia de Co Ao (con o sin CEC),15286,98
OSPECOR (OBRA SOCIAL DE PETROLEROS DE CORDOBA),37,7541,"Cirugia de transposicion de grandes vasos, Tronco arterioso, Norwood, Anomalia total del retorno venoso",15293,96
OSPECOR (OBRA SOCIAL DE PETROLEROS DE CORDOBA),37,6700,Cirugia reduccion volumenes pulmonares por video,15370,99
OSPECOR (OBRA SOCIAL DE PETROLEROS DE CORDOBA),37,6701,Cirugia de adecuacion de sexo,15398,106
OSPECOR (OBRA SOCIAL DE PETROLEROS DE CORDOBA),37,7528,"Cirugia de Mitrofanoff (apendico-vesicostomia) (ptes paraplejicos, vejiga neurogenica, espina bifida)",15428,95
OSPECOR (OBRA SOCIAL DE PETROLEROS DE CORDOBA),37,5305,Cirugia de columna por videofibroscopia,15487,98
OSPECOR (OBRA SOCIAL DE PETROLEROS DE CORDOBA),37,5324,Cirugia para el tratamiento del mal de Parkinson (mas de 8 horas de duracion)8,15537,98
OSPECOR (OBRA SOCIAL DE PETROLEROS DE CORDOBA),37,5310,Cirugia de la carotida,15542,94
OSPECOR (OBRA SOCIAL DE PETROLEROS DE CORDOBA),37,5337,Cistectomia parcial,13861,93
OSPECOR (OBRA SOCIAL DE PETROLEROS DE CORDOBA),37,5338,Cistectomia parcial con reimplante de ureter,13862,93
OSPECOR (OBRA SOCIAL DE PETROLEROS DE CORDOBA),37,5339,Cistectomia parcial o total por video-laparoscopia,13863,95
OSPECOR (OBRA SOCIAL DE PETROLEROS DE CORDOBA),37,5340,Cistectomia total,13864,94
OSPECOR (OBRA SOCIAL DE PETROLEROS DE CORDOBA),37,5348,Colecistectomia laparoscopica convertida,13869,94
OSPECOR (OBRA SOCIAL DE PETROLEROS DE CORDOBA),37,5349,Colecistectomia simple,13870,92
OSPECOR (OBRA SOCIAL DE PETROLEROS DE CORDOBA),37,5554,Duodeno-papilotomia con o sin colecistectomia,14026,93
OSPECOR (OBRA SOCIAL DE PETROLEROS DE CORDOBA),37,5671,Exploracion de las vias biliares por laparoscopia con o sin colecistectomia,14114,94
OSPECOR (OBRA SOCIAL DE PETROLEROS DE CORDOBA),37,5672,Exploracion de vias biliares con o sin colecistectomia,14115,93
OSPECOR (OBRA SOCIAL DE PETROLEROS DE CORDOBA),37,5673,Exploracion de vias biliares por via laparoscopica con o sin colecistectomia,14116,94
OSPECOR (OBRA SOCIAL DE PETROLEROS DE CORDOBA),37,6044,Nefro-ureterectomia con o sin cistectomia parcial,14393,95
OSPECOR (OBRA SOCIAL DE PETROLEROS DE CORDOBA),37,5347,Colecistectomia por videolaparoscopia,15305,93
OSPECOR (OBRA SOCIAL DE PETROLEROS DE CORDOBA),37,5341,Cistoplastia,13865,93
OSPECOR (OBRA SOCIAL DE PETROLEROS DE CORDOBA),37,6709,Cistorrafia por Videolaparoscopia,60860,92
OSPECOR (OBRA SOCIAL DE PETROLEROS DE CORDOBA),37,5342,Cistorrafia,13866,90
OSPECOR (OBRA SOCIAL DE PETROLEROS DE CORDOBA),37,5343,Cistostomia (talla vesical),13867,90
OSPECOR (OBRA SOCIAL DE PETROLEROS DE CORDOBA),37,5350,Colecistostomia,13871,92
OSPECOR (OBRA SOCIAL DE PETROLEROS DE CORDOBA),37,5351,Colecistostomia percutanea,15302,91
OSPECOR (OBRA SOCIAL DE PETROLEROS DE CORDOBA),37,5564,Electrocoagulacion de cornetes,14031,91
OSPECOR (OBRA SOCIAL DE PETROLEROS DE CORDOBA),37,5612,Escision o electrocoagulacion de amigdala lingual,14071,90
OSPECOR (OBRA SOCIAL DE PETROLEROS DE CORDOBA),37,5784,Fotocoagulacion de retina,14197,90
OSPECOR (OBRA SOCIAL DE PETROLEROS DE CORDOBA),37,6409,Reseccion endoscopica de vejiga por electrocoagulacion (TUR-V),14633,92
OSPECOR (OBRA SOCIAL DE PETROLEROS DE CORDOBA),37,7583,Coagulacion de angiodisplacias con argon plasma,15339,92
OSPECOR (OBRA SOCIAL DE PETROLEROS DE CORDOBA),37,5426,Correccion de coartacion de aorta en hemodinamia,13928,95
OSPECOR (OBRA SOCIAL DE PETROLEROS DE CORDOBA),37,5344,Coartacion de aorta con CEC (CEC: circulacion extra-corporea),14927,95
OSPECOR (OBRA SOCIAL DE PETROLEROS DE CORDOBA),37,5345,Coartacion de aorta sin CEC (CEC: circulacion extra-corporea),14928,95
OSPECOR (OBRA SOCIAL DE PETROLEROS DE CORDOBA),37,5346,Cobalto-terapia,13868,92
OSPECOR (OBRA SOCIAL DE PETROLEROS DE CORDOBA),37,5352,Colectomia o hemicolectomia abdomino -pelvica (operacion de Miles),13872,95
OSPECOR (OBRA SOCIAL DE PETROLEROS DE CORDOBA),37,5354,Colectomia total por videolaparoscopia,13873,96
OSPECOR (OBRA SOCIAL DE PETROLEROS DE CORDOBA),37,5355,Colectomia transversa segmentaria (operacion de Hartmann),13875,94
OSPECOR (OBRA SOCIAL DE PETROLEROS DE CORDOBA),37,5356,Colectomia transversa segmentaria de Hartman por videolaparoscopia (Hartman laparoscopica),13876,95
OSPECOR (OBRA SOCIAL DE PETROLEROS DE CORDOBA),37,5357,Colectomia transversa segmentaria por videolaparoscopia (Hartman laparoscopica),13877,95
OSPECOR (OBRA SOCIAL DE PETROLEROS DE CORDOBA),37,5823,Hemicolectomia,14221,94
OSPECOR (OBRA SOCIAL DE PETROLEROS DE CORDOBA),37,5824,Hemicolectomia por videolaparoscopia,14222,95
OSPECOR (OBRA SOCIAL DE PETROLEROS DE CORDOBA),37,5353,Colectomia total,15330,95
OSPECOR (OBRA SOCIAL DE PETROLEROS DE CORDOBA),37,7524,Colectomia o hemicolectomia abdomino -pelvica (operacion de Miles) por videolaparoscopia,15331,98
OSPECOR (OBRA SOCIAL DE PETROLEROS DE CORDOBA),37,5359,Coledocotomia como unica intervencion,15304,92
OSPECOR (OBRA SOCIAL DE PETROLEROS DE CORDOBA),37,5360,Colesteatoma,13879,92
OSPECOR (OBRA SOCIAL DE PETROLEROS DE CORDOBA),37,5600,Escision ampliada de mucosa yugal y recomposicion inmediata con injerto o colgajo,14060,93
OSPECOR (OBRA SOCIAL DE PETROLEROS DE CORDOBA),37,5914,Injerto o colgajo de piel de dedos (hasta 3),14292,90
OSPECOR (OBRA SOCIAL DE PETROLEROS DE CORDOBA),37,5915,Injerto o colgajo de piel de dedos (mas de 3),14293,91
OSPECOR (OBRA SOCIAL DE PETROLEROS DE CORDOBA),37,6309,Reconstruccion diferida de piramide nasal con colgajo,14568,92
OSPECOR (OBRA SOCIAL DE PETROLEROS DE CORDOBA),37,6318,Reconstruccion total de paladar inmediata con injerto o colgajo,14569,95
OSPECOR (OBRA SOCIAL DE PETROLEROS DE CORDOBA),37,5361,Colgajo alejado,14929,92
OSPECOR (OBRA SOCIAL DE PETROLEROS DE CORDOBA),37,5362,Colgajo de vecindad,14930,91
OSPECOR (OBRA SOCIAL DE PETROLEROS DE CORDOBA),37,5363,Colgajo de vecindad o a la distancia para reconstruccion total de labio,14931,93
OSPECOR (OBRA SOCIAL DE PETROLEROS DE CORDOBA),37,5364,Colgajo diferido,14932,91
OSPECOR (OBRA SOCIAL DE PETROLEROS DE CORDOBA),37,5365,"Colgajo en isla, reparacion de ceja",14933,91
OSPECOR (OBRA SOCIAL DE PETROLEROS DE CORDOBA),37,5366,Colgajo miocutaneo,14934,92
OSPECOR (OBRA SOCIAL DE PETROLEROS DE CORDOBA),37,5367,Colgajo para reconstruccion parcial de labio,14935,91
OSPECOR (OBRA SOCIAL DE PETROLEROS DE CORDOBA),37,5754,"FLAP unilateral completo (FLAP: colgajo, segmento de tejido que se trasplanta de una zona a otra del cuerpo)",14997,94
OSPECOR (OBRA SOCIAL DE PETROLEROS DE CORDOBA),37,6306,reconstruccion de oreja parcial o total mediante colgajos y o injertos,15130,92
OSPECOR (OBRA SOCIAL DE PETROLEROS DE CORDOBA),37,6311,Reconstruccion mamaria con colgajo cutaneo o miocutaneo,15133,95
OSPECOR (OBRA SOCIAL DE PETROLEROS DE CORDOBA),37,6310,Reconstruccion mamaria con TRAM (colgajo miocutaneo del recto abdominal transverso),15135,98
OSPECOR (OBRA SOCIAL DE PETROLEROS DE CORDOBA),37,6315,Reconstruccion total de nariz mediante colgajos,15138,93
OSPECOR (OBRA SOCIAL DE PETROLEROS DE CORDOBA),37,6626,"Tumor de labio superior e inferior, con o sin colgajos",15195,94
OSPECOR (OBRA SOCIAL DE PETROLEROS DE CORDOBA),37,5755,"FLAP unilateral incompleto (FLAP: colgajo, segmento de tejido que se trasplanta de una zona",15258,93
OSPECOR (OBRA SOCIAL DE PETROLEROS DE CORDOBA),37,5678,Extirpacion de apendices pre-auriculares (coloboma auris),14120,90
OSPECOR (OBRA SOCIAL DE PETROLEROS DE CORDOBA),37,5369,"Coloboma de parpado, reconstruccion simple",14937,90
OSPECOR (OBRA SOCIAL DE PETROLEROS DE CORDOBA),37,7794,Titulacion espinal de opioides para colocacion de bomba implantables (test),69291,93
OSPECOR (OBRA SOCIAL DE PETROLEROS DE CORDOBA),37,9541,Colocacion de Protesis,69346,95
OSPECOR (OBRA SOCIAL DE PETROLEROS DE CORDOBA),37,5371,"Colocacion de VAC (vacum, por ejemplo en rodilla)",13880,89
OSPECOR (OBRA SOCIAL DE PETROLEROS DE CORDOBA),37,5373,Colocacion de cateter intra-hepatico para quimioterapia,13881,92
OSPECOR (OBRA SOCIAL DE PETROLEROS DE CORDOBA),37,5374,Colocacion de cateter para medicion de PIC (PIC: presion intra-craneal),13882,93
OSPECOR (OBRA SOCIAL DE PETROLEROS DE CORDOBA),37,5375,Colocacion de coils en vasculatura toracica o abdominal,13883,94
OSPECOR (OBRA SOCIAL DE PETROLEROS DE CORDOBA),37,5377,Colocacion de endoprotesis de aorta en hemodinamia,13884,95
OSPECOR (OBRA SOCIAL DE PETROLEROS DE CORDOBA),37,5378,Colocacion de endoprotesis en arterias o venas toracicas o abdominales,13885,98
OSPECOR (OBRA SOCIAL DE PETROLEROS DE CORDOBA),37,5379,Colocacion de esfinter artificial,13886,92
OSPECOR (OBRA SOCIAL DE PETROLEROS DE CORDOBA),37,5380,Colocacion de filtros en la vena cava,13887,93
OSPECOR (OBRA SOCIAL DE PETROLEROS DE CORDOBA),37,5381,Colocacion de marcapaso endocavitario,13888,91
OSPECOR (OBRA SOCIAL DE PETROLEROS DE CORDOBA),37,5382,Colocacion de marcapaso epicardico,13889,92
OSPECOR (OBRA SOCIAL DE PETROLEROS DE CORDOBA),37,5383,Colocacion de protesis / stent en esofago,13890,91
OSPECOR (OBRA SOCIAL DE PETROLEROS DE CORDOBA),37,5384,Colocacion de protesis cervical / dorsal / o lumbar,13891,95
OSPECOR (OBRA SOCIAL DE PETROLEROS DE CORDOBA),37,5385,Colocacion de radium intra-cavitario,13892,91
OSPECOR (OBRA SOCIAL DE PETROLEROS DE CORDOBA),37,5386,Colocacion de semillas radioactivas transrectal,13893,92
OSPECOR (OBRA SOCIAL DE PETROLEROS DE CORDOBA),37,5387,Colocacion de sonda de alimentacion por endoscopia,13894,90
OSPECOR (OBRA SOCIAL DE PETROLEROS DE CORDOBA),37,5388,Colocacion de stent colonico,13895,91
OSPECOR (OBRA SOCIAL DE PETROLEROS DE CORDOBA),37,5389,Colocacion de stent en duodeno por endoscopia,13896,91
OSPECOR (OBRA SOCIAL DE PETROLEROS DE CORDOBA),37,5390,Colocacion de stent en la  via biliar por endoscopia,13897,92
OSPECOR (OBRA SOCIAL DE PETROLEROS DE CORDOBA),37,5392,Colocacion de stent traqueal o bronquial,13899,93
OSPECOR (OBRA SOCIAL DE PETROLEROS DE CORDOBA),37,5393,Colocacion de taponaje vesical,13901,90
OSPECOR (OBRA SOCIAL DE PETROLEROS DE CORDOBA),37,5394,Colocacion de tips para cirrosis,13902,92
OSPECOR (OBRA SOCIAL DE PETROLEROS DE CORDOBA),37,5397,Colocacion de tutor externo maxilar,13905,93
OSPECOR (OBRA SOCIAL DE PETROLEROS DE CORDOBA),37,5399,Colocacion de via central / colocacion cateter doble Y / tunelizado / cateter para quimioterapia / cateter picc,13907,91
OSPECOR (OBRA SOCIAL DE PETROLEROS DE CORDOBA),37,5400,"Colocacion de yeso de antebrazo, braquipalmar, pierna o pedico",13908,89
OSPECOR (OBRA SOCIAL DE PETROLEROS DE CORDOBA),37,5402,Colocacion o extraccion de balon gastrico en obesidad (gastroenterologia),13909,92
OSPECOR (OBRA SOCIAL DE PETROLEROS DE CORDOBA),37,5403,Colocacion percutanea de stents para las vias biliares (por puncion hepatica),13910,93
OSPECOR (OBRA SOCIAL DE PETROLEROS DE CORDOBA),37,5404,Colocacion y extraccion de yesos,13912,89
OSPECOR (OBRA SOCIAL DE PETROLEROS DE CORDOBA),37,5444,"Correccion incontinencia orina (Bursch, Marshal- Marchetti, colocacion de malla de Sling)",13947,92
OSPECOR (OBRA SOCIAL DE PETROLEROS DE CORDOBA),37,5477,"DIU, colocacion o extraccion",13961,89
OSPECOR (OBRA SOCIAL DE PETROLEROS DE CORDOBA),37,5522,Dilatacion de traquea y/o colocacion de stent bronquial,13999,93
OSPECOR (OBRA SOCIAL DE PETROLEROS DE CORDOBA),37,5523,Dilatacion del ureter + colocacion de pig-tail,14000,91
OSPECOR (OBRA SOCIAL DE PETROLEROS DE CORDOBA),37,5804,Gastrostomia (colocacion / extraccion y/o recolocacion) (tipo boton gastrico),14206,91
OSPECOR (OBRA SOCIAL DE PETROLEROS DE CORDOBA),37,6032,Miringotomia (paracentesis) con o sin colocacion de tubos trans-timpanicos (diabolos o similar),14384,90
OSPECOR (OBRA SOCIAL DE PETROLEROS DE CORDOBA),37,6363,Reparacion de hernia con colocacion de malla de tipo Marlex o similares,14606,92
OSPECOR (OBRA SOCIAL DE PETROLEROS DE CORDOBA),37,5376,Colocacion de desfibrilador interno,14938,93
OSPECOR (OBRA SOCIAL DE PETROLEROS DE CORDOBA),37,5370,Colocacion de expansor mamario,15259,93
OSPECOR (OBRA SOCIAL DE PETROLEROS DE CORDOBA),37,7552,Mastectomia bilateral con colocacion de protesis,15292,98
OSPECOR (OBRA SOCIAL DE PETROLEROS DE CORDOBA),37,7585,Colocacion de balon intragastrico,15341,92
OSPECOR (OBRA SOCIAL DE PETROLEROS DE CORDOBA),37,8111,Colocacion de cateter doble “J” (tipo pig-tail o similares),15415,91
OSPECOR (OBRA SOCIAL DE PETROLEROS DE CORDOBA),37,8113,Colocacion de cateter de pig-tail,15422,91
OSPECOR (OBRA SOCIAL DE PETROLEROS DE CORDOBA),37,5401,"Colocacion de yeso de tipo: minerva, corse, toracobraquial; pelvi-rotuliano o pelvi-pedico",15434,90
OSPECOR (OBRA SOCIAL DE PETROLEROS DE CORDOBA),37,7531,Colocacion  de protesis,15543,95
OSPECOR (OBRA SOCIAL DE PETROLEROS DE CORDOBA),37,7581,Colonoscopia con polipectomia con clips o Mucosectomia,15337,92
OSPECOR (OBRA SOCIAL DE PETROLEROS DE CORDOBA),37,5406,Colonovideoscopia con polipectomia,13914,91
OSPECOR (OBRA SOCIAL DE PETROLEROS DE CORDOBA),37,5407,Colpoperineorrafia anterior y/o posterior,13915,92
OSPECOR (OBRA SOCIAL DE PETROLEROS DE CORDOBA),37,5870,Histerectomia vaginal con o sin colpoperineorrafia,14269,93
OSPECOR (OBRA SOCIAL DE PETROLEROS DE CORDOBA),37,5408,Colpopexia,13916,91
OSPECOR (OBRA SOCIAL DE PETROLEROS DE CORDOBA),37,5409,Colpopexia con malla de Sling o similares,13917,92
OSPECOR (OBRA SOCIAL DE PETROLEROS DE CORDOBA),37,5410,Colpotomia / lesion local de vagina,13918,89
OSPECOR (OBRA SOCIAL DE PETROLEROS DE CORDOBA),37,5411,Comisuroplastia,14939,90
OSPECOR (OBRA SOCIAL DE PETROLEROS DE CORDOBA),37,5412,Condilomas acuminados (fulguracion),13919,89
OSPECOR (OBRA SOCIAL DE PETROLEROS DE CORDOBA),37,5414,Conizacion de cuello uterino o leep,13921,90
OSPECOR (OBRA SOCIAL DE PETROLEROS DE CORDOBA),37,5415,Conjuntivoplastia,13922,91
OSPECOR (OBRA SOCIAL DE PETROLEROS DE CORDOBA),37,5419,Conversion electrica de arritmias cardiacas,14941,90
OSPECOR (OBRA SOCIAL DE PETROLEROS DE CORDOBA),37,5420,Cordocentesis (transfusion intra-uterina),13923,91
OSPECOR (OBRA SOCIAL DE PETROLEROS DE CORDOBA),37,5421,Cordotomia,15529,94
OSPECOR (OBRA SOCIAL DE PETROLEROS DE CORDOBA),37,5422,Correccion de adherencias vaginales,13924,90
OSPECOR (OBRA SOCIAL DE PETROLEROS DE CORDOBA),37,5425,Correccion de cistocele,13927,91
OSPECOR (OBRA SOCIAL DE PETROLEROS DE CORDOBA),37,5427,Correccion de diastasis de los rectos,13929,91
OSPECOR (OBRA SOCIAL DE PETROLEROS DE CORDOBA),37,5430,Correccion de fistula recto-uterina o vesico-uterina,13931,93
OSPECOR (OBRA SOCIAL DE PETROLEROS DE CORDOBA),37,5431,Correccion de fistula recto-vaginal,13932,92
OSPECOR (OBRA SOCIAL DE PETROLEROS DE CORDOBA),37,5432,Correccion de fistula recto-vaginal + reconstruccion del esfinter anal,13933,93
OSPECOR (OBRA SOCIAL DE PETROLEROS DE CORDOBA),37,5433,Correccion de fistula vesico-vaginal,13934,92
OSPECOR (OBRA SOCIAL DE PETROLEROS DE CORDOBA),37,5434,"Correccion de incontinencia de orina (Marshall-Marchetti, Bursch o similares)",13935,92
OSPECOR (OBRA SOCIAL DE PETROLEROS DE CORDOBA),37,5435,Correccion de incontinencia de orina con malla de tipo Sling,13936,92
OSPECOR (OBRA SOCIAL DE PETROLEROS DE CORDOBA),37,5436,Correccion de incontinencia de orina por video,13937,93
OSPECOR (OBRA SOCIAL DE PETROLEROS DE CORDOBA),37,5437,Correccion de incontinencia de orina por video-laparoscopia,13938,93
OSPECOR (OBRA SOCIAL DE PETROLEROS DE CORDOBA),37,5438,Correccion de inversion uterina,13939,90
OSPECOR (OBRA SOCIAL DE PETROLEROS DE CORDOBA),37,5439,Correccion de malformaciones uterinas,13940,94
OSPECOR (OBRA SOCIAL DE PETROLEROS DE CORDOBA),37,5440,Correccion de reflujo vesico-ureteral (RVU),13941,92
OSPECOR (OBRA SOCIAL DE PETROLEROS DE CORDOBA),37,5441,Correccion de tunel carpiano,13943,91
OSPECOR (OBRA SOCIAL DE PETROLEROS DE CORDOBA),37,5442,Correccion de tunel carpiano por videoartroscopia,13944,92
OSPECOR (OBRA SOCIAL DE PETROLEROS DE CORDOBA),37,5443,Correccion del reflujo por inyeccion sub-ureteral de sustancia bultica (tipo Vantrix® o Coaptite®),13945,92
OSPECOR (OBRA SOCIAL DE PETROLEROS DE CORDOBA),37,5445,Correccion quirurgica de acalasia,13948,93
OSPECOR (OBRA SOCIAL DE PETROLEROS DE CORDOBA),37,5447,Correccion quirurgica del sindrome del tunel carpiano,13951,91
OSPECOR (OBRA SOCIAL DE PETROLEROS DE CORDOBA),37,5704,Extraccion de barra post-correccion de pectus excavatum,14130,92
OSPECOR (OBRA SOCIAL DE PETROLEROS DE CORDOBA),37,5429,Correccion de fistula congenita de cuello,14943,91
OSPECOR (OBRA SOCIAL DE PETROLEROS DE CORDOBA),37,8535,Infiltracion con corticoides/ A. locales/ Aines en puntos gatillos (hasta 5),69385,90
OSPECOR (OBRA SOCIAL DE PETROLEROS DE CORDOBA),37,8536,Infiltracion con corticoides/ A. locales/ Aines en puntos gatillos (mas de 5),69386,91
OSPECOR (OBRA SOCIAL DE PETROLEROS DE CORDOBA),37,5448,"Corticoides epidurales, por sesion",14944,90
OSPECOR (OBRA SOCIAL DE PETROLEROS DE CORDOBA),37,5451,"Corticoterapia peridural ( dorsal, lumbar o caudal, sin control x imagenes)",14947,91
OSPECOR (OBRA SOCIAL DE PETROLEROS DE CORDOBA),37,5452,"Corticoterapia peridural (dorsal, lumbar o caudal con control x imagenes)",14948,92
OSPECOR (OBRA SOCIAL DE PETROLEROS DE CORDOBA),37,5453,Corticoterapia peridural cervical con o sin control por imagenes (por sesion),14949,93
OSPECOR (OBRA SOCIAL DE PETROLEROS DE CORDOBA),37,5449,Corticoterapia foraminal cervical guiada por imagenes,15264,94
OSPECOR (OBRA SOCIAL DE PETROLEROS DE CORDOBA),37,5450,Corticoterapia foraminal dorsal o lumbar guiada por imagenes (hasta dos),15266,93
OSPECOR (OBRA SOCIAL DE PETROLEROS DE CORDOBA),37,5454,Craneoestenosis / craneosinostosis,13952,95
OSPECOR (OBRA SOCIAL DE PETROLEROS DE CORDOBA),37,5952,Lesion tumoral de los huesos del craneo,14322,92
OSPECOR (OBRA SOCIAL DE PETROLEROS DE CORDOBA),37,6165,"Osteotomia craneo-facial sin tiempo neuroquirurgico (Crouzon, Apert, etc.)",14464,98
OSPECOR (OBRA SOCIAL DE PETROLEROS DE CORDOBA),37,6325,Reduccion de fractura expuesta de craneo,14573,93
OSPECOR (OBRA SOCIAL DE PETROLEROS DE CORDOBA),37,6164,Osteotomia craneo-facial con tiempo neuroquirurgico,15100,98
OSPECOR (OBRA SOCIAL DE PETROLEROS DE CORDOBA),37,5455,Craneoplastia,15276,94
OSPECOR (OBRA SOCIAL DE PETROLEROS DE CORDOBA),37,5456,Craneotomia exploradora,15534,93
OSPECOR (OBRA SOCIAL DE PETROLEROS DE CORDOBA),37,5457,"Cricotomia, laringorrafia, como unica operacion",15507,92
OSPECOR (OBRA SOCIAL DE PETROLEROS DE CORDOBA),37,5458,Crioneurolisis de articulacion sacro-iliaca bilateral,14951,94
OSPECOR (OBRA SOCIAL DE PETROLEROS DE CORDOBA),37,5459,Crioneurolisis de articulacion sacro-iliaca unilateral,14952,93
OSPECOR (OBRA SOCIAL DE PETROLEROS DE CORDOBA),37,5460,Crioneurolisis de nervio facetario (hasta 2 nervios),14953,93
OSPECOR (OBRA SOCIAL DE PETROLEROS DE CORDOBA),37,5461,Crioneurolisis de nervio facetario (mas 2 nervios),14954,94
OSPECOR (OBRA SOCIAL DE PETROLEROS DE CORDOBA),37,5463,Crioneurolisis de neuroma postquirurgicos,14956,92
OSPECOR (OBRA SOCIAL DE PETROLEROS DE CORDOBA),37,5464,Criptorquidea,13953,91
OSPECOR (OBRA SOCIAL DE PETROLEROS DE CORDOBA),37,5465,Criptorquidea u orquidopexia por video-laparoscopia,13954,92
OSPECOR (OBRA SOCIAL DE PETROLEROS DE CORDOBA),37,5466,Criptorquidea u orquidopexia por videolaparoscopia,13955,92
OSPECOR (OBRA SOCIAL DE PETROLEROS DE CORDOBA),37,5470,Cuadrantectomia unilateral,13956,92
OSPECOR (OBRA SOCIAL DE PETROLEROS DE CORDOBA),37,7596,Cuadrantectomia / tumorectomia ( mas ganglio centinela),15390,92
OSPECOR (OBRA SOCIAL DE PETROLEROS DE CORDOBA),37,7597,Cuadrantectomia / tumorectomia (mas  vaciamiento axilar),15391,93
OSPECOR (OBRA SOCIAL DE PETROLEROS DE CORDOBA),37,5471,Cuerpo extraño / bolo fecal,13957,90
OSPECOR (OBRA SOCIAL DE PETROLEROS DE CORDOBA),37,5472,Cuerpo extraño de pared,13958,89
OSPECOR (OBRA SOCIAL DE PETROLEROS DE CORDOBA),37,5473,Cuerpo extraño de tobillo,13959,89
OSPECOR (OBRA SOCIAL DE PETROLEROS DE CORDOBA),37,5616,Esclerotomia con extraccion de cuerpo extraño intraocular,14074,92
OSPECOR (OBRA SOCIAL DE PETROLEROS DE CORDOBA),37,5667,Exploracion / extraccion de cuerpo extraño de faringe,14110,90
OSPECOR (OBRA SOCIAL DE PETROLEROS DE CORDOBA),37,5713,Extraccion de cuerpo extraño de faringe / esofago / estomago,14137,91
OSPECOR (OBRA SOCIAL DE PETROLEROS DE CORDOBA),37,5714,Extraccion de cuerpo extraño de fosa nasal,14139,90
OSPECOR (OBRA SOCIAL DE PETROLEROS DE CORDOBA),37,5715,"Extraccion de cuerpo extraño de las vias aereas (traquea, bronquios)",14140,92
OSPECOR (OBRA SOCIAL DE PETROLEROS DE CORDOBA),37,5716,Extraccion de cuerpo extraño de lengua,14141,90
OSPECOR (OBRA SOCIAL DE PETROLEROS DE CORDOBA),37,5717,Extraccion de cuerpo extraño de mano,14142,90
OSPECOR (OBRA SOCIAL DE PETROLEROS DE CORDOBA),37,5719,Extraccion de cuerpo extraño de pie,14144,91
OSPECOR (OBRA SOCIAL DE PETROLEROS DE CORDOBA),37,5720,Extraccion de cuerpo extraño de traquea o bronquio,14145,92
OSPECOR (OBRA SOCIAL DE PETROLEROS DE CORDOBA),37,5721,Extraccion de cuerpo extraño del conducto auditivo externo (CAE),14147,89
OSPECOR (OBRA SOCIAL DE PETROLEROS DE CORDOBA),37,5722,Extraccion de cuerpo extraño en faringe /esofago / estomago / duodeno,14148,91
OSPECOR (OBRA SOCIAL DE PETROLEROS DE CORDOBA),37,5723,Extraccion de cuerpo extraño endoocular,14149,92
OSPECOR (OBRA SOCIAL DE PETROLEROS DE CORDOBA),37,5726,Extraccion de cuerpo extraño superficial (conjuntiva),14150,89
OSPECOR (OBRA SOCIAL DE PETROLEROS DE CORDOBA),37,5727,"Extraccion de cuerpo extraño, exploracion de drenajes",14151,90
OSPECOR (OBRA SOCIAL DE PETROLEROS DE CORDOBA),37,5724,Extraccion de cuerpo extraño profundo,14994,91
OSPECOR (OBRA SOCIAL DE PETROLEROS DE CORDOBA),37,5725,Extraccion de cuerpo extraño profundo de cuello,14995,91
OSPECOR (OBRA SOCIAL DE PETROLEROS DE CORDOBA),37,6508,"TAC de cuerpo entero, con o sin contraste",15176,92
OSPECOR (OBRA SOCIAL DE PETROLEROS DE CORDOBA),37,5805,Gastrostomia / exploracion / extraccion de cuerpo extraño/ lesion local o tumor benigno,15313,92
OSPECOR (OBRA SOCIAL DE PETROLEROS DE CORDOBA),37,5474,"Curacion de un gran quemado, mas del 30%",14957,92
OSPECOR (OBRA SOCIAL DE PETROLEROS DE CORDOBA),37,5475,Curacion de un quemado hasta el 30%,14958,91
OSPECOR (OBRA SOCIAL DE PETROLEROS DE CORDOBA),37,5476,Curetaje oseo,13960,89
OSPECOR (OBRA SOCIAL DE PETROLEROS DE CORDOBA),37,5478,Dacrio-cistografia,13962,90
OSPECOR (OBRA SOCIAL DE PETROLEROS DE CORDOBA),37,5480,Dacrio-cistorrinostomia,13964,93
OSPECOR (OBRA SOCIAL DE PETROLEROS DE CORDOBA),37,5481,Decorticacion pleuropulmonar a cielo abierto,13965,95
OSPECOR (OBRA SOCIAL DE PETROLEROS DE CORDOBA),37,5482,Decorticacion pleuropulmonar por video-toracoscopia,13966,95
OSPECOR (OBRA SOCIAL DE PETROLEROS DE CORDOBA),37,5483,Dedo en gatillo o dedo en resorte,13967,90
OSPECOR (OBRA SOCIAL DE PETROLEROS DE CORDOBA),37,5485,Dedos en martillo (cada uno),13968,89
OSPECOR (OBRA SOCIAL DE PETROLEROS DE CORDOBA),37,5679,Extirpacion de aponeurosis palmar hasta 3 dedos,14121,91
OSPECOR (OBRA SOCIAL DE PETROLEROS DE CORDOBA),37,5680,Extirpacion de aponeurosis palmar mas de 3 dedos (enfermedad de Dupuytren),14122,92
OSPECOR (OBRA SOCIAL DE PETROLEROS DE CORDOBA),37,5681,Extirpacion de aponeurosis plantar hasta 3 dedos,14123,91
OSPECOR (OBRA SOCIAL DE PETROLEROS DE CORDOBA),37,6173,Panadizo / flemon de dedos,14468,89
OSPECOR (OBRA SOCIAL DE PETROLEROS DE CORDOBA),37,6345,Reimplante de 1 a 2 dedos,14586,92
OSPECOR (OBRA SOCIAL DE PETROLEROS DE CORDOBA),37,6346,Reimplante de dedo (hasta 2),14587,92
OSPECOR (OBRA SOCIAL DE PETROLEROS DE CORDOBA),37,6347,Reimplante de mas de 2 dedos,14589,93
OSPECOR (OBRA SOCIAL DE PETROLEROS DE CORDOBA),37,6619,Tumor de dedo,14781,90
OSPECOR (OBRA SOCIAL DE PETROLEROS DE CORDOBA),37,5484,Dedo en martillo traumatico (“mallet finger”),15461,91
OSPECOR (OBRA SOCIAL DE PETROLEROS DE CORDOBA),37,5486,Denervacion articular,15442,92
OSPECOR (OBRA SOCIAL DE PETROLEROS DE CORDOBA),37,5487,Derivacion aorto-bifemoral,13969,98
OSPECOR (OBRA SOCIAL DE PETROLEROS DE CORDOBA),37,5488,Derivacion aorto-iliaca con o sin simpatectomia,13970,95
OSPECOR (OBRA SOCIAL DE PETROLEROS DE CORDOBA),37,5489,Derivacion aorto-renal,13971,95
OSPECOR (OBRA SOCIAL DE PETROLEROS DE CORDOBA),37,5491,Derivacion paliativa de esofago,13972,94
OSPECOR (OBRA SOCIAL DE PETROLEROS DE CORDOBA),37,5493,Derivacion ventriculo-peritoneal o similar,13974,93
OSPECOR (OBRA SOCIAL DE PETROLEROS DE CORDOBA),37,5742,Extraccion de tubo de derivacion,14165,91
OSPECOR (OBRA SOCIAL DE PETROLEROS DE CORDOBA),37,6435,Revision o restitucion parcial o total de valvula derivativa (en derivaciones ventriculo-peritoneales o similar),14655,92
OSPECOR (OBRA SOCIAL DE PETROLEROS DE CORDOBA),37,5492,Derivacion pericardio-peritoneal,14959,95
OSPECOR (OBRA SOCIAL DE PETROLEROS DE CORDOBA),37,5490,Derivacion intestinal interna,15329,93
OSPECOR (OBRA SOCIAL DE PETROLEROS DE CORDOBA),37,5494,Dermoabrasion,14960,91
OSPECOR (OBRA SOCIAL DE PETROLEROS DE CORDOBA),37,5495,Dermolipectomia,14961,93
OSPECOR (OBRA SOCIAL DE PETROLEROS DE CORDOBA),37,5496,Dermolipectomia con ombligo,14963,94
OSPECOR (OBRA SOCIAL DE PETROLEROS DE CORDOBA),37,5498,Desarticulacion coxo-femoral,13976,95
OSPECOR (OBRA SOCIAL DE PETROLEROS DE CORDOBA),37,5499,Desarticulacion del brazo,13977,95
OSPECOR (OBRA SOCIAL DE PETROLEROS DE CORDOBA),37,5500,Desarticulacion escapulo-humeral,13978,95
OSPECOR (OBRA SOCIAL DE PETROLEROS DE CORDOBA),37,5501,Desarticulacion interescapulo-toracica,13979,94
OSPECOR (OBRA SOCIAL DE PETROLEROS DE CORDOBA),37,5504,Descompresion orbitaria unilateral,13980,93
OSPECOR (OBRA SOCIAL DE PETROLEROS DE CORDOBA),37,7507,Descompresion discal con decompressor o similar,15275,98
OSPECOR (OBRA SOCIAL DE PETROLEROS DE CORDOBA),37,5506,Desgarro de cuello uterino,69300,90
OSPECOR (OBRA SOCIAL DE PETROLEROS DE CORDOBA),37,5505,Desgarro de cristalino,13981,91
OSPECOR (OBRA SOCIAL DE PETROLEROS DE CORDOBA),37,5507,Desgarro de vagina / colporrafia o colpocleisis / fuera del trabajo de parto,13983,91
OSPECOR (OBRA SOCIAL DE PETROLEROS DE CORDOBA),37,5508,Desgarro de vagina y/o esfinter,13984,90
OSPECOR (OBRA SOCIAL DE PETROLEROS DE CORDOBA),37,5509,Desgarro muscular de cara anterior del muslo,13985,90
OSPECOR (OBRA SOCIAL DE PETROLEROS DE CORDOBA),37,5510,Desgarro muscular de cara posterior del muslo (paciente en decubito ventral),13986,91
OSPECOR (OBRA SOCIAL DE PETROLEROS DE CORDOBA),37,6477,Sintesis muscular (desgarro muscular simple),14690,90
OSPECOR (OBRA SOCIAL DE PETROLEROS DE CORDOBA),37,5511,Determinacion de respuesta neuromoduladora sistemica a la anest.,14965,90
OSPECOR (OBRA SOCIAL DE PETROLEROS DE CORDOBA),37,5512,Devolvulacion / desinvaginacion intestinal con reseccion intestinal,13987,93
OSPECOR (OBRA SOCIAL DE PETROLEROS DE CORDOBA),37,5513,Devolvulacion / desinvaginacion intestinal sin reseccion intestinal,13988,91
OSPECOR (OBRA SOCIAL DE PETROLEROS DE CORDOBA),37,5514,Devolvulacion endoscopica,13989,91
OSPECOR (OBRA SOCIAL DE PETROLEROS DE CORDOBA),37,5515,Diagnostico estereotaxico para estudios de epilepsia,13990,93
OSPECOR (OBRA SOCIAL DE PETROLEROS DE CORDOBA),37,5224,Bloquo diagnostico o terapeutico de G de Walther guiado por,14907,92
OSPECOR (OBRA SOCIAL DE PETROLEROS DE CORDOBA),37,6234,Procedimiento diagnostico para implante de bomba de infusion,15272,94
OSPECOR (OBRA SOCIAL DE PETROLEROS DE CORDOBA),37,5516,Diastasis del pubis,13992,92
OSPECOR (OBRA SOCIAL DE PETROLEROS DE CORDOBA),37,5519,Dilatacion colonica por endoscopia,13994,91
OSPECOR (OBRA SOCIAL DE PETROLEROS DE CORDOBA),37,5520,Dilatacion de esofago,13995,91
OSPECOR (OBRA SOCIAL DE PETROLEROS DE CORDOBA),37,5521,Dilatacion de esofago/ pilorica / colonica,13998,91
OSPECOR (OBRA SOCIAL DE PETROLEROS DE CORDOBA),37,5524,Dilatacion endoscopica de estenosis de via biliar,14001,92
OSPECOR (OBRA SOCIAL DE PETROLEROS DE CORDOBA),37,5525,Dilatacion endoscopica de la via biliar,14002,92
OSPECOR (OBRA SOCIAL DE PETROLEROS DE CORDOBA),37,5526,Dilatacion pilorica por endoscopia,14003,91
OSPECOR (OBRA SOCIAL DE PETROLEROS DE CORDOBA),37,5528,Dilatacion uretral por video,14004,90
OSPECOR (OBRA SOCIAL DE PETROLEROS DE CORDOBA),37,5518,Dilatacion anal,15355,90
OSPECOR (OBRA SOCIAL DE PETROLEROS DE CORDOBA),37,5527,Dilatacion uretral,15412,89
OSPECOR (OBRA SOCIAL DE PETROLEROS DE CORDOBA),37,5529,Dinamica renal (renograma isotopico),14966,90
OSPECOR (OBRA SOCIAL DE PETROLEROS DE CORDOBA),37,5531,Discografia provocativa  (un disco),14967,92
OSPECOR (OBRA SOCIAL DE PETROLEROS DE CORDOBA),37,5530,Discografia provocativa (dos a tres discos),15253,92
OSPECOR (OBRA SOCIAL DE PETROLEROS DE CORDOBA),37,5532,Discograma discal diagnostica,14968,94
OSPECOR (OBRA SOCIAL DE PETROLEROS DE CORDOBA),37,5534,Diseccion de la aorta ascente y/o reemplazo de la aorta,51394,98
OSPECOR (OBRA SOCIAL DE PETROLEROS DE CORDOBA),37,5535,Diseccion quirurgica para linfadenografia,14969,90
OSPECOR (OBRA SOCIAL DE PETROLEROS DE CORDOBA),37,5537,Diverticulo de Meckel por via convencional,14006,91
OSPECOR (OBRA SOCIAL DE PETROLEROS DE CORDOBA),37,5538,Diverticulo de Meckel por videolaparoscopia,14007,92
OSPECOR (OBRA SOCIAL DE PETROLEROS DE CORDOBA),37,5539,Diverticulo de esofago,14009,93
OSPECOR (OBRA SOCIAL DE PETROLEROS DE CORDOBA),37,5601,Escision de diverticulo faringo-esofagico,14061,92
OSPECOR (OBRA SOCIAL DE PETROLEROS DE CORDOBA),37,5001,"Abceso, Flemon, Drenaje",13644,89
OSPECOR (OBRA SOCIAL DE PETROLEROS DE CORDOBA),37,5548,Drenaje de glandula y o saco lagrimal,14019,90
OSPECOR (OBRA SOCIAL DE PETROLEROS DE CORDOBA),37,5549,Drenaje del septum,14020,90
OSPECOR (OBRA SOCIAL DE PETROLEROS DE CORDOBA),37,5550,Drenaje del wirsung,14021,92
OSPECOR (OBRA SOCIAL DE PETROLEROS DE CORDOBA),37,5551,Drenaje percutaneo de las vias biliares,14022,93
OSPECOR (OBRA SOCIAL DE PETROLEROS DE CORDOBA),37,5553,Drenaje ventricular continuo,14025,91
OSPECOR (OBRA SOCIAL DE PETROLEROS DE CORDOBA),37,5590,Epididimotomia y drenaje,14054,90
OSPECOR (OBRA SOCIAL DE PETROLEROS DE CORDOBA),37,5891,Incision y drenaje de amigdalas o tejido peri-amigdalino,14281,90
OSPECOR (OBRA SOCIAL DE PETROLEROS DE CORDOBA),37,5892,Incision y drenaje de glandula parotida o submaxilar,14282,90
OSPECOR (OBRA SOCIAL DE PETROLEROS DE CORDOBA),37,5897,Incision y drenaje de piso de la boca o mejilla,14285,90
OSPECOR (OBRA SOCIAL DE PETROLEROS DE CORDOBA),37,5900,Incision y/o drenaje de tejido retro-faringeo por via oral,14288,90
OSPECOR (OBRA SOCIAL DE PETROLEROS DE CORDOBA),37,6175,Pancreatectomia con exploracion y drenaje,14470,94
OSPECOR (OBRA SOCIAL DE PETROLEROS DE CORDOBA),37,6250,Puncion / drenaje del Douglas,14536,89
OSPECOR (OBRA SOCIAL DE PETROLEROS DE CORDOBA),37,6391,"Reseccion de lesion local de septum, cornetes, hematoma septal o drenaje del septum",14624,91
OSPECOR (OBRA SOCIAL DE PETROLEROS DE CORDOBA),37,5895,Incision y drenaje de lesion dentaria,15230,90
OSPECOR (OBRA SOCIAL DE PETROLEROS DE CORDOBA),37,7592,Pleurodesis quimica por tubo de drenaje,15364,90
OSPECOR (OBRA SOCIAL DE PETROLEROS DE CORDOBA),37,5893,Incision y drenaje de la auricula,15490,90
OSPECOR (OBRA SOCIAL DE PETROLEROS DE CORDOBA),37,5555,Duodenopancreatectomia,15310,95
OSPECOR (OBRA SOCIAL DE PETROLEROS DE CORDOBA),37,6683,Video esofago gastro duodenoscopia Veda,15333,90
OSPECOR (OBRA SOCIAL DE PETROLEROS DE CORDOBA),37,6684,Video gastro duodenoscopia con polipectomia Veda,15334,90
OSPECOR (OBRA SOCIAL DE PETROLEROS DE CORDOBA),37,5557,Ecocardiografia transtoracica o transesofagica intra-operatoria,14027,91
OSPECOR (OBRA SOCIAL DE PETROLEROS DE CORDOBA),37,5558,Ecocardiograma transesofagico,14028,91
OSPECOR (OBRA SOCIAL DE PETROLEROS DE CORDOBA),37,5560,Ecografia trans-toracica o trans-esofagica intra-operatoria,14972,91
OSPECOR (OBRA SOCIAL DE PETROLEROS DE CORDOBA),37,6256,Puncion ovarica guiada por ecografia (incluye icsi),15399,91
OSPECOR (OBRA SOCIAL DE PETROLEROS DE CORDOBA),37,5559,Ecografia de ojo,15520,89
OSPECOR (OBRA SOCIAL DE PETROLEROS DE CORDOBA),37,5562,Ectropion simple y/o entropion,14975,90
OSPECOR (OBRA SOCIAL DE PETROLEROS DE CORDOBA),37,7525,Implante de electrodo espinal para estimulacion medular (trial),51347,95
OSPECOR (OBRA SOCIAL DE PETROLEROS DE CORDOBA),37,5563,Electro-retinograma,14030,89
OSPECOR (OBRA SOCIAL DE PETROLEROS DE CORDOBA),37,5647,Estudio electrofisiologico,14095,92
OSPECOR (OBRA SOCIAL DE PETROLEROS DE CORDOBA),37,5565,Emasculacion total con vaciamiento inguino-abdominal,14032,94
OSPECOR (OBRA SOCIAL DE PETROLEROS DE CORDOBA),37,5566,Embarazo ectopico hemorragico,14033,92
OSPECOR (OBRA SOCIAL DE PETROLEROS DE CORDOBA),37,5567,Embarazo ectopico no complicado,14034,91
OSPECOR (OBRA SOCIAL DE PETROLEROS DE CORDOBA),37,5568,Embolectomia de arteria periferica,14035,92
OSPECOR (OBRA SOCIAL DE PETROLEROS DE CORDOBA),37,5569,Embolectomia renal,15413,90
OSPECOR (OBRA SOCIAL DE PETROLEROS DE CORDOBA),37,5570,Embolizacion de tumor cerebral por hemodinamia,14036,94
OSPECOR (OBRA SOCIAL DE PETROLEROS DE CORDOBA),37,5571,Embolizacion de tumor extracraneal por via periferica,14037,92
OSPECOR (OBRA SOCIAL DE PETROLEROS DE CORDOBA),37,5572,Embolizacion extra-craneal por via periferica,14038,93
OSPECOR (OBRA SOCIAL DE PETROLEROS DE CORDOBA),37,5573,Embolizacion hepatica,14039,93
OSPECOR (OBRA SOCIAL DE PETROLEROS DE CORDOBA),37,5575,Embolizacion por via periferica en hemodinamia,14041,91
OSPECOR (OBRA SOCIAL DE PETROLEROS DE CORDOBA),37,5576,Encefalo-meningocele,14042,94
OSPECOR (OBRA SOCIAL DE PETROLEROS DE CORDOBA),37,6050,Neumoencefalografia,15530,91
OSPECOR (OBRA SOCIAL DE PETROLEROS DE CORDOBA),37,6714,Endometriosis Convencional - Laparatomia,60865,93
OSPECOR (OBRA SOCIAL DE PETROLEROS DE CORDOBA),37,5577,Endometriosis tratamiento por videolaparoscopia,14043,94
OSPECOR (OBRA SOCIAL DE PETROLEROS DE CORDOBA),37,6685,Video-laparoscopia ginecologica diagnostica (incluye endometriosis y prueba de Cote),14832,92
OSPECOR (OBRA SOCIAL DE PETROLEROS DE CORDOBA),37,5578,Endoprotesis vasculares perifericas en hemodinamia (no de aorta),14044,94
OSPECOR (OBRA SOCIAL DE PETROLEROS DE CORDOBA),37,5881,Implante de endoprotesis en arterias o venas toracicas o abdominales,14278,95
OSPECOR (OBRA SOCIAL DE PETROLEROS DE CORDOBA),37,5579,Endoscopia nasal diagnostica,14045,91
OSPECOR (OBRA SOCIAL DE PETROLEROS DE CORDOBA),37,5618,Esfenoidectomia por video-endoscopia,14076,93
OSPECOR (OBRA SOCIAL DE PETROLEROS DE CORDOBA),37,5650,Etmoidectomia por videoendoscopia,14098,93
OSPECOR (OBRA SOCIAL DE PETROLEROS DE CORDOBA),37,5705,Extraccion de calculo por endoscopia,14131,91
OSPECOR (OBRA SOCIAL DE PETROLEROS DE CORDOBA),37,6006,Maxilectomia radical por video-endoscopia,14361,93
OSPECOR (OBRA SOCIAL DE PETROLEROS DE CORDOBA),37,6008,Maxilectomia simple por video-endoscopia,14362,92
OSPECOR (OBRA SOCIAL DE PETROLEROS DE CORDOBA),37,6228,Polipectomia nasal endoscopica (extirpacion de polipos nasales por video-endoscopia),14521,92
OSPECOR (OBRA SOCIAL DE PETROLEROS DE CORDOBA),37,6486,"Sinusotomias por videoendoscopia (etmoidectomia, esfenoidectomia, etc)",14699,93
OSPECOR (OBRA SOCIAL DE PETROLEROS DE CORDOBA),37,6596,Tratamiento de ulceras y fistulas traqueoesofagicas por endoscopias,14764,91
OSPECOR (OBRA SOCIAL DE PETROLEROS DE CORDOBA),37,7582,Endoscopia con Argon plasma,15338,92
OSPECOR (OBRA SOCIAL DE PETROLEROS DE CORDOBA),37,6459,Septumplastia por videoendoscopia,15514,92
OSPECOR (OBRA SOCIAL DE PETROLEROS DE CORDOBA),37,5581,Enfermedad de Quervain,14048,91
OSPECOR (OBRA SOCIAL DE PETROLEROS DE CORDOBA),37,5582,"Enterolisis como unica intervencion, debridamiento intestinal",60873,92
OSPECOR (OBRA SOCIAL DE PETROLEROS DE CORDOBA),37,5583,Enterolisis por videolaparoscopia,14049,93
OSPECOR (OBRA SOCIAL DE PETROLEROS DE CORDOBA),37,5808,Enterolisis,15326,92
OSPECOR (OBRA SOCIAL DE PETROLEROS DE CORDOBA),37,8100,Enterolisis abdominal laparoscopica (como unica intervencion),15348,92
OSPECOR (OBRA SOCIAL DE PETROLEROS DE CORDOBA),37,5585,Enterorrafia simple,14050,91
OSPECOR (OBRA SOCIAL DE PETROLEROS DE CORDOBA),37,5584,Enterorrafia multiple (dos o mas),15327,93
OSPECOR (OBRA SOCIAL DE PETROLEROS DE CORDOBA),37,7588,Enteroscopia alta,15344,93
OSPECOR (OBRA SOCIAL DE PETROLEROS DE CORDOBA),37,7589,Enteroscopia baja,15345,93
OSPECOR (OBRA SOCIAL DE PETROLEROS DE CORDOBA),37,7590,Enteroscopia mixta 100% mas 75%,15346,93
OSPECOR (OBRA SOCIAL DE PETROLEROS DE CORDOBA),37,5586,Enterostomia temporaria o definitiva,14051,91
OSPECOR (OBRA SOCIAL DE PETROLEROS DE CORDOBA),37,5587,Enucleacion ocular,14052,91
OSPECOR (OBRA SOCIAL DE PETROLEROS DE CORDOBA),37,5588,Epicanto,14976,90
OSPECOR (OBRA SOCIAL DE PETROLEROS DE CORDOBA),37,5589,Epididimectomia,14053,91
OSPECOR (OBRA SOCIAL DE PETROLEROS DE CORDOBA),37,5591,Epidurograma,14977,95
OSPECOR (OBRA SOCIAL DE PETROLEROS DE CORDOBA),37,5592,Epiduroplastia (incluye dosis esteroides por cateter),15273,94
OSPECOR (OBRA SOCIAL DE PETROLEROS DE CORDOBA),37,5593,Epiduroscopia,14978,95
OSPECOR (OBRA SOCIAL DE PETROLEROS DE CORDOBA),37,5594,Epifisiolisis,14055,91
OSPECOR (OBRA SOCIAL DE PETROLEROS DE CORDOBA),37,5595,Epifisiolisis de la cabeza femoral (desplazamiento del nucleo epifisiario en relacion al cuello femoral),14056,92
OSPECOR (OBRA SOCIAL DE PETROLEROS DE CORDOBA),37,5596,Episiorrafia,14057,90
OSPECOR (OBRA SOCIAL DE PETROLEROS DE CORDOBA),37,5597,Escapula alata,14059,93
OSPECOR (OBRA SOCIAL DE PETROLEROS DE CORDOBA),37,6126,Operacion de hueso escapular,14431,91
OSPECOR (OBRA SOCIAL DE PETROLEROS DE CORDOBA),37,6140,"Osteosintesis de clavicula, costilla o escapula",14442,92
OSPECOR (OBRA SOCIAL DE PETROLEROS DE CORDOBA),37,5598,"Escara, reseccion con el paciente en decubito dorsal o lateral",15225,90
OSPECOR (OBRA SOCIAL DE PETROLEROS DE CORDOBA),37,6382,Reseccion de escara con el paciente en decubito lateral o dorsal,15234,91
OSPECOR (OBRA SOCIAL DE PETROLEROS DE CORDOBA),37,5599,"Escara, reseccion con el paciente en decubito ventral",15237,91
OSPECOR (OBRA SOCIAL DE PETROLEROS DE CORDOBA),37,6383,Reseccion de escara con el paciente en decubito ventral,15256,92
OSPECOR (OBRA SOCIAL DE PETROLEROS DE CORDOBA),37,5602,Escision de lesion conjuntival,14062,90
OSPECOR (OBRA SOCIAL DE PETROLEROS DE CORDOBA),37,5604,Escision de lesion local de conducto auditivo externo (CAE),14063,89
OSPECOR (OBRA SOCIAL DE PETROLEROS DE CORDOBA),37,5605,Escision de lesion local de parpados,14064,90
OSPECOR (OBRA SOCIAL DE PETROLEROS DE CORDOBA),37,5606,Escision de lesion localizada superficial de lengua,14065,90
OSPECOR (OBRA SOCIAL DE PETROLEROS DE CORDOBA),37,5607,Escision de lesion primaria de encias mas vaciamiento cervical,14066,93
OSPECOR (OBRA SOCIAL DE PETROLEROS DE CORDOBA),37,5608,Escision de polipo retrocoanal,14067,90
OSPECOR (OBRA SOCIAL DE PETROLEROS DE CORDOBA),37,5609,Escision de tumor del cavum (rino-faringe),14068,93
OSPECOR (OBRA SOCIAL DE PETROLEROS DE CORDOBA),37,5610,Escision de tumores endonasales por rinotomia lateral,14069,92
OSPECOR (OBRA SOCIAL DE PETROLEROS DE CORDOBA),37,5611,Escision local de lesion de labio,14070,89
OSPECOR (OBRA SOCIAL DE PETROLEROS DE CORDOBA),37,5614,Escision radical de tumor de naso-faringe (cavum),14072,93
OSPECOR (OBRA SOCIAL DE PETROLEROS DE CORDOBA),37,6129,Orbitotomia con escision de lesion de orbita,14434,91
OSPECOR (OBRA SOCIAL DE PETROLEROS DE CORDOBA),37,5603,"Escision de lesion de conductos linfaticos (linfangioma, higroma)",14979,92
OSPECOR (OBRA SOCIAL DE PETROLEROS DE CORDOBA),37,5613,Escision radical de glandula submaxilar,15500,92
OSPECOR (OBRA SOCIAL DE PETROLEROS DE CORDOBA),37,5615,Esclerotomia,14073,91
OSPECOR (OBRA SOCIAL DE PETROLEROS DE CORDOBA),37,5617,Escrotoplastia,14075,91
OSPECOR (OBRA SOCIAL DE PETROLEROS DE CORDOBA),37,5619,Esfinteroplastia con colostomia,14077,92
OSPECOR (OBRA SOCIAL DE PETROLEROS DE CORDOBA),37,5620,Esfinteroplastia tipo plicatura,14078,91
OSPECOR (OBRA SOCIAL DE PETROLEROS DE CORDOBA),37,5621,Esfinterotomia - esfinterectomia,14079,89
OSPECOR (OBRA SOCIAL DE PETROLEROS DE CORDOBA),37,6015,Megaesofago,14367,93
OSPECOR (OBRA SOCIAL DE PETROLEROS DE CORDOBA),37,6190,Perforaciones de esofago,14484,93
OSPECOR (OBRA SOCIAL DE PETROLEROS DE CORDOBA),37,6335,Reemplazo de esofago,14579,95
OSPECOR (OBRA SOCIAL DE PETROLEROS DE CORDOBA),37,6384,Reseccion de esofago,14617,94
OSPECOR (OBRA SOCIAL DE PETROLEROS DE CORDOBA),37,5622,Esofago-gastrectomia,15319,98
OSPECOR (OBRA SOCIAL DE PETROLEROS DE CORDOBA),37,5623,Esofagostomia,15320,92
OSPECOR (OBRA SOCIAL DE PETROLEROS DE CORDOBA),37,5624,Esofaguectomia por videolaparoscopia,14080,95
OSPECOR (OBRA SOCIAL DE PETROLEROS DE CORDOBA),37,5625,Esofaguectomia total,15321,94
OSPECOR (OBRA SOCIAL DE PETROLEROS DE CORDOBA),37,7519,Implante definitivo de cateter espinal para bomba intratecal de morfina,51348,98
OSPECOR (OBRA SOCIAL DE PETROLEROS DE CORDOBA),37,5626,Espina bifida,14081,94
OSPECOR (OBRA SOCIAL DE PETROLEROS DE CORDOBA),37,5627,Esplenectomia electiva,14082,92
OSPECOR (OBRA SOCIAL DE PETROLEROS DE CORDOBA),37,5628,Esplenectomia laparoscopica,14083,94
OSPECOR (OBRA SOCIAL DE PETROLEROS DE CORDOBA),37,5631,Esplenectomia por videolaparoscopia,14084,94
OSPECOR (OBRA SOCIAL DE PETROLEROS DE CORDOBA),37,5799,Gastrectomia total con o sin esplenectomia,14202,95
OSPECOR (OBRA SOCIAL DE PETROLEROS DE CORDOBA),37,5629,Esplenectomia por rotura de bazo,15307,93
OSPECOR (OBRA SOCIAL DE PETROLEROS DE CORDOBA),37,5630,Esplenectomia por toracotomia,15309,94
OSPECOR (OBRA SOCIAL DE PETROLEROS DE CORDOBA),37,5632,Espleno-portografia,15306,91
OSPECOR (OBRA SOCIAL DE PETROLEROS DE CORDOBA),37,5633,Esplenopancreatectomia corporo-caudal,15311,95
OSPECOR (OBRA SOCIAL DE PETROLEROS DE CORDOBA),37,5634,Esqueletizacion del sistema venoso valvular o avalvular,14085,92
OSPECOR (OBRA SOCIAL DE PETROLEROS DE CORDOBA),37,5635,Esquiascopias,14086,89
OSPECOR (OBRA SOCIAL DE PETROLEROS DE CORDOBA),37,5636,Estafiloma,14087,90
OSPECOR (OBRA SOCIAL DE PETROLEROS DE CORDOBA),37,5638,Estapedectomia,15493,93
OSPECOR (OBRA SOCIAL DE PETROLEROS DE CORDOBA),37,5639,Estenosis traqueal sub-glotica,14089,92
OSPECOR (OBRA SOCIAL DE PETROLEROS DE CORDOBA),37,5641,Estimulacion electrica transcutanea (EET): c/24 hs o fraccion,14981,90
OSPECOR (OBRA SOCIAL DE PETROLEROS DE CORDOBA),37,5642,Estomatoplastia con injerto (inlcuye toma),14090,93
OSPECOR (OBRA SOCIAL DE PETROLEROS DE CORDOBA),37,5643,Estrabismo  mas de  dos musculos,14091,92
OSPECOR (OBRA SOCIAL DE PETROLEROS DE CORDOBA),37,5644,Estrabismo (dos musculos),14092,91
OSPECOR (OBRA SOCIAL DE PETROLEROS DE CORDOBA),37,5645,Estrabismo bilateral,14093,94
OSPECOR (OBRA SOCIAL DE PETROLEROS DE CORDOBA),37,5646,Estrabismo mas de cuatro musculos,14094,93
OSPECOR (OBRA SOCIAL DE PETROLEROS DE CORDOBA),37,5648,Etmoidectomia endoscopica,14096,93
OSPECOR (OBRA SOCIAL DE PETROLEROS DE CORDOBA),37,5649,Etmoidectomia interna,14097,92
OSPECOR (OBRA SOCIAL DE PETROLEROS DE CORDOBA),37,5651,Evacuacion de hematoma extradural / subdural / intracerebral,14099,94
OSPECOR (OBRA SOCIAL DE PETROLEROS DE CORDOBA),37,5652,Evacuacion por puncion de coleccion intra-cerebral o extra-cerebral,14100,93
OSPECOR (OBRA SOCIAL DE PETROLEROS DE CORDOBA),37,5653,Eventracion,15295,92
OSPECOR (OBRA SOCIAL DE PETROLEROS DE CORDOBA),37,5655,Evisceracion ocular,14101,91
OSPECOR (OBRA SOCIAL DE PETROLEROS DE CORDOBA),37,5656,Examen con lampara de hendidura,14102,89
OSPECOR (OBRA SOCIAL DE PETROLEROS DE CORDOBA),37,5659,Excentracion del contenido orbitario con reseccion total del maxilar superior,14105,94
OSPECOR (OBRA SOCIAL DE PETROLEROS DE CORDOBA),37,5660,Excentracion del contenido orbitario y/o peri-orbitario,14106,92
OSPECOR (OBRA SOCIAL DE PETROLEROS DE CORDOBA),37,5662,Exeresis de neuroma de Morton (tumoracion dolorosa de los nervios del pie),14107,92
OSPECOR (OBRA SOCIAL DE PETROLEROS DE CORDOBA),37,5663,Exeresis de tumor hepatico por radiofrecuencia,14108,93
OSPECOR (OBRA SOCIAL DE PETROLEROS DE CORDOBA),37,5757,Facofragmentacion y facoexeresis,14173,92
OSPECOR (OBRA SOCIAL DE PETROLEROS DE CORDOBA),37,5962,Ligadura sub-aponeurotica de perforantes mas safenectomia interna con o sin exeresis escalonada de colaterales,14330,93
OSPECOR (OBRA SOCIAL DE PETROLEROS DE CORDOBA),37,6116,Operacion de Cockett mas safenectomia interna con exeresis escalonada de colaterales insuficientes,14421,93
OSPECOR (OBRA SOCIAL DE PETROLEROS DE CORDOBA),37,6447,Safenectomia interna unilateral con exeresis escalonada,14662,93
OSPECOR (OBRA SOCIAL DE PETROLEROS DE CORDOBA),37,5661,Exeresis de ganglio centinela,14982,91
OSPECOR (OBRA SOCIAL DE PETROLEROS DE CORDOBA),37,5664,Exoftalmia endocrina o de otras causas,14983,93
OSPECOR (OBRA SOCIAL DE PETROLEROS DE CORDOBA),37,5665,Expansor de cuero cabelludo,14984,93
OSPECOR (OBRA SOCIAL DE PETROLEROS DE CORDOBA),37,5666,Exploracion  de hombro doloroso,14109,92
OSPECOR (OBRA SOCIAL DE PETROLEROS DE CORDOBA),37,5668,Exploracion de arteria periferica,14111,92
OSPECOR (OBRA SOCIAL DE PETROLEROS DE CORDOBA),37,5669,Exploracion de columna por via anterior,14112,93
OSPECOR (OBRA SOCIAL DE PETROLEROS DE CORDOBA),37,5670,Exploracion de heridas en partes blandas,14113,91
OSPECOR (OBRA SOCIAL DE PETROLEROS DE CORDOBA),37,5674,Exploracion del plexo cervico-braquial,14117,92
OSPECOR (OBRA SOCIAL DE PETROLEROS DE CORDOBA),37,5675,Exploracion del plexo lumbo-sacro,14118,93
OSPECOR (OBRA SOCIAL DE PETROLEROS DE CORDOBA),37,5766,Fistula biliar con exploracion de vias biliares,14181,93
OSPECOR (OBRA SOCIAL DE PETROLEROS DE CORDOBA),37,6295,Re-exploracion de tiroides y/o paratiroides (ejemplo:post-sangrado),14564,91
OSPECOR (OBRA SOCIAL DE PETROLEROS DE CORDOBA),37,5689,Extirpacion de polipos nasales,14124,91
OSPECOR (OBRA SOCIAL DE PETROLEROS DE CORDOBA),37,5694,Extirpacion de quiste tirogloso,14125,91
OSPECOR (OBRA SOCIAL DE PETROLEROS DE CORDOBA),37,5696,Extirpacion de tumor de partes blandas de miembro superior o inferior,14127,90
OSPECOR (OBRA SOCIAL DE PETROLEROS DE CORDOBA),37,5699,Extirpacion de tumor vesical por laparotomia,14128,92
OSPECOR (OBRA SOCIAL DE PETROLEROS DE CORDOBA),37,5993,Marsupializacion / extirpacion de glandula de Bartholino,14355,90
OSPECOR (OBRA SOCIAL DE PETROLEROS DE CORDOBA),37,5677,Extirpacion de angioma,14985,91
OSPECOR (OBRA SOCIAL DE PETROLEROS DE CORDOBA),37,5684,"Extirpacion de nevus (hasta 3), en cabeza y cuello",14986,90
OSPECOR (OBRA SOCIAL DE PETROLEROS DE CORDOBA),37,5685,"Extirpacion de nevus (hasta 3), excepto en cabeza y cuello",14987,89
OSPECOR (OBRA SOCIAL DE PETROLEROS DE CORDOBA),37,5688,"Extirpacion de papilomas (hasta 5), excepto en cabeza y cuello",14988,89
OSPECOR (OBRA SOCIAL DE PETROLEROS DE CORDOBA),37,5690,Extirpacion de quiste congenito tirogloso y similares,14989,91
OSPECOR (OBRA SOCIAL DE PETROLEROS DE CORDOBA),37,5692,Extirpacion de quiste sebaceo en cabeza y/o cuello,14990,90
OSPECOR (OBRA SOCIAL DE PETROLEROS DE CORDOBA),37,5693,"Extirpacion de quiste sebaceo, excepto en cabeza y cuello",14991,89
OSPECOR (OBRA SOCIAL DE PETROLEROS DE CORDOBA),37,5697,Extirpacion de tumor osea mas reconstruccion,14992,93
OSPECOR (OBRA SOCIAL DE PETROLEROS DE CORDOBA),37,5698,Extirpacion de tumor oseo,14993,92
OSPECOR (OBRA SOCIAL DE PETROLEROS DE CORDOBA),37,5683,Extirpacion de mas de 5 papilomas; excepto en cabeza y cuello,15222,90
OSPECOR (OBRA SOCIAL DE PETROLEROS DE CORDOBA),37,5687,Extirpacion de nevus (mas de 3); excepto en cabeza y cuello,15224,90
OSPECOR (OBRA SOCIAL DE PETROLEROS DE CORDOBA),37,5702,Extirpacion parcial de nariz,15229,90
OSPECOR (OBRA SOCIAL DE PETROLEROS DE CORDOBA),37,5701,Extirpacion dentaria,15231,90
OSPECOR (OBRA SOCIAL DE PETROLEROS DE CORDOBA),37,5686,Extirpacion de nevus (mas de 3); en cabeza y cuello,15239,91
OSPECOR (OBRA SOCIAL DE PETROLEROS DE CORDOBA),37,6244,Proctectomia (extirpacion del recto),15357,92
OSPECOR (OBRA SOCIAL DE PETROLEROS DE CORDOBA),37,7602,Extirpacion de calculos endovesicales a cielo abierto,15425,93
OSPECOR (OBRA SOCIAL DE PETROLEROS DE CORDOBA),37,7603,Extirpacion de calculos endovesicales por citoscopia,15426,94
OSPECOR (OBRA SOCIAL DE PETROLEROS DE CORDOBA),37,5682,Extirpacion de ganglion,15449,90
OSPECOR (OBRA SOCIAL DE PETROLEROS DE CORDOBA),37,5691,Extirpacion de quiste muscular,15454,90
OSPECOR (OBRA SOCIAL DE PETROLEROS DE CORDOBA),37,5700,Extirpacion del coccix,15483,91
OSPECOR (OBRA SOCIAL DE PETROLEROS DE CORDOBA),37,5695,Extirpacion de ranula,15496,90
OSPECOR (OBRA SOCIAL DE PETROLEROS DE CORDOBA),37,6710,Extraccion de Implante Mamario,60861,93
OSPECOR (OBRA SOCIAL DE PETROLEROS DE CORDOBA),37,6711,Extraccion de Implante Mamario mas Pexia,60862,94
OSPECOR (OBRA SOCIAL DE PETROLEROS DE CORDOBA),37,5703,Extraccion cruenta de calculos salivales,14129,90
OSPECOR (OBRA SOCIAL DE PETROLEROS DE CORDOBA),37,5706,Extraccion de calculo por via endoscopica,14132,90
OSPECOR (OBRA SOCIAL DE PETROLEROS DE CORDOBA),37,5707,Extraccion de cateter central / cateter doble Y / tunelizado / cateter para quimioterapia,14133,90
OSPECOR (OBRA SOCIAL DE PETROLEROS DE CORDOBA),37,5708,Extraccion de cateter central / doble Y / tunelizado / similares,14134,90
OSPECOR (OBRA SOCIAL DE PETROLEROS DE CORDOBA),37,5711,Extraccion de clavo intramedular,14135,92
OSPECOR (OBRA SOCIAL DE PETROLEROS DE CORDOBA),37,5729,Extraccion de material de osteosintesis de columna,14152,92
OSPECOR (OBRA SOCIAL DE PETROLEROS DE CORDOBA),37,5730,"Extraccion de material de osteosintesis de miembro superior (placas, tornillos, etc)",14154,90
OSPECOR (OBRA SOCIAL DE PETROLEROS DE CORDOBA),37,5733,Extraccion de protesis de columna,14157,93
OSPECOR (OBRA SOCIAL DE PETROLEROS DE CORDOBA),37,5734,Extraccion de protesis de rodilla (1 elemento),14158,92
OSPECOR (OBRA SOCIAL DE PETROLEROS DE CORDOBA),37,5737,Extraccion de protesis total de rodilla,14160,92
OSPECOR (OBRA SOCIAL DE PETROLEROS DE CORDOBA),37,5739,Extraccion de puntos de la conjuntiva,14162,89
OSPECOR (OBRA SOCIAL DE PETROLEROS DE CORDOBA),37,5740,Extraccion de puntos de parpados,14163,89
OSPECOR (OBRA SOCIAL DE PETROLEROS DE CORDOBA),37,5741,Extraccion de taponaje de loge prostatica,14164,90
OSPECOR (OBRA SOCIAL DE PETROLEROS DE CORDOBA),37,5743,Extraccion de tutor externo,14166,90
OSPECOR (OBRA SOCIAL DE PETROLEROS DE CORDOBA),37,5748,Extraccion extra-capsular de cristalino,14167,92
OSPECOR (OBRA SOCIAL DE PETROLEROS DE CORDOBA),37,5749,Extraccion intra-capsular de cristalino,14168,92
OSPECOR (OBRA SOCIAL DE PETROLEROS DE CORDOBA),37,5750,Extraccion manual de placenta como unico procedimiento,14169,90
OSPECOR (OBRA SOCIAL DE PETROLEROS DE CORDOBA),37,6432,"Revision de protesis de hombro, solo su extraccion",14652,93
OSPECOR (OBRA SOCIAL DE PETROLEROS DE CORDOBA),37,6550,Toillete cardiaco post-quirurgico con o sin extraccion de alambres,15188,94
OSPECOR (OBRA SOCIAL DE PETROLEROS DE CORDOBA),37,5744,Extraccion dentaria hasta 3 piezas,15236,91
OSPECOR (OBRA SOCIAL DE PETROLEROS DE CORDOBA),37,5751,Extracciones dentarias multiples,15255,92
OSPECOR (OBRA SOCIAL DE PETROLEROS DE CORDOBA),37,7586,Extraccion de balon intragastrico,15342,92
OSPECOR (OBRA SOCIAL DE PETROLEROS DE CORDOBA),37,8110,Extraccion de cateter de doble “J” (tipo pig-tail o similares),15414,90
OSPECOR (OBRA SOCIAL DE PETROLEROS DE CORDOBA),37,8112,Extraccion de cateter de pig-tail,15421,90
OSPECOR (OBRA SOCIAL DE PETROLEROS DE CORDOBA),37,5745,Extraccion dentaria (pieza unica),15498,90
OSPECOR (OBRA SOCIAL DE PETROLEROS DE CORDOBA),37,5746,Extraccion dentaria de piezas multiples,15501,92
OSPECOR (OBRA SOCIAL DE PETROLEROS DE CORDOBA),37,5728,Extraccion de masas cristalinas,15527,91
OSPECOR (OBRA SOCIAL DE PETROLEROS DE CORDOBA),37,5758,Faringoplastia,14174,93
OSPECOR (OBRA SOCIAL DE PETROLEROS DE CORDOBA),37,5760,Fenestracion del conducto semicircular externo,14176,93
OSPECOR (OBRA SOCIAL DE PETROLEROS DE CORDOBA),37,5761,Feocromocitoma,14177,95
OSPECOR (OBRA SOCIAL DE PETROLEROS DE CORDOBA),37,7527,Feocromocitoma por video-laparoscopia,15387,98
OSPECOR (OBRA SOCIAL DE PETROLEROS DE CORDOBA),37,6324,Reduccion cruenta de luxacion o fractura de columna sin fijacion,14572,93
OSPECOR (OBRA SOCIAL DE PETROLEROS DE CORDOBA),37,6429,Revision de fijacion de columna,14649,98
OSPECOR (OBRA SOCIAL DE PETROLEROS DE CORDOBA),37,5762,Fijacion interdentaria,15489,91
OSPECOR (OBRA SOCIAL DE PETROLEROS DE CORDOBA),37,5763,Fimosis / parafimosis / postioplastia,14178,91
OSPECOR (OBRA SOCIAL DE PETROLEROS DE CORDOBA),37,5764,Fistula anal / fistulectomia / fistulotomia,14179,90
OSPECOR (OBRA SOCIAL DE PETROLEROS DE CORDOBA),37,5765,Fistula arterio-venosa para hemodialisis,14180,92
OSPECOR (OBRA SOCIAL DE PETROLEROS DE CORDOBA),37,5768,Fistula umbilical,14182,91
OSPECOR (OBRA SOCIAL DE PETROLEROS DE CORDOBA),37,5770,Fistula vagino-perineal,14184,91
OSPECOR (OBRA SOCIAL DE PETROLEROS DE CORDOBA),37,5771,Fistula vesico-parietal,14185,91
OSPECOR (OBRA SOCIAL DE PETROLEROS DE CORDOBA),37,5772,Fistula vesico-rectal,14186,91
OSPECOR (OBRA SOCIAL DE PETROLEROS DE CORDOBA),37,5773,Fistula vesico-ureteral,14187,91
OSPECOR (OBRA SOCIAL DE PETROLEROS DE CORDOBA),37,5767,Fistula en columna,15484,93
OSPECOR (OBRA SOCIAL DE PETROLEROS DE CORDOBA),37,5775,Fistulografia,14189,89
OSPECOR (OBRA SOCIAL DE PETROLEROS DE CORDOBA),37,5776,Fisura anal,14190,90
OSPECOR (OBRA SOCIAL DE PETROLEROS DE CORDOBA),37,5859,"Hipertelorismo, fisura facial media",14262,98
OSPECOR (OBRA SOCIAL DE PETROLEROS DE CORDOBA),37,5939,"Laringotomia mediana, laringofisura, como unica operacion",14309,92
OSPECOR (OBRA SOCIAL DE PETROLEROS DE CORDOBA),37,5777,"Fisura congenita del esqueleto facial (Treacher Collins, etc.)",14996,95
OSPECOR (OBRA SOCIAL DE PETROLEROS DE CORDOBA),37,5778,Flebectomia segmentaria / varices residuales como unica operacion,14191,91
OSPECOR (OBRA SOCIAL DE PETROLEROS DE CORDOBA),37,6448,Safenectomia interna unilateral con flebectomia segmentaria o de varices residuales,14663,93
OSPECOR (OBRA SOCIAL DE PETROLEROS DE CORDOBA),37,6591,Tratamiento con laser mas flebectomia segmentaria,14759,94
OSPECOR (OBRA SOCIAL DE PETROLEROS DE CORDOBA),37,5779,Flebografia de miembros,14192,90
OSPECOR (OBRA SOCIAL DE PETROLEROS DE CORDOBA),37,5780,Flemon de mano,14193,90
OSPECOR (OBRA SOCIAL DE PETROLEROS DE CORDOBA),37,5781,Flemon de pared,15360,89
OSPECOR (OBRA SOCIAL DE PETROLEROS DE CORDOBA),37,5782,Fondo de ojo,14194,89
OSPECOR (OBRA SOCIAL DE PETROLEROS DE CORDOBA),37,5783,Formacion de vagina artificial,14196,95
OSPECOR (OBRA SOCIAL DE PETROLEROS DE CORDOBA),37,6128,Operaciones plasticas de malformaciones  congenitas ano-rectales con 1 o 2 equipos,14433,95
OSPECOR (OBRA SOCIAL DE PETROLEROS DE CORDOBA),37,6130,Oreja en asa y otras malformaciones,15098,91
OSPECOR (OBRA SOCIAL DE PETROLEROS DE CORDOBA),37,5785,Fractura bi-maleolar de tobillo (osteosintesis de tibia y perone por distintas vias),14198,93
OSPECOR (OBRA SOCIAL DE PETROLEROS DE CORDOBA),37,5789,Fractura del peñasco (tratamiento quirurgico),14199,94
OSPECOR (OBRA SOCIAL DE PETROLEROS DE CORDOBA),37,5966,Limpieza quirurgica de fractura expuesta (no de femur),14334,91
OSPECOR (OBRA SOCIAL DE PETROLEROS DE CORDOBA),37,5967,Limpieza quirurgica de fractura expuesta de femur,14335,92
OSPECOR (OBRA SOCIAL DE PETROLEROS DE CORDOBA),37,5968,Limpieza quirurgica de fractura expuesta de miembro superior,14338,91
OSPECOR (OBRA SOCIAL DE PETROLEROS DE CORDOBA),37,6147,Osteosintesis de fractura de pelvis,14446,94
OSPECOR (OBRA SOCIAL DE PETROLEROS DE CORDOBA),37,6148,Osteosintesis de fractura de platillo tibial,14448,93
OSPECOR (OBRA SOCIAL DE PETROLEROS DE CORDOBA),37,6327,Reduccion de fractura o luxacion de coccix,14574,93
OSPECOR (OBRA SOCIAL DE PETROLEROS DE CORDOBA),37,6332,Reduccion quirurgica / osteosintesis de fractura de maxilar superior e inferior,14577,93
OSPECOR (OBRA SOCIAL DE PETROLEROS DE CORDOBA),37,6333,Reduccion quirurgica / osteosintesis de fracturas en general,14578,92
OSPECOR (OBRA SOCIAL DE PETROLEROS DE CORDOBA),37,5786,Fractura compleja de maxilares y huesos de la cara,14998,94
OSPECOR (OBRA SOCIAL DE PETROLEROS DE CORDOBA),37,5787,Fractura compleja de orbita/ reduccion/ osteosintesis y/o injerto,14999,93
OSPECOR (OBRA SOCIAL DE PETROLEROS DE CORDOBA),37,5788,Fractura de orbita y/o malar,15000,93
OSPECOR (OBRA SOCIAL DE PETROLEROS DE CORDOBA),37,5790,"Fractura nasal asociada (naso-orbitaria, etc.)",15001,92
OSPECOR (OBRA SOCIAL DE PETROLEROS DE CORDOBA),37,5791,Fractura simple,15002,90
OSPECOR (OBRA SOCIAL DE PETROLEROS DE CORDOBA),37,5792,"Fractura simple de orbita, reduccion y osteosintesis",15003,91
OSPECOR (OBRA SOCIAL DE PETROLEROS DE CORDOBA),37,6326,Reduccion de fractura nasal,15228,90
OSPECOR (OBRA SOCIAL DE PETROLEROS DE CORDOBA),37,7591,Osteosintesis fracturas costales,15363,93
OSPECOR (OBRA SOCIAL DE PETROLEROS DE CORDOBA),37,8114,Reduccion incruenta de fracturas,15436,90
OSPECOR (OBRA SOCIAL DE PETROLEROS DE CORDOBA),37,6137,"Osteosintesis (reduccion quirurgica) de fractura: carpo, tarso, humero, cubito, radio, clavicula, costilla, externon, rotula, etc.",15438,92
OSPECOR (OBRA SOCIAL DE PETROLEROS DE CORDOBA),37,5793,Fractura supracondilea de codo,15465,92
OSPECOR (OBRA SOCIAL DE PETROLEROS DE CORDOBA),37,6322,Reduccion cruenta de fractura de pelvis,15482,93
OSPECOR (OBRA SOCIAL DE PETROLEROS DE CORDOBA),37,5794,Frenulotomia,15405,89
OSPECOR (OBRA SOCIAL DE PETROLEROS DE CORDOBA),37,5795,Fulguracion corneal con o sin raspado,14200,89
OSPECOR (OBRA SOCIAL DE PETROLEROS DE CORDOBA),37,5796,Fulguracion de neo de recto,14201,91
OSPECOR (OBRA SOCIAL DE PETROLEROS DE CORDOBA),37,5798,Gastrectomia subtotal,15316,94
OSPECOR (OBRA SOCIAL DE PETROLEROS DE CORDOBA),37,5800,Gastrectomia total por toraco-laparotomia,15317,95
OSPECOR (OBRA SOCIAL DE PETROLEROS DE CORDOBA),37,5797,Gastrectomia por videolaparoscopia,15318,95
OSPECOR (OBRA SOCIAL DE PETROLEROS DE CORDOBA),37,5802,Gastroquisis (tratamiento quirurgico),14204,95
OSPECOR (OBRA SOCIAL DE PETROLEROS DE CORDOBA),37,6604,Tratamiento quirurgico de la gastroquisis,14768,95
OSPECOR (OBRA SOCIAL DE PETROLEROS DE CORDOBA),37,5803,Gastrorrafia / herida o traumatismo estomago,14205,92
OSPECOR (OBRA SOCIAL DE PETROLEROS DE CORDOBA),37,5807,Gastrostomia por via endoscopica,14207,91
OSPECOR (OBRA SOCIAL DE PETROLEROS DE CORDOBA),37,5806,Gastrostomia percutanea,15312,91
OSPECOR (OBRA SOCIAL DE PETROLEROS DE CORDOBA),37,5809,Ginecomastia unilateral / mama supernumeraria,14209,92
OSPECOR (OBRA SOCIAL DE PETROLEROS DE CORDOBA),37,5810,Gingivectomia parcial por tumores,14210,91
OSPECOR (OBRA SOCIAL DE PETROLEROS DE CORDOBA),37,5811,Gingivectomia total ampliada,14211,92
OSPECOR (OBRA SOCIAL DE PETROLEROS DE CORDOBA),37,6112,Operacion comando de lengua (glosectomia total),14417,95
OSPECOR (OBRA SOCIAL DE PETROLEROS DE CORDOBA),37,5812,Glosectomia subtotal,15503,93
OSPECOR (OBRA SOCIAL DE PETROLEROS DE CORDOBA),37,5813,Glosoplastia,14212,90
OSPECOR (OBRA SOCIAL DE PETROLEROS DE CORDOBA),37,5815,Gonioscopia,14213,89
OSPECOR (OBRA SOCIAL DE PETROLEROS DE CORDOBA),37,5818,Granuloma de traquea,14215,91
OSPECOR (OBRA SOCIAL DE PETROLEROS DE CORDOBA),37,5817,"Grandes quemados, injertos",15005,93
OSPECOR (OBRA SOCIAL DE PETROLEROS DE CORDOBA),37,5819,Hallux valgus completo unilateral,14217,91
OSPECOR (OBRA SOCIAL DE PETROLEROS DE CORDOBA),37,5820,Hematoma retroperitoneal,14218,92
OSPECOR (OBRA SOCIAL DE PETROLEROS DE CORDOBA),37,6628,Tumor de pared (hematoma supra-infra aponeurotico),14789,91
OSPECOR (OBRA SOCIAL DE PETROLEROS DE CORDOBA),37,5822,Hemi-paratiroidectomia,14220,92
OSPECOR (OBRA SOCIAL DE PETROLEROS DE CORDOBA),37,5825,Hemihepatectomia,14224,95
OSPECOR (OBRA SOCIAL DE PETROLEROS DE CORDOBA),37,5826,Hemitiroidectomia,14225,92
OSPECOR (OBRA SOCIAL DE PETROLEROS DE CORDOBA),37,6024,Microsomia hemifacial / osteotomias e injertos oseos en mandibula,15052,93
OSPECOR (OBRA SOCIAL DE PETROLEROS DE CORDOBA),37,6597,Tratamiento endoscopico de la hemorragia digestiva,14765,91
OSPECOR (OBRA SOCIAL DE PETROLEROS DE CORDOBA),37,5828,Hemorroidectomia,14227,91
OSPECOR (OBRA SOCIAL DE PETROLEROS DE CORDOBA),37,5829,Hepatectomia lobar derecha o izquierda,14228,95
OSPECOR (OBRA SOCIAL DE PETROLEROS DE CORDOBA),37,5830,Herida de pared abdominal de mas de 20 cm,14229,90
OSPECOR (OBRA SOCIAL DE PETROLEROS DE CORDOBA),37,5831,Herida de parpado,14230,90
OSPECOR (OBRA SOCIAL DE PETROLEROS DE CORDOBA),37,5832,Herida de via lagrimal,14231,92
OSPECOR (OBRA SOCIAL DE PETROLEROS DE CORDOBA),37,5833,Herida hasta aponeurosis de menos de 20 cm,14232,89
OSPECOR (OBRA SOCIAL DE PETROLEROS DE CORDOBA),37,5834,Herida penetrante de ojo,14233,92
OSPECOR (OBRA SOCIAL DE PETROLEROS DE CORDOBA),37,5835,Herida traumatica de higado,14234,93
OSPECOR (OBRA SOCIAL DE PETROLEROS DE CORDOBA),37,6495,Sutura de herida de cornea con prolapso de iris y o herida de cristalino,14703,92
OSPECOR (OBRA SOCIAL DE PETROLEROS DE CORDOBA),37,6496,Sutura de herida simple de higado,14704,91
OSPECOR (OBRA SOCIAL DE PETROLEROS DE CORDOBA),37,5836,Heridas complejas de labio,15006,91
OSPECOR (OBRA SOCIAL DE PETROLEROS DE CORDOBA),37,6504,Sutura simple de herida (menos de 5 cm) en cabeza y/o cuello,15173,90
OSPECOR (OBRA SOCIAL DE PETROLEROS DE CORDOBA),37,6553,"Toillete quirurgico de herida, con o sin debridamiento",15189,90
OSPECOR (OBRA SOCIAL DE PETROLEROS DE CORDOBA),37,6503,Sutura simple de herida (menos de 10 cm); excepto en cabeza y cuello,15202,89
OSPECOR (OBRA SOCIAL DE PETROLEROS DE CORDOBA),37,6502,Sutura simple de herida (mas de 10 cm); excepto en cabeza y cuello,15221,90
OSPECOR (OBRA SOCIAL DE PETROLEROS DE CORDOBA),37,5837,Hernia atascada,14235,92
OSPECOR (OBRA SOCIAL DE PETROLEROS DE CORDOBA),37,5838,Hernia de disco cervical (via anterior),14236,94
OSPECOR (OBRA SOCIAL DE PETROLEROS DE CORDOBA),37,5839,Hernia de disco cervical un espacio (via posterior),14237,94
OSPECOR (OBRA SOCIAL DE PETROLEROS DE CORDOBA),37,5840,Hernia de disco dorsal o lumbar,14238,93
OSPECOR (OBRA SOCIAL DE PETROLEROS DE CORDOBA),37,5841,Hernia de disco dorso-lumbar multiple,14239,94
OSPECOR (OBRA SOCIAL DE PETROLEROS DE CORDOBA),37,5842,Hernia de hiato a cielo abierto,14240,92
OSPECOR (OBRA SOCIAL DE PETROLEROS DE CORDOBA),37,5843,Hernia diafragmatica congenita,14241,107
OSPECOR (OBRA SOCIAL DE PETROLEROS DE CORDOBA),37,5844,Hernia diafragmatica por via abdominal,14242,94
OSPECOR (OBRA SOCIAL DE PETROLEROS DE CORDOBA),37,5845,Hernia diafragmatica por via toracica,14243,94
OSPECOR (OBRA SOCIAL DE PETROLEROS DE CORDOBA),37,5846,Hernia diafragmatica por via toraco-abdominal,14246,95
OSPECOR (OBRA SOCIAL DE PETROLEROS DE CORDOBA),37,5847,Hernia diafragmatica por video-toracoscopia,14247,95
OSPECOR (OBRA SOCIAL DE PETROLEROS DE CORDOBA),37,5848,Hernia estrangulada,14251,91
OSPECOR (OBRA SOCIAL DE PETROLEROS DE CORDOBA),37,5849,Hernia estrangulada con reseccion intestinal,14252,93
OSPECOR (OBRA SOCIAL DE PETROLEROS DE CORDOBA),37,5853,Hernia recidivada,14255,91
OSPECOR (OBRA SOCIAL DE PETROLEROS DE CORDOBA),37,5854,"Hernia umbilical, inguinal, crural o epigastrica",14256,91
OSPECOR (OBRA SOCIAL DE PETROLEROS DE CORDOBA),37,8119,Hernia inguinal bilateral,15294,92
OSPECOR (OBRA SOCIAL DE PETROLEROS DE CORDOBA),37,5852,Hernia inguinal por videolaparoscopia,15349,93
OSPECOR (OBRA SOCIAL DE PETROLEROS DE CORDOBA),37,6364,Reparacion de hernia muscular,15455,91
OSPECOR (OBRA SOCIAL DE PETROLEROS DE CORDOBA),37,5855,Hidrocele,14257,90
OSPECOR (OBRA SOCIAL DE PETROLEROS DE CORDOBA),37,6653,Varicocele o hidrocele por videolaparoscopia,14806,91
OSPECOR (OBRA SOCIAL DE PETROLEROS DE CORDOBA),37,5856,Himenectomia,14258,90
OSPECOR (OBRA SOCIAL DE PETROLEROS DE CORDOBA),37,5857,Hipema,14259,91
OSPECOR (OBRA SOCIAL DE PETROLEROS DE CORDOBA),37,5858,Hiperhidrosis selectiva por video-toracoscopia,14260,95
OSPECOR (OBRA SOCIAL DE PETROLEROS DE CORDOBA),37,6469,Simpatectomia lumbar o toracica por video-toracoscopia (hiperhidrosis selectiva por toracoscopia),14682,95
OSPECOR (OBRA SOCIAL DE PETROLEROS DE CORDOBA),37,5860,Hipertrofia del piloro por via laparoscopica,14263,93
OSPECOR (OBRA SOCIAL DE PETROLEROS DE CORDOBA),37,5861,Hipertrofia del piloro-piloromiotomia,14264,92
OSPECOR (OBRA SOCIAL DE PETROLEROS DE CORDOBA),37,5862,Hipofisectomia transepto-esfenoidal,14265,98
OSPECOR (OBRA SOCIAL DE PETROLEROS DE CORDOBA),37,5863,Hipospadia / epispadia (cada tiempo),15007,93
OSPECOR (OBRA SOCIAL DE PETROLEROS DE CORDOBA),37,8109,Hipospadia / epispadia / plastica de pene,15410,93
OSPECOR (OBRA SOCIAL DE PETROLEROS DE CORDOBA),37,5864,Hipotermia controlada: 1ras 24 hs o fraccion,15008,90
OSPECOR (OBRA SOCIAL DE PETROLEROS DE CORDOBA),37,5865,Hipotermia controlada: c/24 hs 0 fraccion siguiente,15009,89
OSPECOR (OBRA SOCIAL DE PETROLEROS DE CORDOBA),37,5866,Histerectomia con o sin anexectomia,14266,93
OSPECOR (OBRA SOCIAL DE PETROLEROS DE CORDOBA),37,5867,Histerectomia con o sin anexectomia por video-laparoscopia,14267,94
OSPECOR (OBRA SOCIAL DE PETROLEROS DE CORDOBA),37,5868,Histerectomia con o sin anexectomia por videolaparoscopia,14268,94
OSPECOR (OBRA SOCIAL DE PETROLEROS DE CORDOBA),37,6123,Operacion de Wertheim-Meigs (colpo-anexo-histerectomia total ampliada),14428,95
OSPECOR (OBRA SOCIAL DE PETROLEROS DE CORDOBA),37,5869,Histerectomia fundica,15396,91
OSPECOR (OBRA SOCIAL DE PETROLEROS DE CORDOBA),37,5871,Histeroscopia por video diagnostica,14271,90
OSPECOR (OBRA SOCIAL DE PETROLEROS DE CORDOBA),37,5872,"Histeroscopia por video terapeutica (miomectomia, polipectomia, etc)",14272,91
OSPECOR (OBRA SOCIAL DE PETROLEROS DE CORDOBA),37,7600,"Histeroscopia por video para tratamiento de fertilidad, ICSI",15397,93
OSPECOR (OBRA SOCIAL DE PETROLEROS DE CORDOBA),37,5873,Huevo muerto y retenido / legrado,14274,90
OSPECOR (OBRA SOCIAL DE PETROLEROS DE CORDOBA),37,5874,Ileostomia,14275,91
OSPECOR (OBRA SOCIAL DE PETROLEROS DE CORDOBA),37,5098,Ano imperforado con recto alto,13702,93
OSPECOR (OBRA SOCIAL DE PETROLEROS DE CORDOBA),37,5099,Ano imperforado con recto bajo,13703,92
OSPECOR (OBRA SOCIAL DE PETROLEROS DE CORDOBA),37,5875,Implantacion de circulacion asistida,15550,92
OSPECOR (OBRA SOCIAL DE PETROLEROS DE CORDOBA),37,5877,Implante coclear,14276,95
OSPECOR (OBRA SOCIAL DE PETROLEROS DE CORDOBA),37,5880,Implante de celulas B,14277,95
OSPECOR (OBRA SOCIAL DE PETROLEROS DE CORDOBA),37,5889,Implante secundario de lente intraocular,14280,93
OSPECOR (OBRA SOCIAL DE PETROLEROS DE CORDOBA),37,6348,Reimplante de miembro inferior,14592,95
OSPECOR (OBRA SOCIAL DE PETROLEROS DE CORDOBA),37,6349,Reimplante de miembro superior,14593,98
OSPECOR (OBRA SOCIAL DE PETROLEROS DE CORDOBA),37,6353,Reimplante ureteral bilateral con afinamiento,14596,94
OSPECOR (OBRA SOCIAL DE PETROLEROS DE CORDOBA),37,6354,Reimplante ureteral bilateral por videolaparoscopia,14597,95
OSPECOR (OBRA SOCIAL DE PETROLEROS DE CORDOBA),37,6355,Reimplante ureteral unilateral,14599,92
OSPECOR (OBRA SOCIAL DE PETROLEROS DE CORDOBA),37,6356,Reimplante ureteral unilateral con afinamiento,14600,93
OSPECOR (OBRA SOCIAL DE PETROLEROS DE CORDOBA),37,6357,Reimplante ureteral unilateral por videolaparoscopia,14601,94
OSPECOR (OBRA SOCIAL DE PETROLEROS DE CORDOBA),37,6424,Retinopexia con o sin esclerectomia e implante,14645,94
OSPECOR (OBRA SOCIAL DE PETROLEROS DE CORDOBA),37,5876,Implante capilar,15010,95
OSPECOR (OBRA SOCIAL DE PETROLEROS DE CORDOBA),37,5878,Implante de cateter tunelizado definitivo con bomba subcutanea,15011,94
OSPECOR (OBRA SOCIAL DE PETROLEROS DE CORDOBA),37,5882,Implante de estimulador medular definitivo,15012,98
OSPECOR (OBRA SOCIAL DE PETROLEROS DE CORDOBA),37,5885,Implante intraorbitario (melanoma de retina),15013,90
OSPECOR (OBRA SOCIAL DE PETROLEROS DE CORDOBA),37,5888,Implante mamario mas pexia,15015,94
OSPECOR (OBRA SOCIAL DE PETROLEROS DE CORDOBA),37,5886,Implante mamario,15261,93
OSPECOR (OBRA SOCIAL DE PETROLEROS DE CORDOBA),37,5890,Implantes gluteos,15262,93
OSPECOR (OBRA SOCIAL DE PETROLEROS DE CORDOBA),37,5883,Implante de estimulador medular transitorio,15280,95
OSPECOR (OBRA SOCIAL DE PETROLEROS DE CORDOBA),37,5901,Inclusion de semillas radioactivas en perine,14289,92
OSPECOR (OBRA SOCIAL DE PETROLEROS DE CORDOBA),37,7790,Infiltracion de toxina botulinica en Trigger-Points (hasta 3),69287,91
OSPECOR (OBRA SOCIAL DE PETROLEROS DE CORDOBA),37,7791,Infiltracion de toxina botulinica en Trigger-Points (mas de 3),69288,92
OSPECOR (OBRA SOCIAL DE PETROLEROS DE CORDOBA),37,7792,Infiltracion trigger points (hasta 4),69289,90
OSPECOR (OBRA SOCIAL DE PETROLEROS DE CORDOBA),37,8537,Infiltracion de toxina botulinica en Trigger point ( mas de 3 ),69387,93
OSPECOR (OBRA SOCIAL DE PETROLEROS DE CORDOBA),37,5908,Infiltracion toxina botulinica puntos gatillos (hasta 5 ),15019,90
OSPECOR (OBRA SOCIAL DE PETROLEROS DE CORDOBA),37,5909,Infiltracion toxina botulinica puntos gatillos (mas de 5 ),15020,91
OSPECOR (OBRA SOCIAL DE PETROLEROS DE CORDOBA),37,5906,"Infiltracion contic, AL, Aines etc en puntos gatillos (hasta 5)",15210,89
OSPECOR (OBRA SOCIAL DE PETROLEROS DE CORDOBA),37,5907,"Infiltracion contic, AL, Aines etc en puntos gatillos (mas de 5)",15217,90
OSPECOR (OBRA SOCIAL DE PETROLEROS DE CORDOBA),37,7587,Re inflado de balon intragastrico,15343,92
OSPECOR (OBRA SOCIAL DE PETROLEROS DE CORDOBA),37,6716,Obtencion de Injerto Oseo y Tendinoso,60867,92
OSPECOR (OBRA SOCIAL DE PETROLEROS DE CORDOBA),37,6717,Uso de Injerto Oseo y/o Tendon,60868,91
OSPECOR (OBRA SOCIAL DE PETROLEROS DE CORDOBA),37,5910,Injerto de cornea,14290,94
OSPECOR (OBRA SOCIAL DE PETROLEROS DE CORDOBA),37,5911,Injerto de esclera,14291,92
OSPECOR (OBRA SOCIAL DE PETROLEROS DE CORDOBA),37,6097,Neurorrafia con o sin injerto de un solo nervio,14405,92
OSPECOR (OBRA SOCIAL DE PETROLEROS DE CORDOBA),37,6103,Obtencion de injerto simple de hueso,14409,90
OSPECOR (OBRA SOCIAL DE PETROLEROS DE CORDOBA),37,6217,Plastica de uretra con injerto de mucosa yugal o lingual,14510,94
OSPECOR (OBRA SOCIAL DE PETROLEROS DE CORDOBA),37,6221,Plastica o injerto del tendon de aquiles o rotuliano,14513,92
OSPECOR (OBRA SOCIAL DE PETROLEROS DE CORDOBA),37,6245,Protesis peneana con o sin injerto,14533,95
OSPECOR (OBRA SOCIAL DE PETROLEROS DE CORDOBA),37,6369,"Reparacion plastica de la orbita, con o sin injerto de piel",14611,92
OSPECOR (OBRA SOCIAL DE PETROLEROS DE CORDOBA),37,6408,Reseccion diafisiaria con protesis y/o injerto de sustitucion,14632,93
OSPECOR (OBRA SOCIAL DE PETROLEROS DE CORDOBA),37,5912,Injerto de piel,15021,90
OSPECOR (OBRA SOCIAL DE PETROLEROS DE CORDOBA),37,5913,Injerto libre de ceja,15022,90
OSPECOR (OBRA SOCIAL DE PETROLEROS DE CORDOBA),37,6121,Operacion de Ross (reemplazo valvular aortico con auto-injerto con valvula pulmonar),15097,96
OSPECOR (OBRA SOCIAL DE PETROLEROS DE CORDOBA),37,6317,Reconstruccion total de orbita con injerto por tumores esfeno-orbitarios o anoftalmia congenita,15140,94
OSPECOR (OBRA SOCIAL DE PETROLEROS DE CORDOBA),37,6439,"Rinoplastia compleja con o sin injerto, no estetica",15164,91
OSPECOR (OBRA SOCIAL DE PETROLEROS DE CORDOBA),37,8117,Neurorrafia con o sin injerto de nervio (cada uno),15451,92
OSPECOR (OBRA SOCIAL DE PETROLEROS DE CORDOBA),37,5917,Insuficiencia mitral con CIV post-infarto,15025,98
OSPECOR (OBRA SOCIAL DE PETROLEROS DE CORDOBA),37,5918,Interconsulta anestesiologica,15026,89
OSPECOR (OBRA SOCIAL DE PETROLEROS DE CORDOBA),37,8104,Interconsulta para tratamiento del dolor,15203,89
OSPECOR (OBRA SOCIAL DE PETROLEROS DE CORDOBA),37,5919,Intervenciones en nervios opticos,14295,95
OSPECOR (OBRA SOCIAL DE PETROLEROS DE CORDOBA),37,5920,Intervenciones estereotaxicas (inicio en TAC y que continuan en quirofano),14296,95
OSPECOR (OBRA SOCIAL DE PETROLEROS DE CORDOBA),37,5921,Intubacion con fibroscopia (bronco-fibroscopio),14297,90
OSPECOR (OBRA SOCIAL DE PETROLEROS DE CORDOBA),37,5922,Intubacion laringotraqueal (como unico procedimiento) fuera del acto anestesico,15504,89
OSPECOR (OBRA SOCIAL DE PETROLEROS DE CORDOBA),37,5924,Inyeccion de sustancias retro-bulbares,14298,91
OSPECOR (OBRA SOCIAL DE PETROLEROS DE CORDOBA),37,5926,Inyeccion para-vertebral de troncos y ganglios simpaticos,14299,90
OSPECOR (OBRA SOCIAL DE PETROLEROS DE CORDOBA),37,5927,Inyeccion subconjuntival,14300,89
OSPECOR (OBRA SOCIAL DE PETROLEROS DE CORDOBA),37,6251,Puncion arterial para inyeccion medicamentosa,14537,89
OSPECOR (OBRA SOCIAL DE PETROLEROS DE CORDOBA),37,5923,Inyeccion de glicerol en el G de Gasser,15027,95
OSPECOR (OBRA SOCIAL DE PETROLEROS DE CORDOBA),37,5925,Inyeccion esclerosante en angioma,15028,90
OSPECOR (OBRA SOCIAL DE PETROLEROS DE CORDOBA),37,5928,Laberintectomia,14301,93
OSPECOR (OBRA SOCIAL DE PETROLEROS DE CORDOBA),37,6475,Sinequias de labios mayores y/o menores,14687,90
OSPECOR (OBRA SOCIAL DE PETROLEROS DE CORDOBA),37,5561,Ectoprion de labio,14974,90
OSPECOR (OBRA SOCIAL DE PETROLEROS DE CORDOBA),37,5929,Labio leporino bilateral completo,15029,94
OSPECOR (OBRA SOCIAL DE PETROLEROS DE CORDOBA),37,5930,Labio leporino unilateral completo,15030,93
OSPECOR (OBRA SOCIAL DE PETROLEROS DE CORDOBA),37,5931,Labio leporino unilateral incompleto,15031,93
OSPECOR (OBRA SOCIAL DE PETROLEROS DE CORDOBA),37,6272,Queiloplastia (reconstruccion quirurgica del labio),15116,92
OSPECOR (OBRA SOCIAL DE PETROLEROS DE CORDOBA),37,6373,Reseccion cuneiforme de labio,15149,90
OSPECOR (OBRA SOCIAL DE PETROLEROS DE CORDOBA),37,5932,Laminectomia descompresiva,14302,93
OSPECOR (OBRA SOCIAL DE PETROLEROS DE CORDOBA),37,5933,Laparotomia contenida (lavado de cavidad),14304,91
OSPECOR (OBRA SOCIAL DE PETROLEROS DE CORDOBA),37,5934,Laparotomia exploradora en paciente critico,14305,94
OSPECOR (OBRA SOCIAL DE PETROLEROS DE CORDOBA),37,5936,Laparotomia terapeutica en paciente critico,14306,95
OSPECOR (OBRA SOCIAL DE PETROLEROS DE CORDOBA),37,5935,"Laparotomia exploradora, como unica intervencion",15297,91
OSPECOR (OBRA SOCIAL DE PETROLEROS DE CORDOBA),37,6040,Nefrectomia por toraco-freno-laparotomia,15418,95
OSPECOR (OBRA SOCIAL DE PETROLEROS DE CORDOBA),37,5937,Laringo-faringuectomia,14307,95
OSPECOR (OBRA SOCIAL DE PETROLEROS DE CORDOBA),37,5938,"Laringoplastia, cordopexia, aritenoidopexia",14308,92
OSPECOR (OBRA SOCIAL DE PETROLEROS DE CORDOBA),37,5943,Laser de vagina,14313,92
OSPECOR (OBRA SOCIAL DE PETROLEROS DE CORDOBA),37,6418,Reseccion tumor bronquial con laser,14641,95
OSPECOR (OBRA SOCIAL DE PETROLEROS DE CORDOBA),37,5944,Laser panfacial,15032,93
OSPECOR (OBRA SOCIAL DE PETROLEROS DE CORDOBA),37,6412,TUR-P por laser (adenomectomia),15431,94
OSPECOR (OBRA SOCIAL DE PETROLEROS DE CORDOBA),37,6241,Prostatectomia por laser,15432,95
OSPECOR (OBRA SOCIAL DE PETROLEROS DE CORDOBA),37,5945,Lavado bronquial para desobstruccion,14314,91
OSPECOR (OBRA SOCIAL DE PETROLEROS DE CORDOBA),37,5946,Lavado de cavidad,14316,90
OSPECOR (OBRA SOCIAL DE PETROLEROS DE CORDOBA),37,5947,Lavado de la cavidad,14317,90
OSPECOR (OBRA SOCIAL DE PETROLEROS DE CORDOBA),37,6488,Sondaje y lavado de via lagrimal,14700,90
OSPECOR (OBRA SOCIAL DE PETROLEROS DE CORDOBA),37,5948,Legrado por mola o similar,14318,90
OSPECOR (OBRA SOCIAL DE PETROLEROS DE CORDOBA),37,5949,Legrado uterino,14319,90
OSPECOR (OBRA SOCIAL DE PETROLEROS DE CORDOBA),37,7508,Termolesion por Rf. del Nervio Occipital Mayor uni o bilateral,51338,95
OSPECOR (OBRA SOCIAL DE PETROLEROS DE CORDOBA),37,7509,Termolesion por Rf. facetaria (ramo medio) cervical/dorsal/lumbar hasta 3 niveles,51339,95
OSPECOR (OBRA SOCIAL DE PETROLEROS DE CORDOBA),37,7510,Termolesion por Rf. facetaria (ramo medio) cervical/doral/lumbar mas de 3 niveles,51340,98
OSPECOR (OBRA SOCIAL DE PETROLEROS DE CORDOBA),37,7511,Termolesion por Rf. facetaria + Rf. radicular (1 o mas niveles),51341,98
OSPECOR (OBRA SOCIAL DE PETROLEROS DE CORDOBA),37,7512,Termolesion por Rf. de mas de 2 nervios craneales,51342,95
OSPECOR (OBRA SOCIAL DE PETROLEROS DE CORDOBA),37,7514,Termolesion por Rf. del ganglio simpatico toracico/dorsal/lumbar/hipogastrico sup,51343,95
OSPECOR (OBRA SOCIAL DE PETROLEROS DE CORDOBA),37,7520,Termolesion por Rf. de rodilla (N.geniculados) unilateral,51349,95
OSPECOR (OBRA SOCIAL DE PETROLEROS DE CORDOBA),37,7521,Termolesion por Rf. de rodilla (N.geniculados) bilateral,51350,98
OSPECOR (OBRA SOCIAL DE PETROLEROS DE CORDOBA),37,7522,Termolesion por Rf. de hombro (N.supraespinoso) bilateral,51351,95
OSPECOR (OBRA SOCIAL DE PETROLEROS DE CORDOBA),37,8556,Termolesion por Rf. de hasta 2 nervios craneales,69400,95
OSPECOR (OBRA SOCIAL DE PETROLEROS DE CORDOBA),37,5953,Lesiones adquiridas o congenitas vertebro-meningo-medulares (compresion tumoral),14323,94
OSPECOR (OBRA SOCIAL DE PETROLEROS DE CORDOBA),37,5951,Lesion por compresion de G de Gasser con balon de Foggarty,15033,95
OSPECOR (OBRA SOCIAL DE PETROLEROS DE CORDOBA),37,6534,Termolesion por rf de G Esfenopalatino,15183,94
OSPECOR (OBRA SOCIAL DE PETROLEROS DE CORDOBA),37,6535,"Termolesion por Rf. del ganglio de la raiz dorsal, cervical, lumbar y sacra. (hasta 2 niveles)",15184,95
OSPECOR (OBRA SOCIAL DE PETROLEROS DE CORDOBA),37,6536,"Termolesion por Rf. del ganglio de raiz dorsal, cervical, lumbar y sacra. (mas de 2 niveles)",15185,98
OSPECOR (OBRA SOCIAL DE PETROLEROS DE CORDOBA),37,6537,"Termolesion por rf de rama media cerv, dorsal o lumbar cada nivel adic",15186,95
OSPECOR (OBRA SOCIAL DE PETROLEROS DE CORDOBA),37,6538,"Termolesion por rf de rama media cerv, dorsal o lumbar.",15187,95
OSPECOR (OBRA SOCIAL DE PETROLEROS DE CORDOBA),37,5954,Levantamiento de vejiga por via abdominal (tipo Bursch),14324,92
OSPECOR (OBRA SOCIAL DE PETROLEROS DE CORDOBA),37,6001,Mastopexia unilateral (levantamiento mamario),15045,94
OSPECOR (OBRA SOCIAL DE PETROLEROS DE CORDOBA),37,5955,Lifting,15034,94
OSPECOR (OBRA SOCIAL DE PETROLEROS DE CORDOBA),37,5956,Lifting endoscopico,15035,95
OSPECOR (OBRA SOCIAL DE PETROLEROS DE CORDOBA),37,5957,Ligadura bilateral de trompas (anti-concepcion) a cielo abierto,14325,91
OSPECOR (OBRA SOCIAL DE PETROLEROS DE CORDOBA),37,5958,Ligadura bilateral de trompas (anti-concepcion) por video-laparoscopia,14326,92
OSPECOR (OBRA SOCIAL DE PETROLEROS DE CORDOBA),37,5959,Ligadura bilateral de trompas a cielo abierto,14327,91
OSPECOR (OBRA SOCIAL DE PETROLEROS DE CORDOBA),37,5960,Ligadura bilateral de trompas por videolaparoscopia,14328,92
OSPECOR (OBRA SOCIAL DE PETROLEROS DE CORDOBA),37,5961,Ligadura del paquete esfeno-palatino,14329,92
OSPECOR (OBRA SOCIAL DE PETROLEROS DE CORDOBA),37,5963,Ligadura sub-aponeurotica de venas perforantes o comunicantes insuficientes (tipo: Linton / Cigorraga / Cockett),14331,91
OSPECOR (OBRA SOCIAL DE PETROLEROS DE CORDOBA),37,5964,Ligadura unilateral de troncos profundos de los miembros,14332,92
OSPECOR (OBRA SOCIAL DE PETROLEROS DE CORDOBA),37,6501,Sutura o ligadura de vasos profundos del cuello,14708,92
OSPECOR (OBRA SOCIAL DE PETROLEROS DE CORDOBA),37,5965,Ligamentopexia abdominal,14333,91
OSPECOR (OBRA SOCIAL DE PETROLEROS DE CORDOBA),37,5969,Limpieza quirurgica de mano (como unica intervencion),14339,90
OSPECOR (OBRA SOCIAL DE PETROLEROS DE CORDOBA),37,5971,Linfadenectomia mediastinica,14340,94
OSPECOR (OBRA SOCIAL DE PETROLEROS DE CORDOBA),37,5972,Linfadenectomia retroperitoneal (tipo lumboaortica o similares),14341,93
OSPECOR (OBRA SOCIAL DE PETROLEROS DE CORDOBA),37,5973,Linfadenectomia retroperitoneal por video,14342,94
OSPECOR (OBRA SOCIAL DE PETROLEROS DE CORDOBA),37,5974,Linfadenectomia retroperitoneal por videolaparoscopia,14343,94
OSPECOR (OBRA SOCIAL DE PETROLEROS DE CORDOBA),37,6242,Prostatectomia radical + linfadenectomia,14530,94
OSPECOR (OBRA SOCIAL DE PETROLEROS DE CORDOBA),37,5970,"Linfadenectomia cervical, axilar o inguinal como unica operacion",15036,92
OSPECOR (OBRA SOCIAL DE PETROLEROS DE CORDOBA),37,5977,"Lipoma, reseccion con el paciente en decubito dorsal o lateral",15226,90
OSPECOR (OBRA SOCIAL DE PETROLEROS DE CORDOBA),37,5978,"Lipoma, reseccion con el paciente en decubito ventral",15238,91
OSPECOR (OBRA SOCIAL DE PETROLEROS DE CORDOBA),37,5982,Litotricia endoluminal calculo unico,14344,91
OSPECOR (OBRA SOCIAL DE PETROLEROS DE CORDOBA),37,5983,Litotricia endoluminal calculos multiples,14345,92
OSPECOR (OBRA SOCIAL DE PETROLEROS DE CORDOBA),37,5984,Litotricia extracorporea,14346,91
OSPECOR (OBRA SOCIAL DE PETROLEROS DE CORDOBA),37,5985,Litotricia por onda de choque extracorporea (litotricia extracorporea),14348,91
OSPECOR (OBRA SOCIAL DE PETROLEROS DE CORDOBA),37,5986,Litotricia ureteral por via endoscopica (incluye litotricia endoluminal),14349,92
OSPECOR (OBRA SOCIAL DE PETROLEROS DE CORDOBA),37,5988,Lobectomia o segmentectomia a cielo abierto,14351,94
OSPECOR (OBRA SOCIAL DE PETROLEROS DE CORDOBA),37,6457,Segmentectomia o lobectomia por video-toracoscopia,14669,95
OSPECOR (OBRA SOCIAL DE PETROLEROS DE CORDOBA),37,5987,Lobectomia,15536,98
OSPECOR (OBRA SOCIAL DE PETROLEROS DE CORDOBA),37,6168,Otoplastia de lobulo hendido,14466,90
OSPECOR (OBRA SOCIAL DE PETROLEROS DE CORDOBA),37,6185,Parotidectomia de lobulo superficial,14478,92
OSPECOR (OBRA SOCIAL DE PETROLEROS DE CORDOBA),37,5989,Lobulo hendido de oreja,15041,90
OSPECOR (OBRA SOCIAL DE PETROLEROS DE CORDOBA),37,5990,Luxacion recidivante de hombro por via convencional,14352,92
OSPECOR (OBRA SOCIAL DE PETROLEROS DE CORDOBA),37,8120,Reduccion cruenta de luxacion de columna,15440,93
OSPECOR (OBRA SOCIAL DE PETROLEROS DE CORDOBA),37,8116,Reduccion incruenta de luxaciones,15458,90
OSPECOR (OBRA SOCIAL DE PETROLEROS DE CORDOBA),37,6330,Reduccion incruenta de luxacion de maxilar,15488,90
OSPECOR (OBRA SOCIAL DE PETROLEROS DE CORDOBA),37,6100,Nodulectomia de mama unilateral,14408,91
OSPECOR (OBRA SOCIAL DE PETROLEROS DE CORDOBA),37,6278,Quiste de mama unilateral,14554,90
OSPECOR (OBRA SOCIAL DE PETROLEROS DE CORDOBA),37,5992,Mama supernumeraria unilateral,15042,92
OSPECOR (OBRA SOCIAL DE PETROLEROS DE CORDOBA),37,6312,Reconstruccion mamaria con dorsal ancho,15134,98
OSPECOR (OBRA SOCIAL DE PETROLEROS DE CORDOBA),37,6264,Puncion de mama unilateral,15388,89
OSPECOR (OBRA SOCIAL DE PETROLEROS DE CORDOBA),37,5995,Mastectomia radical con vaciamiento ganglionar,14356,95
OSPECOR (OBRA SOCIAL DE PETROLEROS DE CORDOBA),37,5996,Mastectomia subradical unilateral / mastoplastia unilateral (operacion de Urban),14357,94
OSPECOR (OBRA SOCIAL DE PETROLEROS DE CORDOBA),37,7598,Mastectomia ( mas ganglio centinela),15392,93
OSPECOR (OBRA SOCIAL DE PETROLEROS DE CORDOBA),37,7599,Mastectomia ( mas vaciamiento axilar ),15393,94
OSPECOR (OBRA SOCIAL DE PETROLEROS DE CORDOBA),37,5998,Mastoidectomia simple o radical (operacion radical de oido),14359,92
OSPECOR (OBRA SOCIAL DE PETROLEROS DE CORDOBA),37,6542,Timpano-mastoidectomia,14720,94
OSPECOR (OBRA SOCIAL DE PETROLEROS DE CORDOBA),37,6002,Mastotomia unilateral,14360,90
OSPECOR (OBRA SOCIAL DE PETROLEROS DE CORDOBA),37,6017,Meniscectomia maxilar,14370,91
OSPECOR (OBRA SOCIAL DE PETROLEROS DE CORDOBA),37,6111,Operacion comando de glandula submaxilar,14416,95
OSPECOR (OBRA SOCIAL DE PETROLEROS DE CORDOBA),37,6152,Osteosintesis de malar o maxilar (2 placas titanio),14452,93
OSPECOR (OBRA SOCIAL DE PETROLEROS DE CORDOBA),37,6153,Osteosintesis de malar o maxilar (mas de 2 placas titanio),14453,94
OSPECOR (OBRA SOCIAL DE PETROLEROS DE CORDOBA),37,6279,Quiste de maxilar (pieza dental incluida),14555,91
OSPECOR (OBRA SOCIAL DE PETROLEROS DE CORDOBA),37,6481,Sinusotomia maxilar radical,14694,92
OSPECOR (OBRA SOCIAL DE PETROLEROS DE CORDOBA),37,6482,Sinusotomia maxilar simple,14695,92
OSPECOR (OBRA SOCIAL DE PETROLEROS DE CORDOBA),37,6483,"Sinusotomias combinadas (frontal, etmoidal, etc.) por via externa transmaxilar",14696,93
OSPECOR (OBRA SOCIAL DE PETROLEROS DE CORDOBA),37,6003,Maxilar inferior: prognatismo / retrognatismo,15046,93
OSPECOR (OBRA SOCIAL DE PETROLEROS DE CORDOBA),37,6004,Maxilar superior: prognasia / retrognasia,15047,94
OSPECOR (OBRA SOCIAL DE PETROLEROS DE CORDOBA),37,6393,Reseccion de maxilar inferior con vaciamiento (comando),15152,98
OSPECOR (OBRA SOCIAL DE PETROLEROS DE CORDOBA),37,6005,Maxilectomia radical por via endoscopica,15048,93
OSPECOR (OBRA SOCIAL DE PETROLEROS DE CORDOBA),37,6007,Maxilectomia simple por via endoscopica,15049,92
OSPECOR (OBRA SOCIAL DE PETROLEROS DE CORDOBA),37,6009,Meatotomia,15406,89
OSPECOR (OBRA SOCIAL DE PETROLEROS DE CORDOBA),37,6010,Mediastinitis / toillette mediastinal,15050,94
OSPECOR (OBRA SOCIAL DE PETROLEROS DE CORDOBA),37,6011,Mediastinoscopia,14363,92
OSPECOR (OBRA SOCIAL DE PETROLEROS DE CORDOBA),37,6014,Megacolon congenito,14366,93
OSPECOR (OBRA SOCIAL DE PETROLEROS DE CORDOBA),37,6605,Tratamiento quirurgico del megacolon,14769,93
OSPECOR (OBRA SOCIAL DE PETROLEROS DE CORDOBA),37,6016,Meningocele,14369,94
OSPECOR (OBRA SOCIAL DE PETROLEROS DE CORDOBA),37,6027,Mielomeningocele,14379,94
OSPECOR (OBRA SOCIAL DE PETROLEROS DE CORDOBA),37,6018,Metastasis hepatica / fenolizacion termo-tratamiento,14371,93
OSPECOR (OBRA SOCIAL DE PETROLEROS DE CORDOBA),37,6019,Metatarsalgia / ratas articulares,14372,90
OSPECOR (OBRA SOCIAL DE PETROLEROS DE CORDOBA),37,6025,"Microtia, reconstruccion en varios tiempos",15053,90
OSPECOR (OBRA SOCIAL DE PETROLEROS DE CORDOBA),37,6026,Mielografia,14378,90
OSPECOR (OBRA SOCIAL DE PETROLEROS DE CORDOBA),37,6030,Miomectomia vaginal (mioma nascens),69299,90
OSPECOR (OBRA SOCIAL DE PETROLEROS DE CORDOBA),37,6028,Miomectomia / histerorrafia,14380,92
OSPECOR (OBRA SOCIAL DE PETROLEROS DE CORDOBA),37,6029,Miomectomia por videolaparoscopia,14381,93
OSPECOR (OBRA SOCIAL DE PETROLEROS DE CORDOBA),37,6686,"Video-laparoscopia ginecologica terapeutica (incluye miomectomia, quiste de ovario, etc)",14833,93
OSPECOR (OBRA SOCIAL DE PETROLEROS DE CORDOBA),37,6691,"Videolaparoscopia terapeutica (incluye quiste de ovario, lisis pelvianas, miomectomias,",15400,93
OSPECOR (OBRA SOCIAL DE PETROLEROS DE CORDOBA),37,6031,Miringoplastia,14383,91
OSPECOR (OBRA SOCIAL DE PETROLEROS DE CORDOBA),37,6033,"Morfina o morfinosimiles por via epidural o subaracnoidea, por sesion: continua 1ras 24 hs o fraccion",15054,91
OSPECOR (OBRA SOCIAL DE PETROLEROS DE CORDOBA),37,6034,Movilizacion (quiropraxia ),14385,89
OSPECOR (OBRA SOCIAL DE PETROLEROS DE CORDOBA),37,6035,Movilizacion del estribo,14386,90
OSPECOR (OBRA SOCIAL DE PETROLEROS DE CORDOBA),37,7580,Mucosectomia,15336,92
OSPECOR (OBRA SOCIAL DE PETROLEROS DE CORDOBA),37,6037,Nariz leporina compleja,15055,91
OSPECOR (OBRA SOCIAL DE PETROLEROS DE CORDOBA),37,6438,Rinofina (rosacea fimatosa de nariz),15163,91
OSPECOR (OBRA SOCIAL DE PETROLEROS DE CORDOBA),37,6420,"Resecciones totales de huesos (radio, cubito, perone, astralago, calcaneo, clavicula, malar, huesos propios de la nariz etc.)",15439,93
OSPECOR (OBRA SOCIAL DE PETROLEROS DE CORDOBA),37,6038,Nefrectomia parcial,14388,94
OSPECOR (OBRA SOCIAL DE PETROLEROS DE CORDOBA),37,6039,Nefrectomia parcial o total por video-laparoscopia,14389,95
OSPECOR (OBRA SOCIAL DE PETROLEROS DE CORDOBA),37,6041,Nefrectomia radical + vaciamiento ganglionar,14390,95
OSPECOR (OBRA SOCIAL DE PETROLEROS DE CORDOBA),37,6043,Nefrectomia total o parcial por videolaparoscopia,14391,95
OSPECOR (OBRA SOCIAL DE PETROLEROS DE CORDOBA),37,6042,Nefrectomia total,15417,94
OSPECOR (OBRA SOCIAL DE PETROLEROS DE CORDOBA),37,6045,Nefrolitotomia,14394,93
OSPECOR (OBRA SOCIAL DE PETROLEROS DE CORDOBA),37,6046,Nefrolitotomia percutanea,14395,94
OSPECOR (OBRA SOCIAL DE PETROLEROS DE CORDOBA),37,6047,Nefropexia,14396,92
OSPECOR (OBRA SOCIAL DE PETROLEROS DE CORDOBA),37,6048,Nefrostomia percutanea,15416,92
OSPECOR (OBRA SOCIAL DE PETROLEROS DE CORDOBA),37,6051,Neumonectomia a cielo abierto,14398,94
OSPECOR (OBRA SOCIAL DE PETROLEROS DE CORDOBA),37,6052,Neumonectomia por video-toracoscopia,14399,95
OSPECOR (OBRA SOCIAL DE PETROLEROS DE CORDOBA),37,7515,Neurolisis por Rf. del simpatico dorsal,51344,98
OSPECOR (OBRA SOCIAL DE PETROLEROS DE CORDOBA),37,7516,Neurolisis por Rf. simpatico lumbar unilateral,51345,95
OSPECOR (OBRA SOCIAL DE PETROLEROS DE CORDOBA),37,7517,Neurolisis por Rf. simpatico lumbar bilateral,51346,98
OSPECOR (OBRA SOCIAL DE PETROLEROS DE CORDOBA),37,8540,Neurolisis de nervio periferico bajo radioscopia,69390,93
OSPECOR (OBRA SOCIAL DE PETROLEROS DE CORDOBA),37,8541,Neurolisis quimica del plexo hipogastrico superior,69391,94
OSPECOR (OBRA SOCIAL DE PETROLEROS DE CORDOBA),37,6065,Neurolisis de nervios perifericos,14401,90
OSPECOR (OBRA SOCIAL DE PETROLEROS DE CORDOBA),37,6066,Neurolisis extracraneal,14402,90
OSPECOR (OBRA SOCIAL DE PETROLEROS DE CORDOBA),37,6075,Neurolisis quimica,14403,90
OSPECOR (OBRA SOCIAL DE PETROLEROS DE CORDOBA),37,6085,Neurolisis transoval del trgemino,14404,91
OSPECOR (OBRA SOCIAL DE PETROLEROS DE CORDOBA),37,6057,Neurolisis - modulacion ganglio estrellado con Rf,15058,95
OSPECOR (OBRA SOCIAL DE PETROLEROS DE CORDOBA),37,6058,Neurolisis - modulacion nervio periferico con Rf,15059,92
OSPECOR (OBRA SOCIAL DE PETROLEROS DE CORDOBA),37,6056,Neurolisis  nervio glosofaringeo con Rf,15060,94
OSPECOR (OBRA SOCIAL DE PETROLEROS DE CORDOBA),37,6063,Neurolisis por rf de articulacion sacro-iliaca bilateral,15061,95
OSPECOR (OBRA SOCIAL DE PETROLEROS DE CORDOBA),37,6064,Neurolisis con rf de articulacion sacro-iliaca unilateral,15062,94
OSPECOR (OBRA SOCIAL DE PETROLEROS DE CORDOBA),37,6059,neurolisis con Rf de nervios esplacnicos,15063,94
OSPECOR (OBRA SOCIAL DE PETROLEROS DE CORDOBA),37,6061,Neurolisis con Rf de nervios facetarios (mas de 2 niveles),15064,94
OSPECOR (OBRA SOCIAL DE PETROLEROS DE CORDOBA),37,6062,Neurolisis con Rf de plexo celiaco,15065,94
OSPECOR (OBRA SOCIAL DE PETROLEROS DE CORDOBA),37,6067,Neurolisis ganglio esfeno-palatino con Rf,15066,94
OSPECOR (OBRA SOCIAL DE PETROLEROS DE CORDOBA),37,6068,Neurolisis nervio periferico con Rx,15067,92
OSPECOR (OBRA SOCIAL DE PETROLEROS DE CORDOBA),37,6069,Neurolisis nervio periferico sin Rx,15068,91
OSPECOR (OBRA SOCIAL DE PETROLEROS DE CORDOBA),37,6070,Neurolisis pcon Rf de ganglio de Walter,15069,95
OSPECOR (OBRA SOCIAL DE PETROLEROS DE CORDOBA),37,6071,Neurolisis por Rf de plexo hipogastrico superior,15071,94
OSPECOR (OBRA SOCIAL DE PETROLEROS DE CORDOBA),37,6072,Neurolisis por rf de simpatico dorsal,15073,95
OSPECOR (OBRA SOCIAL DE PETROLEROS DE CORDOBA),37,6073,Neurolisis por rf simpatico lumbar bilateral,15074,95
OSPECOR (OBRA SOCIAL DE PETROLEROS DE CORDOBA),37,6074,Neurolisis por rf simpatico lumbar unilateral,15075,95
OSPECOR (OBRA SOCIAL DE PETROLEROS DE CORDOBA),37,6076,Neurolisis quimica de ganglio de Walter,15076,95
OSPECOR (OBRA SOCIAL DE PETROLEROS DE CORDOBA),37,6077,Neurolisis por Rf. del plexo hipogastrico superior,15078,95
OSPECOR (OBRA SOCIAL DE PETROLEROS DE CORDOBA),37,6078,Neurolisis quimica del simpatico dorsal,15080,95
OSPECOR (OBRA SOCIAL DE PETROLEROS DE CORDOBA),37,6079,Neurolisis quimica del simpatico lumbar bilateral,15081,95
OSPECOR (OBRA SOCIAL DE PETROLEROS DE CORDOBA),37,6080,Neurolisis quimica de simpatico lumbar unilateral,15082,94
OSPECOR (OBRA SOCIAL DE PETROLEROS DE CORDOBA),37,6081,Neurolisis quimica ganglio estrellado,15083,94
OSPECOR (OBRA SOCIAL DE PETROLEROS DE CORDOBA),37,6082,Neurolisis quimica nervios esplacnicos,15084,94
OSPECOR (OBRA SOCIAL DE PETROLEROS DE CORDOBA),37,6083,Neurolisis quimica plexo celiaco,15086,94
OSPECOR (OBRA SOCIAL DE PETROLEROS DE CORDOBA),37,6086,Neurolisis del trigemino con Rf,15087,95
OSPECOR (OBRA SOCIAL DE PETROLEROS DE CORDOBA),37,6087,Neurolisis-modulacion del trigemino con Rf,15088,98
OSPECOR (OBRA SOCIAL DE PETROLEROS DE CORDOBA),37,6088,Neurolisis-modulacion ganglio esfeno-palatino con Rf,15089,95
OSPECOR (OBRA SOCIAL DE PETROLEROS DE CORDOBA),37,6089,Neurolisis-modulacion nervio glosofaringeo con Rf,15090,95
OSPECOR (OBRA SOCIAL DE PETROLEROS DE CORDOBA),37,6060,Neurolisis con Rf de nervios facetarios (2 niveles),15263,93
OSPECOR (OBRA SOCIAL DE PETROLEROS DE CORDOBA),37,6090,Neuromodulacion articulacion de hombro con Rf pulsada,15091,91
OSPECOR (OBRA SOCIAL DE PETROLEROS DE CORDOBA),37,6091,Neuromodulacion articulacion de rodilla con Rf pulsada,15092,91
OSPECOR (OBRA SOCIAL DE PETROLEROS DE CORDOBA),37,6092,Neuromodulacion con Rf pulsada de articulacion AA o AO,15093,93
OSPECOR (OBRA SOCIAL DE PETROLEROS DE CORDOBA),37,6093,Neuromodulacion con Rf pulsada ganglio raiz dorsal  (1 nivel),15094,92
OSPECOR (OBRA SOCIAL DE PETROLEROS DE CORDOBA),37,6094,Neuromodulacion con Rf pulsada ganglio raiz dorsal (mas de 1 nivel),15095,93
OSPECOR (OBRA SOCIAL DE PETROLEROS DE CORDOBA),37,6095,Neuromodulacion percutanea de nervio periferico,15096,94
OSPECOR (OBRA SOCIAL DE PETROLEROS DE CORDOBA),37,6096,Neuromodulacion sistemica con anestesicos locales en dolor neuropatico.,15215,90
OSPECOR (OBRA SOCIAL DE PETROLEROS DE CORDOBA),37,6098,Neurotomia del nervio optico,14406,90
OSPECOR (OBRA SOCIAL DE PETROLEROS DE CORDOBA),37,6099,Neurotomia trigeminal / vestibular / glosofaringeo,14407,95
OSPECOR (OBRA SOCIAL DE PETROLEROS DE CORDOBA),37,6104,Oclusion con reseccion de intestino,14410,93
OSPECOR (OBRA SOCIAL DE PETROLEROS DE CORDOBA),37,6105,Omentectomia,15328,93
OSPECOR (OBRA SOCIAL DE PETROLEROS DE CORDOBA),37,6106,Onfalitis,14411,91
OSPECOR (OBRA SOCIAL DE PETROLEROS DE CORDOBA),37,6107,Ooforectomia simple unilateral,14412,91
OSPECOR (OBRA SOCIAL DE PETROLEROS DE CORDOBA),37,6108,Ooforo-salpinguectomia unilateral,14413,91
OSPECOR (OBRA SOCIAL DE PETROLEROS DE CORDOBA),37,6708,Operacion Comando de Parotida,60859,95
OSPECOR (OBRA SOCIAL DE PETROLEROS DE CORDOBA),37,6109,Operacion comando de encias o trigono-retromolar,14414,93
OSPECOR (OBRA SOCIAL DE PETROLEROS DE CORDOBA),37,6110,Operacion comando de faringe con vaciamiento,14415,95
OSPECOR (OBRA SOCIAL DE PETROLEROS DE CORDOBA),37,6113,Operacion comando de paladar blando,14418,95
OSPECOR (OBRA SOCIAL DE PETROLEROS DE CORDOBA),37,6114,Operacion comando de piso de boca,14419,95
OSPECOR (OBRA SOCIAL DE PETROLEROS DE CORDOBA),37,6115,Operacion correctora de glaucoma,14420,92
OSPECOR (OBRA SOCIAL DE PETROLEROS DE CORDOBA),37,6117,Operacion de Dixon (para tumores del 1/3 superior del recto),14422,93
OSPECOR (OBRA SOCIAL DE PETROLEROS DE CORDOBA),37,6118,Operacion de Dixon laparoscopica (para tumores del 1/3 superior del recto),14423,94
OSPECOR (OBRA SOCIAL DE PETROLEROS DE CORDOBA),37,6119,Operacion de Frikolm (hasta 2 discos),14425,94
OSPECOR (OBRA SOCIAL DE PETROLEROS DE CORDOBA),37,6120,Operacion de Lefort o similares para prolapso vaginal,14426,91
OSPECOR (OBRA SOCIAL DE PETROLEROS DE CORDOBA),37,6122,Operacion de Sugarbaker (HIPEC) para carcinomatosis toracica (QMT + hipertermia intracavitaria),14427,107
OSPECOR (OBRA SOCIAL DE PETROLEROS DE CORDOBA),37,6124,Operacion de Wertheim-Meigs con lavaje intracavitario con circulacion extracorporea (tipo Sugarbaker),14429,107
OSPECOR (OBRA SOCIAL DE PETROLEROS DE CORDOBA),37,6125,Operacion de Wertheim-Meigs por video-laparoscopia,14430,98
OSPECOR (OBRA SOCIAL DE PETROLEROS DE CORDOBA),37,6226,Plicatura intestinal (operacion de Noble),14519,93
OSPECOR (OBRA SOCIAL DE PETROLEROS DE CORDOBA),37,6460,Septumplastia y/o reseccion del tabique nasal (operacion de Killian o similar),14672,92
OSPECOR (OBRA SOCIAL DE PETROLEROS DE CORDOBA),37,6197,Peritonectomia + quimioterapia con hipertermia intracavitaria (HIPEC - operacion de Sugarbaker,15300,107
OSPECOR (OBRA SOCIAL DE PETROLEROS DE CORDOBA),37,6406,"Reseccion de tumor, intraorbitario mediante orbitotomia",15160,91
OSPECOR (OBRA SOCIAL DE PETROLEROS DE CORDOBA),37,6131,Orquidectomia,14435,91
OSPECOR (OBRA SOCIAL DE PETROLEROS DE CORDOBA),37,6132,Orquidopexia,14436,91
OSPECOR (OBRA SOCIAL DE PETROLEROS DE CORDOBA),37,6133,Orzuelo,14437,89
OSPECOR (OBRA SOCIAL DE PETROLEROS DE CORDOBA),37,6134,Osteoclasia,14438,90
OSPECOR (OBRA SOCIAL DE PETROLEROS DE CORDOBA),37,5398,Osteosintesis de Perone,60851,92
OSPECOR (OBRA SOCIAL DE PETROLEROS DE CORDOBA),37,6138,Osteosintesis clavicular,14439,92
OSPECOR (OBRA SOCIAL DE PETROLEROS DE CORDOBA),37,6139,Osteosintesis de calcaneo,14441,92
OSPECOR (OBRA SOCIAL DE PETROLEROS DE CORDOBA),37,6143,Osteosintesis de escafoide,14443,93
OSPECOR (OBRA SOCIAL DE PETROLEROS DE CORDOBA),37,6145,Osteosintesis de falange o metacarpiano (hasta 3 huesos),14444,91
OSPECOR (OBRA SOCIAL DE PETROLEROS DE CORDOBA),37,6146,"Osteosintesis de femur (tipo Kuncher, clavo gamma o similares)",14445,93
OSPECOR (OBRA SOCIAL DE PETROLEROS DE CORDOBA),37,6149,Osteosintesis de hasta 2 huesos del carpo,14449,92
OSPECOR (OBRA SOCIAL DE PETROLEROS DE CORDOBA),37,6154,Osteosintesis de mas de 2 huesos del carpo,14454,93
OSPECOR (OBRA SOCIAL DE PETROLEROS DE CORDOBA),37,6155,Osteosintesis de muñeca con clavija percutanea (tipo Sauve-Kapandi y similares),14455,91
OSPECOR (OBRA SOCIAL DE PETROLEROS DE CORDOBA),37,6156,Osteosintesis de rotula,14456,92
OSPECOR (OBRA SOCIAL DE PETROLEROS DE CORDOBA),37,6157,Osteosintesis de tarso o metatarso hasta 2 huesos,14457,92
OSPECOR (OBRA SOCIAL DE PETROLEROS DE CORDOBA),37,6158,Osteosintesis de tibia,14458,92
OSPECOR (OBRA SOCIAL DE PETROLEROS DE CORDOBA),37,6159,Osteosintesis de tobillo,14459,92
OSPECOR (OBRA SOCIAL DE PETROLEROS DE CORDOBA),37,6161,Osteosintesis tarso o metatarso mas de 2 huesos,14460,93
OSPECOR (OBRA SOCIAL DE PETROLEROS DE CORDOBA),37,6160,Osteosintesis del malar,15099,92
OSPECOR (OBRA SOCIAL DE PETROLEROS DE CORDOBA),37,6144,Osteosintesis de esternon como unica intervencion,15362,92
OSPECOR (OBRA SOCIAL DE PETROLEROS DE CORDOBA),37,6141,Osteosintesis de cubito o radio,15463,92
OSPECOR (OBRA SOCIAL DE PETROLEROS DE CORDOBA),37,6151,Osteosintesis de humero,15464,92
OSPECOR (OBRA SOCIAL DE PETROLEROS DE CORDOBA),37,6142,Osteosintesis de cubito y radio (por diferentes vias),15467,93
OSPECOR (OBRA SOCIAL DE PETROLEROS DE CORDOBA),37,6162,Osteotomia correctora de pie,14461,91
OSPECOR (OBRA SOCIAL DE PETROLEROS DE CORDOBA),37,6163,Osteotomia correctora de tibia y perone,14463,92
OSPECOR (OBRA SOCIAL DE PETROLEROS DE CORDOBA),37,6167,Osteotomia simple,14465,90
OSPECOR (OBRA SOCIAL DE PETROLEROS DE CORDOBA),37,6166,Osteotomia de femur,15478,93
OSPECOR (OBRA SOCIAL DE PETROLEROS DE CORDOBA),37,6719,Trombectomia Pulmonar Mecanica En Tepa Paciente Critico,60870,96
OSPECOR (OBRA SOCIAL DE PETROLEROS DE CORDOBA),37,8553,Revision del manejo del dolor agudo (no postoperatorio) en pacientes internados,69401,89
OSPECOR (OBRA SOCIAL DE PETROLEROS DE CORDOBA),37,6169,Paciente oncologico - atencion clinica por 2 a 14 dias,15103,91
OSPECOR (OBRA SOCIAL DE PETROLEROS DE CORDOBA),37,6170,Paciente oncologico - atencion clinica x mes o frac. > a 14 d.,15268,93
OSPECOR (OBRA SOCIAL DE PETROLEROS DE CORDOBA),37,6171,Palatoplastia,14467,91
OSPECOR (OBRA SOCIAL DE PETROLEROS DE CORDOBA),37,6273,Queiloplastia con palatoplastia,15117,93
OSPECOR (OBRA SOCIAL DE PETROLEROS DE CORDOBA),37,6172,Palatorrafia,15104,91
OSPECOR (OBRA SOCIAL DE PETROLEROS DE CORDOBA),37,6176,Pancreatectomia por Videolaparoscopia,14471,95
OSPECOR (OBRA SOCIAL DE PETROLEROS DE CORDOBA),37,6177,Papilotomia del conducto de Warthon y/o Stenon,14472,90
OSPECOR (OBRA SOCIAL DE PETROLEROS DE CORDOBA),37,6178,Papilotomia endoscopica / ERCP (colangio-pancreatografia endoscopica retrogada),14473,92
OSPECOR (OBRA SOCIAL DE PETROLEROS DE CORDOBA),37,6179,Paratiroidectomia,14474,93
OSPECOR (OBRA SOCIAL DE PETROLEROS DE CORDOBA),37,6180,Paratiroidectomia por via endoscopica,14475,94
OSPECOR (OBRA SOCIAL DE PETROLEROS DE CORDOBA),37,6181,Paratiroidectomia total con vaciamiento ganglionar,14476,94
OSPECOR (OBRA SOCIAL DE PETROLEROS DE CORDOBA),37,6182,Paratiroidectomia total con vaciamiento ganglionar por via endoscopica,14477,95
OSPECOR (OBRA SOCIAL DE PETROLEROS DE CORDOBA),37,6184,Parche hematico,15105,90
OSPECOR (OBRA SOCIAL DE PETROLEROS DE CORDOBA),37,5020,Parchehematico de sangreo similar (blood parch) en cefalea post puncion,15248,91
OSPECOR (OBRA SOCIAL DE PETROLEROS DE CORDOBA),37,6186,Parotidectomia total,14479,93
OSPECOR (OBRA SOCIAL DE PETROLEROS DE CORDOBA),37,5235,By-pass de vasos perifericos unilateral,13786,94
OSPECOR (OBRA SOCIAL DE PETROLEROS DE CORDOBA),37,5236,By-pass temporo-silviano,13787,96
OSPECOR (OBRA SOCIAL DE PETROLEROS DE CORDOBA),37,6188,Pectus excavatum / pectus carinatum,14481,94
OSPECOR (OBRA SOCIAL DE PETROLEROS DE CORDOBA),37,6189,Pectus excavatum / pectus carinatum por video-toracoscopia,14482,95
OSPECOR (OBRA SOCIAL DE PETROLEROS DE CORDOBA),37,6191,Pericardiectomia amplia (pericarditis constrictiva),15106,94
OSPECOR (OBRA SOCIAL DE PETROLEROS DE CORDOBA),37,6192,Pericardiectomia no constrictiva,15107,93
OSPECOR (OBRA SOCIAL DE PETROLEROS DE CORDOBA),37,6193,Pericardiocentesis,14486,91
OSPECOR (OBRA SOCIAL DE PETROLEROS DE CORDOBA),37,6194,Pericardiotomia,15108,92
OSPECOR (OBRA SOCIAL DE PETROLEROS DE CORDOBA),37,6195,Peridural por distocia,14487,92
OSPECOR (OBRA SOCIAL DE PETROLEROS DE CORDOBA),37,6196,Perineorrafia,14488,90
OSPECOR (OBRA SOCIAL DE PETROLEROS DE CORDOBA),37,6198,Peritoneocentesis,14489,90
OSPECOR (OBRA SOCIAL DE PETROLEROS DE CORDOBA),37,6199,Peritonitis generalizada,14490,93
OSPECOR (OBRA SOCIAL DE PETROLEROS DE CORDOBA),37,6203,Pielografia ascendente por ureteroscopia,14494,90
OSPECOR (OBRA SOCIAL DE PETROLEROS DE CORDOBA),37,6204,Pielolitotomia,14495,92
OSPECOR (OBRA SOCIAL DE PETROLEROS DE CORDOBA),37,6205,Pielolitotomia por videolaparoscopia,14496,93
OSPECOR (OBRA SOCIAL DE PETROLEROS DE CORDOBA),37,6206,Pieloplastia,14497,92
OSPECOR (OBRA SOCIAL DE PETROLEROS DE CORDOBA),37,6207,Pieloplastia por lumbotomia,14498,93
OSPECOR (OBRA SOCIAL DE PETROLEROS DE CORDOBA),37,6208,Pielotomia por videolaparoscopia,14499,93
OSPECOR (OBRA SOCIAL DE PETROLEROS DE CORDOBA),37,6201,Pie plano unilateral,14492,92
OSPECOR (OBRA SOCIAL DE PETROLEROS DE CORDOBA),37,6712,Plastica de Codo,60863,93
OSPECOR (OBRA SOCIAL DE PETROLEROS DE CORDOBA),37,6715,Plastica de Manguito Rotador por Artroscopia,60866,94
OSPECOR (OBRA SOCIAL DE PETROLEROS DE CORDOBA),37,5580,Plastica peneana,14047,93
OSPECOR (OBRA SOCIAL DE PETROLEROS DE CORDOBA),37,6209,Plastica anal / anoplastia,14500,91
OSPECOR (OBRA SOCIAL DE PETROLEROS DE CORDOBA),37,6210,Plastica de canal estrecho de columna con disectomia hasta 2 espacios,14501,98
OSPECOR (OBRA SOCIAL DE PETROLEROS DE CORDOBA),37,6211,Plastica de canal estrecho de columna mas de 2 espacios,14502,98
OSPECOR (OBRA SOCIAL DE PETROLEROS DE CORDOBA),37,6212,Plastica de colostomia,14503,91
OSPECOR (OBRA SOCIAL DE PETROLEROS DE CORDOBA),37,6213,Plastica de la union uretero-pielica,14504,92
OSPECOR (OBRA SOCIAL DE PETROLEROS DE CORDOBA),37,6214,Plastica de ligamentos de rodilla no cruzados,14505,93
OSPECOR (OBRA SOCIAL DE PETROLEROS DE CORDOBA),37,6215,Plastica de manguito rotador no artroscopica,14506,93
OSPECOR (OBRA SOCIAL DE PETROLEROS DE CORDOBA),37,6216,Plastica de uretra / uretroplastia,14509,92
OSPECOR (OBRA SOCIAL DE PETROLEROS DE CORDOBA),37,6218,Plastica de via lagrimal,14511,93
OSPECOR (OBRA SOCIAL DE PETROLEROS DE CORDOBA),37,6219,Plastica del cuadriceps,14512,91
OSPECOR (OBRA SOCIAL DE PETROLEROS DE CORDOBA),37,6222,Plastica pielo-ureteral por videolaparoscopia,14514,94
OSPECOR (OBRA SOCIAL DE PETROLEROS DE CORDOBA),37,6223,Plastica ureteral,14516,92
OSPECOR (OBRA SOCIAL DE PETROLEROS DE CORDOBA),37,6224,Plastica ureteral o de la union pielo-pielica por videolaparoscopia,14517,94
OSPECOR (OBRA SOCIAL DE PETROLEROS DE CORDOBA),37,6362,Reparacion artroscopica quirurgica de tobillo (plastica de tobillo por video-artroscopia),14604,93
OSPECOR (OBRA SOCIAL DE PETROLEROS DE CORDOBA),37,6370,Reparacion plastica de ligamento peroneo-astragalino anterior y/o lateral y/o peroneo-calcaneo,14612,93
OSPECOR (OBRA SOCIAL DE PETROLEROS DE CORDOBA),37,6336,Reemplazo de una valvula cardiaca y plastica de otra,15142,98
OSPECOR (OBRA SOCIAL DE PETROLEROS DE CORDOBA),37,6405,"Reseccion de tumor maligno externo, con reconstruccion plastica",15159,92
OSPECOR (OBRA SOCIAL DE PETROLEROS DE CORDOBA),37,7539,Plastica o comisurotomias valvulares Ao o pulmonares en el recien nacido.,15288,98
OSPECOR (OBRA SOCIAL DE PETROLEROS DE CORDOBA),37,6220,Plastica del pabellon auricular,15492,92
OSPECOR (OBRA SOCIAL DE PETROLEROS DE CORDOBA),37,7595,Pleurectomia parcial por video-toracoscopia,15372,94
OSPECOR (OBRA SOCIAL DE PETROLEROS DE CORDOBA),37,6225,Pleurodesis quimica por video-toracoscopia,14518,94
OSPECOR (OBRA SOCIAL DE PETROLEROS DE CORDOBA),37,6227,Polidactilia,14520,91
OSPECOR (OBRA SOCIAL DE PETROLEROS DE CORDOBA),37,6229,Polipo de cuello uterino,14522,89
OSPECOR (OBRA SOCIAL DE PETROLEROS DE CORDOBA),37,6230,Potenciales evocados,14523,89
OSPECOR (OBRA SOCIAL DE PETROLEROS DE CORDOBA),37,6231,Potenciales evocados somatosensoriales,14524,91
OSPECOR (OBRA SOCIAL DE PETROLEROS DE CORDOBA),37,6582,Trasplante oseo en procedimientos primarios,14750,94
OSPECOR (OBRA SOCIAL DE PETROLEROS DE CORDOBA),37,6593,Tratamiento de las secuelas por paralisis (por cada procedimiento),14761,91
OSPECOR (OBRA SOCIAL DE PETROLEROS DE CORDOBA),37,6235,Proctectomia con prostatectomia,15358,93
OSPECOR (OBRA SOCIAL DE PETROLEROS DE CORDOBA),37,6236,Proctorrafia,14525,90
OSPECOR (OBRA SOCIAL DE PETROLEROS DE CORDOBA),37,6237,Prolapso rectal,14526,91
OSPECOR (OBRA SOCIAL DE PETROLEROS DE CORDOBA),37,6238,Prostatectomia o adenectomia con o sin vasectomia por videolaparoscopia,14527,94
OSPECOR (OBRA SOCIAL DE PETROLEROS DE CORDOBA),37,6239,"Prostatectomia o adenectomia por via abdominal, con o sin vasectomia",14528,93
OSPECOR (OBRA SOCIAL DE PETROLEROS DE CORDOBA),37,6240,Prostatectomia o adenomectomia por videolaparoscopia,14529,94
OSPECOR (OBRA SOCIAL DE PETROLEROS DE CORDOBA),37,6243,Prostatectomia radical por videolaparoscopia,14531,95
OSPECOR (OBRA SOCIAL DE PETROLEROS DE CORDOBA),37,6274,Querato-protesis,14550,94
OSPECOR (OBRA SOCIAL DE PETROLEROS DE CORDOBA),37,6434,Revision de protesis total de rodilla,14654,95
OSPECOR (OBRA SOCIAL DE PETROLEROS DE CORDOBA),37,6580,Trasplante oseo combinado con protesis,14748,95
OSPECOR (OBRA SOCIAL DE PETROLEROS DE CORDOBA),37,6246,Protesis testicular unilateral,15411,93
OSPECOR (OBRA SOCIAL DE PETROLEROS DE CORDOBA),37,6248,Ptosis palpebral,14534,91
OSPECOR (OBRA SOCIAL DE PETROLEROS DE CORDOBA),37,6247,Ptosis de parpado,15111,92
OSPECOR (OBRA SOCIAL DE PETROLEROS DE CORDOBA),37,8653,Puncion guiada por TAC en quirofano,69398,91
OSPECOR (OBRA SOCIAL DE PETROLEROS DE CORDOBA),37,6260,Puncion de camara anterior para daignosticos,14543,89
OSPECOR (OBRA SOCIAL DE PETROLEROS DE CORDOBA),37,6261,Puncion de derrame escrotal,14544,89
OSPECOR (OBRA SOCIAL DE PETROLEROS DE CORDOBA),37,6265,Puncion del antro mastoideo,14545,90
OSPECOR (OBRA SOCIAL DE PETROLEROS DE CORDOBA),37,6267,Puncion del seno esfenoidal,14547,91
OSPECOR (OBRA SOCIAL DE PETROLEROS DE CORDOBA),37,6270,Puncion trans-fontanoidal,14548,90
OSPECOR (OBRA SOCIAL DE PETROLEROS DE CORDOBA),37,6271,Puncion ventricular por trepanacion,14549,92
OSPECOR (OBRA SOCIAL DE PETROLEROS DE CORDOBA),37,6262,Puncion de ganglio linfatico,15115,89
OSPECOR (OBRA SOCIAL DE PETROLEROS DE CORDOBA),37,6268,Puncion pleural,15361,89
OSPECOR (OBRA SOCIAL DE PETROLEROS DE CORDOBA),37,6263,Puncion de la cavidad pleural para lavaje,15366,91
OSPECOR (OBRA SOCIAL DE PETROLEROS DE CORDOBA),37,6269,Puncion raquidea diagnostica,15528,90
OSPECOR (OBRA SOCIAL DE PETROLEROS DE CORDOBA),37,6275,Queratocentesis,14551,90
OSPECOR (OBRA SOCIAL DE PETROLEROS DE CORDOBA),37,6276,Quiste artro-sinovial,14552,90
OSPECOR (OBRA SOCIAL DE PETROLEROS DE CORDOBA),37,6277,Quiste de cordon,14553,90
OSPECOR (OBRA SOCIAL DE PETROLEROS DE CORDOBA),37,6280,Quiste de ovario,14556,91
OSPECOR (OBRA SOCIAL DE PETROLEROS DE CORDOBA),37,6281,Quiste de pancreas,14557,92
OSPECOR (OBRA SOCIAL DE PETROLEROS DE CORDOBA),37,6282,Quiste de tumor de cuello,14558,92
OSPECOR (OBRA SOCIAL DE PETROLEROS DE CORDOBA),37,6283,Quiste hidatidico de bazo,14559,92
OSPECOR (OBRA SOCIAL DE PETROLEROS DE CORDOBA),37,6284,Quiste hidatidico de higado,14560,93
OSPECOR (OBRA SOCIAL DE PETROLEROS DE CORDOBA),37,6285,Quiste o tumor de mesenterio,14561,92
OSPECOR (OBRA SOCIAL DE PETROLEROS DE CORDOBA),37,6286,Quiste o tumor del hueco popliteo,14562,92
OSPECOR (OBRA SOCIAL DE PETROLEROS DE CORDOBA),37,6399,Reseccion de quiste oseo,14629,90
OSPECOR (OBRA SOCIAL DE PETROLEROS DE CORDOBA),37,6287,Quiste sacro-coccigeo en decubito ventral (ej. quiste pilonidal),15240,91
OSPECOR (OBRA SOCIAL DE PETROLEROS DE CORDOBA),37,6293,Radioterapia de intensidad modulada (IMRT),15120,91
OSPECOR (OBRA SOCIAL DE PETROLEROS DE CORDOBA),37,6294,Radioterapia intraoperatoria,15121,95
OSPECOR (OBRA SOCIAL DE PETROLEROS DE CORDOBA),37,6472,Simulacion de tratamiento para radioterapia,15170,90
OSPECOR (OBRA SOCIAL DE PETROLEROS DE CORDOBA),37,6296,Reanimacion fuera del acto anestesiologico,15122,92
OSPECOR (OBRA SOCIAL DE PETROLEROS DE CORDOBA),37,6298,Recarga de bomba de infusion,15124,90
OSPECOR (OBRA SOCIAL DE PETROLEROS DE CORDOBA),37,6299,Recarga bomba elastomerica,15211,89
OSPECOR (OBRA SOCIAL DE PETROLEROS DE CORDOBA),37,6304,Reconstruccion de las vias biliares,14566,95
OSPECOR (OBRA SOCIAL DE PETROLEROS DE CORDOBA),37,6308,Reconstruccion de pene y/o testiculo,14567,93
OSPECOR (OBRA SOCIAL DE PETROLEROS DE CORDOBA),37,6319,Reconstruccion total de parpado,14570,92
OSPECOR (OBRA SOCIAL DE PETROLEROS DE CORDOBA),37,6300,Reconstruccion de areola y/o pezon,15125,91
OSPECOR (OBRA SOCIAL DE PETROLEROS DE CORDOBA),37,6301,Reconstruccion de cavidad orbitaria,15126,93
OSPECOR (OBRA SOCIAL DE PETROLEROS DE CORDOBA),37,6302,Reconstruccion de conducto auditivo externo,15127,92
OSPECOR (OBRA SOCIAL DE PETROLEROS DE CORDOBA),37,6303,Reconstruccion de la pared abdominal,15128,93
OSPECOR (OBRA SOCIAL DE PETROLEROS DE CORDOBA),37,6305,Reconstruccion de ombligo,15129,90
OSPECOR (OBRA SOCIAL DE PETROLEROS DE CORDOBA),37,6307,Reconstruccion de pene y/o escroto,15131,92
OSPECOR (OBRA SOCIAL DE PETROLEROS DE CORDOBA),37,6288,Reconstruccion de vulva,15132,93
OSPECOR (OBRA SOCIAL DE PETROLEROS DE CORDOBA),37,6313,Reconstruccion nasal parcial,15136,91
OSPECOR (OBRA SOCIAL DE PETROLEROS DE CORDOBA),37,6314,Reconstruccion parcial de orbita o malar,15137,92
OSPECOR (OBRA SOCIAL DE PETROLEROS DE CORDOBA),37,6316,Reconstruccion total de orbita,15139,93
OSPECOR (OBRA SOCIAL DE PETROLEROS DE CORDOBA),37,6404,Reseccion de tumor de orbita con reseccion osea y reconstruccion inmediata,15158,93
OSPECOR (OBRA SOCIAL DE PETROLEROS DE CORDOBA),37,6702,Reseccion de Tumor de Recto,60853,93
OSPECOR (OBRA SOCIAL DE PETROLEROS DE CORDOBA),37,6320,Recto-sigmoidoscopia,14571,89
OSPECOR (OBRA SOCIAL DE PETROLEROS DE CORDOBA),37,6414,Reseccion parcial osea infecciosa o tumoral de columna (corporectomia),14637,94
OSPECOR (OBRA SOCIAL DE PETROLEROS DE CORDOBA),37,6425,Retinopexia y esclerectomia,14646,93
OSPECOR (OBRA SOCIAL DE PETROLEROS DE CORDOBA),37,6451,Salpinguectomia con o sin ooferectomia por videolaproscopia,14666,93
OSPECOR (OBRA SOCIAL DE PETROLEROS DE CORDOBA),37,6610,Trombo-endarterectomia de vasos perifericos,14773,94
OSPECOR (OBRA SOCIAL DE PETROLEROS DE CORDOBA),37,6695,Vitrectomia,14840,94
OSPECOR (OBRA SOCIAL DE PETROLEROS DE CORDOBA),37,6455,Secuestrectomia,15308,93
OSPECOR (OBRA SOCIAL DE PETROLEROS DE CORDOBA),37,6321,Rectoscopia,15332,89
OSPECOR (OBRA SOCIAL DE PETROLEROS DE CORDOBA),37,6637,Tumorectomia,15389,91
OSPECOR (OBRA SOCIAL DE PETROLEROS DE CORDOBA),37,6644,Ureterectomia,15423,91
OSPECOR (OBRA SOCIAL DE PETROLEROS DE CORDOBA),37,6328,Reduccion incruenta cervical o dorsal,14575,92
OSPECOR (OBRA SOCIAL DE PETROLEROS DE CORDOBA),37,6339,Reemplazo total de femur,14583,95
OSPECOR (OBRA SOCIAL DE PETROLEROS DE CORDOBA),37,6340,Reemplazo total de hombro,14584,95
OSPECOR (OBRA SOCIAL DE PETROLEROS DE CORDOBA),37,6341,Reemplazo total de rodilla,14585,95
OSPECOR (OBRA SOCIAL DE PETROLEROS DE CORDOBA),37,6334,Reemplazo bi-valvular,15141,98
OSPECOR (OBRA SOCIAL DE PETROLEROS DE CORDOBA),37,6342,Reemplazo valvular,15143,95
OSPECOR (OBRA SOCIAL DE PETROLEROS DE CORDOBA),37,7535,Reemplazo valvular en hemodinamia ( TAVI),15549,98
OSPECOR (OBRA SOCIAL DE PETROLEROS DE CORDOBA),37,6359,Reintervencion cardiaca dentro de las primeras 24 horas (ejemplo: sangrado),15147,94
OSPECOR (OBRA SOCIAL DE PETROLEROS DE CORDOBA),37,6360,Remodelacion de la boveda craneana (turricefalia / plagiocefalia),14603,95
OSPECOR (OBRA SOCIAL DE PETROLEROS DE CORDOBA),37,6361,"Remodelacion de la boveda craneana (turricefalia, plagioce falia)",15148,95
OSPECOR (OBRA SOCIAL DE PETROLEROS DE CORDOBA),37,6367,Reparacion ligamentaria de rodilla (ligamento laterales y/o cruzados),51397,94
OSPECOR (OBRA SOCIAL DE PETROLEROS DE CORDOBA),37,6365,Reparacion de senos craneales,14607,94
OSPECOR (OBRA SOCIAL DE PETROLEROS DE CORDOBA),37,6368,"Reparacion ligamentaria de tobillo (ligamentos laterales, etc)",14610,93
OSPECOR (OBRA SOCIAL DE PETROLEROS DE CORDOBA),37,6000,Reseccion de Tabique Vaginal por Videolaparoscopia,60852,92
OSPECOR (OBRA SOCIAL DE PETROLEROS DE CORDOBA),37,6372,Reseccion costal,14613,90
OSPECOR (OBRA SOCIAL DE PETROLEROS DE CORDOBA),37,6374,Reseccion cuneiforme de ovario,14614,91
OSPECOR (OBRA SOCIAL DE PETROLEROS DE CORDOBA),37,6380,Reseccion de cuello de vejiga,14616,91
OSPECOR (OBRA SOCIAL DE PETROLEROS DE CORDOBA),37,6385,Reseccion de espolon calcaneo,14619,91
OSPECOR (OBRA SOCIAL DE PETROLEROS DE CORDOBA),37,6386,Reseccion de exostosis,14620,90
OSPECOR (OBRA SOCIAL DE PETROLEROS DE CORDOBA),37,6390,Reseccion de intestino delgado,14623,93
OSPECOR (OBRA SOCIAL DE PETROLEROS DE CORDOBA),37,6394,Reseccion de osteoma del CAE,14625,92
OSPECOR (OBRA SOCIAL DE PETROLEROS DE CORDOBA),37,6395,Reseccion de plexo hipogastrico,14626,92
OSPECOR (OBRA SOCIAL DE PETROLEROS DE CORDOBA),37,6397,Reseccion de plexo hipogastrico por videolaparoscopia,14628,93
OSPECOR (OBRA SOCIAL DE PETROLEROS DE CORDOBA),37,6407,Reseccion del plexo hipogastrico,14631,92
OSPECOR (OBRA SOCIAL DE PETROLEROS DE CORDOBA),37,6411,Reseccion parcial de hueso infeccioso o tumoral,14634,92
OSPECOR (OBRA SOCIAL DE PETROLEROS DE CORDOBA),37,6413,Reseccion parcial de pelvis infecciosa o tumoral,14636,92
OSPECOR (OBRA SOCIAL DE PETROLEROS DE CORDOBA),37,6415,Reseccion submucosa del cornete inferior,14639,91
OSPECOR (OBRA SOCIAL DE PETROLEROS DE CORDOBA),37,6416,Reseccion total de paladar,14640,94
OSPECOR (OBRA SOCIAL DE PETROLEROS DE CORDOBA),37,6419,Reseccion tumoral de nervio periferico,14642,91
OSPECOR (OBRA SOCIAL DE PETROLEROS DE CORDOBA),37,6396,Reseccion de plexo hipogastrico por videolaparoscopia,15154,93
OSPECOR (OBRA SOCIAL DE PETROLEROS DE CORDOBA),37,6398,Reseccion de queloide,15155,91
OSPECOR (OBRA SOCIAL DE PETROLEROS DE CORDOBA),37,6402,Reseccion de tumor de mas de 5 cm,15156,91
OSPECOR (OBRA SOCIAL DE PETROLEROS DE CORDOBA),37,6403,Reseccion de tumor de menos de 5 cm,15157,90
OSPECOR (OBRA SOCIAL DE PETROLEROS DE CORDOBA),37,6381,Reseccion de epiplon,15298,91
OSPECOR (OBRA SOCIAL DE PETROLEROS DE CORDOBA),37,6371,Reseccion pleuro-parietal,15367,93
OSPECOR (OBRA SOCIAL DE PETROLEROS DE CORDOBA),37,6401,Reseccion de tabique vaginal,15402,91
OSPECOR (OBRA SOCIAL DE PETROLEROS DE CORDOBA),37,6417,Reseccion transuretral de prostata (TUR-P),15430,93
OSPECOR (OBRA SOCIAL DE PETROLEROS DE CORDOBA),37,6389,Reseccion de hasta 3 falanges,15459,90
OSPECOR (OBRA SOCIAL DE PETROLEROS DE CORDOBA),37,6392,Reseccion de mas de 3 falanges,15460,91
OSPECOR (OBRA SOCIAL DE PETROLEROS DE CORDOBA),37,6375,Reseccion de cabeza de radio o cubito,15462,91
OSPECOR (OBRA SOCIAL DE PETROLEROS DE CORDOBA),37,6422,Retinografia,14643,89
OSPECOR (OBRA SOCIAL DE PETROLEROS DE CORDOBA),37,6426,Retiro de cables endocavitarios,14647,92
OSPECOR (OBRA SOCIAL DE PETROLEROS DE CORDOBA),37,6427,Retoque de muñon,14648,91
OSPECOR (OBRA SOCIAL DE PETROLEROS DE CORDOBA),37,6428,Retromentonismo no estetico,15162,91
OSPECOR (OBRA SOCIAL DE PETROLEROS DE CORDOBA),37,8539,Internacion. Primera o revision.,69389,90
OSPECOR (OBRA SOCIAL DE PETROLEROS DE CORDOBA),37,6437,Rino-septumplastia,14657,93
OSPECOR (OBRA SOCIAL DE PETROLEROS DE CORDOBA),37,6514,Taponamiento intra-uterino,14711,90
OSPECOR (OBRA SOCIAL DE PETROLEROS DE CORDOBA),37,6606,Tratamiento quirurgico del neurinoma del acustico por via optica,14770,95
OSPECOR (OBRA SOCIAL DE PETROLEROS DE CORDOBA),37,6440,"Rinoplastia simple, no estetica",15165,90
OSPECOR (OBRA SOCIAL DE PETROLEROS DE CORDOBA),37,6442,Rizotomia del ligamento dentado,14658,93
OSPECOR (OBRA SOCIAL DE PETROLEROS DE CORDOBA),37,6443,Rizotomia dorsal selectiva,14659,94
OSPECOR (OBRA SOCIAL DE PETROLEROS DE CORDOBA),37,6444,Rizotomia retrogaseriana estereotaxica por rf,15270,94
OSPECOR (OBRA SOCIAL DE PETROLEROS DE CORDOBA),37,7513,Rizotomia estereotaxica por crioterapia del G de Gasser,15271,98
OSPECOR (OBRA SOCIAL DE PETROLEROS DE CORDOBA),37,6445,Safenectomia externa unilateral,14660,92
OSPECOR (OBRA SOCIAL DE PETROLEROS DE CORDOBA),37,6446,Safenectomia interna unilateral,14661,92
OSPECOR (OBRA SOCIAL DE PETROLEROS DE CORDOBA),37,6449,Salpingolisis / salpingoplastia unilateral,14664,92
OSPECOR (OBRA SOCIAL DE PETROLEROS DE CORDOBA),37,6450,Salpingolisis / salpingoplastia unilateral por videolaparoscopia,14665,93
OSPECOR (OBRA SOCIAL DE PETROLEROS DE CORDOBA),37,6453,Seccion de frenillo lingual,14667,89
OSPECOR (OBRA SOCIAL DE PETROLEROS DE CORDOBA),37,6452,Seccion de aductores con o sin tenotomia,15456,92
OSPECOR (OBRA SOCIAL DE PETROLEROS DE CORDOBA),37,6454,Secuelas de paralisis facial en todas sus formas,15169,92
OSPECOR (OBRA SOCIAL DE PETROLEROS DE CORDOBA),37,6456,Segmentectomia hepatica,14668,95
OSPECOR (OBRA SOCIAL DE PETROLEROS DE CORDOBA),37,6458,Septostomia inter-auricular o ventricular en hemodinamia (tipo Raskind o similares),14670,95
OSPECOR (OBRA SOCIAL DE PETROLEROS DE CORDOBA),37,6461,Shunt porto-sistemico transyugular intra-hepatico (TIPS),14673,95
OSPECOR (OBRA SOCIAL DE PETROLEROS DE CORDOBA),37,6462,Sialografia,14675,89
OSPECOR (OBRA SOCIAL DE PETROLEROS DE CORDOBA),37,6463,Sigmoidectomia,14676,94
OSPECOR (OBRA SOCIAL DE PETROLEROS DE CORDOBA),37,6464,Sigmoidectomia por videolaparoscopia,14677,95
OSPECOR (OBRA SOCIAL DE PETROLEROS DE CORDOBA),37,6465,Simpatectomia abdominal o lumbar,14678,91
OSPECOR (OBRA SOCIAL DE PETROLEROS DE CORDOBA),37,6466,Simpatectomia cervical,14679,92
OSPECOR (OBRA SOCIAL DE PETROLEROS DE CORDOBA),37,6467,Simpatectomia lumbar,14680,91
OSPECOR (OBRA SOCIAL DE PETROLEROS DE CORDOBA),37,6468,Simpatectomia lumbar o toracica (hiper-hidrosis),14681,93
OSPECOR (OBRA SOCIAL DE PETROLEROS DE CORDOBA),37,6470,Simpatectomia periarterial,14683,91
OSPECOR (OBRA SOCIAL DE PETROLEROS DE CORDOBA),37,6471,Simpatectomia toracica,14684,93
OSPECOR (OBRA SOCIAL DE PETROLEROS DE CORDOBA),37,6473,Sindactilia,14685,91
OSPECOR (OBRA SOCIAL DE PETROLEROS DE CORDOBA),37,6474,Sindrome apico-transverso,14686,95
OSPECOR (OBRA SOCIAL DE PETROLEROS DE CORDOBA),37,6476,Sinovectomia,14688,91
OSPECOR (OBRA SOCIAL DE PETROLEROS DE CORDOBA),37,6478,Sinusotomia esfenoidal,14691,92
OSPECOR (OBRA SOCIAL DE PETROLEROS DE CORDOBA),37,6479,Sinusotomia frontal externa (trepanacion del seno frontal),14692,91
OSPECOR (OBRA SOCIAL DE PETROLEROS DE CORDOBA),37,6480,Sinusotomia frontal radical por via externa,14693,92
OSPECOR (OBRA SOCIAL DE PETROLEROS DE CORDOBA),37,6484,Sinusotomias combinadas por via endoscopica,14697,94
OSPECOR (OBRA SOCIAL DE PETROLEROS DE CORDOBA),37,6485,Sinusotomias por via endoscopica,14698,93
OSPECOR (OBRA SOCIAL DE PETROLEROS DE CORDOBA),37,6489,Spect cerebral,15172,91
OSPECOR (OBRA SOCIAL DE PETROLEROS DE CORDOBA),37,8101,Spect cerebral en niños,15531,91
OSPECOR (OBRA SOCIAL DE PETROLEROS DE CORDOBA),37,6490,Suprarrenalectomia laparoscopica unilateral,15385,95
OSPECOR (OBRA SOCIAL DE PETROLEROS DE CORDOBA),37,6491,Sutura de conjuntiva,14701,90
OSPECOR (OBRA SOCIAL DE PETROLEROS DE CORDOBA),37,6494,Sutura de faringe,14702,92
OSPECOR (OBRA SOCIAL DE PETROLEROS DE CORDOBA),37,6497,Sutura de lengua,14705,90
OSPECOR (OBRA SOCIAL DE PETROLEROS DE CORDOBA),37,6498,Sutura de vasos perifericos,14706,92
OSPECOR (OBRA SOCIAL DE PETROLEROS DE CORDOBA),37,6500,Sutura del paladar,14707,90
OSPECOR (OBRA SOCIAL DE PETROLEROS DE CORDOBA),37,6499,Sutura del pabellon auricular,15491,90
OSPECOR (OBRA SOCIAL DE PETROLEROS DE CORDOBA),37,6493,Sutura de encia,15495,90
OSPECOR (OBRA SOCIAL DE PETROLEROS DE CORDOBA),37,6492,Sutura de cornea,15525,91
OSPECOR (OBRA SOCIAL DE PETROLEROS DE CORDOBA),37,6513,Taponaje anterior y/o posterior,14710,89
OSPECOR (OBRA SOCIAL DE PETROLEROS DE CORDOBA),37,6515,Tarsorrafia,15179,90
OSPECOR (OBRA SOCIAL DE PETROLEROS DE CORDOBA),37,6516,Telecanto,15180,92
OSPECOR (OBRA SOCIAL DE PETROLEROS DE CORDOBA),37,6517,Tenolisis (hasta 3 tendones),14712,91
OSPECOR (OBRA SOCIAL DE PETROLEROS DE CORDOBA),37,6518,Tenolisis o tenorrafia (4 o mas tendones),14713,92
OSPECOR (OBRA SOCIAL DE PETROLEROS DE CORDOBA),37,6520,Tenoplastia simple (hasta 3 tendones),14714,92
OSPECOR (OBRA SOCIAL DE PETROLEROS DE CORDOBA),37,6519,Tenoplastia multiple (mas de 3 tendones),15452,93
OSPECOR (OBRA SOCIAL DE PETROLEROS DE CORDOBA),37,6521,Tenorrafia (hasta 3 tendones),14715,91
OSPECOR (OBRA SOCIAL DE PETROLEROS DE CORDOBA),37,6522,Tenorrafia del tendon de aquiles o rotuliano,14716,91
OSPECOR (OBRA SOCIAL DE PETROLEROS DE CORDOBA),37,6524,Tenotomia simple,14717,90
OSPECOR (OBRA SOCIAL DE PETROLEROS DE CORDOBA),37,6523,Tenotomia multiple,15450,91
OSPECOR (OBRA SOCIAL DE PETROLEROS DE CORDOBA),37,6554,Toma de tension ocular,14731,89
OSPECOR (OBRA SOCIAL DE PETROLEROS DE CORDOBA),37,6511,Tens (maximo seis sesiones al mes),15181,89
OSPECOR (OBRA SOCIAL DE PETROLEROS DE CORDOBA),37,8545,Quimioterapia intratecal,69395,94
OSPECOR (OBRA SOCIAL DE PETROLEROS DE CORDOBA),37,6525,Terapia sistemica del dolor postoperatorio ( todo el periodo),15182,90
OSPECOR (OBRA SOCIAL DE PETROLEROS DE CORDOBA),37,6540,Test de duccion forzada y fuerza generada,14718,89
OSPECOR (OBRA SOCIAL DE PETROLEROS DE CORDOBA),37,6539,"Test de Opioide, Baclofren, etc, intratecal",15249,91
OSPECOR (OBRA SOCIAL DE PETROLEROS DE CORDOBA),37,6630,Tumor de testiculo,15409,91
OSPECOR (OBRA SOCIAL DE PETROLEROS DE CORDOBA),37,6541,Timectomia por miastenia gravis,14719,94
OSPECOR (OBRA SOCIAL DE PETROLEROS DE CORDOBA),37,6543,Timpanoplastia,14721,93
OSPECOR (OBRA SOCIAL DE PETROLEROS DE CORDOBA),37,6544,Tiroidectomia por via endoscopica,14722,94
OSPECOR (OBRA SOCIAL DE PETROLEROS DE CORDOBA),37,6545,Tiroidectomia total,14723,93
OSPECOR (OBRA SOCIAL DE PETROLEROS DE CORDOBA),37,6546,Tiroidectomia total con vaciamiento cervical,14724,94
OSPECOR (OBRA SOCIAL DE PETROLEROS DE CORDOBA),37,6547,Tiroidectomia total con vaciamiento cervical por via endoscopica,14725,95
OSPECOR (OBRA SOCIAL DE PETROLEROS DE CORDOBA),37,6548,Toilette quirurgico con debridamiento,14726,90
OSPECOR (OBRA SOCIAL DE PETROLEROS DE CORDOBA),37,6549,Toilette quirurgico de columna,14727,92
OSPECOR (OBRA SOCIAL DE PETROLEROS DE CORDOBA),37,6551,Toillete quirurgica,14728,89
OSPECOR (OBRA SOCIAL DE PETROLEROS DE CORDOBA),37,6555,Tomografia computada de ojo,15521,90
OSPECOR (OBRA SOCIAL DE PETROLEROS DE CORDOBA),37,6556,Toracoplastia,14732,92
OSPECOR (OBRA SOCIAL DE PETROLEROS DE CORDOBA),37,6509,"TAC de torax, con o sin contraste",15177,91
OSPECOR (OBRA SOCIAL DE PETROLEROS DE CORDOBA),37,6558,Torticolis congenita,15486,94
OSPECOR (OBRA SOCIAL DE PETROLEROS DE CORDOBA),37,6561,Traccion esqueletica,15435,89
OSPECOR (OBRA SOCIAL DE PETROLEROS DE CORDOBA),37,6560,Traccion de partes blandas,15453,89
OSPECOR (OBRA SOCIAL DE PETROLEROS DE CORDOBA),37,6562,Tractotomia,15535,94
OSPECOR (OBRA SOCIAL DE PETROLEROS DE CORDOBA),37,6563,Transferencias tendinosas (mas de 3 tendones),14735,93
OSPECOR (OBRA SOCIAL DE PETROLEROS DE CORDOBA),37,6564,Transferencias tendinosas (trasplante y alargamiento) en miembro superior o inferior (hasta 3 tendones),14736,92
OSPECOR (OBRA SOCIAL DE PETROLEROS DE CORDOBA),37,6565,Transposicion de nervio periferico,14737,92
OSPECOR (OBRA SOCIAL DE PETROLEROS DE CORDOBA),37,6566,Transposicion de tendones en miembro superior o miembro inferior,14738,93
OSPECOR (OBRA SOCIAL DE PETROLEROS DE CORDOBA),37,6567,Transposicion del cubital,14739,91
OSPECOR (OBRA SOCIAL DE PETROLEROS DE CORDOBA),37,6568,Traqueoplastia,14740,94
OSPECOR (OBRA SOCIAL DE PETROLEROS DE CORDOBA),37,6569,Traqueorrafia,14742,92
OSPECOR (OBRA SOCIAL DE PETROLEROS DE CORDOBA),37,6571,Traqueostomia o traqueotomia como unica intervencion,14744,91
OSPECOR (OBRA SOCIAL DE PETROLEROS DE CORDOBA),37,6570,Traqueostomia como unica intervencion,15190,91
OSPECOR (OBRA SOCIAL DE PETROLEROS DE CORDOBA),37,6572,Traqueostomia percutanea,15383,91
OSPECOR (OBRA SOCIAL DE PETROLEROS DE CORDOBA),37,6574,Trasplante de corazon y pulmon,14745,108
OSPECOR (OBRA SOCIAL DE PETROLEROS DE CORDOBA),37,6578,Trasplante de pancreas,14746,106
OSPECOR (OBRA SOCIAL DE PETROLEROS DE CORDOBA),37,6579,Trasplante hepatico,14747,107
OSPECOR (OBRA SOCIAL DE PETROLEROS DE CORDOBA),37,6584,Trasplante oseo intercalares,14752,94
OSPECOR (OBRA SOCIAL DE PETROLEROS DE CORDOBA),37,6585,Trasplante oseo osteo-articulares,14753,94
OSPECOR (OBRA SOCIAL DE PETROLEROS DE CORDOBA),37,6586,Trasplante pulmonar,14754,106
OSPECOR (OBRA SOCIAL DE PETROLEROS DE CORDOBA),37,6587,Trasplante renal,14755,96
OSPECOR (OBRA SOCIAL DE PETROLEROS DE CORDOBA),37,6588,Trasplante reno-pancreatico,14756,107
OSPECOR (OBRA SOCIAL DE PETROLEROS DE CORDOBA),37,6589,Trasplante y alargamiento (hasta 3 tendones),14757,92
OSPECOR (OBRA SOCIAL DE PETROLEROS DE CORDOBA),37,6590,Trasplante y alargamiento (mas de 3 tendones),14758,93
OSPECOR (OBRA SOCIAL DE PETROLEROS DE CORDOBA),37,6573,Trasplante de corazon,15191,106
OSPECOR (OBRA SOCIAL DE PETROLEROS DE CORDOBA),37,6575,Trasplante de corazon-pulmon,15192,108
OSPECOR (OBRA SOCIAL DE PETROLEROS DE CORDOBA),37,6576,Trasplante de corazon-riñon,15193,107
OSPECOR (OBRA SOCIAL DE PETROLEROS DE CORDOBA),37,6577,Trasplante de medula osea,15257,92
OSPECOR (OBRA SOCIAL DE PETROLEROS DE CORDOBA),37,6594,Tratamiento de las varices esofagicas (bandas / escleroris / balon),14762,91
OSPECOR (OBRA SOCIAL DE PETROLEROS DE CORDOBA),37,6600,Tratamiento endovascular de arterias uterinas,14767,94
OSPECOR (OBRA SOCIAL DE PETROLEROS DE CORDOBA),37,6607,Tratamiento quirurgico del onfalocele,14771,94
OSPECOR (OBRA SOCIAL DE PETROLEROS DE CORDOBA),37,6608,"Tratamiento sistemico del dolor, por dia de tratamiento",15209,89
OSPECOR (OBRA SOCIAL DE PETROLEROS DE CORDOBA),37,6510,TAC tridimensional,15178,91
OSPECOR (OBRA SOCIAL DE PETROLEROS DE CORDOBA),37,6720,Trombectomia Intracraneal Por Hemodinamia,60871,96
OSPECOR (OBRA SOCIAL DE PETROLEROS DE CORDOBA),37,6609,Trombectomia venosa profunda,14772,93
OSPECOR (OBRA SOCIAL DE PETROLEROS DE CORDOBA),37,6611,Trombosis hemorroidal,14774,90
OSPECOR (OBRA SOCIAL DE PETROLEROS DE CORDOBA),37,6612,Trombosis mesenterica,14775,93
OSPECOR (OBRA SOCIAL DE PETROLEROS DE CORDOBA),37,5752,Extrirpacion de tumor oseo (mas de 5 cm),14170,91
OSPECOR (OBRA SOCIAL DE PETROLEROS DE CORDOBA),37,5753,Extrirpacion de tumor oseo (menos de 5 cm),14171,90
OSPECOR (OBRA SOCIAL DE PETROLEROS DE CORDOBA),37,6613,Tumor benigno de ano,14776,91
OSPECOR (OBRA SOCIAL DE PETROLEROS DE CORDOBA),37,6615,Tumor benigno de vulva,14777,89
OSPECOR (OBRA SOCIAL DE PETROLEROS DE CORDOBA),37,6616,Tumor beningo de vagina,14778,90
OSPECOR (OBRA SOCIAL DE PETROLEROS DE CORDOBA),37,6617,Tumor cerebral intracraneal (mas de 8 horas de duracion),14779,98
OSPECOR (OBRA SOCIAL DE PETROLEROS DE CORDOBA),37,6618,Tumor cerebral intracraneal (menos de 8 horas de duracion),14780,98
OSPECOR (OBRA SOCIAL DE PETROLEROS DE CORDOBA),37,6620,Tumor de fosa posterior (mas de 8 horas de duracion),14782,98
OSPECOR (OBRA SOCIAL DE PETROLEROS DE CORDOBA),37,6621,Tumor de fosa posterior (menos de 8 horas de duracion),14783,98
OSPECOR (OBRA SOCIAL DE PETROLEROS DE CORDOBA),37,6622,Tumor de hipofisis (mas de 8 horas de duracion),14784,98
OSPECOR (OBRA SOCIAL DE PETROLEROS DE CORDOBA),37,6623,Tumor de hipofisis (menos de 8 horas de duracion),14785,98
OSPECOR (OBRA SOCIAL DE PETROLEROS DE CORDOBA),37,6624,Tumor de la pared costal,14786,91
OSPECOR (OBRA SOCIAL DE PETROLEROS DE CORDOBA),37,6625,Tumor de la pared costal por videotoracoscopia,14787,92
OSPECOR (OBRA SOCIAL DE PETROLEROS DE CORDOBA),37,6627,Tumor de ovario,14788,92
OSPECOR (OBRA SOCIAL DE PETROLEROS DE CORDOBA),37,6629,Tumor de partes blandas,14790,90
OSPECOR (OBRA SOCIAL DE PETROLEROS DE CORDOBA),37,6633,Tumor fibroso de pie,14791,90
OSPECOR (OBRA SOCIAL DE PETROLEROS DE CORDOBA),37,6634,Tumor retroperitoneal,14792,94
OSPECOR (OBRA SOCIAL DE PETROLEROS DE CORDOBA),37,6635,Tumor retroperitoneal por videolaparoscopia,14793,95
OSPECOR (OBRA SOCIAL DE PETROLEROS DE CORDOBA),37,6638,Tumores mediastinales a cielo abierto,14794,94
OSPECOR (OBRA SOCIAL DE PETROLEROS DE CORDOBA),37,6639,Tumores mediastinales por toracoscopia,14795,95
OSPECOR (OBRA SOCIAL DE PETROLEROS DE CORDOBA),37,6632,Tumor del hueco supra-clavicular,15196,91
OSPECOR (OBRA SOCIAL DE PETROLEROS DE CORDOBA),37,6636,Tumoracion cardiaca con CEC (tumor de auricula y/o ventriculo; tipo mixoma o similares),15283,98
OSPECOR (OBRA SOCIAL DE PETROLEROS DE CORDOBA),37,6631,Tumor del glomus carotideo,15540,95
OSPECOR (OBRA SOCIAL DE PETROLEROS DE CORDOBA),37,6640,Turbinectomia parcial o completa simple (unica o muliple),14796,92
OSPECOR (OBRA SOCIAL DE PETROLEROS DE CORDOBA),37,6642,Turbinectomia video-endoscopica,14798,93
OSPECOR (OBRA SOCIAL DE PETROLEROS DE CORDOBA),37,6645,Ureterolitotomia,14800,92
OSPECOR (OBRA SOCIAL DE PETROLEROS DE CORDOBA),37,6675,Video cisto-ureteroscopia,14823,90
OSPECOR (OBRA SOCIAL DE PETROLEROS DE CORDOBA),37,6646,Ureteroscopia,15420,89
OSPECOR (OBRA SOCIAL DE PETROLEROS DE CORDOBA),37,6647,Ureterostomia,15424,91
OSPECOR (OBRA SOCIAL DE PETROLEROS DE CORDOBA),37,6648,Uretro-cisto-fibroscopia,14801,90
OSPECOR (OBRA SOCIAL DE PETROLEROS DE CORDOBA),37,6649,Uretrografia,14802,89
OSPECOR (OBRA SOCIAL DE PETROLEROS DE CORDOBA),37,6650,Uretrorrafia,14803,90
OSPECOR (OBRA SOCIAL DE PETROLEROS DE CORDOBA),37,6651,Uretrotomia interna / uretroscopia,14804,89
OSPECOR (OBRA SOCIAL DE PETROLEROS DE CORDOBA),37,5941,Laringuectomia radical con vaciamiento cervical,14311,95
OSPECOR (OBRA SOCIAL DE PETROLEROS DE CORDOBA),37,6655,Vaciamiento inguino-abdominal convencional,14807,93
OSPECOR (OBRA SOCIAL DE PETROLEROS DE CORDOBA),37,6656,Vaciamiento inguino-abdominal o inguino-escrotal por video,14808,94
OSPECOR (OBRA SOCIAL DE PETROLEROS DE CORDOBA),37,6657,Vaciamiento inguino-escrotal convencional,14809,93
OSPECOR (OBRA SOCIAL DE PETROLEROS DE CORDOBA),37,6696,Vulvectomia con vaciamiento ganglionar,14841,94
OSPECOR (OBRA SOCIAL DE PETROLEROS DE CORDOBA),37,6654,Vaciamiento ganglionar lumbo-aortico,15197,94
OSPECOR (OBRA SOCIAL DE PETROLEROS DE CORDOBA),37,6658,Vaciamiento radical unilateral de cuello,15199,93
OSPECOR (OBRA SOCIAL DE PETROLEROS DE CORDOBA),37,6659,Vagotomia / vagotomia selectiva / gastropexia,14811,92
OSPECOR (OBRA SOCIAL DE PETROLEROS DE CORDOBA),37,6660,Vagotomia por videolaparoscopia,14812,93
OSPECOR (OBRA SOCIAL DE PETROLEROS DE CORDOBA),37,6661,Valvuloplastia aortica / pulmonar / tricuspidea / mitral / en hemodinamia,14813,95
OSPECOR (OBRA SOCIAL DE PETROLEROS DE CORDOBA),37,6662,Valvuloplastia mitral / tricuspidea / aortica / pulmonar,15200,95
OSPECOR (OBRA SOCIAL DE PETROLEROS DE CORDOBA),37,7534,Valvuloplastia aortica / pulmonar / tricuspidea / mitral / en hemodinamia en el recien nacido,15548,98
OSPECOR (OBRA SOCIAL DE PETROLEROS DE CORDOBA),37,6663,Vaporizacion prostatica por plasma (TURis) (hiperplasia benigna de prostata),14814,93
OSPECOR (OBRA SOCIAL DE PETROLEROS DE CORDOBA),37,6652,Varicocele,14805,90
OSPECOR (OBRA SOCIAL DE PETROLEROS DE CORDOBA),37,6665,Varicocele pelviano,14816,91
OSPECOR (OBRA SOCIAL DE PETROLEROS DE CORDOBA),37,6666,Vasectomia,15407,91
OSPECOR (OBRA SOCIAL DE PETROLEROS DE CORDOBA),37,6049,Neo-vejiga a cielo abierto,14397,95
OSPECOR (OBRA SOCIAL DE PETROLEROS DE CORDOBA),37,6667,Ventana pleuro-pericardica,14817,94
OSPECOR (OBRA SOCIAL DE PETROLEROS DE CORDOBA),37,6668,Ventana pleuro-pericardica por video,14818,95
OSPECOR (OBRA SOCIAL DE PETROLEROS DE CORDOBA),37,6669,Ventriculo-cisternotomia,14819,94
OSPECOR (OBRA SOCIAL DE PETROLEROS DE CORDOBA),37,6670,Ventriculo-cisternotomia videoasistida,14820,95
OSPECOR (OBRA SOCIAL DE PETROLEROS DE CORDOBA),37,6721,VERTEBROPLASTIA CONVENCIONAL,60872,91
OSPECOR (OBRA SOCIAL DE PETROLEROS DE CORDOBA),37,6671,Vertebroplastia percutanea (1 Vertebra),14821,94
OSPECOR (OBRA SOCIAL DE PETROLEROS DE CORDOBA),37,6672,Vertebroplastia percutanea (2 o mas vertebras),14822,95
OSPECOR (OBRA SOCIAL DE PETROLEROS DE CORDOBA),37,6366,Videoartroscopia Compleja de Rodilla,14608,94
OSPECOR (OBRA SOCIAL DE PETROLEROS DE CORDOBA),37,6676,"Video-artroscopia compleja (hombro, codo, tobillo)",14824,93
OSPECOR (OBRA SOCIAL DE PETROLEROS DE CORDOBA),37,6678,Video-artroscopia de hombro / codo,14827,93
OSPECOR (OBRA SOCIAL DE PETROLEROS DE CORDOBA),37,6679,Video-artroscopia de tobillo,14828,93
OSPECOR (OBRA SOCIAL DE PETROLEROS DE CORDOBA),37,6680,Video-artroscopia simple de rodilla (incluye menisectomia artroscopica de rodilla),14829,93
OSPECOR (OBRA SOCIAL DE PETROLEROS DE CORDOBA),37,6682,Video-cistoscopia,14831,90
OSPECOR (OBRA SOCIAL DE PETROLEROS DE CORDOBA),37,6687,Videobroncofibroscopia,14834,91
OSPECOR (OBRA SOCIAL DE PETROLEROS DE CORDOBA),37,6690,Videolaparoscopia terapeutica,14837,93
OSPECOR (OBRA SOCIAL DE PETROLEROS DE CORDOBA),37,6694,Videotoracoscopia convertida a via convencional,14839,95
OSPECOR (OBRA SOCIAL DE PETROLEROS DE CORDOBA),37,7604,Video artroscopia simple de hombro,15443,92
OSPECOR (OBRA SOCIAL DE PETROLEROS DE CORDOBA),37,7605,Video artroscopia simple de muñeca,15444,92
OSPECOR (OBRA SOCIAL DE PETROLEROS DE CORDOBA),37,7606,Video artroscopia compleja de muñeca,15446,93
OSPECOR (OBRA SOCIAL DE PETROLEROS DE CORDOBA),37,7607,Video artroscopia compleja de hombro,15447,93
OSPECOR (OBRA SOCIAL DE PETROLEROS DE CORDOBA),37,6697,Vulvectomia simple,14842,91
OSPECOR (OBRA SOCIAL DE PETROLEROS DE CORDOBA),37,6698,Yeyunostomia,15325,91
OSPECOR (OBRA SOCIAL DE PETROLEROS DE CORDOBA),37,6202,Pie zambo / varo / equino supinado,14493,92
LA HOLANDO ART,5,6506,"TAC de abdomen, con o sin contraste",69501,91
LA HOLANDO ART,5,5975,"Lipoaspiracion (cadera, muslo, abdomen) (hasta 2 zonas)",70355,93
LA HOLANDO ART,5,5976,"Lipoaspiracion (cadera, muslo, abdomen) (mas de 2 zonas)",70356,94
LA HOLANDO ART,5,5979,Liposuccion de abdomen,70359,93
LA HOLANDO ART,5,6689,Videolaparoscopia exploradora de abdomen,70986,93
LA HOLANDO ART,5,8562,Videolaparoscopia exploradora de abdomen en paciente critico,71150,95
LA HOLANDO ART,5,5002,Abdominoplastia,69541,94
LA HOLANDO ART,5,5003,Ablacion de corazon,69542,98
LA HOLANDO ART,5,5005,Ablacion por radiofrecuencia de arritmias simples (tipo haz de His),69544,98
LA HOLANDO ART,5,5083,Anestesiologo en ablacion de organos,69598,92
LA HOLANDO ART,5,6053,Neuroablacion aferentes articulacion de cadera con Rf.,70424,95
LA HOLANDO ART,5,6187,Patelectomia (ablacion de la rotula),70536,91
LA HOLANDO ART,5,7532,Ablacion por radiofrecuencia de arritmias con navegador de impedancia,71029,98
LA HOLANDO ART,5,8567,Ablacion de tumor por radiofrecuencia,71155,95
LA HOLANDO ART,5,8568,Ablacion osea por radiofrecuencia,71156,94
LA HOLANDO ART,5,8594,Crioablacion para arritmias,71181,95
LA HOLANDO ART,5,5006,Abocamiento del ureter a piel,69545,92
LA HOLANDO ART,5,5481,Lesion local de pulmon (absceso),69436,93
LA HOLANDO ART,5,5542,Drenaje de absceso hepatico guiado por ecografia,69439,92
LA HOLANDO ART,5,5547,Drenaje de absceso y/o quiste pancreatico guiado por ecografia,69440,92
LA HOLANDO ART,5,5009,Absceso de mama / drenaje unilateral,69547,89
LA HOLANDO ART,5,5010,Absceso de pancreas,69548,92
LA HOLANDO ART,5,5011,Absceso de pared,69549,89
LA HOLANDO ART,5,5012,Absceso de parpado,69550,90
LA HOLANDO ART,5,5013,Absceso gluteo,69551,89
LA HOLANDO ART,5,5014,Absceso perianal,69552,89
LA HOLANDO ART,5,5015,Absceso perirectal,69553,91
LA HOLANDO ART,5,5540,Drenaje de absceso de glandula de Bartholino,69976,89
LA HOLANDO ART,5,5541,Drenaje de absceso en cabeza y/o cuello,69977,90
LA HOLANDO ART,5,5543,"Drenaje de absceso o hematoma, excepto en cabeza y cuello",69978,89
LA HOLANDO ART,5,5544,Drenaje de absceso subfrenico,69979,91
LA HOLANDO ART,5,5545,Drenaje de absceso subfrenico por via laparoscopica,69980,93
LA HOLANDO ART,5,5546,Drenaje de absceso testicular,69981,89
LA HOLANDO ART,5,5814,Glosotomia con drenaje de absceso o hematoma,70213,90
LA HOLANDO ART,5,5894,"Incision y drenaje de laringe, absceso, pericondritis, etc.",70289,92
LA HOLANDO ART,5,5896,Incision y drenaje de paladar (absceso),70291,90
LA HOLANDO ART,5,8107,Absceso de higado,71077,92
LA HOLANDO ART,5,8569,Absceso en columna,71157,92
LA HOLANDO ART,5,8652,Drenaje de absceso guiado por TAC/ percutaneo,71236,92
LA HOLANDO ART,5,5016,Acortamiento de metatarsianos,69554,91
LA HOLANDO ART,5,5017,Acromioplastia,69555,92
LA HOLANDO ART,5,6379,"Reseccion de clavicula o acromion, acromioplastia",70718,92
LA HOLANDO ART,5,5018,Acupuntura por sesion,69556,90
LA HOLANDO ART,5,5019,Acupuntura laser o electroacupuntura por sesion maximo 6,69557,91
LA HOLANDO ART,5,5021,Adenomastectomia unilateral,69558,92
LA HOLANDO ART,5,7518,Adhesiolisis radicular segun Raez. No incluye honorarios por analgesia,71017,95
LA HOLANDO ART,5,5023,Adrenalectomia unilateral,69559,94
LA HOLANDO ART,5,5032,Alcoholizacion o fenolizacion peridural cervical / dorsal o lumbar,69403,95
LA HOLANDO ART,5,5036,Alcoholizacion o fenolizacion subaracnoidea cervical / dorsal o lumbar,69404,98
LA HOLANDO ART,5,5024,Alcoholizacion o fenolizacion de dos nervios perifericos,69560,92
LA HOLANDO ART,5,5025,Alcoholizacion o fenolizacion de mas de dos nervios perifericos,69561,93
LA HOLANDO ART,5,5026,Alcoholizacion o fenolizacion de par craneal ( no V par),69562,94
LA HOLANDO ART,5,5028,Alcoholizacion o fenolizacion de rama secundaria de par craneal,69563,93
LA HOLANDO ART,5,5035,Alcoholizacion o fenolizacion rama primaria de V par),69564,95
LA HOLANDO ART,5,5574,Embolizacion o alcoholizacion coronaria,70006,93
LA HOLANDO ART,5,5037,Amigdalectomia y/o adenoidectomia,69565,92
LA HOLANDO ART,5,5038,Amigdalectomia y/o adenoidectomia por radiofrecuencia,69566,93
LA HOLANDO ART,5,5827,Hemorragia post-adeno-amigdalectomia,70225,91
LA HOLANDO ART,5,6400,Reseccion de resto de amigdalectomia y/o resto de adeno-amigdalectomia,70737,91
LA HOLANDO ART,5,7529,Amigdalectomia mas septumplastia mas colocacion de TTT,71026,95
LA HOLANDO ART,5,7530,Amigdalectomia mas septumplastia mas miringoplastia,71027,95
LA HOLANDO ART,5,7609,Amigdalectomia mas septumplastia,71064,94
LA HOLANDO ART,5,7610,Amigdalectomia mas miringoplastia,71065,94
LA HOLANDO ART,5,7611,Amigdalectomia mas colocacion de TTT,71066,94
LA HOLANDO ART,5,5039,Amniocentesis,69567,90
LA HOLANDO ART,5,5043,Amputacion de cuello,69405,91
LA HOLANDO ART,5,5041,Amputacion de antebrazo,69569,95
LA HOLANDO ART,5,5042,Amputacion de brazo,69570,95
LA HOLANDO ART,5,5044,Amputacion de dedo,69571,90
LA HOLANDO ART,5,5045,Amputacion de hasta 2 dedos del pie,69572,90
LA HOLANDO ART,5,5046,Amputacion de mano,69573,95
LA HOLANDO ART,5,5047,Amputacion de mas de 2 dedos del pie,69574,91
LA HOLANDO ART,5,5048,Amputacion de mas de 3 dedos,69575,91
LA HOLANDO ART,5,5049,Amputacion de menos de 3 dedos,69576,91
LA HOLANDO ART,5,5050,"Amputacion de muslo, pie o antepie",69577,92
LA HOLANDO ART,5,5051,Amputacion de oreja,69578,91
LA HOLANDO ART,5,5052,Amputacion de pie,69579,92
LA HOLANDO ART,5,5053,Amputacion de pierna (supracondilea),69580,92
LA HOLANDO ART,5,5054,Amputacion inter-ilio-abdominal,69581,95
LA HOLANDO ART,5,5055,Amputacion inter-ilio-femoral,69582,94
LA HOLANDO ART,5,5056,Amputacion parcial o total de pene,69583,92
LA HOLANDO ART,5,5462,Crioneurolisis de neuroma de amputacion,69912,93
LA HOLANDO ART,5,5997,Mastectomia unilateral (amputacion simple de mama),70373,92
LA HOLANDO ART,5,5057,Analgesia / anestesia raquidea o peridural en periodo expulsivo,69584,92
LA HOLANDO ART,5,5062,Analgesia regional continua c/ 24 hs o fraccion siguiente,69586,90
LA HOLANDO ART,5,5069,Analgesia regional por bloqueo subaracnoideo con fenol o similar,69589,91
LA HOLANDO ART,5,5143,Barbotaje de liquido cefaloraquideo/crioanalgesia,69654,91
LA HOLANDO ART,5,8505,"Analgesia intratecal, controles dias subsiguientes. Por dia (hasta 48 hs)",71095,91
LA HOLANDO ART,5,8506,"Analgesia intratecal, dosis unica, colocacion",71096,91
LA HOLANDO ART,5,8516,"Analgesia sistemica continua, sin PCA, instalacion y puesta en marcha",71106,90
LA HOLANDO ART,5,8533,Control diario de analgesia sistemica sin bomba de infusion por dia,71123,90
LA HOLANDO ART,5,8563,Analgesia peridural. Dosis unica,71151,91
LA HOLANDO ART,5,5071,Anastomosis de conducto deferente - microcirugia,69406,90
LA HOLANDO ART,5,5074,Anastomosis intestinal,69407,92
LA HOLANDO ART,5,5070,Anastomosis bilio-digestiva con o sin colecistectomia,69590,94
LA HOLANDO ART,5,5072,Anastomosis pancreato-digestiva,69591,93
LA HOLANDO ART,5,5073,Anastomosis porto-cava o espleno-renal,69592,98
LA HOLANDO ART,5,5075,Anastomosis uretero-sigmoidea,69593,93
LA HOLANDO ART,5,5358,Coledoco-duodeno-anastomosis,69825,93
LA HOLANDO ART,5,5479,Dacrio-cistorrinoanastomosis,69922,93
LA HOLANDO ART,5,5769,Fistula uretero-vaginal con anastomosis uretero-vesical,70169,94
LA HOLANDO ART,5,5774,Fistula vesico-utero-vaginal con anastomosis uretero-intestinal,70174,94
LA HOLANDO ART,5,5801,Gastroenteroanastomosis,70201,93
LA HOLANDO ART,5,5916,Injerto y/o anastomosis facial / hipogloso o similar,70303,92
LA HOLANDO ART,5,5079,Anestesia para neurotomia (facial / glosofaringeo / neumogastrico),69594,91
LA HOLANDO ART,5,5081,Anestesia para sesion de cobaltoterapia o acelerador,69596,90
LA HOLANDO ART,5,5082,Anestesia para terapia electroconvulsiva,69597,90
LA HOLANDO ART,5,5657,Examen gineco-obstetrico bajo anestesia,70081,89
LA HOLANDO ART,5,5658,Examen ginecologico bajo anestesia,70082,89
LA HOLANDO ART,5,6036,Movilizaciones bajo anestesia general o regional,70407,89
LA HOLANDO ART,5,7550,Tratamiento quirurgico de aneurisma o pseudo-aneurisma humeral o femoral con by-pass y diseccion de la aorta ascente y/o reemplazo de aorta,69524,96
LA HOLANDO ART,5,5084,Aneurisma de la aorta abdominal complicado,69599,96
LA HOLANDO ART,5,5085,Aneurisma de la aorta abdominal no complicado,69600,98
LA HOLANDO ART,5,5086,Aneurisma del cayado de la aorta ascendente o descendente,69601,96
LA HOLANDO ART,5,5087,Aneurisma ventricular,69602,98
LA HOLANDO ART,5,5088,Aneurismas medulares,69603,95
LA HOLANDO ART,5,5089,Aneurismas o malformaciones A-V medulares,69604,95
LA HOLANDO ART,5,5090,Angiografia de control del tratamiento de aneurisma,69605,92
LA HOLANDO ART,5,5302,Cirugia de aneurisma cerebral (mas de 8 horas de duracion),69773,96
LA HOLANDO ART,5,5303,Cirugia de aneurisma cerebral (menos de 8 horas de duracion),69774,98
LA HOLANDO ART,5,5423,Correccion de aneurisma de fistula arterio-venosa,69878,93
LA HOLANDO ART,5,5424,Correccion de aneurisma o pseudo-aneurisma femoral,69879,94
LA HOLANDO ART,5,6592,Tratamiento de aneurisma con coils con o sin colocacion de stent,70900,95
LA HOLANDO ART,5,6595,Tratamiento de pseudoaneurisma con o sin colocacion de stent,70904,95
LA HOLANDO ART,5,6599,Tratamiento endovascular de aneurisma o pseudoaneurisma periferico,70907,95
LA HOLANDO ART,5,7584,Angiodisplasia,71046,92
LA HOLANDO ART,5,5091,Angiografia de vasos de miembros inferior o superior,69606,92
LA HOLANDO ART,5,5092,Angiografia de vasos uterinos,69607,92
LA HOLANDO ART,5,5093,Angiografia del cuello,69608,92
LA HOLANDO ART,5,5094,Angiografia medular,69609,92
LA HOLANDO ART,5,5095,Angioplastia coronaria con o sin colocacion de stent,69610,95
LA HOLANDO ART,5,5096,Angioplastia de mas de un vaso con o sin stent,69611,93
LA HOLANDO ART,5,5097,Angioplastia de un vaso periferico con o sin stent,69612,92
LA HOLANDO ART,5,7536,Angioplastia o remplazo valvular en pacientes con ASA 4,71033,96
LA HOLANDO ART,5,5100,Anquilosis temporo-mandibular bilateral,69615,93
LA HOLANDO ART,5,5101,"Anquilosis temporo-mandibular, unilateral",69616,92
LA HOLANDO ART,5,5102,Antrotomia y atico-antrotomia,69617,92
LA HOLANDO ART,5,5103,Anuloplastia mitral o tricuspidea,69618,98
LA HOLANDO ART,5,7505,Nucleoplastia y / o anuloplastia con Rf. (un disco),71008,98
LA HOLANDO ART,5,8542,Nucleoplastia y / o anuloplastia con Rf. ( 2 o 3 discos),71132,98
LA HOLANDO ART,5,5104,Aortografia por cateterismo,69619,92
LA HOLANDO ART,5,5105,Aortografia por puncion,69620,91
LA HOLANDO ART,5,5106,Apendicectomia por via convencional,69621,92
LA HOLANDO ART,5,5107,Apendicectomia por videolaparoscopia,69622,93
LA HOLANDO ART,5,6707,Apendicectomia convertida,70997,94
LA HOLANDO ART,5,5108,Aplicacion de laser en retina,69623,90
LA HOLANDO ART,5,5517,Diatermia o crioaplicacion escleral,69955,90
LA HOLANDO ART,5,6423,Retinopexia (diatermia y o crioaplicacion),70759,92
LA HOLANDO ART,5,8571,Aplicacion de plasma/ acido hialuronico o similares,71159,94
LA HOLANDO ART,5,5109,Aponeurotomia / fasciotomia cutanea,69624,90
LA HOLANDO ART,5,5264,Cesarea,69737,93
LA HOLANDO ART,5,6289,"RMN (dos areas), con o sin contraste",70632,92
LA HOLANDO ART,5,6290,"RMN (mas de dos areas), con o sin contraste",70633,93
LA HOLANDO ART,5,6291,"RMN (un area), con o sin contraste",70634,91
LA HOLANDO ART,5,6421,Resonancia (un area) con espectroscopia,70757,93
LA HOLANDO ART,5,6507,TAC de cerebro / orbita / cara / cuello (un area) (con o sin contraste),70834,90
LA HOLANDO ART,5,6703,TAC de columna (cada area),70994,91
LA HOLANDO ART,5,5110,Arreglos dentales de mas de 4 piezas (obturacion dentaria),69625,93
LA HOLANDO ART,5,5111,Arreglos dentales hasta 4 piezas (obturacion dentaria),69626,92
LA HOLANDO ART,5,5112,Arteriografia,69627,92
LA HOLANDO ART,5,5113,Arteriografia cerebral por cateterismo,69628,92
LA HOLANDO ART,5,5114,Arteriografia renal,69629,90
LA HOLANDO ART,5,6174,Panarteriografia cerebral,70523,92
LA HOLANDO ART,5,5115,Artrocentesis,69630,89
LA HOLANDO ART,5,5124,Artrodesis de muñeca / tarso / hombro / codo,69408,92
LA HOLANDO ART,5,5116,Artrodesis cervical,69631,95
LA HOLANDO ART,5,5117,Artrodesis de cadera,69632,93
LA HOLANDO ART,5,5118,Artrodesis de hasta tres dedos,69633,91
LA HOLANDO ART,5,5119,Artrodesis de hombro,69634,92
LA HOLANDO ART,5,5120,Artrodesis de mas de 3 dedos en miembro inferior,69635,92
LA HOLANDO ART,5,5121,Artrodesis de mas de tres dedos,69636,92
LA HOLANDO ART,5,5122,Artrodesis de menos de 3 dedos,69637,91
LA HOLANDO ART,5,5123,Artrodesis de menos de 3 dedos en miembro inferior,69638,91
LA HOLANDO ART,5,5125,Artrodesis de pie y tibioastragalina,69639,92
LA HOLANDO ART,5,5126,Artrodesis de rodilla,69640,92
LA HOLANDO ART,5,5127,Artrodesis dinamica de columna (colocacion de espaciadores),69641,98
LA HOLANDO ART,5,5128,Artrodesis instrumentada de columna cervical,69642,98
LA HOLANDO ART,5,5130,Artrodesis tibio-peronea-astragalina o medio tarsiana de Chopart,69644,93
LA HOLANDO ART,5,7500,Artrodesis dorsal lumbar o sacra,71007,95
LA HOLANDO ART,5,8572,Artrodesis percutanea de columna,71160,98
LA HOLANDO ART,5,5131,Artrolisis,69645,90
LA HOLANDO ART,5,5132,Artroplastia (no nomenclada),69409,93
LA HOLANDO ART,5,5135,Artroplastia de un dedo,69646,91
LA HOLANDO ART,5,6581,Trasplante oseo con artroplastias primarias,70889,95
LA HOLANDO ART,5,6583,Trasplante oseo en revision de artroplastias,70891,98
LA HOLANDO ART,5,8616,Hemi-artroplastia de hombro,71203,94
LA HOLANDO ART,5,5136,Artrotomia / exploracion intra-articular,69647,91
LA HOLANDO ART,5,5137,"Aspiracion, lavado e implante de vitreo",69648,92
LA HOLANDO ART,5,5139,Atresia ano-rectal en pediatria / malformaciones congenitas anorectales,69650,95
LA HOLANDO ART,5,5140,Atresia de coanas por via palatina,69651,94
LA HOLANDO ART,5,5141,Atresia de esofago por video-toracoscopia,69652,98
LA HOLANDO ART,5,5142,Auriculotomia,69653,98
LA HOLANDO ART,5,5144,Bermellectomia,69655,90
LA HOLANDO ART,5,5155,Biopsia de higado a cielo abierto,69410,91
LA HOLANDO ART,5,5172,Biopsia o exeresis de ganglio linfatico,69411,90
LA HOLANDO ART,5,5176,Biopsia quirurgica de femur o cadera,69412,91
LA HOLANDO ART,5,5180,Biopsia renal percutanea guiado por ecografia u otro metodo (fuera de quirofano),69413,90
LA HOLANDO ART,5,5718,Extraccion de cuerpo extraño de orbita / exploracion / biopsia / drenaje,69454,91
LA HOLANDO ART,5,6255,Puncion biopsia guiada por TAC (fuera de quirofano),69488,90
LA HOLANDO ART,5,6257,Puncion biopsia guiada por ecografia,69490,91
LA HOLANDO ART,5,5145,"Biopsia (peritoneo, epiplon, etc)",69656,91
LA HOLANDO ART,5,5146,Biopsia costal,69657,89
LA HOLANDO ART,5,5147,Biopsia de Daniels del hueco supraclavicular,69658,91
LA HOLANDO ART,5,5148,Biopsia de encia,69659,90
LA HOLANDO ART,5,5149,Biopsia de endocardio / miocardio en hemodinamia,69660,93
LA HOLANDO ART,5,5150,Biopsia de epididimo,69661,90
LA HOLANDO ART,5,5151,Biopsia de faringe y/o amigdala,69662,90
LA HOLANDO ART,5,5152,Biopsia de ganglios linfaticos de cuello,69663,90
LA HOLANDO ART,5,5153,Biopsia de ganglios linfaticos de la pared toracica,69664,90
LA HOLANDO ART,5,5154,Biopsia de glandula salival,69665,90
LA HOLANDO ART,5,5157,Biopsia de laringe,69666,91
LA HOLANDO ART,5,5158,Biopsia de lesion nasofaringea,69667,90
LA HOLANDO ART,5,5159,Biopsia de mama unilateral,69668,90
LA HOLANDO ART,5,5160,Biopsia de pancreas a cielo abierto,69669,92
LA HOLANDO ART,5,5161,Biopsia de pene,69670,89
LA HOLANDO ART,5,5162,Biopsia de pericardio,69671,93
LA HOLANDO ART,5,5163,Biopsia de piel en cabeza y/o cuello,69672,90
LA HOLANDO ART,5,5164,"Biopsia de piel, excepto en cabeza y cuello",69673,89
LA HOLANDO ART,5,5165,Biopsia de testiculo,69674,90
LA HOLANDO ART,5,5166,Biopsia de vagina,69675,89
LA HOLANDO ART,5,5167,Biopsia de vejiga,69676,90
LA HOLANDO ART,5,5168,Biopsia de vertebra,69677,91
LA HOLANDO ART,5,5169,Biopsia de vulva,69678,89
LA HOLANDO ART,5,5170,Biopsia del paladar,69679,90
LA HOLANDO ART,5,5171,Biopsia muscular,69680,90
LA HOLANDO ART,5,5173,Biopsia o sutura de la boca o mejilla,69681,90
LA HOLANDO ART,5,5174,Biopsia osea a cielo abierto,69682,90
LA HOLANDO ART,5,5175,Biopsia prostatica por puncion,69683,89
LA HOLANDO ART,5,5177,Biopsia quirurgica de hueso (no de femur o cadera),69685,90
LA HOLANDO ART,5,5178,Biopsia radioquirurgica de mama,69686,91
LA HOLANDO ART,5,5179,Biopsia renal percutanea (quirofano),69687,89
LA HOLANDO ART,5,5181,Biopsia traqueal o bronquial,69688,90
LA HOLANDO ART,5,5182,Biopsia y/o cauterizacion de cuello uterino,69689,89
LA HOLANDO ART,5,5405,Colonovideoscopia con o sin biopsia,69864,91
LA HOLANDO ART,5,5552,Drenaje pleural por toracotomia minima y/o biopsia pleural,69986,91
LA HOLANDO ART,5,5676,Exploracion renal con o sin biopsia,70098,91
LA HOLANDO ART,5,5898,Incision y drenaje del CAE y/o biopsia,70293,90
LA HOLANDO ART,5,5899,Incision y drenaje/ biopsia o sutura de labio,70294,89
LA HOLANDO ART,5,6127,Operacion del hueco supraclavicular (tipo biopsia de Daniels),70482,91
LA HOLANDO ART,5,6249,Puncion / biopsia de prostata bajo control ecografico,70594,90
LA HOLANDO ART,5,6252,Puncion biopsia de hueso,70597,89
LA HOLANDO ART,5,6253,Puncion biopsia de tiroides,70598,89
LA HOLANDO ART,5,6254,Puncion biopsia de tiroides a cielo abierto,70599,90
LA HOLANDO ART,5,6258,Puncion biopsia percutanea de bazo o pancreas,70600,90
LA HOLANDO ART,5,6259,Puncion biopsia percutanea de higado,70601,90
LA HOLANDO ART,5,6505,Sutura y/o biopsia de nariz,70833,90
LA HOLANDO ART,5,6557,Toracotomia exploradora amplia y/o biopsia pulmonar,70868,94
LA HOLANDO ART,5,7594,Biopsia Pulmonar o Mediastinal por video-toracoscopia,71055,92
LA HOLANDO ART,5,8576,Biopsia de higado por videolaparoscopia/transyugular en hemodinamia,71164,92
LA HOLANDO ART,5,8595,Criobiopsia pulmonar,71182,94
LA HOLANDO ART,5,8606,Endosonografia endobronquial con o sin biopsia,71193,93
LA HOLANDO ART,5,5183,Blefaroplastia,69690,92
LA HOLANDO ART,5,5184,Blefaroplastia bilateral,69691,93
LA HOLANDO ART,5,5185,"Blefaroplastia simple, no estetica",69692,92
LA HOLANDO ART,5,8103,Blefaroplastia unilateral,71074,92
LA HOLANDO ART,5,5191,Bloqueo de hasta 2 nervios craneales ( no de Gasser) por sesion,69414,93
LA HOLANDO ART,5,5197,Bloqueo diagnostico de la articulacion atlanto-occipital unilateral,69415,92
LA HOLANDO ART,5,6192,Bloqueo de mas de 2 nervios craneales (no de Gasser) por sesion,69486,94
LA HOLANDO ART,5,7778,"Bloqueo regional periferico dosis unica, un solo nervio, ecoguiado.",69529,92
LA HOLANDO ART,5,7779,"Bloqueo regional periferico dosis unica, mas de un nervio , ecoguiado.",69530,93
LA HOLANDO ART,5,7782,"Bloqueo del musculo erector espinal, ecoguiado, dosis unica",69532,92
LA HOLANDO ART,5,7783,"Bloqueo del musculo erector espinal, ecoguiado, continuo. Colocacion de cateter.",69533,93
LA HOLANDO ART,5,5199,"Bloqueo diagnostico diferencial, por sesion",69693,90
LA HOLANDO ART,5,5200,Bloqueo diagnostico ganglio de Walter,69694,93
LA HOLANDO ART,5,5201,Bloqueo diagnostico de Nervio periferico bajo radioscopia,69695,92
LA HOLANDO ART,5,5202,Bloqueo diagnostico de Nervio periferico sin RX,69696,91
LA HOLANDO ART,5,5205,Bloqueo diagnostico o terapeutico de la art. sacro-iliaca unilateral,69697,93
LA HOLANDO ART,5,5215,Bloqueo extra-craneal antalgico,69698,90
LA HOLANDO ART,5,5221,Bloqueo regional Bier con farmacos para diagnostico,69700,91
LA HOLANDO ART,5,7523,Bloqueo del ganglio de Gasser.,71020,94
LA HOLANDO ART,5,7593,Bloqueo nervio frenico para neumotorax recidivante,71054,91
LA HOLANDO ART,5,7786,Bloqueo radicular selectivo cervical/dorsal o lumbar (mas de 2 niveles),71069,95
LA HOLANDO ART,5,7787,Bloqueo radicular selectivo cervical/dorsal o lumbar (hasta 2 niveles),71070,94
LA HOLANDO ART,5,8517,Bloqueo del nervio Occipital Mayor unilateral,71107,93
LA HOLANDO ART,5,8518,Bloqueo diagnostico de cadera/hombro,71108,94
LA HOLANDO ART,5,8519,Bloqueo diagnostico del ganglio estrellado,71109,94
LA HOLANDO ART,5,8520,"Bloqueo facetario cervical, dorsal o lumbar bajo radioscopia",71110,94
LA HOLANDO ART,5,8521,"Bloqueo ganglio simpatico toracico, lumbar, dorsal o hipogastrico superior",71111,95
LA HOLANDO ART,5,8525,Bloqueo paravertebral unilateral,71115,93
LA HOLANDO ART,5,8526,Bloqueo terapeutico de rodilla (N. geniculados) unilateral,71116,93
LA HOLANDO ART,5,8527,Bloqueo transforminal (mas de 1 nivel),71117,93
LA HOLANDO ART,5,8528,Bloqueo transforminal selectivo,71118,92
LA HOLANDO ART,5,8577,"Bloqueo paravertebral, dosi unica",71165,91
LA HOLANDO ART,5,8654,"Bloqueo regional continuo, con colocacion de cateter, eco guiado. Dia 0",71238,93
LA HOLANDO ART,5,5225,Bocio endotoracico,69701,94
LA HOLANDO ART,5,5226,Braquiterapia en cancer de prostata,69702,91
LA HOLANDO ART,5,5227,Braquiterapia ginecologica (colocacion de radium intra-cavitario),69703,91
LA HOLANDO ART,5,5228,Braquiterapia intersticial de cabeza y cuello,69704,91
LA HOLANDO ART,5,5229,Braquiterapia intersticial de partes blandas,69705,91
LA HOLANDO ART,5,5230,Braquiterapia urologica,69706,91
LA HOLANDO ART,5,5232,Broncorrafia,69708,93
LA HOLANDO ART,5,5233,Broncoscopia con broncospio rigido / Dilatacion traqueal,69709,91
LA HOLANDO ART,5,5234,Bursitis,69710,90
LA HOLANDO ART,5,6337,Reemplazo parcial de cadera,69493,94
LA HOLANDO ART,5,5237,Cadera en resorte,69713,93
LA HOLANDO ART,5,5395,Colocacion de tutor externo (excepto de cadera y maxilar),69857,92
LA HOLANDO ART,5,5396,Colocacion de tutor externo de cadera,69858,93
LA HOLANDO ART,5,5536,Displasia de cadera,69972,92
LA HOLANDO ART,5,5731,Extraccion de placas y/o tornillos (no de rodilla ni de cadera),70133,90
LA HOLANDO ART,5,5732,Extraccion de placas y/o tornillos de cadera o rodilla,70134,91
LA HOLANDO ART,5,5735,Extraccion de protesis parcial de cadera,70137,93
LA HOLANDO ART,5,5736,Extraccion de protesis total de cadera,70138,94
LA HOLANDO ART,5,5738,Extraccion de protesis y reemplazo en el mismo acto (rodilla o cadera),70140,95
LA HOLANDO ART,5,5980,Liposuccion de cadera,70360,93
LA HOLANDO ART,5,6150,"Osteosintesis de hombro, rodilla y cadera",70503,93
LA HOLANDO ART,5,6323,Reduccion cruenta de luxacion de cadera,70665,93
LA HOLANDO ART,5,6331,"Reduccion incruenta de luxaciones (hombro, codo, cadera)",70671,90
LA HOLANDO ART,5,6338,Reemplazo total de cadera,70678,95
LA HOLANDO ART,5,6410,Reseccion parcial de cadera,70747,93
LA HOLANDO ART,5,6430,Revision de osteosintesis (no de cadera),70765,93
LA HOLANDO ART,5,6431,Revision de osteosintesis de cadera,70766,94
LA HOLANDO ART,5,6433,Revision de protesis total de cadera,70767,95
LA HOLANDO ART,5,6552,Toillete quirurgico de cadera,70863,92
LA HOLANDO ART,5,6677,Video-artroscopia de cadera,70978,94
LA HOLANDO ART,5,8115,Reduccion incruenta de luxacion de cadera,71085,90
LA HOLANDO ART,5,8118,Reduccion incruenta de luxacion (ejemplo cadera),71088,90
LA HOLANDO ART,5,8552,Revision de protesis parcial de cadera o rodilla,71142,94
LA HOLANDO ART,5,5238,Calcificaciones de hombro,69714,90
LA HOLANDO ART,5,5239,Cambio Implante,69416,94
LA HOLANDO ART,5,10005,Recambio o retirada de bomba de infusion continua,69539,94
LA HOLANDO ART,5,5240,Cambio de generador,69715,92
LA HOLANDO ART,5,6297,Recambio de cateter de derivacion ventriculo-peritoneal,70640,92
LA HOLANDO ART,5,6436,Revision y recambio de protesis de hombro,70770,95
LA HOLANDO ART,5,8578,Cambio de expansor mamario por implante,71166,94
LA HOLANDO ART,5,8579,Cambio de expansor por lipotransferencia,71167,95
LA HOLANDO ART,5,8639,Recambio de traqueostomia,71223,92
LA HOLANDO ART,5,5241,Canalizacion arterial,69716,90
LA HOLANDO ART,5,5243,Canalizacion de via central,69717,90
LA HOLANDO ART,5,5244,Cantotomia externa,69718,90
LA HOLANDO ART,5,5245,Capsulectomia,69719,91
LA HOLANDO ART,5,5246,Capsuloplastia,69720,91
LA HOLANDO ART,5,10002,Capsulotomia,69538,90
LA HOLANDO ART,5,5247,Capsulotomia (cristalino),69721,90
LA HOLANDO ART,5,5248,Cardiomioplastia,69722,98
LA HOLANDO ART,5,5249,Cardiorrafia,69723,95
LA HOLANDO ART,5,5250,Cardioversion electrica de arritmias,69724,91
LA HOLANDO ART,5,5251,Caruncula uretral,69725,89
LA HOLANDO ART,5,5253,Cateterismo cardiaco mas angiocardiografia,69726,92
LA HOLANDO ART,5,5254,Cateterismo cardiaco para toma de presiones y muestras de sangre,69727,91
LA HOLANDO ART,5,5255,Cateterismo de ambas carotidas con o sin colocacion de stents,69728,94
LA HOLANDO ART,5,5256,Cateterismo del ureter,69729,90
LA HOLANDO ART,5,5257,Cateterismo vesical / cistomanometria,69730,91
LA HOLANDO ART,5,8102,Cateterismo cardiaco mas angiocardiografia CA,71073,92
LA HOLANDO ART,5,5258,Cauterizacion del cuello uterino con laser,69731,91
LA HOLANDO ART,5,5259,Cavernostomia,69732,93
LA HOLANDO ART,5,5260,Cavografia toracica o abdominal (colocacion de portacath),69733,91
LA HOLANDO ART,5,6200,Pie Bot / cavo / equino unilateral,70549,93
LA HOLANDO ART,5,7542,"Tetralogia de Fallot, canal atrioventricular, Tubo VD-AP, Anomalia total del retorno venoso pulmonar, Estenosis SubAo, Comisurotomia Ao o Pulmonar, Valvuloplatia Ao o venoso pulmonar, Estenosis SubAo, Comisurotomia Ao o Pulmonar, Valvuloplatia Ao o Pulmonar, Glenn, Cavopulmonar, Cirugia de MAZE, Sindrome de Cimitarra, Rastelli, Senning, Jatene, Cirugia de Ross no en el recien nacido",71038,96
LA HOLANDO ART,5,5261,Cecostomia,69734,92
LA HOLANDO ART,5,5262,Centellograma oseo radio-isotopico,69735,90
LA HOLANDO ART,5,5263,Cerclaje (correccion de incontinencia cervical),69736,90
LA HOLANDO ART,5,8108,Colpopexia / cerclaje,71078,91
LA HOLANDO ART,5,5712,Extraccion de cuerpo extraño de cerebro,69448,94
LA HOLANDO ART,5,5884,Implante de material radioactivo en cerebro,70281,98
LA HOLANDO ART,5,5266,Chalazion,69739,91
LA HOLANDO ART,5,6376,Reseccion de cicatriz grande / zetaplastia,69495,92
LA HOLANDO ART,5,5267,Cicatriz retractil de cuello / reseccion e injerto,69740,92
LA HOLANDO ART,5,6377,Reseccion de cicatriz retractil en cuello con o sin injerto,70715,93
LA HOLANDO ART,5,6378,Reseccion de cicatriz simple,70716,90
LA HOLANDO ART,5,5268,Cierre de Hartmann,69741,93
LA HOLANDO ART,5,5269,Cierre de Hartmann por videolaparoscopia,69742,94
LA HOLANDO ART,5,5270,Cierre de colostomia,69743,92
LA HOLANDO ART,5,5271,Cierre de defectos septales adquiridos,69744,98
LA HOLANDO ART,5,5272,Cierre de defectos septales con dispositivos de tipo Amplatzer,69745,98
LA HOLANDO ART,5,5273,Cierre de defectos septales congenitos simples en hemodinamia,69746,95
LA HOLANDO ART,5,5274,Cierre de ductus arterioso permeable con coils o similar en hemodinamia,69747,98
LA HOLANDO ART,5,5275,Cierre de faringostomia,69748,92
LA HOLANDO ART,5,5276,Cierre de fistula arterio-venosa de hemodialisis,69749,91
LA HOLANDO ART,5,5277,Cierre de fistula branquial y/o quiste branquial o vestigio,69750,92
LA HOLANDO ART,5,5278,Cierre de fistula bronco-cutanea,69751,92
LA HOLANDO ART,5,5279,Cierre de fistula esofago-cutanea,69752,94
LA HOLANDO ART,5,5280,Cierre de fistula externa de boca,69753,91
LA HOLANDO ART,5,5281,Cierre de fistula mastoidea,69754,92
LA HOLANDO ART,5,5282,Cierre de fistula meningea por via transinusal,69755,93
LA HOLANDO ART,5,5283,Cierre de fistula oral del seno maxilar (buco-antral),69756,92
LA HOLANDO ART,5,5284,Cierre de fistula traqueo-esofagica,69757,94
LA HOLANDO ART,5,5285,Cierre de fistula uretro-rectal,69758,92
LA HOLANDO ART,5,5286,Cierre de gastrostomia,69759,92
LA HOLANDO ART,5,5287,Cierre de grandes defectos con combinacion de varios colgajos,69760,93
LA HOLANDO ART,5,5288,Cierre de ileostomia,69761,92
LA HOLANDO ART,5,5289,Cierre de traqueostomia,69762,90
LA HOLANDO ART,5,5290,Cierre diferido de torax posterior a cirugia cardiaca,69763,95
LA HOLANDO ART,5,5334,Cirugias de cardiopatias congenitas simples (cierre de defectos septales),69801,98
LA HOLANDO ART,5,5637,Estafilorrafia (cierre del paladar blando),70066,91
LA HOLANDO ART,5,6614,Tumor benigno de mas de 5 cm / extirpacion y cierre plastico,70919,91
LA HOLANDO ART,5,6643,ulcera perforada / gastrorrafia/ herida perforada / cierre de fistula gastrica,70947,93
LA HOLANDO ART,5,8580,Cierre de orejuela en auricula,71168,98
LA HOLANDO ART,5,5291,Circuncision,69764,91
LA HOLANDO ART,5,7000,Cirugia Suspendida,71255,89
LA HOLANDO ART,5,5332,Cirugia artroscopica de hombro (cirugia de Bankart artroscopica y similar),69417,94
LA HOLANDO ART,5,5887,Implante mamario o expansor en cirugia reconstructiva/ oncologica,69468,94
LA HOLANDO ART,5,6020,Microcirugia de la via espermal /conducto deferente,69476,98
LA HOLANDO ART,5,7538,cirugia de Co Ao,69523,98
LA HOLANDO ART,5,5292,Cirugia antireflujo esofagico (Nissen) a cielo abierto,69765,93
LA HOLANDO ART,5,5293,Cirugia artroscopica de hombro (cirugia de Bankart artroscopica y similares),69766,94
LA HOLANDO ART,5,5297,Cirugia coronaria o valvular por mini-toracotomia,69769,96
LA HOLANDO ART,5,5298,Cirugia de Bricker (cistectomia radical + reemplazo vesical con asa ileal),69770,96
LA HOLANDO ART,5,5300,Cirugia de Norwood,69771,96
LA HOLANDO ART,5,5301,Cirugia de agenesia del CAE,69772,92
LA HOLANDO ART,5,5304,Cirugia de by-pass aorto-coronario,69775,98
LA HOLANDO ART,5,5305,Cirugia de columna por videofibroscopia,69776,98
LA HOLANDO ART,5,5306,Cirugia de craneo video-asistida (mas de 8 horas de duracion),69777,96
LA HOLANDO ART,5,5307,Cirugia de craneo video-asistida (menos de 8 horas de duracion),69778,98
LA HOLANDO ART,5,5308,"Cirugia de la 1ra porcion del nervio facial, el nervio auditivo o el vestibular",69779,94
LA HOLANDO ART,5,5309,Cirugia de la 2da y 3ra porcion del nervio facial,69780,94
LA HOLANDO ART,5,5310,Cirugia de la carotida,69781,95
LA HOLANDO ART,5,5311,"Cirugia de la fosa pterigo-maxilar (exploracion, escision de tumores, etc)",69782,93
LA HOLANDO ART,5,5312,Cirugia de la obesidad (by-pass gastrico) a cielo abierto,69783,95
LA HOLANDO ART,5,5313,Cirugia de la obesidad (by-pass gastrico) por video,69784,98
LA HOLANDO ART,5,5314,Cirugia de la obesidad (manga gastrica) por video,69785,95
LA HOLANDO ART,5,5315,Cirugia de la vena cava,69786,95
LA HOLANDO ART,5,5316,Cirugia de las arritmias / colocacion de cardio-desfibrilador endocavitario,69787,98
LA HOLANDO ART,5,5317,Cirugia de las ramas de la aorta abdominal,69788,95
LA HOLANDO ART,5,5318,Cirugia de los grandes troncos arterio-venosos del torax,69789,95
LA HOLANDO ART,5,5319,Cirugia de tumores etmoidales,69790,93
LA HOLANDO ART,5,5320,Cirugia del conducto auditivo interno y su contenido,69791,94
LA HOLANDO ART,5,5321,Cirugia del glomus yugularis,69792,94
LA HOLANDO ART,5,5322,Cirugia del saco endolinfatico,69793,93
LA HOLANDO ART,5,5323,Cirugia endoscopica de tejido linfoideo rino-faringeo,69794,92
LA HOLANDO ART,5,5326,Cirugia plastica por agenesia del oido medio,69797,94
LA HOLANDO ART,5,5327,Cirugia reductiva bilateral de mama,69798,98
LA HOLANDO ART,5,5330,Cirugia vasculo-renal,69799,93
LA HOLANDO ART,5,5336,Cirugias intra-uterinas a cielo abierto o por puncion,69803,96
LA HOLANDO ART,5,5368,Colgajos libres con micro-cirugia vascular,69833,94
LA HOLANDO ART,5,5497,Dermolipectomia post-cirugia bariatrica,69938,94
LA HOLANDO ART,5,5756,Facoexeresis con implante de lente intraocular (cirugia de cataratas),70157,93
LA HOLANDO ART,5,5816,Gran cirugia reconstructora de mano,70215,95
LA HOLANDO ART,5,5850,Cirugia antireflujo esofagico por video (hernia hiatal laparoscopica),70248,94
LA HOLANDO ART,5,5999,Mastomegalia / cirugia reductora no estetica unilateral,70375,94
LA HOLANDO ART,5,6021,Microcirugia de laringe,70393,93
LA HOLANDO ART,5,6022,Microcirugia tubaria unilateral,70394,93
LA HOLANDO ART,5,6023,Microcirugia tubaria unilateral por videolaparoscopia,70395,95
LA HOLANDO ART,5,6292,Radioneurocirugia esterotaxica,70635,95
LA HOLANDO ART,5,6344,Reemplazo bi-valvular con cirugia de revascularizacion,70683,106
LA HOLANDO ART,5,6350,Reimplante de miembros o dedos por microcirugia,70690,98
LA HOLANDO ART,5,6351,Reimplante de oreja con microcirugia vascular,70691,94
LA HOLANDO ART,5,6352,Reimplante total o parcial de miembro con microcirugia,70692,98
LA HOLANDO ART,5,6664,Varices residuales (microcirugia),70968,92
LA HOLANDO ART,5,6701,Cirugia de adecuacion de sexo,70992,106
LA HOLANDO ART,5,6704,Cirugia de BAHAS,70995,94
LA HOLANDO ART,5,7537,Cirugia de by- pass aorto- coronaria sin CEC,71034,98
LA HOLANDO ART,5,8529,Cirugia tricompartimental de piso pelvico,71119,95
LA HOLANDO ART,5,8583,Cirugia de MIS,71171,93
LA HOLANDO ART,5,8584,Cirugia de masculinizacion: mastectomia + reconstruccion de torax,71172,98
LA HOLANDO ART,5,8585,"Cirugia de reduccion de volumen pulmonar (EPOC, enfisema)",71173,99
LA HOLANDO ART,5,8586,Cirugia de by-pass mamario-coronario,71174,98
LA HOLANDO ART,5,8587,Cirugia laparoscopica de ligamento arcuato,71175,95
LA HOLANDO ART,5,8588,Cirugia ortognatica,71176,107
LA HOLANDO ART,5,8631,Neurocirugia con paciente despierto,71215,99
LA HOLANDO ART,5,8651,Revision de cirugia de ligamentos,71235,93
LA HOLANDO ART,5,5339,Cistectomia parcial o total laparoscopica,69418,95
LA HOLANDO ART,5,5337,Cistectomia parcial,69804,93
LA HOLANDO ART,5,5338,Cistectomia parcial con reimplante de ureter,69805,93
LA HOLANDO ART,5,5340,Cistectomia total,69807,94
LA HOLANDO ART,5,5347,Colecistectomia por videolaparoscopia,69814,93
LA HOLANDO ART,5,5348,Colecistectomia por videolaparoscopia convertida,69815,94
LA HOLANDO ART,5,5349,Colecistectomia simple,69816,92
LA HOLANDO ART,5,5554,Duodeno-papilotomia con o sin colecistectomia,69988,93
LA HOLANDO ART,5,5671,Exploracion de las vias biliares por laparoscopia con o sin colecistectomia,70093,94
LA HOLANDO ART,5,5672,Exploracion de vias biliares con o sin colecistectomia,70094,94
LA HOLANDO ART,5,5673,Exploracion de vias biliares por via laparoscopica con o sin colecistectomia,70095,94
LA HOLANDO ART,5,6044,Nefro-ureterectomia con o sin cistectomia parcial,70415,95
LA HOLANDO ART,5,5341,Cistoplastia,69808,93
LA HOLANDO ART,5,5342,Cistorrafia,69809,90
LA HOLANDO ART,5,6709,Cistorrafia por videolaparoscopia,70999,92
LA HOLANDO ART,5,5343,Cistostomia (talla vesical),69810,90
LA HOLANDO ART,5,5350,Colecistostomia,69817,92
LA HOLANDO ART,5,5351,Colecistostomia percutanea,69818,91
LA HOLANDO ART,5,5612,Escision o electrocoagulacion de amigdala lingual,70042,90
LA HOLANDO ART,5,5784,Fotocoagulacion de retina,70184,90
LA HOLANDO ART,5,6409,Reseccion endoscopica de vejiga por electrocoagulacion (TUR-V),70746,92
LA HOLANDO ART,5,7583,Coagulacion de angiodisplacias con argon plasma,71045,92
LA HOLANDO ART,5,5344,Coartacion de aorta con CEC (CEC: circulacion extra-corporea),69811,98
LA HOLANDO ART,5,5345,Coartacion de aorta sin CEC (CEC: circulacion extra-corporea),69812,98
LA HOLANDO ART,5,5426,Correccion de coartacion de aorta en hemodinamia,69881,98
LA HOLANDO ART,5,5346,Cobalto-terapia,69813,92
LA HOLANDO ART,5,5352,Colectomia o hemicolectomia abdomino -pelvica (operacion de Miles),69819,95
LA HOLANDO ART,5,5353,Colectomia total,69820,95
LA HOLANDO ART,5,5354,Colectomia total por videolaparoscopia,69821,96
LA HOLANDO ART,5,5355,Colectomia transversa segmentaria (operacion de Hartmann),69822,94
LA HOLANDO ART,5,5823,Hemicolectomia,70221,94
LA HOLANDO ART,5,5824,Hemicolectomia por videolaparoscopia,70222,95
LA HOLANDO ART,5,5359,Coledocotomia,69419,92
LA HOLANDO ART,5,6542,Timpano-mastoidectomia/Colesteatoma/granuloma,69505,94
LA HOLANDO ART,5,5361,Colgajo alejado,69826,92
LA HOLANDO ART,5,5362,Colgajo de vecindad,69827,91
LA HOLANDO ART,5,5363,Colgajo de vecindad o a la distancia para reconstruccion total de labio,69828,93
LA HOLANDO ART,5,5364,Colgajo diferido,69829,91
LA HOLANDO ART,5,5365,"Colgajo en isla, reparacion de ceja",69830,91
LA HOLANDO ART,5,5366,Colgajo miocutaneo,69831,92
LA HOLANDO ART,5,5367,Colgajo para reconstruccion parcial de labio,69832,91
LA HOLANDO ART,5,5914,Injerto o colgajo de piel de dedos (hasta 3),70301,90
LA HOLANDO ART,5,5915,Injerto o colgajo de piel de dedos (mas de 3),70302,91
LA HOLANDO ART,5,6306,reconstruccion de oreja parcial o total mediante colgajos y o injertos,70648,92
LA HOLANDO ART,5,6309,Reconstruccion diferida de piramide nasal con colgajo,70651,92
LA HOLANDO ART,5,6311,Reconstruccion mamaria con colgajo cutaneo o miocutaneo,70653,95
LA HOLANDO ART,5,6315,Reconstruccion total de nariz mediante colgajos,70657,93
LA HOLANDO ART,5,6318,Reconstruccion total de paladar inmediata con injerto o colgajo,70660,95
LA HOLANDO ART,5,6626,"Tumor de labio superior e inferior, con o sin colgajos",70930,94
LA HOLANDO ART,5,5369,"Coloboma de parpado, reconstruccion simple",69834,90
LA HOLANDO ART,5,5678,Extirpacion de apendices pre-auriculares (coloboma auris),70100,90
LA HOLANDO ART,5,5391,Colocacion de stent en la via biliar por endoscopia/extraccion de stent,69421,92
LA HOLANDO ART,5,5400,"Colocacion de yeso/ferula de antebrazo, braquipalmar, pierna o pedico",69423,89
LA HOLANDO ART,5,5404,Colocacion y extraccion de yesos/ ferula,69424,89
LA HOLANDO ART,5,5370,Colocacion de expansor mamario,69835,93
LA HOLANDO ART,5,5371,"Colocacion de VAC (vacum, por ejemplo en rodilla)",69836,90
LA HOLANDO ART,5,5373,Colocacion de cateter intra-hepatico para quimioterapia,69837,92
LA HOLANDO ART,5,5374,Colocacion de cateter para medicion de PIC (PIC: presion intra-craneal),69838,93
LA HOLANDO ART,5,5375,Colocacion de coils en vasculatura toracica o abdominal,69839,95
LA HOLANDO ART,5,5376,Colocacion de desfibrilador interno,69840,94
LA HOLANDO ART,5,5377,Colocacion de endoprotesis de aorta en hemodinamia,69841,98
LA HOLANDO ART,5,5378,Colocacion de endoprotesis en arterias o venas toracicas o abdominales,69842,96
LA HOLANDO ART,5,5379,Colocacion de esfinter artificial,69843,92
LA HOLANDO ART,5,5380,Colocacion de filtros en la vena cava,69844,93
LA HOLANDO ART,5,5381,Colocacion de marcapaso endocavitario,69845,92
LA HOLANDO ART,5,5382,Colocacion de marcapaso epicardico,69846,93
LA HOLANDO ART,5,5383,Colocacion de protesis / stent esofagico,69847,91
LA HOLANDO ART,5,5384,Colocacion de protesis cervical / dorsal / o lumbar,69848,95
LA HOLANDO ART,5,5385,Colocacion de radium intra-cavitario,69849,91
LA HOLANDO ART,5,5386,Colocacion de semillas radioactivas transrectal,69850,92
LA HOLANDO ART,5,5387,Colocacion de sonda de alimentacion por endoscopia,69851,90
LA HOLANDO ART,5,5388,Colocacion de stent colonico,69852,91
LA HOLANDO ART,5,5389,Colocacion de stent en duodeno por endoscopia,69853,91
LA HOLANDO ART,5,5392,Colocacion de stent traqueal o bronquial,69854,93
LA HOLANDO ART,5,5393,Colocacion de taponaje vesical,69855,90
LA HOLANDO ART,5,5394,Colocacion de tips para cirrosis,69856,92
LA HOLANDO ART,5,5397,Colocacion de tutor externo maxilar,69859,93
LA HOLANDO ART,5,5402,Colocacion o extraccion de balon gastrico en obesidad (gastroenterologia),69862,92
LA HOLANDO ART,5,5477,"DIU, colocacion o extraccion",69920,89
LA HOLANDO ART,5,5522,Dilatacion de traquea y/o colocacion de stent bronquial,69960,93
LA HOLANDO ART,5,5523,Dilatacion del ureter + colocacion de pig-tail,69961,91
LA HOLANDO ART,5,5804,Gastrostomia (colocacion / extraccion y/o recolocacion) (tipo boton gastrico),70203,91
LA HOLANDO ART,5,6363,Reparacion de hernia con colocacion de malla de tipo Marlex o similares,70703,92
LA HOLANDO ART,5,7531,Colocacion de protesis,71028,98
LA HOLANDO ART,5,7552,Mastectomia bilateral con colocacion de protesis,71040,98
LA HOLANDO ART,5,7585,Colocacion de balon intragastrico,71047,92
LA HOLANDO ART,5,8111,Colocacion de cateter doble “J” (tipo pig-tail o similares),71081,91
LA HOLANDO ART,5,8113,Colocacion de cateter de pig-tail,71083,91
LA HOLANDO ART,5,8591,Colocacion de electrodos sub-corticales,71178,95
LA HOLANDO ART,5,8592,"Colocacion de sustancia botulinica, por sesion",71179,92
LA HOLANDO ART,5,8593,"Colocacion de sustancia botulinica/BCG/ac hialuronico, por sesion",71180,92
LA HOLANDO ART,5,7581,Colonoscopia con polipectomia con clips o Mucosectomia,71043,93
LA HOLANDO ART,5,5406,Colonovideoscopia con polipectomia,69865,92
LA HOLANDO ART,5,5407,Colpoperineorrafia anterior y/o posterior,69866,92
LA HOLANDO ART,5,5870,Histerectomia vaginal con o sin colpoperineorrafia,70270,93
LA HOLANDO ART,5,5409,Colpopexia con malla de Sling o similares,69867,92
LA HOLANDO ART,5,5410,Colpotomia / lesion local de vagina,69868,89
LA HOLANDO ART,5,5411,Comisuroplastia,69869,90
LA HOLANDO ART,5,5412,Condilomas acuminados (fulguracion),69870,89
LA HOLANDO ART,5,5414,Conizacion de cuello uterino o leep,69872,90
LA HOLANDO ART,5,5415,Conjuntivoplastia,69873,92
LA HOLANDO ART,5,5419,Conversion electrica de arritmias cardiacas,69874,90
LA HOLANDO ART,5,5420,Cordocentesis (transfusion intra-uterina),69875,91
LA HOLANDO ART,5,5421,Cordotomia,69876,94
LA HOLANDO ART,5,5422,Correccion de adherencias vaginales,69877,90
LA HOLANDO ART,5,5425,Correccion de cistocele,69880,91
LA HOLANDO ART,5,5427,Correccion de diastasis de los rectos,69882,91
LA HOLANDO ART,5,5429,Correccion de fistula congenita de cuello,69884,91
LA HOLANDO ART,5,5430,Correccion de fistula recto-uterina o vesico-uterina,69885,93
LA HOLANDO ART,5,5431,Correccion de fistula recto-vaginal,69886,92
LA HOLANDO ART,5,5432,Correccion de fistula recto-vaginal + reconstruccion del esfinter anal,69887,93
LA HOLANDO ART,5,5433,Correccion de fistula vesico-vaginal,69888,92
LA HOLANDO ART,5,5435,Correccion de incontinencia de orina con malla de tipo Sling,69890,92
LA HOLANDO ART,5,5436,Correccion de incontinencia de orina por video,69891,93
LA HOLANDO ART,5,5437,Correccion de incontinencia de orina por video-laparoscopia,69892,93
LA HOLANDO ART,5,5438,Correccion de inversion uterina,69893,90
LA HOLANDO ART,5,5439,Correccion de malformaciones uterinas,69894,94
LA HOLANDO ART,5,5440,Correccion de reflujo vesico-ureteral (RVU),69895,92
LA HOLANDO ART,5,5441,Correccion de tunel carpiano,69896,91
LA HOLANDO ART,5,5442,Correccion de tunel carpiano por videoartroscopia,69897,92
LA HOLANDO ART,5,5445,Correccion quirurgica de acalasia,69900,93
LA HOLANDO ART,5,5447,Correccion quirurgica del sindrome del tunel carpiano,69902,91
LA HOLANDO ART,5,5704,Extraccion de barra post-correccion de pectus excavatum,70124,92
LA HOLANDO ART,5,5448,"Corticoides epidurales, por sesion",69903,91
LA HOLANDO ART,5,8535,Infiltracion con corticoides/ A. locales/ Aines en puntos gatillos (hasta 5),71125,90
LA HOLANDO ART,5,8536,Infiltracion con corticoides/ A. locales/ Aines en puntos gatillos (mas de 5),71126,91
LA HOLANDO ART,5,5449,Corticoterapia foraminal cervical guiada por imagenes,69425,95
LA HOLANDO ART,5,5450,Corticoterapia foraminal dorsal o lumbar guiada por imagenes ( hasta 2),69426,93
LA HOLANDO ART,5,5451,"Corticoterapia peridural (dorsal, lumbar o caudal) sin control por imagen",69427,92
LA HOLANDO ART,5,5452,"Corticoterapia peridural (dorsal, lumbar o caudal) con control por imagen",69429,93
LA HOLANDO ART,5,6164,"Osteotomia craneo-facial con tiempo neuroquirurgico (Crouzon, Apert, etc.)",69484,98
LA HOLANDO ART,5,5454,Craneoestenosis / craneosinostosis,69905,95
LA HOLANDO ART,5,5455,Craneoplastia,69907,94
LA HOLANDO ART,5,5456,Craneotomia exploradora,69908,93
LA HOLANDO ART,5,5952,Lesion tumoral de los huesos del craneo,70335,92
LA HOLANDO ART,5,6165,"Osteotomia craneo-facial sin tiempo neuroquirurgico (Crouzon, Apert, etc.)",70514,95
LA HOLANDO ART,5,6325,Reduccion de fractura expuesta de craneo,70667,93
LA HOLANDO ART,5,5457,"Cricotomia, laringorrafia, como unica operacion",69909,92
LA HOLANDO ART,5,5458,Crioneurolisis de la art. sacro-iliaca unilateral,69430,94
LA HOLANDO ART,5,5463,Crioneurolisis de neuroma post-quirurgico,69431,93
LA HOLANDO ART,5,5460,Crioneurolisis de nervio facetario (hasta 2 nervios),69910,94
LA HOLANDO ART,5,5461,Crioneurolisis de nervio facetario (mas de 2 nervios),69911,95
LA HOLANDO ART,5,5464,Criptorquidea,69913,91
LA HOLANDO ART,5,5465,Criptorquidea u orquidopexia por video-laparoscopia,69914,92
LA HOLANDO ART,5,5466,Criptorquidea u orquidopexia por videolaparoscopia,69915,92
LA HOLANDO ART,5,5470,Cuadrantectomia unilateral,69916,92
LA HOLANDO ART,5,7596,Cuadrantectomia / tumorectomia ( mas ganglio centinela),71057,92
LA HOLANDO ART,5,7597,Cuadrantectomia / tumorectomia (mas vaciamiento axilar),71058,93
LA HOLANDO ART,5,5471,Cuerpo extraño / bolo fecal,69432,90
LA HOLANDO ART,5,5472,Cuerpo extraño de pared,69433,90
LA HOLANDO ART,5,5473,Cuerpo extraño de tobillo,69434,89
LA HOLANDO ART,5,5616,Esclerotomia con extraccion de cuerpo extraño intraocular,69443,92
LA HOLANDO ART,5,5713,Extraccion de cuerpo extraño de faringe / esofago / estomago,69449,91
LA HOLANDO ART,5,5714,Extraccion de cuerpo extraño de fosa nasal,69450,90
LA HOLANDO ART,5,5715,"Extraccion de cuerpo extraño de las vias aereas (traquea, bronquios)",69451,92
LA HOLANDO ART,5,5716,Extraccion de cuerpo extraño de lengua,69452,90
LA HOLANDO ART,5,5717,Extraccion de cuerpo extraño de mano,69453,90
LA HOLANDO ART,5,5719,Extraccion de cuerpo extraño de pie,69455,91
LA HOLANDO ART,5,5720,Extraccion de cuerpo extraño de traquea o bronquio,69456,92
LA HOLANDO ART,5,5721,Extraccion de cuerpo extraño del conducto auditivo externo (CAE),69457,89
LA HOLANDO ART,5,5722,Extraccion de cuerpo extraño en faringe / esofago / estomago / duodeno,69458,91
LA HOLANDO ART,5,5723,Extraccion de cuerpo extraño endoocular,69459,92
LA HOLANDO ART,5,5724,Extraccion de cuerpo extraño profundo,69460,91
LA HOLANDO ART,5,5725,Extraccion de cuerpo extraño profundo de cuello,69461,91
LA HOLANDO ART,5,5726,Extraccion de cuerpo extraño superficial (conjuntiva),69462,90
LA HOLANDO ART,5,5727,"Extraccion de cuerpo extraño, exploracion de drenajes",69463,90
LA HOLANDO ART,5,6508,"TAC de cuerpo entero, con o sin contraste",70835,92
LA HOLANDO ART,5,8611,Extraccion de cuerpo extraño de iris,71198,92
LA HOLANDO ART,5,5474,"Curacion de un gran quemado, mas del 30%",69917,92
LA HOLANDO ART,5,5475,Curacion de un quemado hasta el 30%,69918,91
LA HOLANDO ART,5,5476,Curetaje oseo,69919,89
LA HOLANDO ART,5,5480,Dacrio-cistorrinostomia con protesis,69435,93
LA HOLANDO ART,5,5478,Dacrio-cistografia,69921,90
LA HOLANDO ART,5,5482,Decorticacion pleuro-pulmonar por video-toracoscopia,69437,95
LA HOLANDO ART,5,5483,Dedo en gatillo o dedo en resorte o dedo en garra,69438,90
LA HOLANDO ART,5,5484,Dedo en martillo traumatico (“mallet finger”),69925,91
LA HOLANDO ART,5,5485,Dedos en martillo (cada uno),69926,89
LA HOLANDO ART,5,5681,Extirpacion de aponeurosis plantar hasta 3 dedos,70101,91
LA HOLANDO ART,5,6173,Panadizo / flemon de dedos,70522,89
LA HOLANDO ART,5,6345,Reimplante de 1 a 2 dedos,70685,92
LA HOLANDO ART,5,6346,Reimplante de dedo (hasta 2),70686,92
LA HOLANDO ART,5,6347,Reimplante de mas de 2 dedos,70687,93
LA HOLANDO ART,5,6619,Tumor de dedo,70923,90
LA HOLANDO ART,5,5486,Denervacion articular,69927,92
LA HOLANDO ART,5,5487,Derivacion aorto-bifemoral,69928,96
LA HOLANDO ART,5,5488,Derivacion aorto-iliaca con o sin simpatectomia,69929,98
LA HOLANDO ART,5,5489,Derivacion aorto-renal,69930,95
LA HOLANDO ART,5,5490,Derivacion intestinal interna,69931,93
LA HOLANDO ART,5,5491,Derivacion paliativa de esofago,69932,94
LA HOLANDO ART,5,5492,Derivacion pericardio-peritoneal,69933,98
LA HOLANDO ART,5,5493,Derivacion ventriculo-peritoneal o similar,69934,93
LA HOLANDO ART,5,5742,Extraccion de tubo de derivacion,70144,91
LA HOLANDO ART,5,8600,Drenaje de coleccion por endoscopia (Necrosectomia/derivacion biliar),71187,94
LA HOLANDO ART,5,5494,Dermoabrasion,69935,91
LA HOLANDO ART,5,5495,Dermolipectomia,69936,93
LA HOLANDO ART,5,5496,Dermolipectomia con ombligo,69937,94
LA HOLANDO ART,5,5498,Desarticulacion coxo-femoral,69939,95
LA HOLANDO ART,5,5499,Desarticulacion del brazo,69940,95
LA HOLANDO ART,5,5500,Desarticulacion escapulo-humeral,69941,95
LA HOLANDO ART,5,5501,Desarticulacion interescapulo-toracica,69942,94
LA HOLANDO ART,5,5504,Descompresion orbitaria unilateral,69943,93
LA HOLANDO ART,5,7507,Descompresion discal con Decompressor o similar,71009,98
LA HOLANDO ART,5,5505,Desgarro de cristalino,69944,91
LA HOLANDO ART,5,5506,Desgarro de cuello uterino,69945,90
LA HOLANDO ART,5,5507,Desgarro de vagina / colporrafia o colpocleisis / fuera del trabajo de parto,69946,91
LA HOLANDO ART,5,5508,Desgarro de vagina y/o esfinter,69947,90
LA HOLANDO ART,5,5509,Desgarro muscular de cara anterior del muslo,69948,90
LA HOLANDO ART,5,6477,Sintesis muscular (desgarro muscular simple),70808,90
LA HOLANDO ART,5,5512,Devolvulacion / desinvaginacion intestinal con reseccion intestinal,69950,94
LA HOLANDO ART,5,5513,Devolvulacion / desinvaginacion intestinal sin reseccion intestinal,69951,92
LA HOLANDO ART,5,5514,Devolvulacion endoscopica,69952,91
LA HOLANDO ART,5,5515,Diagnostico estereotaxico para estudios de epilepsia,69953,93
LA HOLANDO ART,5,6234,Procedimiento diagnostico para implante de bomba de infusion,70579,94
LA HOLANDO ART,5,6260,Puncion de camara anterior para diagnosticos,70602,90
LA HOLANDO ART,5,5516,Diastasis del pubis,69954,92
LA HOLANDO ART,5,5518,Dilatacion anal,69956,90
LA HOLANDO ART,5,5519,Dilatacion colonica por endoscopia,69957,92
LA HOLANDO ART,5,5520,Dilatacion de esofago,69958,91
LA HOLANDO ART,5,5521,Dilatacion de esofago/ pilorica / colonica,69959,91
LA HOLANDO ART,5,5524,Dilatacion endoscopica de estenosis de via biliar,69962,92
LA HOLANDO ART,5,5525,Dilatacion endoscopica de la via biliar,69963,92
LA HOLANDO ART,5,5526,Dilatacion pilorica por endoscopia,69964,91
LA HOLANDO ART,5,5527,Dilatacion uretral,69965,89
LA HOLANDO ART,5,5528,Dilatacion uretral por video,69966,90
LA HOLANDO ART,5,5529,Dinamica renal (renograma isotopico),69967,90
LA HOLANDO ART,5,5530,Discografia provocativa (dos o tres discos),69968,93
LA HOLANDO ART,5,5531,Discografia provocativa (un disco),69969,92
LA HOLANDO ART,5,5532,Discograma discal diagnostica,69970,94
LA HOLANDO ART,5,5535,Diseccion quirurgica para linfadenografia,69971,90
LA HOLANDO ART,5,5537,Diverticulo de Meckel por via convencional,69973,92
LA HOLANDO ART,5,5538,Diverticulo de Meckel por videolaparoscopia,69974,92
LA HOLANDO ART,5,5539,Diverticulo de esofago,69975,93
LA HOLANDO ART,5,5601,Escision de diverticulo faringo-esofagico,70031,92
LA HOLANDO ART,5,5001,"Abceso, Flemon, Drenaje",69540,89
LA HOLANDO ART,5,5548,Drenaje de glandula y o saco lagrimal,69982,90
LA HOLANDO ART,5,5549,Drenaje del septum,69983,90
LA HOLANDO ART,5,5550,Drenaje del wirsung,69984,92
LA HOLANDO ART,5,5551,Drenaje percutaneo de las vias biliares,69985,93
LA HOLANDO ART,5,5553,Drenaje ventricular continuo,69987,91
LA HOLANDO ART,5,5590,Epididimotomia y drenaje,70020,90
LA HOLANDO ART,5,5891,Incision y drenaje de amigdalas o tejido peri-amigdalino,70286,90
LA HOLANDO ART,5,5892,Incision y drenaje de glandula parotida o submaxilar,70287,90
LA HOLANDO ART,5,5893,Incision y drenaje de la auricula,70288,90
LA HOLANDO ART,5,5895,Incision y drenaje de lesion dentaria,70290,90
LA HOLANDO ART,5,5897,Incision y drenaje de piso de la boca o mejilla,70292,90
LA HOLANDO ART,5,5900,Incision y/o drenaje de tejido retro-faringeo por via oral,70295,90
LA HOLANDO ART,5,6175,Pancreatectomia con exploracion y drenaje,70524,94
LA HOLANDO ART,5,6250,Puncion / drenaje del Douglas,70595,89
LA HOLANDO ART,5,7592,Pleurodesis quimica por tubo de drenaje,71053,90
LA HOLANDO ART,5,6683,VEDA Video-esofago-gastro-duodenoscopia,69514,90
LA HOLANDO ART,5,6684,Video-gastro-duodenoscopia con polipectomia,69515,91
LA HOLANDO ART,5,5555,Duodenopancreatectomia,69989,95
LA HOLANDO ART,5,5557,Ecocardiografia transtoracica o transesofagica intra-operatoria,69990,92
LA HOLANDO ART,5,5558,Ecocardiograma transesofagico,69991,91
LA HOLANDO ART,5,6256,Puncion ovarica guiada por ecografia (incluye ICSI),69489,91
LA HOLANDO ART,5,5559,Ecografia de ojo,69992,90
LA HOLANDO ART,5,5560,Ecografia trans-toracica o trans-esofagica intra-operatoria,69993,91
LA HOLANDO ART,5,5562,Ectropion - Entropion,69441,90
LA HOLANDO ART,5,5563,Electro-retinograma,69996,90
LA HOLANDO ART,5,5647,Estudio electrofisiologico,70072,92
LA HOLANDO ART,5,7525,Implante de electrodo espinal para estimulacion medular (trial),71022,95
LA HOLANDO ART,5,5565,Emasculacion total con vaciamiento inguino-abdominal,69997,94
LA HOLANDO ART,5,5566,Embarazo ectopico hemorragico,69998,93
LA HOLANDO ART,5,5567,Embarazo ectopico no complicado,69999,91
LA HOLANDO ART,5,5568,Embolectomia de arteria periferica,70000,92
LA HOLANDO ART,5,5569,Embolectomia renal,70001,90
LA HOLANDO ART,5,5570,Embolizacion de tumor cerebral por hemodinamia,70002,94
LA HOLANDO ART,5,5571,Embolizacion de tumor extracraneal por via periferica,70003,92
LA HOLANDO ART,5,5572,Embolizacion extra-craneal por via periferica,70004,93
LA HOLANDO ART,5,5573,Embolizacion hepatica,70005,93
LA HOLANDO ART,5,5575,Embolizacion por via periferica en hemodinamia,70007,91
LA HOLANDO ART,5,8603,Embolizacion de vasos perifericos en hemodinamia,71190,92
LA HOLANDO ART,5,5576,Encefalo-meningocele,70008,94
LA HOLANDO ART,5,6050,Neumoencefalografia,70421,91
LA HOLANDO ART,5,6686,"Videolaparoscopia diagnostica (incluye endometriosis, prueba de Cote)",69516,92
LA HOLANDO ART,5,6714,Endometriosis por via convencional - laparotomia,69519,93
LA HOLANDO ART,5,5577,Endometriosis tratamiento por videolaparoscopia,70009,94
LA HOLANDO ART,5,8560,Tratamiento de endometriosis + histerectomia de cualquier causa,71148,95
LA HOLANDO ART,5,8605,"Endometriosis, dos equipos quirurgicos",71192,98
LA HOLANDO ART,5,5578,Endoprotesis vasculares perifericas en hemodinamia (no de aorta),70010,94
LA HOLANDO ART,5,5881,Implante de endoprotesis en arterias o venas toracicas o abdominales,70278,98
LA HOLANDO ART,5,6006,Maxilectomia radical por videoendoscopia,69472,93
LA HOLANDO ART,5,6008,Maxilectomia simple por videoendoscopia,69473,92
LA HOLANDO ART,5,5579,Endoscopia nasal diagnostica,70011,91
LA HOLANDO ART,5,5618,Esfenoidectomia por video-endoscopia,70047,95
LA HOLANDO ART,5,5650,Etmoidectomia por videoendoscopia,70075,93
LA HOLANDO ART,5,5705,Extraccion de calculo por endoscopia,70125,91
LA HOLANDO ART,5,6596,Tratamiento de ulceras y fistulas traqueoesofagicas por endoscopias,70905,91
LA HOLANDO ART,5,7582,Endoscopia con Argon plasma,71044,92
LA HOLANDO ART,5,8554,Somnoendoscopia,71144,91
LA HOLANDO ART,5,8602,Eco-endoscopia,71189,93
LA HOLANDO ART,5,5580,Enfermedad de Peyrone (plastica peneana),69442,93
LA HOLANDO ART,5,5680,Extirpacion de aponeurosis palmar (enfermedad de Dupuytren),69446,92
LA HOLANDO ART,5,5581,Enfermedad de Quervain,70012,91
LA HOLANDO ART,5,5583,Enterolisis por videolaparoscopia,70013,93
LA HOLANDO ART,5,5808,Enterolisis,70207,92
LA HOLANDO ART,5,5584,Enterorrafia multiple (dos o mas),70014,93
LA HOLANDO ART,5,5585,Enterorrafia simple,70015,92
LA HOLANDO ART,5,7588,Enteroscopia alta,71050,93
LA HOLANDO ART,5,7589,Enteroscopia baja,71051,93
LA HOLANDO ART,5,7590,Enteroscopia mixta 100% mas 75%,71052,93
LA HOLANDO ART,5,5586,Enterostomia temporaria o definitiva,70016,92
LA HOLANDO ART,5,5587,Enucleacion ocular,70017,93
LA HOLANDO ART,5,5588,Epicanto,70018,90
LA HOLANDO ART,5,5589,Epididimectomia,70019,91
LA HOLANDO ART,5,5591,Epidurograma,70021,95
LA HOLANDO ART,5,5592,Epiduroplastia (incluye dosis de esteroides por cateter),70022,94
LA HOLANDO ART,5,5593,Epiduroscopia,70023,95
LA HOLANDO ART,5,5594,Epifisiolisis,70024,91
LA HOLANDO ART,5,5596,Episiorrafia,70026,90
LA HOLANDO ART,5,5597,Escapula alata,70027,93
LA HOLANDO ART,5,6126,Operacion de hueso escapular,70480,91
LA HOLANDO ART,5,6140,"Osteosintesis de clavicula, costilla o escapula",70494,92
LA HOLANDO ART,5,5598,"Escara, reseccion con el paciente en decubito dorsal o lateral",70028,91
LA HOLANDO ART,5,5599,"Escara, reseccion con el paciente en decubito ventral",70029,92
LA HOLANDO ART,5,6382,Reseccion de escara con el paciente en decubito lateral o dorsal,70721,91
LA HOLANDO ART,5,6383,Reseccion de escara con el paciente en decubito ventral,70722,92
LA HOLANDO ART,5,5602,Escision de lesion conjuntival,70032,90
LA HOLANDO ART,5,5603,"Escision de lesion de conductos linfaticos (linfangioma, higroma)",70033,92
LA HOLANDO ART,5,5604,Escision de lesion local de conducto auditivo externo (CAE),70034,89
LA HOLANDO ART,5,5605,Escision de lesion local de parpados,70035,90
LA HOLANDO ART,5,5606,Escision de lesion localizada superficial de lengua,70036,90
LA HOLANDO ART,5,5607,Escision de lesion primaria de encias mas vaciamiento cervical,70037,93
LA HOLANDO ART,5,5608,Escision de polipo retrocoanal,70038,90
LA HOLANDO ART,5,5609,Escision de tumor del cavum (rino-faringe),70039,93
LA HOLANDO ART,5,5610,Escision de tumores endonasales por rinotomia lateral,70040,92
LA HOLANDO ART,5,5611,Escision local de lesion de labio,70041,89
LA HOLANDO ART,5,5613,Escision radical de glandula submaxilar,70043,92
LA HOLANDO ART,5,5614,Escision radical de tumor de naso-faringe (cavum),70044,93
LA HOLANDO ART,5,6129,Orbitotomia con escision de lesion de orbita,70484,91
LA HOLANDO ART,5,5615,Esclerotomia,70045,91
LA HOLANDO ART,5,5617,Escrotoplastia,70046,91
LA HOLANDO ART,5,5619,Esfinteroplastia con colostomia,70048,92
LA HOLANDO ART,5,5620,Esfinteroplastia tipo plicatura,70049,91
LA HOLANDO ART,5,5621,Esfinterotomia - esfinterectomia,70050,89
LA HOLANDO ART,5,5622,Esofago-gastrectomia,70051,98
LA HOLANDO ART,5,5623,Esofagostomia,70052,92
LA HOLANDO ART,5,6015,Megaesofago,70390,93
LA HOLANDO ART,5,6190,Perforaciones de esofago,70539,93
LA HOLANDO ART,5,6335,Reemplazo de esofago,70676,95
LA HOLANDO ART,5,6384,Reseccion de esofago,70723,94
LA HOLANDO ART,5,5624,Esofaguectomia laparoscopica,70053,98
LA HOLANDO ART,5,5625,Esofaguectomia total,70054,95
LA HOLANDO ART,5,5626,Espina bifida,70055,94
LA HOLANDO ART,5,7519,Implante definitivo de cateter espinal para bomba intratecal de morfina,71018,98
LA HOLANDO ART,5,5627,Esplenectomia electiva,70056,92
LA HOLANDO ART,5,5628,Esplenectomia laparoscopica,70057,94
LA HOLANDO ART,5,5629,Esplenectomia por rotura de bazo,70058,93
LA HOLANDO ART,5,5630,Esplenectomia por toracotomia,70059,94
LA HOLANDO ART,5,5631,Esplenectomia por videolaparoscopia,70060,94
LA HOLANDO ART,5,5799,Gastrectomia total con o sin esplenectomia,70199,95
LA HOLANDO ART,5,5632,Espleno-portografia,70061,91
LA HOLANDO ART,5,5633,Esplenopancreatectomia corporo-caudal,70062,95
LA HOLANDO ART,5,5634,Esqueletizacion del sistema venoso valvular o avalvular,70063,92
LA HOLANDO ART,5,5635,Esquiascopias,70064,90
LA HOLANDO ART,5,5636,Estafiloma,70065,90
LA HOLANDO ART,5,5638,Estapedectomia,70067,93
LA HOLANDO ART,5,5639,Estenosis traqueal sub-glotica,70068,92
LA HOLANDO ART,5,5641,Estimulacion electrica transcutanea (EET): c/ 24 hs o fraccion,70069,90
LA HOLANDO ART,5,5642,Estomatoplastia con injerto (inlcuye toma),70070,93
LA HOLANDO ART,5,5645,Estrabismo bilateral,70071,94
LA HOLANDO ART,5,8608,Estrabismo unilateral,71195,93
LA HOLANDO ART,5,5648,Etmoidectomia endoscopica,70073,93
LA HOLANDO ART,5,5649,Etmoidectomia interna,70074,92
LA HOLANDO ART,5,5651,Evacuacion de hematoma extradural / subdural / intracerebral,70076,94
LA HOLANDO ART,5,5652,Evacuacion por puncion de coleccion intra-cerebral o extra-cerebral,70077,93
LA HOLANDO ART,5,5653,Eventracion,70078,92
LA HOLANDO ART,5,8609,Eventracion + 5 cm/eventracion recidivada,71196,94
LA HOLANDO ART,5,5655,Evisceracion ocular,70079,91
LA HOLANDO ART,5,5656,Examen con lampara de hendidura,70080,90
LA HOLANDO ART,5,5659,Excentracion del contenido orbitario con reseccion total del maxilar superior,70083,94
LA HOLANDO ART,5,5660,Excentracion del contenido orbitario y/o peri-orbitario,70084,92
LA HOLANDO ART,5,5663,Exeresis de tumor hepatico o metastasis (cada uno) por radiofrecuencia,69444,93
LA HOLANDO ART,5,5661,Exeresis de ganglio centinela,70085,91
LA HOLANDO ART,5,5662,Exeresis de neuroma de Morton (tumoracion dolorosa de los nervios del pie),70086,92
LA HOLANDO ART,5,5757,Facofragmentacion y facoexeresis,70158,92
LA HOLANDO ART,5,6447,Safenectomia interna unilateral con exeresis escalonada,70779,93
LA HOLANDO ART,5,5664,Exoftalmia endocrina o de otras causas,70087,93
LA HOLANDO ART,5,5710,Extraccion de implante mamario/ Extraccion de expansor mamario,69447,93
LA HOLANDO ART,5,5665,Expansor de cuero cabelludo,70088,93
LA HOLANDO ART,5,5666,Exploracion de hombro doloroso,70089,92
LA HOLANDO ART,5,5668,Exploracion de arteria periferica,70090,92
LA HOLANDO ART,5,5669,Exploracion de columna por via anterior,70091,93
LA HOLANDO ART,5,5670,Exploracion de heridas en partes blandas,70092,91
LA HOLANDO ART,5,5674,Exploracion del plexo cervico-braquial,70096,92
LA HOLANDO ART,5,5675,Exploracion del plexo lumbo-sacro,70097,93
LA HOLANDO ART,5,5766,Fistula biliar con exploracion de vias biliares,70166,93
LA HOLANDO ART,5,6295,Re-exploracion de tiroides y/o paratiroides (ejemplo:post-sangrado),70638,91
LA HOLANDO ART,5,5677,Extirpacion de angioma,70099,91
LA HOLANDO ART,5,5682,Extirpacion de ganglion,70102,90
LA HOLANDO ART,5,5683,Extirpacion de mas de 5 papilomas; excepto en cabeza y cuello,70103,90
LA HOLANDO ART,5,5684,"Extirpacion de nevus (hasta 3), en cabeza y cuello",70104,90
LA HOLANDO ART,5,5685,"Extirpacion de nevus (hasta 3), excepto en cabeza y cuello",70105,89
LA HOLANDO ART,5,5686,Extirpacion de nevus (mas de 3); en cabeza y cuello,70106,91
LA HOLANDO ART,5,5687,Extirpacion de nevus (mas de 3); excepto en cabeza y cuello,70107,90
LA HOLANDO ART,5,5688,"Extirpacion de papilomas (hasta 5), excepto en cabeza y cuello",70108,89
LA HOLANDO ART,5,5689,Extirpacion de polipos nasales,70109,91
LA HOLANDO ART,5,5690,Extirpacion de quiste congenito tirogloso y similares,70110,91
LA HOLANDO ART,5,5691,Extirpacion de quiste muscular,70111,90
LA HOLANDO ART,5,5692,Extirpacion de quiste sebaceo en cabeza y/o cuello,70112,90
LA HOLANDO ART,5,5693,"Extirpacion de quiste sebaceo, excepto en cabeza y cuello",70113,89
LA HOLANDO ART,5,5694,Extirpacion de quiste tirogloso,70114,91
LA HOLANDO ART,5,5695,Extirpacion de ranula,70115,90
LA HOLANDO ART,5,5696,Extirpacion de tumor de partes blandas de miembro superior o inferior,70116,90
LA HOLANDO ART,5,5697,Extirpacion de tumor osea mas reconstruccion,70117,93
LA HOLANDO ART,5,5698,Extirpacion de tumor oseo,70118,92
LA HOLANDO ART,5,5699,Extirpacion de tumor vesical por laparotomia,70119,92
LA HOLANDO ART,5,5700,Extirpacion del coccix,70120,91
LA HOLANDO ART,5,5701,Extirpacion dentaria,70121,90
LA HOLANDO ART,5,5702,Extirpacion parcial de nariz,70122,90
LA HOLANDO ART,5,5753,Extirpacion de tumor oseo (menos de 5 cm),70155,90
LA HOLANDO ART,5,5993,Marsupializacion / extirpacion de glandula de Bartholino,70370,90
LA HOLANDO ART,5,6244,Proctectomia (extirpacion del recto),70589,92
LA HOLANDO ART,5,7602,Extirpacion de calculos endovesicales a cielo abierto,71061,93
LA HOLANDO ART,5,7603,Extirpacion de calculos endovesicales por citoscopia,71062,94
LA HOLANDO ART,5,6432,"Revision de protesis, solo su extraccion",69499,93
LA HOLANDO ART,5,5703,Extraccion cruenta de calculos salivales,70123,90
LA HOLANDO ART,5,5706,Extraccion de calculo por via endoscopica,70126,91
LA HOLANDO ART,5,5708,Extraccion de cateter central / doble Y / tunelizado / similares,70128,90
LA HOLANDO ART,5,5711,Extraccion de clavo intramedular,70129,92
LA HOLANDO ART,5,5728,Extraccion de masas cristalinas,70130,91
LA HOLANDO ART,5,5729,Extraccion de material de osteosintesis de columna,70131,93
LA HOLANDO ART,5,5733,Extraccion de protesis de columna,70135,93
LA HOLANDO ART,5,5734,Extraccion de protesis de rodilla (1 elemento),70136,92
LA HOLANDO ART,5,5737,Extraccion de protesis total de rodilla,70139,93
LA HOLANDO ART,5,5739,Extraccion de puntos de la conjuntiva,70141,90
LA HOLANDO ART,5,5740,Extraccion de puntos de parpados,70142,90
LA HOLANDO ART,5,5741,Extraccion de taponaje de loge prostatica,70143,90
LA HOLANDO ART,5,5743,Extraccion de tutor externo,70145,90
LA HOLANDO ART,5,5744,Extraccion dentaria (hasta 3 piezas),70146,91
LA HOLANDO ART,5,5745,Extraccion dentaria (pieza unica),70148,90
LA HOLANDO ART,5,5746,Extraccion dentaria de piezas multiples,70149,92
LA HOLANDO ART,5,5748,Extraccion extra-capsular de cristalino,70150,92
LA HOLANDO ART,5,5749,Extraccion intra-capsular de cristalino,70151,92
LA HOLANDO ART,5,5750,Extraccion manual de placenta como unico procedimiento,70152,90
LA HOLANDO ART,5,5751,Extracciones dentarias multiples,70153,92
LA HOLANDO ART,5,6550,Toillete cardiaco post-quirurgico con o sin extraccion de alambres,70861,95
LA HOLANDO ART,5,6711,Extraccion de implante mamario mas pexia,71000,94
LA HOLANDO ART,5,7586,Extraccion de balon intragastrico,71048,92
LA HOLANDO ART,5,8110,Extraccion de cateter de doble “J” (tipo pig-tail o similares),71080,90
LA HOLANDO ART,5,8112,Extraccion de cateter de pig-tail,71082,90
LA HOLANDO ART,5,5758,Faringoplastia,70159,93
LA HOLANDO ART,5,5760,Fenestracion del conducto semicircular externo,70161,93
LA HOLANDO ART,5,5761,Feocromocitoma,70162,95
LA HOLANDO ART,5,7527,Feocromocitoma por video-laparoscopia,71024,98
LA HOLANDO ART,5,6324,Reduccion cruenta de luxacion o fractura de columna sin fijacion,70666,93
LA HOLANDO ART,5,6429,Revision de fijacion de columna,70764,98
LA HOLANDO ART,5,5763,Fimosis / parafimosis / postioplastia,70163,91
LA HOLANDO ART,5,5764,Fistula anal / fistulectomia / fistulotomia,70164,90
LA HOLANDO ART,5,5765,Fistula arterio-venosa para hemodialisis,70165,92
LA HOLANDO ART,5,5767,Fistula en columna,70167,93
LA HOLANDO ART,5,5768,Fistula umbilical,70168,91
LA HOLANDO ART,5,5770,Fistula vagino-perineal,70170,91
LA HOLANDO ART,5,5771,Fistula vesico-parietal,70171,91
LA HOLANDO ART,5,5772,Fistula vesico-rectal,70172,91
LA HOLANDO ART,5,5773,Fistula vesico-ureteral,70173,91
LA HOLANDO ART,5,5775,Fistulografia,70175,89
LA HOLANDO ART,5,5776,Fisura anal,70176,90
LA HOLANDO ART,5,5777,"Fisura congenita del esqueleto facial (Treacher Collins, etc.)",70177,95
LA HOLANDO ART,5,5859,"Hipertelorismo, fisura facial media",70259,98
LA HOLANDO ART,5,5939,"Laringotomia mediana, laringofisura, como unica operacion",70325,92
LA HOLANDO ART,5,5778,Flebectomia segmentaria / varices residuales como unica operacion,70178,91
LA HOLANDO ART,5,6591,Tratamiento con laser mas flebectomia segmentaria,70899,94
LA HOLANDO ART,5,5779,Flebografia de miembros,70179,90
LA HOLANDO ART,5,5780,Flemon de mano,70180,90
LA HOLANDO ART,5,5781,Flemon de pared,70181,89
LA HOLANDO ART,5,5782,Fondo de ojo,70182,90
LA HOLANDO ART,5,5783,Formacion de vagina artificial,70183,95
LA HOLANDO ART,5,6130,Oreja en asa y otras malformaciones,70485,91
LA HOLANDO ART,5,5789,Fractura del peñasco (tratamiento quirurgico),69465,94
LA HOLANDO ART,5,6137,"Osteosintesis (reduccion quirurgica) de fractura: carpo, tarso, humero, cubito, radio, clavicula, esternon, rotula, costilla, etc.",69481,92
LA HOLANDO ART,5,5786,Fractura compleja de maxilares y huesos de la cara,70186,94
LA HOLANDO ART,5,5787,Fractura compleja de orbita/ reduccion/ osteosintesis y/o injerto,70187,93
LA HOLANDO ART,5,5788,Fractura de orbita y/o malar,70188,93
LA HOLANDO ART,5,5790,"Fractura nasal asociada (naso-orbitaria, etc.)",70189,92
LA HOLANDO ART,5,5791,Fractura simple,70190,90
LA HOLANDO ART,5,5792,"Fractura simple de orbita, reduccion y osteosintesis",70191,91
LA HOLANDO ART,5,5793,Fractura supracondilea de codo,70192,92
LA HOLANDO ART,5,5966,Limpieza quirurgica de fractura expuesta (no de femur),70346,91
LA HOLANDO ART,5,5967,Limpieza quirurgica de fractura expuesta de femur,70348,92
LA HOLANDO ART,5,5968,Limpieza quirurgica de fractura expuesta de miembro superior,70349,91
LA HOLANDO ART,5,6147,Osteosintesis de fractura de pelvis,70500,94
LA HOLANDO ART,5,6148,Osteosintesis de fractura de platillo tibial,70501,93
LA HOLANDO ART,5,6322,Reduccion cruenta de fractura de pelvis,70664,93
LA HOLANDO ART,5,6326,Reduccion de fractura nasal,70668,90
LA HOLANDO ART,5,6327,Reduccion de fractura o luxacion de coccix,70669,93
LA HOLANDO ART,5,6333,Reduccion quirurgica / osteosintesis de fracturas en general,70674,92
LA HOLANDO ART,5,8114,Reduccion incruenta de fracturas,71084,90
LA HOLANDO ART,5,5794,Frenulotomia,70193,89
LA HOLANDO ART,5,5795,Fulguracion corneal con o sin raspado,70194,90
LA HOLANDO ART,5,5796,Fulguracion de neo de recto,70195,91
LA HOLANDO ART,5,5797,Gastrectomia por videolaparoscopia,70196,95
LA HOLANDO ART,5,5798,Gastrectomia subtotal,70198,94
LA HOLANDO ART,5,5800,Gastrectomia total por toraco-laparotomia,70200,95
LA HOLANDO ART,5,5802,Gastroquisis (tratamiento quirurgico),70202,95
LA HOLANDO ART,5,6604,Tratamiento quirurgico de la gastroquisis,70909,95
LA HOLANDO ART,5,5806,Gastrostomia percutanea,70205,91
LA HOLANDO ART,5,5807,Gastrostomia por via endoscopica,70206,91
LA HOLANDO ART,5,5809,Ginecomastia unilateral,69466,92
LA HOLANDO ART,5,5810,Gingivectomia parcial por tumores,70209,91
LA HOLANDO ART,5,5811,Gingivectomia total ampliada,70210,92
LA HOLANDO ART,5,5812,Glosectomia subtotal,70211,93
LA HOLANDO ART,5,6112,Operacion comando de lengua (glosectomia total),70466,95
LA HOLANDO ART,5,5813,Glosoplastia,70212,90
LA HOLANDO ART,5,5815,Gonioscopia,70214,90
LA HOLANDO ART,5,5817,"Grandes quemados, injertos",70216,93
LA HOLANDO ART,5,5818,Granuloma de traquea,70217,91
LA HOLANDO ART,5,5819,Hallux valgus completo unilateral,70218,91
LA HOLANDO ART,5,5820,Hematoma retroperitoneal,70219,93
LA HOLANDO ART,5,6628,Tumor de pared (hematoma supra-infra aponeurotico),70932,91
LA HOLANDO ART,5,8548,Reintervencion por sangrado y hematoma transfixiante,71138,94
LA HOLANDO ART,5,5822,Hemi-paratiroidectomia,70220,92
LA HOLANDO ART,5,5825,Hemihepatectomia,70223,95
LA HOLANDO ART,5,5826,Hemitiroidectomia,70224,92
LA HOLANDO ART,5,6024,Microsomia hemifacial / osteotomias e injertos oseos en mandibula,70396,93
LA HOLANDO ART,5,6597,Tratamiento endoscopico de la hemorragia digestiva,70906,91
LA HOLANDO ART,5,5828,Hemorroidectomia,70226,91
LA HOLANDO ART,5,5829,Hepatectomia lobar derecha o izquierda,70227,95
LA HOLANDO ART,5,5830,Herida de pared abdominal de mas de 20 cm,70228,91
LA HOLANDO ART,5,5831,Herida de parpado,70229,90
LA HOLANDO ART,5,5832,Herida de via lagrimal,70230,92
LA HOLANDO ART,5,5833,Herida hasta aponeurosis de menos de 20 cm,70231,90
LA HOLANDO ART,5,5834,Herida penetrante de ojo,70232,92
LA HOLANDO ART,5,5835,Herida traumatica de higado,70233,93
LA HOLANDO ART,5,5836,Heridas complejas de labio,70234,91
LA HOLANDO ART,5,6495,Sutura de herida de cornea con prolapso de iris y o herida de cristalino,70823,92
LA HOLANDO ART,5,6496,Sutura de herida simple de higado,70824,91
LA HOLANDO ART,5,6502,Sutura simple de herida (mas de 10 cm); excepto en cabeza y cuello,70830,90
LA HOLANDO ART,5,6503,Sutura simple de herida (menos de 10 cm); excepto en cabeza y cuello,70831,89
LA HOLANDO ART,5,6504,Sutura simple de herida (menos de 5 cm) en cabeza y/o cuello,70832,90
LA HOLANDO ART,5,6553,"Toillete quirurgico de herida, con o sin debridamiento",70864,90
LA HOLANDO ART,5,5837,Hernia atascada,70235,92
LA HOLANDO ART,5,5838,Hernia de disco cervical (via anterior),70236,94
LA HOLANDO ART,5,5839,Hernia de disco cervical un espacio (via posterior),70237,94
LA HOLANDO ART,5,5840,Hernia de disco dorsal o lumbar,70238,94
LA HOLANDO ART,5,5841,Hernia de disco dorso-lumbar multiple,70239,95
LA HOLANDO ART,5,5842,Hernia de hiato a cielo abierto,70240,93
LA HOLANDO ART,5,5843,Hernia diafragmatica congenita,70241,107
LA HOLANDO ART,5,5844,Hernia diafragmatica por via abdominal,70242,94
LA HOLANDO ART,5,5845,Hernia diafragmatica por via toracica,70243,94
LA HOLANDO ART,5,5846,Hernia diafragmatica por via toraco-abdominal,70244,95
LA HOLANDO ART,5,5847,Hernia diafragmatica por video-toracoscopia,70245,95
LA HOLANDO ART,5,5848,Hernia estrangulada,70246,92
LA HOLANDO ART,5,5849,Hernia estrangulada con reseccion intestinal,70247,93
LA HOLANDO ART,5,8119,Hernia inguinal bilateral por videolaparoscopia,70251,93
LA HOLANDO ART,5,5852,Hernia inguinal por videolaparoscopia,70252,92
LA HOLANDO ART,5,5853,Hernia recidivada,70253,91
LA HOLANDO ART,5,5854,"Hernia umbilical, inguinal, crural o epigastrica",70254,91
LA HOLANDO ART,5,6364,Reparacion de hernia muscular,70704,91
LA HOLANDO ART,5,6653,Varicocele o hidrocele por video-laparoscopia,69510,91
LA HOLANDO ART,5,5855,Hidrocele,70255,90
LA HOLANDO ART,5,5856,Himenectomia,70256,90
LA HOLANDO ART,5,5857,Hipema,70257,91
LA HOLANDO ART,5,5858,Hiperhidrosis selectiva por video-toracoscopia,70258,95
LA HOLANDO ART,5,5860,Hipertrofia del piloro por via laparoscopica,70261,94
LA HOLANDO ART,5,5861,Hipertrofia del piloro-piloromiotomia,70262,93
LA HOLANDO ART,5,5862,Hipofisectomia transepto-esfenoidal,70263,98
LA HOLANDO ART,5,5863,Hipospadia / epispadia (cada tiempo),70264,93
LA HOLANDO ART,5,8109,Hipospadia / epispadia / plastica de pene,71079,93
LA HOLANDO ART,5,5865,Hipotermia controlada C/ 24 hs o fraccion siguiente,70265,91
LA HOLANDO ART,5,5866,Histerectomia con o sin anexectomia,70266,93
LA HOLANDO ART,5,5867,Histerectomia con o sin anexectomia por video-laparoscopia,70267,94
LA HOLANDO ART,5,5868,Histerectomia con o sin anexectomia por videolaparoscopia,70268,94
LA HOLANDO ART,5,5869,Histerectomia fundica,70269,91
LA HOLANDO ART,5,6123,Operacion de Wertheim-Meigs (colpo-anexo-histerectomia total ampliada),70476,95
LA HOLANDO ART,5,5871,Histeroscopia por video diagnostica,70271,90
LA HOLANDO ART,5,5872,"Histeroscopia por video terapeutica (miomectomia, polipectomia, etc)",70272,91
LA HOLANDO ART,5,5873,Huevo muerto y retenido,69467,90
LA HOLANDO ART,5,5874,Ileostomia,70273,92
LA HOLANDO ART,5,5098,Ano imperforado con recto alto,69613,93
LA HOLANDO ART,5,5099,Ano imperforado con recto bajo,69614,92
LA HOLANDO ART,5,5875,Implantacion de circulacion asistida,70274,93
LA HOLANDO ART,5,5876,Implante capilar,70275,95
LA HOLANDO ART,5,5877,Implante coclear,70276,95
LA HOLANDO ART,5,5880,Implante de celulas B,70277,95
LA HOLANDO ART,5,5882,Implante de estimulador medular definitivo,70279,98
LA HOLANDO ART,5,5883,Implante de estimulador medular transitorio,70280,95
LA HOLANDO ART,5,5885,Implante intraorbitario (melanoma de retina),70282,90
LA HOLANDO ART,5,5886,Implante mamario,70283,94
LA HOLANDO ART,5,5888,Implante mamario mas pexia,70284,95
LA HOLANDO ART,5,5889,Implante secundario de lente intraocular,70285,93
LA HOLANDO ART,5,6348,Reimplante de miembro inferior,70688,95
LA HOLANDO ART,5,6349,Reimplante de miembro superior,70689,98
LA HOLANDO ART,5,6353,Reimplante ureteral bilateral con afinamiento,70693,94
LA HOLANDO ART,5,6354,Reimplante ureteral bilateral por videolaparoscopia,70694,95
LA HOLANDO ART,5,6355,Reimplante ureteral unilateral,70695,92
LA HOLANDO ART,5,6356,Reimplante ureteral unilateral con afinamiento,70696,93
LA HOLANDO ART,5,6357,Reimplante ureteral unilateral por videolaparoscopia,70697,94
LA HOLANDO ART,5,6424,Retinopexia con o sin esclerectomia e implante,70760,94
LA HOLANDO ART,5,8618,Implante gluteo,71205,93
LA HOLANDO ART,5,5901,Inclusion de semillas radioactivas en perine,70296,92
LA HOLANDO ART,5,7790,Infiltracion de toxina botulinica en Trigger point (hasta 3),71071,92
LA HOLANDO ART,5,8537,Infiltracion de toxina botulinica en Trigger point ( mas de 3 ),71127,93
LA HOLANDO ART,5,7587,Re inflado de balon intragastrico,71049,92
LA HOLANDO ART,5,6716,Obtencion y/o uso de injerto oseo y/o tendinoso,69520,92
LA HOLANDO ART,5,5910,Injerto de cornea,70297,94
LA HOLANDO ART,5,5911,Injerto de esclera,70298,92
LA HOLANDO ART,5,5912,Injerto de piel,70299,90
LA HOLANDO ART,5,5913,Injerto libre de ceja,70300,90
LA HOLANDO ART,5,6097,Neurorrafia con o sin injerto de un solo nervio,70455,92
LA HOLANDO ART,5,6217,Plastica de uretra con injerto de mucosa yugal o lingual,70566,94
LA HOLANDO ART,5,6221,Plastica o injerto del tendon de aquiles o rotuliano,70570,92
LA HOLANDO ART,5,6245,Protesis peneana con o sin injerto,70590,95
LA HOLANDO ART,5,6369,"Reparacion plastica de la orbita, con o sin injerto de piel",70708,92
LA HOLANDO ART,5,6408,Reseccion diafisiaria con protesis y/o injerto de sustitucion,70745,93
LA HOLANDO ART,5,6439,"Rinoplastia compleja con o sin injerto, no estetica",70773,91
LA HOLANDO ART,5,8117,Neurorrafia con o sin injerto de nervio (cada uno),71087,92
LA HOLANDO ART,5,5917,Insuficiencia mitral con CIV post-infarto,70304,96
LA HOLANDO ART,5,5918,Interconsulta anestesiologica,70305,89
LA HOLANDO ART,5,8104,Interconsulta para tratamiento del dolor,71075,89
LA HOLANDO ART,5,5919,Intervenciones en nervios opticos,70306,95
LA HOLANDO ART,5,5920,Intervenciones estereotaxicas (inicio en TAC y que continuan en quirofano),70307,95
LA HOLANDO ART,5,5921,Intubacion con fibroscopia (bronco-fibroscopio),70308,90
LA HOLANDO ART,5,5923,Inyeccion de glicerol en el G de Gasser,70310,95
LA HOLANDO ART,5,5924,Inyeccion de sustancias retro-bulbares,70311,91
LA HOLANDO ART,5,5925,Inyeccion esclerosante en angioma,70312,90
LA HOLANDO ART,5,5926,Inyeccion para-vertebral de troncos y ganglios simpaticos,70313,90
LA HOLANDO ART,5,5927,Inyeccion subconjuntival,70314,90
LA HOLANDO ART,5,6251,Puncion arterial para inyeccion medicamentosa,70596,89
LA HOLANDO ART,5,5928,Laberintectomia,70315,93
LA HOLANDO ART,5,5561,Ectoprion de labio,69994,90
LA HOLANDO ART,5,5929,Labio leporino bilateral completo,70316,94
LA HOLANDO ART,5,5930,Labio leporino unilateral completo,70317,93
LA HOLANDO ART,5,5931,Labio leporino unilateral incompleto,70318,93
LA HOLANDO ART,5,6272,Queiloplastia (reconstruccion quirurgica del labio),70614,92
LA HOLANDO ART,5,6373,Reseccion cuneiforme de labio,70712,90
LA HOLANDO ART,5,6475,Sinequias de labios mayores y/o menores,70806,90
LA HOLANDO ART,5,5932,Laminectomia descompresiva por cada vertebra,70319,94
LA HOLANDO ART,5,5935,Laparotomia exploradora,69469,92
LA HOLANDO ART,5,5933,Laparotomia contenida (lavado de cavidad),70320,91
LA HOLANDO ART,5,5934,Laparotomia exploradora en paciente critico,70321,94
LA HOLANDO ART,5,5936,Laparotomia terapeutica en paciente critico,70322,95
LA HOLANDO ART,5,6040,Nefrectomia por toraco-freno-laparotomia,70411,95
LA HOLANDO ART,5,5937,Laringo-faringuectomia,70323,95
LA HOLANDO ART,5,5938,"Laringoplastia, cordopexia, aritenoidopexia",70324,92
LA HOLANDO ART,5,5943,Laser de vagina,70329,92
LA HOLANDO ART,5,5944,Laser panfacial,70330,93
LA HOLANDO ART,5,6241,Prostatectomia por laser,70586,95
LA HOLANDO ART,5,6412,TUR-P por laser (adenomectomia),70749,94
LA HOLANDO ART,5,6418,Reseccion tumor bronquial con laser,70754,95
LA HOLANDO ART,5,8624,Litotricia con laser,71211,94
LA HOLANDO ART,5,5946,Lavado de cavidad,70331,90
LA HOLANDO ART,5,5947,Lavado de la cavidad,70332,90
LA HOLANDO ART,5,6488,Sondaje y lavado de via lagrimal,70816,91
LA HOLANDO ART,5,5948,Legrado por mola o similar,70333,91
LA HOLANDO ART,5,5949,Legrado uterino,70334,90
LA HOLANDO ART,5,7522,Termolesion por Rf. de hombro (N. supraespinoso) bilateral,71254,95
LA HOLANDO ART,5,5951,Lesion por compresion del G de Gassercon balon de Foggarty,69470,95
LA HOLANDO ART,5,7508,Termolesion por Rf. del nervio Occipital Mayor unilateral,69521,95
LA HOLANDO ART,5,7521,Termolesion por Rf. de hombro (N. supraespinoso) unilateral,69522,94
LA HOLANDO ART,5,7511,Termolesion por Rf. facetaria + Rf. radicular ( 1 o mas niveles),71012,98
LA HOLANDO ART,5,7512,Termolesion por Rf. de mas de 2 nervios craneales,71013,98
LA HOLANDO ART,5,7520,Termolesion por Rf. de rodilla (N. geniculados) bilateral,71019,95
LA HOLANDO ART,5,8556,Termolesion por Rf. de hasta 2 nervios craneales,71146,95
LA HOLANDO ART,5,5954,Levantamiento de vejiga por via abdominal (tipo Bursch),70337,92
LA HOLANDO ART,5,6001,Mastopexia unilateral (levantamiento mamario),70377,94
LA HOLANDO ART,5,5955,Lifting,70338,94
LA HOLANDO ART,5,5956,Lifting endoscopico,70339,95
LA HOLANDO ART,5,5957,Ligadura bilateral de trompas (anti-concepcion) a cielo abierto,70340,92
LA HOLANDO ART,5,5958,Ligadura bilateral de trompas (anti-concepcion) por video-laparoscopia,70341,93
LA HOLANDO ART,5,5961,Ligadura del paquete esfeno-palatino,70342,92
LA HOLANDO ART,5,5964,Ligadura unilateral de troncos profundos de los miembros,70344,92
LA HOLANDO ART,5,6501,Sutura o ligadura de vasos profundos del cuello,70829,93
LA HOLANDO ART,5,5965,Ligamentopexia abdominal,70345,91
LA HOLANDO ART,5,5969,Limpieza quirurgica de mano (como unica intervencion),70350,90
LA HOLANDO ART,5,5971,Linfadenectomia mediastinica,70351,94
LA HOLANDO ART,5,5972,Linfadenectomia retroperitoneal (tipo lumboaortica o similares),70352,93
LA HOLANDO ART,5,5973,Linfadenectomia retroperitoneal por video,70353,94
LA HOLANDO ART,5,5974,Linfadenectomia retroperitoneal por videolaparoscopia,70354,94
LA HOLANDO ART,5,6242,Prostatectomia radical + linfadenectomia,70587,94
LA HOLANDO ART,5,8622,"Linfadenectomia cervical, axilar o inguinal, unilateral",71209,92
LA HOLANDO ART,5,5977,"Lipoma, reseccion con el paciente en decubito dorsal o lateral",70357,90
LA HOLANDO ART,5,5978,"Lipoma, reseccion con el paciente en decubito ventral",70358,91
LA HOLANDO ART,5,5982,Litotricia endoluminal,69471,92
LA HOLANDO ART,5,5984,Litotricia extracorporea,70361,91
LA HOLANDO ART,5,5985,Litotricia por onda de choque extracorporea (litotricia extracorporea),70362,91
LA HOLANDO ART,5,5986,Litotricia ureteral por via endoscopica (incluye litotricia endoluminal),70363,92
LA HOLANDO ART,5,5987,Lobectomia,70364,98
LA HOLANDO ART,5,5988,Lobectomia o segmentectomia a cielo abierto,70365,95
LA HOLANDO ART,5,6457,Segmentectomia / lobectomia por video-toracoscopia,70788,95
LA HOLANDO ART,5,5989,Lobulo hendido de oreja,70366,90
LA HOLANDO ART,5,6168,Otoplastia de lobulo hendido,70517,90
LA HOLANDO ART,5,6185,Parotidectomia de lobulo superficial,70534,92
LA HOLANDO ART,5,5990,Luxacion recidivante de hombro por via convencional,70367,92
LA HOLANDO ART,5,8116,Reduccion incruenta de luxaciones,71086,90
LA HOLANDO ART,5,8120,Reduccion cruenta de luxacion de columna,71089,93
LA HOLANDO ART,5,5992,Mama supernumeraria unilateral,70369,92
LA HOLANDO ART,5,6100,Nodulectomia de mama unilateral,70458,91
LA HOLANDO ART,5,6264,Puncion de mama unilateral,70606,89
LA HOLANDO ART,5,6278,Quiste de mama unilateral,70621,90
LA HOLANDO ART,5,6312,Reconstruccion mamaria con dorsal ancho,70654,98
LA HOLANDO ART,5,8623,"Lipotransferencia (hasta 2 zonas, excepto mama)",71210,94
LA HOLANDO ART,5,8640,Reconstruccion mamaria con lipotransferencia,71224,95
LA HOLANDO ART,5,8650,"Lipotransferencia (mas de 2 zonas, excepto mama)",71234,95
LA HOLANDO ART,5,5995,Mastectomia radical con vaciamiento ganglionar,70371,95
LA HOLANDO ART,5,7598,Mastectomia ( mas ganglio centinela),71059,93
LA HOLANDO ART,5,7599,Mastectomia ( mas vaciamiento axilar ),71060,94
LA HOLANDO ART,5,5998,Mastoidectomia simple o radical (operacion radical de oido),70374,92
LA HOLANDO ART,5,6002,Mastotomia unilateral,70378,90
LA HOLANDO ART,5,6003,Maxilar inferior: prognatismo / retrognatismo,70379,93
LA HOLANDO ART,5,6004,Maxilar superior: prognasia / retrognasia,70380,94
LA HOLANDO ART,5,6111,Operacion comando de glandula submaxilar,70465,95
LA HOLANDO ART,5,6279,Quiste de maxilar (pieza dental incluida),70622,91
LA HOLANDO ART,5,6393,Reseccion de maxilar inferior con vaciamiento (comando),70731,98
LA HOLANDO ART,5,6481,Sinusotomia maxilar radical,70812,92
LA HOLANDO ART,5,6482,Sinusotomia maxilar simple,70813,92
LA HOLANDO ART,5,6005,Maxilectomia radical por via endoscopica,70381,93
LA HOLANDO ART,5,6007,Maxilectomia simple por via endoscopica,70383,92
LA HOLANDO ART,5,6009,Meatotomia,70385,89
LA HOLANDO ART,5,6010,Mediastinitis,70386,95
LA HOLANDO ART,5,6011,Mediastinoscopia,70388,92
LA HOLANDO ART,5,6014,Megacolon congenito,70389,93
LA HOLANDO ART,5,6605,Tratamiento quirurgico del megacolon,70910,94
LA HOLANDO ART,5,6016,Meningocele,70391,94
LA HOLANDO ART,5,6027,Mielomeningocele,70399,94
LA HOLANDO ART,5,6019,Metatarsalgia / ratas articulares,70392,90
LA HOLANDO ART,5,6025,"Microtia, reconstruccion en varios tiempos",70397,90
LA HOLANDO ART,5,6026,Mielografia,70398,90
LA HOLANDO ART,5,6028,Miomectomia / histerorrafia,70400,92
LA HOLANDO ART,5,6029,Miomectomia por videolaparoscopia,70401,93
LA HOLANDO ART,5,6030,Miomectomia vaginal (mioma nascens),70402,90
LA HOLANDO ART,5,6031,Miringoplastia,70403,91
LA HOLANDO ART,5,6034,Movilizacion (quiropraxia ),70405,89
LA HOLANDO ART,5,6035,Movilizacion del estribo,70406,90
LA HOLANDO ART,5,7580,Mucosectomia,71042,93
LA HOLANDO ART,5,6037,Nariz leporina compleja,70408,91
LA HOLANDO ART,5,6438,Rinofina (rosacea fimatosa de nariz),70772,91
LA HOLANDO ART,5,6038,Nefrectomia parcial,70409,94
LA HOLANDO ART,5,6039,Nefrectomia parcial o total por video-laparoscopia,70410,95
LA HOLANDO ART,5,6041,Nefrectomia radical + vaciamiento ganglionar,70412,95
LA HOLANDO ART,5,6042,Nefrectomia total,70413,94
LA HOLANDO ART,5,6043,Nefrectomia total o parcial por videolaparoscopia,70414,95
LA HOLANDO ART,5,6045,Nefrolitotomia,70416,93
LA HOLANDO ART,5,6046,Nefrolitotomia percutanea,70417,94
LA HOLANDO ART,5,6047,Nefropexia,70418,92
LA HOLANDO ART,5,6048,Nefrostomia percutanea,70419,92
LA HOLANDO ART,5,6051,Neumonectomia a cielo abierto,70422,95
LA HOLANDO ART,5,6052,Neumonectomia por video-toracoscopia,70423,98
LA HOLANDO ART,5,6060,Neurolisis por Rf. de nervios facetarios (dos niveles),69478,94
LA HOLANDO ART,5,6064,Neurolisis por Rf. de la articulacion sacro-iliaca unilateral,69479,95
LA HOLANDO ART,5,6056,Neurolisis del nervio glosofaringeo con Rf,70425,95
LA HOLANDO ART,5,6057,Neurolisis- modulacion ganglio estrellado por Rf.,70426,95
LA HOLANDO ART,5,6058,Neurolisis- modulacion de nervio periferico con Rf.,70427,94
LA HOLANDO ART,5,6059,Neurolisis con Rf nervios esplacnicos,70428,95
LA HOLANDO ART,5,6061,Neurolisis por Rf. de nervios facetarios (mas de 2 niveles),70430,94
LA HOLANDO ART,5,6062,Neurolisis con Rf del plexo celiaco,70431,95
LA HOLANDO ART,5,6065,Neurolisis de nervios perifericos,70432,90
LA HOLANDO ART,5,6066,Neurolisis extracraneal,70433,90
LA HOLANDO ART,5,6067,Neurolisis del ganglio esfeno-palatino con Rf.,70434,95
LA HOLANDO ART,5,6069,Neurolisis de nervio periferico sin RX,70435,92
LA HOLANDO ART,5,6070,Neurolisis por Rf. del ganglio de Walter,70436,95
LA HOLANDO ART,5,6074,Neurolisis por Rf. simpatico lumbar unilateral,70437,95
LA HOLANDO ART,5,6075,Neurolisis quimica,70438,90
LA HOLANDO ART,5,6076,Neurolisis quimica del ganglio de Walter,70439,95
LA HOLANDO ART,5,6077,Neurolisis por Rf del plexo hipogastrico superior,70440,95
LA HOLANDO ART,5,6078,Neurolisis quimica del simpatico dorsal,70442,95
LA HOLANDO ART,5,6080,Neurolisis quimica del simpatico lumbar unilateral,70443,95
LA HOLANDO ART,5,6081,Neurolisis quimica del ganglio estrellado,70444,95
LA HOLANDO ART,5,6082,Neurolisis quimica nervios esplacnicos,70445,94
LA HOLANDO ART,5,6083,Neurolisis quimica del plexo celiaco,70447,94
LA HOLANDO ART,5,6085,Neurolisis transoval del trgemino,70448,91
LA HOLANDO ART,5,6086,Neurolisis del trigemino con Rf,70449,98
LA HOLANDO ART,5,6087,Neurolisis- modulacion del trigemino por Rf.,70450,98
LA HOLANDO ART,5,6088,Neurolisis- modulacion ganglio esfeno-palatino por Rf.,70451,95
LA HOLANDO ART,5,6089,Neurolisis- modulacion nervio glosofaringeo por Rf.,70452,95
LA HOLANDO ART,5,7515,Neurolisis por Rf. del simpatico dorsal,71016,98
LA HOLANDO ART,5,8540,Neurolisis de nervio periferico bajo radioscopia,71130,93
LA HOLANDO ART,5,8541,Neurolisis quimica del plexo hipogastrico superior,71131,94
LA HOLANDO ART,5,8566,Neurolisis con rf de nervios perifericos,71154,95
LA HOLANDO ART,5,6093,Neuromodulacion con Rf. pulsada ganglio raiz dorsal ( 1 nivel),70453,95
LA HOLANDO ART,5,6096,Neuromodulacion sistemica con anestesicos locales en dolor neuropatico,70454,91
LA HOLANDO ART,5,6098,Neurotomia del nervio optico,70456,90
LA HOLANDO ART,5,6099,Neurotomia trigeminal / vestibular / glosofaringeo,70457,95
LA HOLANDO ART,5,6104,Oclusion con reseccion de intestino,70459,93
LA HOLANDO ART,5,6105,Omentectomia total o parcial,69480,93
LA HOLANDO ART,5,8633,Omentectomia total o parcial por videolaparoscopia,71217,94
LA HOLANDO ART,5,6106,Onfalitis,70460,91
LA HOLANDO ART,5,6107,Ooforectomia simple unilateral,70461,91
LA HOLANDO ART,5,6108,Ooforo-salpinguectomia unilateral,70462,91
LA HOLANDO ART,5,6226,Plicatura intestinal (operacion de Noble),69487,93
LA HOLANDO ART,5,6109,Operacion comando de encias o trigono-retromolar,70463,93
LA HOLANDO ART,5,6110,Operacion comando de faringe con vaciamiento,70464,95
LA HOLANDO ART,5,6113,Operacion comando de paladar blando,70467,95
LA HOLANDO ART,5,6114,Operacion comando de piso de boca,70468,95
LA HOLANDO ART,5,6115,Operacion correctora de glaucoma,70469,92
LA HOLANDO ART,5,6117,Operacion de Dixon (para tumores del 1/3 superior del recto),70470,94
LA HOLANDO ART,5,6118,Operacion de Dixon laparoscopica (para tumores del 1/3 superior del recto),70471,95
LA HOLANDO ART,5,6119,Operacion de Frikolm (hasta 2 discos),70472,94
LA HOLANDO ART,5,6120,Operacion de Lefort o similares para prolapso vaginal,70473,91
LA HOLANDO ART,5,6125,Operacion de Wertheim-Meigs por video-laparoscopia,70478,98
LA HOLANDO ART,5,6708,Operacion comando de parotida,70998,95
LA HOLANDO ART,5,6406,"Reseccion de tumor, intraorbitario mediante orbitotomia",70743,91
LA HOLANDO ART,5,6131,Orquidectomia,70486,91
LA HOLANDO ART,5,6132,Orquidopexia,70487,91
LA HOLANDO ART,5,6133,Orzuelo,70488,90
LA HOLANDO ART,5,6134,Osteoclasia,70489,90
LA HOLANDO ART,5,6144,Osteosintesis de esternon,69482,92
LA HOLANDO ART,5,5398,Osteosintesis de perone,69860,92
LA HOLANDO ART,5,6138,Osteosintesis clavicular,70492,92
LA HOLANDO ART,5,6139,Osteosintesis de calcaneo,70493,92
LA HOLANDO ART,5,6141,Osteosintesis de cubito o radio,70495,92
LA HOLANDO ART,5,6142,Osteosintesis de cubito y radio (por diferentes vias),70496,93
LA HOLANDO ART,5,6143,Osteosintesis de escafoide,70497,93
LA HOLANDO ART,5,6145,Osteosintesis de falange o metacarpiano (hasta 3 huesos),70498,91
LA HOLANDO ART,5,6146,"Osteosintesis de femur (tipo Kuncher, clavo gamma o similares)",70499,93
LA HOLANDO ART,5,6149,Osteosintesis de hasta 2 huesos del carpo,70502,92
LA HOLANDO ART,5,6151,Osteosintesis de humero,70504,92
LA HOLANDO ART,5,6154,Osteosintesis de mas de 2 huesos del carpo,70505,93
LA HOLANDO ART,5,6156,Osteosintesis de rotula,70506,92
LA HOLANDO ART,5,6157,Osteosintesis de tarso o metatarso hasta 2 huesos,70507,92
LA HOLANDO ART,5,6158,Osteosintesis de tibia,70508,92
LA HOLANDO ART,5,6159,Osteosintesis de tobillo,70509,93
LA HOLANDO ART,5,6160,Osteosintesis del malar,70510,93
LA HOLANDO ART,5,6161,Osteosintesis tarso o metatarso mas de 2 huesos,70511,93
LA HOLANDO ART,5,8634,Osteosintesis de costillas hasta 3,71218,93
LA HOLANDO ART,5,8635,Osteosintesis de costillas mas de 3,71219,94
LA HOLANDO ART,5,6162,Osteotomia correctora de pie,70512,91
LA HOLANDO ART,5,6163,Osteotomia correctora de tibia o perone,70513,92
LA HOLANDO ART,5,6166,Osteotomia de femur,70515,93
LA HOLANDO ART,5,6167,Osteotomia simple,70516,90
LA HOLANDO ART,5,6170,Paciente oncologico- atencion clinica por mes o fraccion mayor a 14 dias,69485,95
LA HOLANDO ART,5,6169,Paciente oncologico- atencion clinica por 2 a 14 dias,70518,93
LA HOLANDO ART,5,6719,Trombectomia pulmonar mecanica en TEPA paciente critico,71005,96
LA HOLANDO ART,5,6171,Palatoplastia,70519,91
LA HOLANDO ART,5,6273,Queiloplastia con palatoplastia,70615,93
LA HOLANDO ART,5,6172,Palatorrafia,70521,91
LA HOLANDO ART,5,6176,Pancreatectomia por Videolaparoscopia,70525,95
LA HOLANDO ART,5,6177,Papilotomia del conducto de Warthon y/o Stenon,70526,90
LA HOLANDO ART,5,6179,Paratiroidectomia,70529,93
LA HOLANDO ART,5,6180,Paratiroidectomia por via endoscopica,70530,94
LA HOLANDO ART,5,6181,Paratiroidectomia total con vaciamiento ganglionar,70531,94
LA HOLANDO ART,5,6182,Paratiroidectomia total con vaciamiento ganglionar por via endoscopica,70532,95
LA HOLANDO ART,5,5020,"Parche hematico (o similar) blood parch"" en cefalea post-puncion",69402,92
LA HOLANDO ART,5,6184,Parche hematico,70533,90
LA HOLANDO ART,5,6186,Parotidectomia total,70535,93
LA HOLANDO ART,5,5235,By-pass de vasos perifericos unilateral,69711,94
LA HOLANDO ART,5,5236,By-pass temporo-silviano,69712,96
LA HOLANDO ART,5,6188,Pectus excavatum / pectus carinatum,70537,94
LA HOLANDO ART,5,6189,Pectus excavatum / pectus carinatum por video-toracoscopia,70538,95
LA HOLANDO ART,5,6191,Pericardiectomia amplia (pericarditis constrictiva),70540,95
LA HOLANDO ART,5,6193,Pericardiocentesis,70542,92
LA HOLANDO ART,5,6194,Pericardiotomia,70543,93
LA HOLANDO ART,5,6195,Peridural por distocia,70544,92
LA HOLANDO ART,5,6196,Perineorrafia,70545,90
LA HOLANDO ART,5,6198,Peritoneocentesis,70547,90
LA HOLANDO ART,5,6199,Peritonitis generalizada,70548,93
LA HOLANDO ART,5,6203,Pielografia ascendente por ureteroscopia,70552,90
LA HOLANDO ART,5,6204,Pielolitotomia,70553,92
LA HOLANDO ART,5,6205,Pielolitotomia por videolaparoscopia,70554,93
LA HOLANDO ART,5,6206,Pieloplastia,70555,92
LA HOLANDO ART,5,6207,Pieloplastia por lumbotomia,70556,93
LA HOLANDO ART,5,6208,Pielotomia por videolaparoscopia,70557,93
LA HOLANDO ART,5,6201,Pie plano unilateral,70550,94
LA HOLANDO ART,5,6288,Reconstruccion - plastica de vulva,69492,93
LA HOLANDO ART,5,6209,Plastica anal / anoplastia,70558,91
LA HOLANDO ART,5,6210,Plastica de canal estrecho de columna con disectomia hasta 2 espacios,70559,98
LA HOLANDO ART,5,6211,Plastica de canal estrecho de columna mas de 2 espacios,70560,98
LA HOLANDO ART,5,6212,Plastica de colostomia,70561,92
LA HOLANDO ART,5,6213,Plastica de la union uretero-pielica,70562,92
LA HOLANDO ART,5,6214,Plastica de ligamentos de rodilla no cruzados,70563,93
LA HOLANDO ART,5,6215,Plastica de manguito rotador no artroscopica,70564,93
LA HOLANDO ART,5,6216,Plastica de uretra / uretroplastia,70565,92
LA HOLANDO ART,5,6218,Plastica de via lagrimal,70567,93
LA HOLANDO ART,5,6219,Plastica del cuadriceps,70568,91
LA HOLANDO ART,5,6220,Plastica del pabellon auricular,70569,92
LA HOLANDO ART,5,6222,Plastica pielo-ureteral por videolaparoscopia,70571,94
LA HOLANDO ART,5,6223,Plastica ureteral,70572,92
LA HOLANDO ART,5,6224,Plastica ureteral o de la union pielo-pielica por videolaparoscopia,70573,94
LA HOLANDO ART,5,6336,Reemplazo de una valvula cardiaca y plastica de otra,70677,98
LA HOLANDO ART,5,6405,"Reseccion de tumor maligno externo, con reconstruccion plastica",70742,92
LA HOLANDO ART,5,6712,Plastica de codo,71001,93
LA HOLANDO ART,5,6715,Plastica de manguito rotador por artroscopia,71003,94
LA HOLANDO ART,5,7539,Plastica o comisurotomias valvulares Ao o pulmonares en el recien nacido.,71035,98
LA HOLANDO ART,5,7595,Pleurectomia parcial por video-toracoscopia,71056,94
LA HOLANDO ART,5,6225,Pleurodesis quimica por video-toracoscopia,70574,95
LA HOLANDO ART,5,6227,Polidactilia,70575,91
LA HOLANDO ART,5,6229,Polipo de cuello uterino,70577,89
LA HOLANDO ART,5,6231,Potenciales evocados somatosensoriales,70578,91
LA HOLANDO ART,5,6582,Trasplante oseo en procedimientos primarios,70890,94
LA HOLANDO ART,5,6593,Tratamiento de las secuelas por paralisis (por cada procedimiento),70901,91
LA HOLANDO ART,5,6235,Proctectomia con prostatectomia,70580,93
LA HOLANDO ART,5,6236,Proctorrafia,70581,90
LA HOLANDO ART,5,6237,Prolapso rectal,70582,91
LA HOLANDO ART,5,8637,Prolapso tricompartimental,71221,95
LA HOLANDO ART,5,6238,Prostatectomia o adenectomia con o sin vasectomia por videolaparoscopia,70583,94
LA HOLANDO ART,5,6239,"Prostatectomia o adenectomia por via abdominal, con o sin vasectomia",70584,93
LA HOLANDO ART,5,6240,Prostatectomia o adenomectomia por videolaparoscopia,70585,94
LA HOLANDO ART,5,6243,Prostatectomia radical por videolaparoscopia,70588,95
LA HOLANDO ART,5,6246,Protesis testicular unilateral,70591,93
LA HOLANDO ART,5,6274,Querato-protesis,70617,94
LA HOLANDO ART,5,6434,Revision de protesis total de rodilla,70768,95
LA HOLANDO ART,5,6580,Trasplante oseo combinado con protesis,70888,95
LA HOLANDO ART,5,8597,Debranching con protesis,71184,98
LA HOLANDO ART,5,6247,Ptosis de parpado,70592,92
LA HOLANDO ART,5,6248,Ptosis palpebral,70593,92
LA HOLANDO ART,5,6261,Puncion de derrame escrotal,70603,89
LA HOLANDO ART,5,6262,Puncion de ganglio linfatico,70604,89
LA HOLANDO ART,5,6263,Puncion de la cavidad pleural para lavaje,70605,91
LA HOLANDO ART,5,6265,Puncion del antro mastoideo,70607,90
LA HOLANDO ART,5,6267,Puncion del seno esfenoidal,70609,91
LA HOLANDO ART,5,6268,Puncion pleural,70610,89
LA HOLANDO ART,5,6269,Puncion raquidea diagnostica,70611,90
LA HOLANDO ART,5,6270,Puncion trans-fontanoidal,70612,90
LA HOLANDO ART,5,6271,Puncion ventricular por trepanacion,70613,92
LA HOLANDO ART,5,8653,Puncion guiada por TAC en quirofano,71237,91
LA HOLANDO ART,5,6275,Queratocentesis,70618,90
LA HOLANDO ART,5,6287,Quiste sacrococcigeo (tipo quiste pilonidal),69491,91
LA HOLANDO ART,5,6276,Quiste artro-sinovial,70619,90
LA HOLANDO ART,5,6277,Quiste de cordon,70620,90
LA HOLANDO ART,5,6280,Quiste de ovario,70623,92
LA HOLANDO ART,5,6281,Quiste de pancreas,70624,92
LA HOLANDO ART,5,6282,Quiste de tumor de cuello,70625,92
LA HOLANDO ART,5,6283,Quiste hidatidico de bazo,70626,92
LA HOLANDO ART,5,6284,Quiste hidatidico de higado,70627,93
LA HOLANDO ART,5,6285,Quiste o tumor de mesenterio,70628,92
LA HOLANDO ART,5,6286,Quiste o tumor del hueco popliteo,70629,92
LA HOLANDO ART,5,6399,Reseccion de quiste oseo,70736,90
LA HOLANDO ART,5,6293,Radioterapia de intensidad modulada (IMRT),70636,91
LA HOLANDO ART,5,6294,Radioterapia intraoperatoria,70637,95
LA HOLANDO ART,5,6472,Simulacion de tratamiento para radioterapia,70803,90
LA HOLANDO ART,5,6296,Reanimacion fuera del acto anestesiologico,70639,92
LA HOLANDO ART,5,6299,Recarga de bomba elastomerica,70641,91
LA HOLANDO ART,5,6300,Reconstruccion de areola y/o pezon,70642,91
LA HOLANDO ART,5,6301,Reconstruccion de cavidad orbitaria,70643,93
LA HOLANDO ART,5,6302,Reconstruccion de conducto auditivo externo,70644,92
LA HOLANDO ART,5,6303,Reconstruccion de la pared abdominal,70645,93
LA HOLANDO ART,5,6304,Reconstruccion de las vias biliares,70646,95
LA HOLANDO ART,5,6305,Reconstruccion de ombligo,70647,90
LA HOLANDO ART,5,6307,Reconstruccion de pene y/o escroto,70649,92
LA HOLANDO ART,5,6308,Reconstruccion de pene y/o testiculo,70650,93
LA HOLANDO ART,5,6313,Reconstruccion nasal parcial,70655,91
LA HOLANDO ART,5,6314,Reconstruccion parcial de orbita o malar,70656,92
LA HOLANDO ART,5,6316,Reconstruccion total de orbita,70658,93
LA HOLANDO ART,5,6319,Reconstruccion total de parpado,70661,93
LA HOLANDO ART,5,6320,Recto-sigmoidoscopia,70662,90
LA HOLANDO ART,5,6321,Rectoscopia,70663,89
LA HOLANDO ART,5,6414,Reseccion parcial osea infecciosa o tumoral de columna (corporectomia),70751,94
LA HOLANDO ART,5,6425,Retinopexia y esclerectomia,70761,93
LA HOLANDO ART,5,6455,Secuestrectomia,70786,93
LA HOLANDO ART,5,6610,Trombo-endarterectomia de vasos perifericos,70915,94
LA HOLANDO ART,5,6637,Tumorectomia,70942,91
LA HOLANDO ART,5,6644,Ureterectomia,70948,91
LA HOLANDO ART,5,6695,Vitrectomia,70988,94
LA HOLANDO ART,5,6702,Reseccion de tumor de recto,70993,93
LA HOLANDO ART,5,8641,Reseccion anterior baja de recto por videolaparoscopia,71225,95
LA HOLANDO ART,5,6328,Reduccion incruenta cervical o dorsal,70670,92
LA HOLANDO ART,5,8547,Reduccion incruenta con osteosintes percutanea - osteodesis,71137,91
LA HOLANDO ART,5,8590,Citorreduccion oncologica,71177,99
LA HOLANDO ART,5,6334,Reemplazo bi-valvular,70675,96
LA HOLANDO ART,5,6339,Reemplazo total de femur,70679,95
LA HOLANDO ART,5,6340,Reemplazo total de hombro,70680,95
LA HOLANDO ART,5,6341,Reemplazo total de rodilla,70681,95
LA HOLANDO ART,5,6342,Reemplazo valvular,70682,98
LA HOLANDO ART,5,7535,Reemplazo valvular en hemodinamia ( TAVI),71032,96
LA HOLANDO ART,5,6360,Remodelacion de la boveda craneana (turricefalia / plagiocefalia),70700,95
LA HOLANDO ART,5,6361,"Remodelacion de la boveda craneana (turricefalia, plagioce falia)",70701,95
LA HOLANDO ART,5,6365,Reparacion de senos craneales,70705,94
LA HOLANDO ART,5,6367,Reparacion ligamentaria de rodilla (ligamento laterales y/o cruzados) por video-artroscopia,70706,94
LA HOLANDO ART,5,6368,"Reparacion ligamentaria de tobillo (ligamentos laterales, etc)",70707,93
LA HOLANDO ART,5,6417,Reseccion transuretral monopolar de prostata (TUR-P),69496,93
LA HOLANDO ART,5,6000,Reseccion de tabique vaginal por videolaparoscopia,70376,92
LA HOLANDO ART,5,6371,Reseccion pleuro-parietal,70710,93
LA HOLANDO ART,5,6372,Reseccion costal,70711,90
LA HOLANDO ART,5,6374,Reseccion cuneiforme de ovario,70713,91
LA HOLANDO ART,5,6375,Reseccion de cabeza de radio o cubito,70714,91
LA HOLANDO ART,5,6380,Reseccion de cuello de vejiga,70719,91
LA HOLANDO ART,5,6381,Reseccion de epiplon,70720,91
LA HOLANDO ART,5,6385,Reseccion de espolon calcaneo,70724,91
LA HOLANDO ART,5,6386,Reseccion de exostosis,70725,90
LA HOLANDO ART,5,6389,Reseccion de hasta 3 falanges,70727,90
LA HOLANDO ART,5,6390,Reseccion de intestino delgado,70728,93
LA HOLANDO ART,5,6392,Reseccion de mas de 3 falanges,70730,91
LA HOLANDO ART,5,6394,Reseccion de osteoma del CAE,70732,92
LA HOLANDO ART,5,6395,Reseccion de plexo hipogastrico,70733,92
LA HOLANDO ART,5,6397,Reseccion de plexo hipogastrico por videolaparoscopia,70734,93
LA HOLANDO ART,5,6398,Reseccion de queloide,70735,91
LA HOLANDO ART,5,6401,Reseccion de tabique vaginal,70738,91
LA HOLANDO ART,5,6402,Reseccion de tumor de mas de 5 cm,70739,91
LA HOLANDO ART,5,6403,Reseccion de tumor de menos de 5 cm,70740,90
LA HOLANDO ART,5,6407,Reseccion del plexo hipogastrico,70744,92
LA HOLANDO ART,5,6411,Reseccion parcial de hueso infeccioso o tumoral,70748,92
LA HOLANDO ART,5,6413,Reseccion parcial de pelvis infecciosa o tumoral,70750,92
LA HOLANDO ART,5,6415,Reseccion submucosa del cornete inferior,70752,91
LA HOLANDO ART,5,6416,Reseccion total de paladar,70753,94
LA HOLANDO ART,5,6419,Reseccion tumoral de nervio periferico,70755,91
LA HOLANDO ART,5,8549,Reseccion transmural endoscopica con sistema OVESCO o similares,71139,93
LA HOLANDO ART,5,8550,Reseccion multivisceral sin quimioterapia intraabdominal,71140,106
LA HOLANDO ART,5,8551,Reseccion transuretral de prostata (TUR-P) bipolar,71141,94
LA HOLANDO ART,5,6422,Retinografia,70758,90
LA HOLANDO ART,5,6426,Retiro de cables endocavitarios,70762,93
LA HOLANDO ART,5,6427,Retoque de muñon,69498,91
LA HOLANDO ART,5,6428,Retromentonismo no estetico,70763,91
LA HOLANDO ART,5,8539,Internacion. Primera o revision.,71129,90
LA HOLANDO ART,5,6437,Rinoseptumplastia,70771,94
LA HOLANDO ART,5,6440,"Rinoplastia simple, no estetica",70774,90
LA HOLANDO ART,5,6514,Taponamiento intra-uterino,70839,90
LA HOLANDO ART,5,6606,Tratamiento quirurgico del neurinoma del acustico por via optica,70911,95
LA HOLANDO ART,5,6442,Rizotomia del ligamento dentado,70775,93
LA HOLANDO ART,5,6443,Rizotomia dorsal selectiva,70776,94
LA HOLANDO ART,5,7513,Rizotomia estereotaxica por crioterapia del G. de Gasser,71014,98
LA HOLANDO ART,5,6445,Safenectomia externa unilateral,70777,92
LA HOLANDO ART,5,6446,Safenectomia interna unilateral,70778,92
LA HOLANDO ART,5,6449,Salpingolisis / salpingoplastia unilateral,70781,92
LA HOLANDO ART,5,6450,Salpingolisis / salpingoplastia unilateral por videolaparoscopia,70782,93
LA HOLANDO ART,5,8565,Salpinguectomia para anticoncepcion bilateral,71153,93
LA HOLANDO ART,5,6452,Seccion de aductores con o sin tenotomia,70783,92
LA HOLANDO ART,5,6453,Seccion de frenillo lingual,70784,90
LA HOLANDO ART,5,6454,Secuelas de paralisis facial en todas sus formas,70785,92
LA HOLANDO ART,5,6456,Segmentectomia hepatica,70787,95
LA HOLANDO ART,5,6459,Septumplastia video-endoscopica,70790,93
LA HOLANDO ART,5,6461,Shunt porto-sistemico transyugular intra-hepatico (TIPS),70792,95
LA HOLANDO ART,5,6462,Sialografia,70793,89
LA HOLANDO ART,5,6463,Sigmoidectomia,70794,94
LA HOLANDO ART,5,6464,Sigmoidectomia por videolaparoscopia,70795,95
LA HOLANDO ART,5,6465,Simpatectomia abdominal o lumbar,70796,91
LA HOLANDO ART,5,6466,Simpatectomia cervical,70797,92
LA HOLANDO ART,5,6467,Simpatectomia lumbar,70798,91
LA HOLANDO ART,5,6468,Simpatectomia lumbar o toracica (hiper-hidrosis),70799,93
LA HOLANDO ART,5,6470,Simpatectomia periarterial,70801,91
LA HOLANDO ART,5,6471,Simpatectomia toracica,70802,93
LA HOLANDO ART,5,6473,Sindactilia,70804,91
LA HOLANDO ART,5,6474,Sindrome apico-transverso,70805,95
LA HOLANDO ART,5,6476,Sinovectomia,70807,91
LA HOLANDO ART,5,6485,Sinusotomia por via endoscopica,69500,93
LA HOLANDO ART,5,6478,Sinusotomia esfenoidal,70809,92
LA HOLANDO ART,5,6479,Sinusotomia frontal externa (trepanacion del seno frontal),70810,91
LA HOLANDO ART,5,6480,Sinusotomia frontal radical por via externa,70811,92
LA HOLANDO ART,5,6484,Sinusotomias combinadas por via endoscopica,70815,94
LA HOLANDO ART,5,8101,Spect cerebral en niños,69536,91
LA HOLANDO ART,5,6489,Spect cerebral,70817,91
LA HOLANDO ART,5,6490,Suprarrenalectomia laparoscopica unilateral,70818,95
LA HOLANDO ART,5,6491,Sutura de conjuntiva,70819,90
LA HOLANDO ART,5,6492,Sutura de cornea,70820,91
LA HOLANDO ART,5,6493,Sutura de encia,70821,90
LA HOLANDO ART,5,6494,Sutura de faringe,70822,92
LA HOLANDO ART,5,6497,Sutura de lengua,70825,90
LA HOLANDO ART,5,6498,Sutura de vasos perifericos,70826,92
LA HOLANDO ART,5,6499,Sutura del pabellon auricular,70827,90
LA HOLANDO ART,5,6500,Sutura del paladar,70828,90
LA HOLANDO ART,5,6513,Taponaje anterior y/o posterior,70838,89
LA HOLANDO ART,5,6515,Tarsorrafia,70840,90
LA HOLANDO ART,5,6516,Telecanto,70842,92
LA HOLANDO ART,5,6517,Tenolisis (hasta 3 tendones),70843,91
LA HOLANDO ART,5,6518,Tenolisis o tenorrafia (4 o mas tendones),70844,92
LA HOLANDO ART,5,6519,Tenoplastia multiple (mas de 3 tendones),70845,93
LA HOLANDO ART,5,6520,Tenoplastia simple (hasta 3 tendones),70846,92
LA HOLANDO ART,5,6521,Tenorrafia (hasta 3 tendones),70847,91
LA HOLANDO ART,5,6522,Tenorrafia del tendon de aquiles o rotuliano,70848,92
LA HOLANDO ART,5,6523,Tenotomia multiple,70849,91
LA HOLANDO ART,5,6524,Tenotomia simple,70850,90
LA HOLANDO ART,5,6511,TENS. (maximo 6 sesiones al mes),69502,91
LA HOLANDO ART,5,6554,Toma de tension ocular,70865,90
LA HOLANDO ART,5,8545,Quimioterapia intratecal,71135,94
LA HOLANDO ART,5,6539,"Test de Opioide, Baclofen intratecal",69504,92
LA HOLANDO ART,5,6540,Test de duccion forzada y fuerza generada,70852,90
LA HOLANDO ART,5,6630,Tumor de testiculo,70934,91
LA HOLANDO ART,5,6541,Timectomia por miastenia gravis,70853,94
LA HOLANDO ART,5,6543,Timpanoplastia,70854,93
LA HOLANDO ART,5,6544,Tiroidectomia por via endoscopica,70855,94
LA HOLANDO ART,5,6545,Tiroidectomia total,70856,93
LA HOLANDO ART,5,6546,Tiroidectomia total con vaciamiento cervical,70857,94
LA HOLANDO ART,5,6547,Tiroidectomia total con vaciamiento cervical por via endoscopica,70858,95
LA HOLANDO ART,5,6548,Toilette quirurgico con debridamiento,70859,90
LA HOLANDO ART,5,6549,Toilette quirurgico de columna,70860,92
LA HOLANDO ART,5,8646,Toilette de esternon,71230,93
LA HOLANDO ART,5,6551,Toillete quirurgica,70862,89
LA HOLANDO ART,5,6555,Tomografia computada de ojo,70866,90
LA HOLANDO ART,5,6556,Toracoplastia,70867,92
LA HOLANDO ART,5,6509,"TAC de torax, con o sin contraste",70836,91
LA HOLANDO ART,5,6558,Torticolis congenita,70869,94
LA HOLANDO ART,5,6560,Traccion de partes blandas,70871,89
LA HOLANDO ART,5,6561,Traccion esqueletica,70872,89
LA HOLANDO ART,5,8599,Distraccion osea,71186,94
LA HOLANDO ART,5,6562,Tractotomia,70873,94
LA HOLANDO ART,5,6563,Transferencias tendinosas (mas de 3 tendones),70874,93
LA HOLANDO ART,5,6565,Transposicion de nervio periferico,70876,92
LA HOLANDO ART,5,6566,Transposicion de tendones en miembro superior o miembro inferior,70877,93
LA HOLANDO ART,5,6567,Transposicion del cubital,70878,91
LA HOLANDO ART,5,6568,Traqueoplastia,70879,94
LA HOLANDO ART,5,8559,Traqueoplastia en ECMO,71147,96
LA HOLANDO ART,5,6569,Traqueorrafia,70880,92
LA HOLANDO ART,5,6570,Traqueostomia,69506,91
LA HOLANDO ART,5,6571,Traqueostomia o traqueotomia,69507,91
LA HOLANDO ART,5,6572,Traqueostomia percutanea,70881,91
LA HOLANDO ART,5,6576,Trasplante corazon-riñon,69508,108
LA HOLANDO ART,5,6573,Trasplante de corazon,70882,107
LA HOLANDO ART,5,6574,Trasplante de corazon y pulmon,70883,108
LA HOLANDO ART,5,6575,Trasplante de corazon-pulmon,70884,108
LA HOLANDO ART,5,6577,Trasplante de medula osea,70885,92
LA HOLANDO ART,5,6578,Trasplante de pancreas,70886,106
LA HOLANDO ART,5,6579,Trasplante hepatico,70887,107
LA HOLANDO ART,5,6584,Trasplante oseo intercalares,70892,94
LA HOLANDO ART,5,6585,Trasplante oseo osteo-articulares,70893,94
LA HOLANDO ART,5,6586,Trasplante pulmonar,70894,106
LA HOLANDO ART,5,6587,Trasplante renal,70895,96
LA HOLANDO ART,5,6588,Trasplante reno-pancreatico,70896,107
LA HOLANDO ART,5,6589,Trasplante y alargamiento (hasta 3 tendones),70897,92
LA HOLANDO ART,5,6590,Trasplante y alargamiento (mas de 3 tendones),70898,93
LA HOLANDO ART,5,6594,Tratamiento de las varices esofagicas (bandas / escleroris / balon),70902,91
LA HOLANDO ART,5,6600,Tratamiento endovascular de arterias uterinas,70908,95
LA HOLANDO ART,5,6607,Tratamiento quirurgico del onfalocele,70912,94
LA HOLANDO ART,5,6510,TAC tridimensional,70837,91
LA HOLANDO ART,5,6609,Trombectomia venosa profunda,70913,93
LA HOLANDO ART,5,6720,Trombectomia intracraneal por hemodinamia,71006,96
LA HOLANDO ART,5,6611,Trombosis hemorroidal,70916,90
LA HOLANDO ART,5,6612,Trombosis mesenterica,70917,93
LA HOLANDO ART,5,6616,Tumor de vagina,69509,92
LA HOLANDO ART,5,5752,Extrirpacion de tumor oseo (mas de 5 cm),70154,91
LA HOLANDO ART,5,6613,Tumor benigno de ano,70918,91
LA HOLANDO ART,5,6615,Tumor benigno de vulva,70920,91
LA HOLANDO ART,5,6617,Tumor cerebral intracraneal (mas de 8 horas de duracion),70921,96
LA HOLANDO ART,5,6618,Tumor cerebral intracraneal (menos de 8 horas de duracion),70922,98
LA HOLANDO ART,5,6620,Tumor de fosa posterior (mas de 8 horas de duracion),70924,96
LA HOLANDO ART,5,6621,Tumor de fosa posterior (menos de 8 horas de duracion),70925,98
LA HOLANDO ART,5,6622,Tumor de hipofisis (mas de 8 horas de duracion),70926,96
LA HOLANDO ART,5,6623,Tumor de hipofisis (menos de 8 horas de duracion),70927,98
LA HOLANDO ART,5,6624,Tumor de la pared costal,70928,92
LA HOLANDO ART,5,6625,Tumor de la pared costal por videotoracoscopia,70929,93
LA HOLANDO ART,5,6627,Tumor de ovario,70931,92
LA HOLANDO ART,5,6629,Tumor de partes blandas,70933,90
LA HOLANDO ART,5,6631,Tumor del glomus carotideo,70935,95
LA HOLANDO ART,5,6632,Tumor del hueco supra-clavicular,70936,91
LA HOLANDO ART,5,6633,Tumor fibroso de pie,70937,90
LA HOLANDO ART,5,6634,Tumor retroperitoneal,70938,94
LA HOLANDO ART,5,6635,Tumor retroperitoneal por video,70939,95
LA HOLANDO ART,5,6638,Tumores mediastinales a cielo abierto,70943,94
LA HOLANDO ART,5,6639,Tumores mediastinales por toracoscopia,70944,95
LA HOLANDO ART,5,6640,Turbinectomia parcial o completa simple (unica o muliple),70945,92
LA HOLANDO ART,5,6642,Turbinectomia video-endoscopica,70946,93
LA HOLANDO ART,5,8649,Turbinectomia por radiofrecuencia,71233,93
LA HOLANDO ART,5,6645,Ureterolitotomia,70949,92
LA HOLANDO ART,5,6646,Ureteroscopia,70950,89
LA HOLANDO ART,5,6675,Video cisto-ureteroscopia,70977,90
LA HOLANDO ART,5,6647,Ureterostomia,70951,91
LA HOLANDO ART,5,6648,Uretro-cisto-fibroscopia,70952,90
LA HOLANDO ART,5,6649,Uretrografia,70953,89
LA HOLANDO ART,5,6650,Uretrorrafia,70954,90
LA HOLANDO ART,5,6651,Uretrotomia interna / uretroscopia,70955,89
LA HOLANDO ART,5,5941,Laringuectomia radical con vaciamiento cervical,70327,95
LA HOLANDO ART,5,6654,Vaciamiento ganglionar lumbo-aortico,70958,94
LA HOLANDO ART,5,6655,Vaciamiento inguino-abdominal convencional,70959,93
LA HOLANDO ART,5,6656,Vaciamiento inguino-abdominal o inguino-escrotal por video,70960,94
LA HOLANDO ART,5,6657,Vaciamiento inguino-escrotal convencional,70961,93
LA HOLANDO ART,5,6658,Vaciamiento radical unilateral de cuello,70962,92
LA HOLANDO ART,5,6696,Vulvectomia con vaciamiento ganglionar,70989,94
LA HOLANDO ART,5,6659,Vagotomia / vagotomia selectiva / gastropexia,70963,92
LA HOLANDO ART,5,6660,Vagotomia por videolaparoscopia,70964,93
LA HOLANDO ART,5,6661,Valvuloplastia aortica / pulmonar / tricuspidea / mitral / en hemodinamia,70965,98
LA HOLANDO ART,5,6662,Valvuloplastia mitral o tricuspidea o aortica o pulmonar,70966,98
LA HOLANDO ART,5,6652,Varicocele,70956,90
LA HOLANDO ART,5,6665,Varicocele pelviano,70969,91
LA HOLANDO ART,5,6666,Vasectomia,70970,91
LA HOLANDO ART,5,6049,Neo-vejiga a cielo abierto,70420,95
LA HOLANDO ART,5,6667,Ventana pleuro-pericardica,70971,94
LA HOLANDO ART,5,6668,Ventana pleuro-pericardica por video,70972,95
LA HOLANDO ART,5,6669,Ventriculo-cisternotomia,70973,94
LA HOLANDO ART,5,6670,Ventriculo-cisternotomia videoasistida,70974,95
LA HOLANDO ART,5,6673,Vertebroplastia (cada vertebra),69511,93
LA HOLANDO ART,5,6671,Vertebroplastia percutanea (1 vertebra),70975,94
LA HOLANDO ART,5,6672,Vertebroplastia percutanea ( 2 o mas vertebras),70976,95
LA HOLANDO ART,5,6676,"Video-artroscopia compleja (codo, tobillo)",69512,94
LA HOLANDO ART,5,6680,Video-artroscopia simple de rodilla para menisectomia,69513,93
LA HOLANDO ART,5,7605,Video artroscopia simple de muñeca,69526,92
LA HOLANDO ART,5,7606,Video artroscopia compleja de muñeca,69527,93
LA HOLANDO ART,5,6678,Video-artroscopia de hombro / codo,70979,94
LA HOLANDO ART,5,6679,Video-artroscopia de tobillo,70980,93
LA HOLANDO ART,5,6682,Video-cistoscopia,70982,90
LA HOLANDO ART,5,6687,Videobroncofibroscopia,70984,91
LA HOLANDO ART,5,6688,Videolaparoscopica diagnostica,70985,93
LA HOLANDO ART,5,6694,Videotoracoscopia convertida a via convencional,70987,95
LA HOLANDO ART,5,7604,Video artroscopia de hombro,71063,94
LA HOLANDO ART,5,8610,Eventroplastia por video,71197,93
LA HOLANDO ART,5,8629,Metastasectomia por videolaparoscopia,71213,95
LA HOLANDO ART,5,6697,Vulvectomia simple,70990,91
LA HOLANDO ART,5,6698,Yeyunostomia,70991,92
LA HOLANDO ART,5,6202,Pie zambo / varo / equino supinado,70551,93