obra,obraId,codigoEvweb,descripcion,param1,param2
FEDERACION PATRONAL ART,228,6689,Videolaparoscopia exploradora de abdomen,14836,92
FEDERACION PATRONAL ART,228,6692,Videolaparoscopia terapeutica de abdomen,14838,93
FEDERACION PATRONAL ART,228,5975,"Lipoaspiracion (cadera, muslo, abdomen) (hasta 2 zonas)",15037,93
FEDERACION PATRONAL ART,228,5976,"Lipoaspiracion (cadera, muslo, abdomen) (mas de 2 zonas)",15038,94
FEDERACION PATRONAL ART,228,5979,Liposuccion de abdomen,15039,93
FEDERACION PATRONAL ART,228,6506,"TAC de abdomen, con o sin contraste",15174,91
FEDERACION PATRONAL ART,228,5002,Abdominoplastia,14843,94
FEDERACION PATRONAL ART,228,5004,Ablacion por radiofrecuencia de arritmias complejas (tipo fibrilacion auricular),13645,98
FEDERACION PATRONAL ART,228,5005,Ablacion por radiofrecuencia de arritmias simples (tipo haz de His),13646,95
FEDERACION PATRONAL ART,228,6187,Patelectomia (ablacion de la rotula),14480,91
FEDERACION PATRONAL ART,228,5003,Ablacion de corazon,14844,95
FEDERACION PATRONAL ART,228,5083,Anestesiologo en ablacion de organos,14864,92
FEDERACION PATRONAL ART,228,6053,Neuroablacion aferentes articulacion de cadera con Rf,15056,93
FEDERACION PATRONAL ART,228,7532,Ablacion por radiofrecuencia de arritmias con navegador de impedancia,15546,95
FEDERACION PATRONAL ART,228,5006,Abocamiento del ureter a piel,13647,92
FEDERACION PATRONAL ART,228,5007,Aborto del segundo trimestre con mecanismo de parto seguido o no de legrado,13648,91
FEDERACION PATRONAL ART,228,5009,Absceso de mama / drenaje unilateral,13649,89
FEDERACION PATRONAL ART,228,5010,Absceso de pancreas,13650,92
FEDERACION PATRONAL ART,228,5011,Absceso de pared,13651,89
FEDERACION PATRONAL ART,228,5012,Absceso de parpado,13652,89
FEDERACION PATRONAL ART,228,5014,Absceso perianal,13653,89
FEDERACION PATRONAL ART,228,5015,Absceso perirectal,13654,91
FEDERACION PATRONAL ART,228,5540,Drenaje de absceso de glandula de Bartholino,14011,89
FEDERACION PATRONAL ART,228,5542,Drenaje de absceso hepatico guiado por ecografia,14012,91
FEDERACION PATRONAL ART,228,5544,Drenaje de absceso subfrenico,14014,91
FEDERACION PATRONAL ART,228,5545,Drenaje de absceso subfrenico por via laparoscopica,14015,93
FEDERACION PATRONAL ART,228,5546,Drenaje de absceso testicular,14016,89
FEDERACION PATRONAL ART,228,5547,Drenaje de absceso y/o quiste pancreatico guiado por ecografia,14017,91
FEDERACION PATRONAL ART,228,5894,"Incision y drenaje de laringe, absceso, pericondritis, etc.",14283,92
FEDERACION PATRONAL ART,228,5896,Incision y drenaje de paladar (absceso),14284,90
FEDERACION PATRONAL ART,228,5950,"Lesion local de pulmon (absceso, tumor)",14321,93
FEDERACION PATRONAL ART,228,5541,Drenaje de absceso en cabeza y/o cuello,14970,90
FEDERACION PATRONAL ART,228,5543,"Drenaje de absceso o hematoma, excepto en cabeza y cuello",14971,89
FEDERACION PATRONAL ART,228,8107,Absceso de higado,15303,92
FEDERACION PATRONAL ART,228,5013,Absceso gluteo,15469,89
FEDERACION PATRONAL ART,228,5814,Glosotomia con drenaje de absceso o hematoma,15497,90
FEDERACION PATRONAL ART,228,6135,"Osteoplastia / osteosintesis en: pseudo-artrosis, consolidacion viciosa, acortamiento, alargamiento, injerto de huesos",69350,93
FEDERACION PATRONAL ART,228,5016,Acortamiento de metatarsianos,13655,91
FEDERACION PATRONAL ART,228,6136,"Osteoplastia de tibia y/o perone: alargamiento, acortamiento / pseudoartrosis / consolidacion viciosa / injerto de huesos.",15476,93
FEDERACION PATRONAL ART,228,5017,Acromioplastia,13656,92
FEDERACION PATRONAL ART,228,6379,"Reseccion de clavicula o acromion, acromioplastia",14615,92
FEDERACION PATRONAL ART,228,5018,Acupuntura por sesion,14845,89
FEDERACION PATRONAL ART,228,5019,"Acupuntura, acupuntura laser o electroacupuntura, por sesion, maximo 6",14846,89
FEDERACION PATRONAL ART,228,5021,Adenomastectomia unilateral,13657,92
FEDERACION PATRONAL ART,228,5023,Adrenalectomia unilateral,13658,94
FEDERACION PATRONAL ART,228,5574,Embolizacion o alcoholizacion coronaria,14040,93
FEDERACION PATRONAL ART,228,5024,Alcoholizacion o fenolizacion de dos nervios perifericos,14847,91
FEDERACION PATRONAL ART,228,5025,Alcoholizacion o fenolizacion de mas de dos nervios perifericos,14848,92
FEDERACION PATRONAL ART,228,5026,Alcoholizacion o fenolizacion de par craneal (no V par),14849,93
FEDERACION PATRONAL ART,228,5028,Alcoholizacion o fenolizacion de rama secundaria de par craneal,14850,92
FEDERACION PATRONAL ART,228,5032,"Alcoholizacion o fenolizacion peridural, cervical, dorsal o lumbar",14851,94
FEDERACION PATRONAL ART,228,5035,Alcoholizacion o fenolizacion rama primaria de V par,14852,94
FEDERACION PATRONAL ART,228,5036,"Alcoholizacion o fenolizacion subaracnoidea cervical, dorsal o lumbar",14853,95
FEDERACION PATRONAL ART,228,5037,Amigdalectomia y/o adenoidectomia,13659,92
FEDERACION PATRONAL ART,228,5038,Amigdalectomia y/o adenoidectomia por radiofrecuencia,13660,93
FEDERACION PATRONAL ART,228,5827,Hemorragia post-adeno-amigdalectomia,14226,91
FEDERACION PATRONAL ART,228,6400,Reseccion de resto de amigdalectomia y/o resto de adeno-amigdalectomia,14630,91
FEDERACION PATRONAL ART,228,7609,Amigdalectomia  mas septumplastia,15508,94
FEDERACION PATRONAL ART,228,7610,Amigdalectomia  mas miringoplastia,15509,94
FEDERACION PATRONAL ART,228,7611,Amigdalectomia  mas colocacion de TTT,15510,94
FEDERACION PATRONAL ART,228,7529,Amigdalectomia  mas septumplastia mas colocacion de TTT,15511,95
FEDERACION PATRONAL ART,228,7530,Amigdalectomia  mas septumplastia mas miringoplastia,15512,95
FEDERACION PATRONAL ART,228,5039,Amniocentesis,13662,90
FEDERACION PATRONAL ART,228,5041,Amputacion de antebrazo,13663,95
FEDERACION PATRONAL ART,228,5042,Amputacion de brazo,13664,95
FEDERACION PATRONAL ART,228,5043,Amputacion de cuello como unico procedimiento,13665,90
FEDERACION PATRONAL ART,228,5044,Amputacion de dedo,13666,90
FEDERACION PATRONAL ART,228,5045,Amputacion de hasta 2 dedos del pie,13667,90
FEDERACION PATRONAL ART,228,5046,Amputacion de mano,13668,95
FEDERACION PATRONAL ART,228,5047,Amputacion de mas de 2 dedos del pie,13669,91
FEDERACION PATRONAL ART,228,5048,Amputacion de mas de 3 dedos,13670,91
FEDERACION PATRONAL ART,228,5049,Amputacion de menos de 3 dedos,13671,90
FEDERACION PATRONAL ART,228,5050,"Amputacion de muslo, pie o antepie",13672,92
FEDERACION PATRONAL ART,228,5053,Amputacion de pierna (supracondilea),13673,92
FEDERACION PATRONAL ART,228,5054,Amputacion inter-ilio-abdominal,13674,95
FEDERACION PATRONAL ART,228,5055,Amputacion inter-ilio-femoral,13675,94
FEDERACION PATRONAL ART,228,5056,Amputacion parcial o total de pene,13676,92
FEDERACION PATRONAL ART,228,5997,Mastectomia unilateral (amputacion simple de mama),14358,92
FEDERACION PATRONAL ART,228,5051,Amputacion de oreja,14854,91
FEDERACION PATRONAL ART,228,5462,Crioneurolisis de neuroma de amputacion,14955,92
FEDERACION PATRONAL ART,228,5040,Amputacion abdomino-perineal (operacion de Miles o similares) (se reseca recto y ano y se deja colosto- mia definitiva en FII),15359,95
FEDERACION PATRONAL ART,228,5052,Amputacion de pie,15473,92
FEDERACION PATRONAL ART,228,8500,"Analgesia peridural, lumbar o toracica, colocacion de cateter, puesta en marcha de la infusion. Dia 0",66589,92
FEDERACION PATRONAL ART,228,8503,"Analgesia peridural continua, con bomba, control dias subsiguientes a la colocacion. Hasta 72 hs. Por dia.",69333,90
FEDERACION PATRONAL ART,228,8504,"Analgesia peridural continua, sin bomba, control dias subsiguientes a la colocacion. Hasta 72 hs. Por dia.",69334,89
FEDERACION PATRONAL ART,228,8505,"Analgesia intratecal, controles dias subsiguientes. Por dia (hasta 48 hs)",69355,91
FEDERACION PATRONAL ART,228,8506,"Analgesia intratecal, dosis unica, colocacion",69356,91
FEDERACION PATRONAL ART,228,8516,"Analgesia sistemica continua, sin PCA, instalacion y puesta en marcha",69366,90
FEDERACION PATRONAL ART,228,8533,Control diario de analgesia sistemica sin bomba de infusion por dia,69383,90
FEDERACION PATRONAL ART,228,5057,Analgesia / anestesia raquidea o peridural en periodo expulsivo,13677,92
FEDERACION PATRONAL ART,228,5061,"Analgesia regional continua , primer dia cateter. Incluye colocacion de",14855,92
FEDERACION PATRONAL ART,228,5062,Analgesia regional continua c/24 hs o fraccion siguiente,14856,89
FEDERACION PATRONAL ART,228,5066,Analgesia regional continua con colocacion de cateter: 1ras 24 hs o fraccion siguiente,14857,91
FEDERACION PATRONAL ART,228,5067,"Analgesia regional continua, dias siguientes, por dia",14858,89
FEDERACION PATRONAL ART,228,5069,Analgesia regional por bloqueo subaracnoideo con fenol o similar,14859,90
FEDERACION PATRONAL ART,228,5077,Anestesia o sedacion-analgesia para fenolizacion de plexo vegetativo,14860,91
FEDERACION PATRONAL ART,228,5078,Anestesia o sedacion-analgesia para termolesion por rf,14861,92
FEDERACION PATRONAL ART,228,5143,Barbotaje de liquido cefaloraquideo / crioanalgesia,14873,90
FEDERACION PATRONAL ART,228,5220,"Bloqueo periferico para analgesia postquirurgica: interescalencio, infraclavicular, femoral, ciatico, etc.",14905,91
FEDERACION PATRONAL ART,228,6012,"Medicacion sistemica antalgica (neuroleptoanalgesia, agripnianalgesia): 1ras 24 hs o fraccion",15051,90
FEDERACION PATRONAL ART,228,6013,"Medicacion sistemica antalgica (neuroleptoanalgesia, agripnianalgesia): c/24hs o fraccion sig.",15204,89
FEDERACION PATRONAL ART,228,5059,Analgesia continua sistemica con o sin Pca. Controles,15208,89
FEDERACION PATRONAL ART,228,5064,"Analgesia regional continua con bomba de infusion para SDRC, (DSR) dias subsiguientes",15212,89
FEDERACION PATRONAL ART,228,5076,"Anestesia o sedacion-analgesia para bloqueos diagnosticos, corticoides",15216,90
FEDERACION PATRONAL ART,228,5058,Analgesia continua sistemica con o sin Pca. instalacion y primer dia de tratamiento,15218,90
FEDERACION PATRONAL ART,228,5879,Implante de cateter tunelizado para analgesia postop. o de corta duracion,15250,91
FEDERACION PATRONAL ART,228,5063,"Analgesia regional continua con bomba de infusion para SDRC, (DSR) colocacion y primer dia",15251,92
FEDERACION PATRONAL ART,228,7518,Adesiolisis radicular segun Raez. No incluye honorarios por analgesia,15281,95
FEDERACION PATRONAL ART,228,5060,Analgesia durante el trabajo de parto (peridural continua o perfusion de remifentanilo) menos de 90 minutos,15403,92
FEDERACION PATRONAL ART,228,5070,Anastomosis bilio-digestiva con o sin colecistectomia,13678,94
FEDERACION PATRONAL ART,228,5071,Anastomosis de conducto deferente,13679,90
FEDERACION PATRONAL ART,228,5072,Anastomosis pancreato-digestiva,13680,93
FEDERACION PATRONAL ART,228,5073,Anastomosis porto-cava o espleno-renal,13681,95
FEDERACION PATRONAL ART,228,5074,Anastomosis termino-terminal,13682,92
FEDERACION PATRONAL ART,228,5075,Anastomosis uretero-sigmoidea,13683,93
FEDERACION PATRONAL ART,228,5358,Coledoco-duodeno-anastomosis,13878,93
FEDERACION PATRONAL ART,228,5428,"Correccion de fistula biliar con anastomosis bilio-digestiva, con o sin colecistectomia",13930,94
FEDERACION PATRONAL ART,228,5479,Dacrio-cistorrinoanastomosis,13963,93
FEDERACION PATRONAL ART,228,5769,Fistula uretero-vaginal con anastomosis uretero-vesical,14183,94
FEDERACION PATRONAL ART,228,5774,Fistula vesico-utero-vaginal con anastomosis uretero-intestinal,14188,94
FEDERACION PATRONAL ART,228,5801,Gastroenteroanastomosis,14203,93
FEDERACION PATRONAL ART,228,5916,Injerto y/o anastomosis facial / hipogloso o similar,14294,92
FEDERACION PATRONAL ART,228,5658,Examen ginecologico bajo anestesia,69298,89
FEDERACION PATRONAL ART,228,8501,"Bloqueo peridural con anestesia local, opioides y/o corticoides (lumbar, Dorsal o Caudal)",69326,91
FEDERACION PATRONAL ART,228,8502,"Bloqueo peridural con anestesia local, opioides y/o corticoides (lumbar, Dorsal o Caudal) bajo radioscopia",69327,92
FEDERACION PATRONAL ART,228,8655,Anestesia para implante transitorio/definitivo de bomba intratecal (estimulador medular),71246,94
FEDERACION PATRONAL ART,228,5079,Anestesia para neurotomia (facial / glosofaringeo / neumogastrico),13684,91
FEDERACION PATRONAL ART,228,5080,Anestesia para neurotomia (infra o supraorbitaria / suboccipital / temporal superior),13685,91
FEDERACION PATRONAL ART,228,5657,Examen gineco-obstetrico bajo anestesia,14103,89
FEDERACION PATRONAL ART,228,6036,Movilizaciones bajo anestesia general o regional,14387,89
FEDERACION PATRONAL ART,228,6559,Trabajo de parto bajo anestesia epidural continua que fracasa y que termina en cesarea,14734,94
FEDERACION PATRONAL ART,228,5081,Anestesia para sesion de cobaltoterapia o acelerador,14862,90
FEDERACION PATRONAL ART,228,5082,Anestesia para terapia electroconvulsiva,14863,90
FEDERACION PATRONAL ART,228,5413,"Conduccion del trabajo de parto bajo anestesia epidural continua, que termina en parto (mas de 90 minutos)",15404,93
FEDERACION PATRONAL ART,228,5084,Aneurisma de la aorta abdominal complicado,13686,98
FEDERACION PATRONAL ART,228,5085,Aneurisma de la aorta abdominal no complicado,13687,95
FEDERACION PATRONAL ART,228,5086,Aneurisma del cayado de la aorta ascendente o descendente,13688,98
FEDERACION PATRONAL ART,228,5088,Aneurismas medulares,13689,95
FEDERACION PATRONAL ART,228,5089,Aneurismas o malformaciones A-V medulares,13690,95
FEDERACION PATRONAL ART,228,5090,Angiografia de control del tratamiento de aneurisma,13691,92
FEDERACION PATRONAL ART,228,5302,Cirugia de aneurisma cerebral (mas de 8 horas de duracion),13834,98
FEDERACION PATRONAL ART,228,5303,Cirugia de aneurisma cerebral (menos de 8 horas de duracion),13835,98
FEDERACION PATRONAL ART,228,5423,Correccion de aneurisma de fistula arterio-venosa,13925,93
FEDERACION PATRONAL ART,228,5424,Correccion de aneurisma o pseudo-aneurisma femoral,13926,94
FEDERACION PATRONAL ART,228,6592,Tratamiento de aneurisma con coils con o sin colocacion de stent,14760,95
FEDERACION PATRONAL ART,228,6595,Tratamiento de pseudoaneurisma con o sin colocacion de stent,14763,95
FEDERACION PATRONAL ART,228,6599,Tratamiento endovascular de aneurisma o pseudoaneurisma periferico,14766,94
FEDERACION PATRONAL ART,228,5087,Aneurisma ventricular,14865,95
FEDERACION PATRONAL ART,228,7551,Tratamiento endovascular aneurisma cerebral (embolizacion de aneurisma cerebral por hemodinamia),15532,95
FEDERACION PATRONAL ART,228,6601,Tratamiento endovascular de dos o mas aneurismas cerebrales (embolizacion de 2 o mas aneurismas cerebrales),15533,98
FEDERACION PATRONAL ART,228,7550,Tratamiento quirurgico de aneurisma o pseudo-aneurisma humeral o femoral con by-pass,15544,98
FEDERACION PATRONAL ART,228,7584,Angiodisplasia,15340,92
FEDERACION PATRONAL ART,228,5091,Angiografia de vasos de miembros inferior o superior,13692,92
FEDERACION PATRONAL ART,228,5092,Angiografia de vasos uterinos,13694,92
FEDERACION PATRONAL ART,228,5093,Angiografia del cuello,13695,92
FEDERACION PATRONAL ART,228,5094,Angiografia medular,13698,92
FEDERACION PATRONAL ART,228,5095,Angioplastia coronaria con o sin colocacion de stent,13699,94
FEDERACION PATRONAL ART,228,5096,Angioplastia de mas de un vaso con o sin stent,13700,93
FEDERACION PATRONAL ART,228,5097,Angioplastia de un vaso periferico con o sin stent,13701,92
FEDERACION PATRONAL ART,228,7536,Angioplastia o remplazo valvular en pacientes con ASA 4,15289,98
FEDERACION PATRONAL ART,228,7533,Correccion de coartacion de aorta en hemodinamia en el recien nacido (Angioplastia),15547,98
FEDERACION PATRONAL ART,228,5100,Anquilosis temporo-mandibular bilateral,14866,93
FEDERACION PATRONAL ART,228,5101,"Anquilosis temporo-mandibular, unilateral",14867,92
FEDERACION PATRONAL ART,228,5102,Antrotomia y atico-antrotomia,13704,92
FEDERACION PATRONAL ART,228,8542,Nucleoplastia y / o anuloplastia con Rf. ( 2 o 3 discos),69392,98
FEDERACION PATRONAL ART,228,5103,Anuloplastia mitral o tricuspidea,14868,95
FEDERACION PATRONAL ART,228,7505,Nucleoplastia y/o anuloplastia con Rf (un disco),15274,98
FEDERACION PATRONAL ART,228,7506,Nucleoplastia y/o anuloplastia con Rf (dos a tres discos),15278,98
FEDERACION PATRONAL ART,228,5104,Aortografia por cateterismo,13705,92
FEDERACION PATRONAL ART,228,5105,Aortografia por puncion,13706,91
FEDERACION PATRONAL ART,228,6707,Apendicectomia Convertida,60858,94
FEDERACION PATRONAL ART,228,5106,Apendicectomia por via convencional,13707,92
FEDERACION PATRONAL ART,228,5107,Apendicectomia por videolaparoscopia,13708,93
FEDERACION PATRONAL ART,228,5517,Diatermia o crioaplicacion escleral,13993,90
FEDERACION PATRONAL ART,228,6423,Retinopexia (diatermia y o crioaplicacion),14644,92
FEDERACION PATRONAL ART,228,5108,Aplicacion de laser en retina,15526,90
FEDERACION PATRONAL ART,228,5109,Aponeurotomia / fasciotomia cutanea,13710,90
FEDERACION PATRONAL ART,228,6703,Tac de Columna (Cada Area),60854,91
FEDERACION PATRONAL ART,228,5264,Cesarea,13803,93
FEDERACION PATRONAL ART,228,5265,Cesarea por placenta acreta o sus variedades con o sin embolizacion y que termina en histerectomia,13804,98
FEDERACION PATRONAL ART,228,6688,"Videolaparoscopia diagnostica (incluye endometriosis, prueba de Cote y ligadura tubarea bilateral)",14835,92
FEDERACION PATRONAL ART,228,6421,Resonancia (un area) con espectroscopia,15161,93
FEDERACION PATRONAL ART,228,6289,"RMN (dos areas), con o sin contraste",15166,92
FEDERACION PATRONAL ART,228,6290,"RMN (mas de dos areas), con o sin contraste",15167,93
FEDERACION PATRONAL ART,228,6291,"RMN (un area), con o sin contraste",15168,91
FEDERACION PATRONAL ART,228,6507,TAC de cerebro / orbita / cara / cuello (un area) (con o sin contraste),15175,90
FEDERACION PATRONAL ART,228,5110,Arreglos dentales de mas de 4 piezas (obturacion dentaria),13711,93
FEDERACION PATRONAL ART,228,5111,Arreglos dentales hasta 4 piezas (obturacion dentaria),13712,92
FEDERACION PATRONAL ART,228,5112,Arteriografia,13713,90
FEDERACION PATRONAL ART,228,5113,Arteriografia cerebral por cateterismo,13714,90
FEDERACION PATRONAL ART,228,5114,Arteriografia renal,13715,90
FEDERACION PATRONAL ART,228,6174,Panarteriografia cerebral,14469,92
FEDERACION PATRONAL ART,228,5115,Artrocentesis,13716,89
FEDERACION PATRONAL ART,228,5116,Artrodesis cervical,13717,95
FEDERACION PATRONAL ART,228,5117,Artrodesis de cadera,13718,93
FEDERACION PATRONAL ART,228,5118,Artrodesis de hasta tres dedos,13719,91
FEDERACION PATRONAL ART,228,5119,Artrodesis de hombro,13720,92
FEDERACION PATRONAL ART,228,5120,Artrodesis de mas de 3 dedos en miembro inferior,13721,92
FEDERACION PATRONAL ART,228,5121,Artrodesis de mas de tres dedos,13722,92
FEDERACION PATRONAL ART,228,5122,Artrodesis de menos de 3 dedos,13723,91
FEDERACION PATRONAL ART,228,5123,Artrodesis de menos de 3 dedos en miembro inferior,13724,91
FEDERACION PATRONAL ART,228,5124,Artrodesis de muñeca / tarso / hombro / codo,13725,92
FEDERACION PATRONAL ART,228,5125,Artrodesis de pie y tibioastragalina,13726,92
FEDERACION PATRONAL ART,228,5126,Artrodesis de rodilla,13727,92
FEDERACION PATRONAL ART,228,5127,Artrodesis dinamica de columna (colocacion de espaciadores),13728,95
FEDERACION PATRONAL ART,228,5128,Artrodesis instrumentada de columna cervical,13729,95
FEDERACION PATRONAL ART,228,5129,Artrodesis instrumentada de columna dorso-lumbar (tipo Harrington y similares),13730,95
FEDERACION PATRONAL ART,228,5130,Artrodesis tibio-peronea-astragalina o medio tarsiana de Chopart,13731,93
FEDERACION PATRONAL ART,228,7500,Artrodesis dorsal lumbar o sacra,15485,95
FEDERACION PATRONAL ART,228,5131,Artrolisis,13733,90
FEDERACION PATRONAL ART,228,5136,Artrotomia / artrolisis / exploracion intra-articular,13738,91
FEDERACION PATRONAL ART,228,5132,Artroplastia (no de cadera),13734,93
FEDERACION PATRONAL ART,228,5133,Artroplastia de cadera,13735,94
FEDERACION PATRONAL ART,228,5134,Artroplastia de hombro,13736,93
FEDERACION PATRONAL ART,228,5135,Artroplastia de un dedo,13737,91
FEDERACION PATRONAL ART,228,5821,Hemi-artroplastia de cadera,14219,93
FEDERACION PATRONAL ART,228,6337,Reemplazo parcial de cadera / hemi-artroplastia,14581,93
FEDERACION PATRONAL ART,228,6581,Trasplante oseo con artroplastias primarias,14749,95
FEDERACION PATRONAL ART,228,6583,Trasplante oseo en revision de artroplastias,14751,98
FEDERACION PATRONAL ART,228,5137,"Aspiracion, lavado e implante de vitreo",13739,92
FEDERACION PATRONAL ART,228,5139,Atresia ano-rectal en pediatria / malformaciones congenitas anorectales,13740,95
FEDERACION PATRONAL ART,228,5140,Atresia de coanas por via palatina,13741,94
FEDERACION PATRONAL ART,228,5141,Atresia de esofago por video-toracoscopia,13742,98
FEDERACION PATRONAL ART,228,5991,Malformaciones congenitas de esofago (atresia de esofago / fistula traqueo-esofagica),14353,95
FEDERACION PATRONAL ART,228,5142,Auriculotomia,14872,95
FEDERACION PATRONAL ART,228,5144,Bermellectomia,14874,90
FEDERACION PATRONAL ART,228,5182,Biopsia y/o cauterizacion de cuello uterino,69297,89
FEDERACION PATRONAL ART,228,5145,"Biopsia (peritoneo, epiplon, etc)",13745,91
FEDERACION PATRONAL ART,228,5146,Biopsia costal,13746,89
FEDERACION PATRONAL ART,228,5147,Biopsia de Daniels del hueco supraclavicular,13747,91
FEDERACION PATRONAL ART,228,5148,Biopsia de encia,13748,90
FEDERACION PATRONAL ART,228,5149,Biopsia de endocardio / miocardio en hemodinamia,13749,93
FEDERACION PATRONAL ART,228,5150,Biopsia de epididimo,13750,90
FEDERACION PATRONAL ART,228,5151,Biopsia de faringe y/o amigdala,13751,90
FEDERACION PATRONAL ART,228,5153,Biopsia de ganglios linfaticos de la pared toracica,13752,90
FEDERACION PATRONAL ART,228,5154,Biopsia de glandula salival,13753,90
FEDERACION PATRONAL ART,228,5155,Biopsia de higado a cielo abierto o laparoscopica,13754,91
FEDERACION PATRONAL ART,228,5156,Biopsia de higado laparoscopica,13755,91
FEDERACION PATRONAL ART,228,5157,Biopsia de laringe,13756,91
FEDERACION PATRONAL ART,228,5158,Biopsia de lesion nasofaringea,13757,90
FEDERACION PATRONAL ART,228,5159,Biopsia de mama unilateral,13758,90
FEDERACION PATRONAL ART,228,5160,Biopsia de pancreas a cielo abierto,13759,92
FEDERACION PATRONAL ART,228,5161,Biopsia de pene,13760,89
FEDERACION PATRONAL ART,228,5162,Biopsia de pericardio,13761,92
FEDERACION PATRONAL ART,228,5165,Biopsia de testiculo,13762,90
FEDERACION PATRONAL ART,228,5166,Biopsia de vagina,13763,89
FEDERACION PATRONAL ART,228,5167,Biopsia de vejiga,13764,90
FEDERACION PATRONAL ART,228,5168,Biopsia de vertebra,13765,91
FEDERACION PATRONAL ART,228,5169,Biopsia de vulva,13766,89
FEDERACION PATRONAL ART,228,5170,Biopsia del paladar,13767,90
FEDERACION PATRONAL ART,228,5171,Biopsia muscular,13768,90
FEDERACION PATRONAL ART,228,5173,Biopsia o sutura de la boca o mejilla,13769,90
FEDERACION PATRONAL ART,228,5175,Biopsia prostatica por puncion,13770,89
FEDERACION PATRONAL ART,228,5176,Biopsia quirurgica de femur o cadera,13771,91
FEDERACION PATRONAL ART,228,5177,Biopsia quirurgica de hueso (no de femur o cadera),13773,90
FEDERACION PATRONAL ART,228,5178,Biopsia radioquirurgica de mama,13774,91
FEDERACION PATRONAL ART,228,5179,Biopsia renal percutanea (quirofano),13775,89
FEDERACION PATRONAL ART,228,5180,Biopsia renal percutanea guiado por ecografia u otro metodo (fuera de quirofano),13776,90
FEDERACION PATRONAL ART,228,5181,Biopsia traqueal o bronquial,13777,90
FEDERACION PATRONAL ART,228,5405,Colonovideoscopia con o sin biopsia,13913,91
FEDERACION PATRONAL ART,228,5552,Drenaje pleural por toracotomia minima y/o biopsia pleural,14024,90
FEDERACION PATRONAL ART,228,5676,Exploracion renal con o sin biopsia,14119,91
FEDERACION PATRONAL ART,228,5718,Extraccion de cuerpo extraño de orbita / exploracion / biopsia / drenaje,14143,91
FEDERACION PATRONAL ART,228,5898,Incision y drenaje del CAE y/o biopsia,14286,90
FEDERACION PATRONAL ART,228,5899,Incision y drenaje/ biopsia o sutura de labio,14287,89
FEDERACION PATRONAL ART,228,6249,Puncion / biopsia de prostata bajo control ecografico,14535,90
FEDERACION PATRONAL ART,228,6252,Puncion biopsia de hueso,14538,89
FEDERACION PATRONAL ART,228,6253,Puncion biopsia de tiroides,14539,89
FEDERACION PATRONAL ART,228,6254,Puncion biopsia de tiroides a cielo abierto,14540,90
FEDERACION PATRONAL ART,228,6258,Puncion biopsia percutanea de bazo o pancreas,14541,89
FEDERACION PATRONAL ART,228,6259,Puncion biopsia percutanea de higado,14542,89
FEDERACION PATRONAL ART,228,6266,Puncion del seno con o sin insercion de sonda y/o biopsia de seno paranasal,14546,89
FEDERACION PATRONAL ART,228,6505,Sutura y/o biopsia de nariz,14709,90
FEDERACION PATRONAL ART,228,6557,Toracotomia exploradora amplia y/o biopsia pulmonar,14733,94
FEDERACION PATRONAL ART,228,5152,Biopsia de ganglios linfaticos de cuello,14875,90
FEDERACION PATRONAL ART,228,5163,Biopsia de piel en cabeza y/o cuello,14876,90
FEDERACION PATRONAL ART,228,5164,"Biopsia de piel, excepto en cabeza y cuello",14877,89
FEDERACION PATRONAL ART,228,5172,Biopsia o exeresis de ganglios linfaticos,14878,90
FEDERACION PATRONAL ART,228,5174,Biopsia osea a cielo abierto,14879,90
FEDERACION PATRONAL ART,228,6257,Puncion biopsia guiada por ecografia,15113,91
FEDERACION PATRONAL ART,228,6255,Puncion biopsia guiada por TAC (fuera de quirofano),15114,90
FEDERACION PATRONAL ART,228,7594,Biopsia Pulmonar o Mediastinal por video-toracoscopia,15371,92
FEDERACION PATRONAL ART,228,6127,Operacion del hueco supraclavicular (tipo biopsia de Daniels),15480,91
FEDERACION PATRONAL ART,228,5184,Blefaroplastia bilateral,14880,93
FEDERACION PATRONAL ART,228,5185,"Blefaroplastia simple, no estetica",14881,92
FEDERACION PATRONAL ART,228,8103,Blefaroplastia unilateral,15254,92
FEDERACION PATRONAL ART,228,5183,Blefaroplastia,15524,92
FEDERACION PATRONAL ART,228,7778,"Bloqueo regional periferico dosis unica, un solo nervio, eco guiado",69275,91
FEDERACION PATRONAL ART,228,7779,"Bloqueo regional periferico dosis unica, mas de un nervio, eco guiado",69276,92
FEDERACION PATRONAL ART,228,7780,"Bloqueo regional periferico continuo con cateter, sin bomba control dias sub siguientes a la colocacion (hasta 72 horas) por dia",69277,89
FEDERACION PATRONAL ART,228,7781,"Bloqueo regional periferico continuo con cateter, con bomba control dias subsiguientes a la colocacion (hasta 72 horas) por dia",69278,90
FEDERACION PATRONAL ART,228,7782,"Bloqueo del musculo erector espinal, ecoguiado, dosis unica",69279,91
FEDERACION PATRONAL ART,228,7783,"Bloqueo del musculo erector espinal, ecoguiado continuo. Colocacion de cateter",69280,92
FEDERACION PATRONAL ART,228,7784,"Bloqueo del musculo erector espinal, continuo, sin bomba, control dias subsiguientes hasta 48 por dia",69281,89
FEDERACION PATRONAL ART,228,7785,"Bloqueo del musculo erector espinal, continuo, con bomba, control dias subsiguientes hasta 48 horas por dia",69282,90
FEDERACION PATRONAL ART,228,7787,Bloqueo radicular selectivo cervical/dorsal o lumbar (hasta 2 niveles),69283,93
FEDERACION PATRONAL ART,228,7786,Bloqueo radicular selectivo cervical/dorsal o lumbar (mas de 2 niveles),69284,94
FEDERACION PATRONAL ART,228,7788,Bloqueo radicular selectivo (hasta 2 niveles),69285,92
FEDERACION PATRONAL ART,228,7789,Bloqueo radicular selectivo (mas de 2 niveles),69286,93
FEDERACION PATRONAL ART,228,8517,Bloqueo del nervio Occipital Mayor unilateral,69367,93
FEDERACION PATRONAL ART,228,8518,Bloqueo diagnostico de cadera/hombro,69368,94
FEDERACION PATRONAL ART,228,8519,Bloqueo diagnostico del ganglio estrellado,69369,94
FEDERACION PATRONAL ART,228,8520,"Bloqueo facetario cervical, dorsal o lumbar bajo radioscopia",69370,94
FEDERACION PATRONAL ART,228,8521,"Bloqueo ganglio simpatico toracico, lumbar, dorsal o hipogastrico superior",69371,95
FEDERACION PATRONAL ART,228,8525,Bloqueo paravertebral unilateral,69375,93
FEDERACION PATRONAL ART,228,8526,Bloqueo terapeutico de rodilla (N. geniculados) unilateral,69376,93
FEDERACION PATRONAL ART,228,8527,Bloqueo transforminal (mas de 1 nivel),69377,93
FEDERACION PATRONAL ART,228,8528,Bloqueo transforminal selectivo,69378,92
FEDERACION PATRONAL ART,228,8654,"Bloqueo regional continuo, con colocacion de cateter, eco guiado. Dia 0",69399,92
FEDERACION PATRONAL ART,228,5215,Bloqueo extra-craneal antalgico,13779,90
FEDERACION PATRONAL ART,228,5186,Bloqueo de G Esfenopalatino,14882,94
FEDERACION PATRONAL ART,228,5191,Bloqueo de hasta dos nervios craneales (no G de Gasser) x sesion,14883,90
FEDERACION PATRONAL ART,228,5192,Bloqueo de mas de dos nervios craneales (no G Gasser) por sesion,14884,91
FEDERACION PATRONAL ART,228,5193,Bloqueo de nervio periferico por sesion,14885,89
FEDERACION PATRONAL ART,228,5194,Bloqueo diagnostico / terapeutico de hombro,14886,90
FEDERACION PATRONAL ART,228,5195,Bloqueo diagnostico / terapeutico de rodilla,14887,90
FEDERACION PATRONAL ART,228,5196,Bloqueo diagnostico articulacion atlanto axoidea uni o bilateral,14888,91
FEDERACION PATRONAL ART,228,5197,Bloqueo diagnostico articulacion atlanto-occipital uni o bilateral,14889,91
FEDERACION PATRONAL ART,228,5198,Bloqueo diagnostico de cadera,14890,91
FEDERACION PATRONAL ART,228,5199,"Bloqueo diagnostico diferencial, por sesion",14891,89
FEDERACION PATRONAL ART,228,5200,Bloqueo diagnostico ganglio de Walter,14892,92
FEDERACION PATRONAL ART,228,5201,Bloqueo diagnostico nervio periferico bajo radioscopia,14894,91
FEDERACION PATRONAL ART,228,5202,Bloqueo diagnostico nervio periferico sin Rx,14895,90
FEDERACION PATRONAL ART,228,5203,"Bloqueo diagnostico o neurolisis de plexo celiaco, ganglio estrellado, o similar .",14896,90
FEDERACION PATRONAL ART,228,5204,Bloqueo diagnostico o terapeutico art sacro-iliaca bilateral,14897,93
FEDERACION PATRONAL ART,228,5205,Bloqueo diagnostico o terapeutico art sacro-iliaca unilateral,14898,92
FEDERACION PATRONAL ART,228,5206,Bloqueo diagnostico o terapeutico de G Estrellado. Unilateral,14899,91
FEDERACION PATRONAL ART,228,5207,Bloqueo diagnostico o terapeutico de G Simpatico lumbar.,14900,92
FEDERACION PATRONAL ART,228,5210,Bloqueo diagnostico o terapeutico de Ganglio de Walther,14901,91
FEDERACION PATRONAL ART,228,5216,Bloqueo facetario diagnostico ( hasta dos facetas),14902,92
FEDERACION PATRONAL ART,228,5217,Bloqueo facetario diagnostico (mas de 2 facetas),14903,93
FEDERACION PATRONAL ART,228,5219,Bloqueo paravertebral mas de dos nervios por sesion,14904,91
FEDERACION PATRONAL ART,228,5223,Bloqueo transforaminal (mas de 1 nivel),14906,92
FEDERACION PATRONAL ART,228,5218,Bloqueo paravertebral hasta dos nervios,15213,90
FEDERACION PATRONAL ART,228,5221,Bloqueo regional Bier con farmacos para diagnostico,15214,90
FEDERACION PATRONAL ART,228,5222,Bloqueo transforaminal (1 nivel),15243,91
FEDERACION PATRONAL ART,228,5209,Bloqueo diagnostico o terapeutico de G Estrellado guiado por imagenes,15252,92
FEDERACION PATRONAL ART,228,5212,Bloqueo diagnostico o terapeutico facetario (art cervical o dorsal) (una faceta),15265,93
FEDERACION PATRONAL ART,228,5213,Bloqueo diagnostico/ terapeutico   facetario art cervicalo dorsal (masde1faceta),15267,93
FEDERACION PATRONAL ART,228,5208,Bloqueo diagnostico o terapeutico de G Simpatico toracico,15269,93
FEDERACION PATRONAL ART,228,7523,Rf. / Bloqueo de Ganglio de Gasser,15282,95
FEDERACION PATRONAL ART,228,7593,Bloqueo nervio frenico  para neumotorax recidivante,15365,91
FEDERACION PATRONAL ART,228,5225,Bocio endotoracico,13780,94
FEDERACION PATRONAL ART,228,5227,Braquiterapia ginecologica (colocacion de radium intra-cavitario),13781,91
FEDERACION PATRONAL ART,228,5228,Braquiterapia intersticial de cabeza y cuello,14908,91
FEDERACION PATRONAL ART,228,5230,Braquiterapia urologica,14909,91
FEDERACION PATRONAL ART,228,5231,Braquiterapia urologica con abordaje abdominal para reseccion de plexos hipogastricos,14910,94
FEDERACION PATRONAL ART,228,5229,Braquiterapia intersticial de partes blandas,15245,91
FEDERACION PATRONAL ART,228,5226,Braquiterapia en cancer de prostata,15429,91
FEDERACION PATRONAL ART,228,5232,Broncorrafia,13782,93
FEDERACION PATRONAL ART,228,5233,Broncoscopia con broncoscopio rigido,13783,91
FEDERACION PATRONAL ART,228,5234,Bursitis,13784,90
FEDERACION PATRONAL ART,228,6387,Reseccion de exostosis y bursitis (operacion de Haglund - prolongacion osea en el dorso del talon -),14622,90
FEDERACION PATRONAL ART,228,5237,Cadera en resorte,13788,93
FEDERACION PATRONAL ART,228,5395,Colocacion de tutor externo (excepto de cadera y maxilar),13903,92
FEDERACION PATRONAL ART,228,5396,Colocacion de tutor externo de cadera,13904,93
FEDERACION PATRONAL ART,228,5446,"Correccion quirurgica de luxacion congenita de cadera, cruenta, con o sin osteotomia",13950,94
FEDERACION PATRONAL ART,228,5536,Displasia de cadera,14005,92
FEDERACION PATRONAL ART,228,5731,Extraccion de placas y/o tornillos (no de rodilla ni de cadera),14155,90
FEDERACION PATRONAL ART,228,5732,Extraccion de placas y/o tornillos de cadera o rodilla,14156,91
FEDERACION PATRONAL ART,228,5736,Extraccion de protesis total de cadera,14159,93
FEDERACION PATRONAL ART,228,5738,Extraccion de protesis y reemplazo en el mismo acto (rodilla o cadera),14161,95
FEDERACION PATRONAL ART,228,6150,"Osteosintesis de hombro, rodilla y cadera",14450,93
FEDERACION PATRONAL ART,228,6331,"Reduccion incruenta de luxaciones (hombro, codo, cadera, rodilla)",14576,90
FEDERACION PATRONAL ART,228,6338,Reemplazo total de cadera,14582,95
FEDERACION PATRONAL ART,228,6430,Revision de osteosintesis (no de cadera),14650,93
FEDERACION PATRONAL ART,228,6431,Revision de osteosintesis de cadera,14651,94
FEDERACION PATRONAL ART,228,6433,Revision de protesis total de cadera,14653,95
FEDERACION PATRONAL ART,228,6552,Toillete quirurgico de cadera,14729,91
FEDERACION PATRONAL ART,228,6677,Video-artroscopia de cadera,14825,94
FEDERACION PATRONAL ART,228,5902,"Infiltracion art rodilla, cadera, codo, hombro y otras, guiadas por, (art adic)",15016,91
FEDERACION PATRONAL ART,228,5903,"Infiltracion art rodilla, cadera, codo, hombro y otras. art adicional",15017,90
FEDERACION PATRONAL ART,228,5905,"Infiltracion articulacion rodilla, cadera, codo, hombro y otras una",15018,90
FEDERACION PATRONAL ART,228,5980,Liposuccion de cadera,15040,93
FEDERACION PATRONAL ART,228,8118,Reduccion incruenta de luxacion (ejemplo cadera),15470,90
FEDERACION PATRONAL ART,228,5735,Extraccion de protesis parcial de cadera,15474,92
FEDERACION PATRONAL ART,228,6410,Reseccion parcial de cadera,15475,93
FEDERACION PATRONAL ART,228,6323,Reduccion cruenta de luxacion de cadera,15479,93
FEDERACION PATRONAL ART,228,8115,Reduccion incruenta de luxacion de cadera,15481,90
FEDERACION PATRONAL ART,228,5238,Calcificaciones de hombro,13789,90
FEDERACION PATRONAL ART,228,10005,Recambio o retirada de bomba de infusion continua,69332,94
FEDERACION PATRONAL ART,228,5240,Cambio de generador,13790,91
FEDERACION PATRONAL ART,228,6297,Recambio de cateter de derivacion ventriculo-peritoneal,14565,92
FEDERACION PATRONAL ART,228,6436,Revision y recambio de protesis de hombro,14656,95
FEDERACION PATRONAL ART,228,5239,Cambio Implantes,14911,94
FEDERACION PATRONAL ART,228,6358,"Reintervencion alejada mas de 24 horas (cambio de valvula, by-pass, protesis, banding)",15146,98
FEDERACION PATRONAL ART,228,5243,Canalizacion de via central,15232,90
FEDERACION PATRONAL ART,228,5241,Canalizacion arterial,15233,90
FEDERACION PATRONAL ART,228,5242,Canalizacion de venas o arterias como unico procedimiento,15538,89
FEDERACION PATRONAL ART,228,5244,Cantotomia externa,15227,90
FEDERACION PATRONAL ART,228,5245,Capsulectomia,15242,91
FEDERACION PATRONAL ART,228,5246,Capsuloplastia,13791,91
FEDERACION PATRONAL ART,228,10002,Capsulotomia,69331,90
FEDERACION PATRONAL ART,228,5247,Capsulotomia (cristalino),13792,90
FEDERACION PATRONAL ART,228,5248,Cardiomioplastia,14912,95
FEDERACION PATRONAL ART,228,5249,Cardiorrafia,14913,94
FEDERACION PATRONAL ART,228,5250,Cardioversion electrica de arritmias,13793,90
FEDERACION PATRONAL ART,228,5251,Caruncula uretral,13794,89
FEDERACION PATRONAL ART,228,5253,Cateterismo cardiaco mas angiocardiografia,13795,91
FEDERACION PATRONAL ART,228,5254,Cateterismo cardiaco para toma de presiones y muestras de sangre,13796,91
FEDERACION PATRONAL ART,228,5255,Cateterismo de ambas carotidas con o sin colocacion de stents,13797,93
FEDERACION PATRONAL ART,228,5256,Cateterismo del ureter,13798,90
FEDERACION PATRONAL ART,228,5257,Cateterismo vesical / cistomanometria,13799,91
FEDERACION PATRONAL ART,228,8102,Cateterismo cardiaco mas angiocardiografia CA,15541,92
FEDERACION PATRONAL ART,228,5258,Cauterizacion del cuello uterino con laser,13800,91
FEDERACION PATRONAL ART,228,5259,Cavernostomia,15368,93
FEDERACION PATRONAL ART,228,5260,Cavografia toracica o abdominal (colocacion de portacath),13801,91
FEDERACION PATRONAL ART,228,6200,Pie Bot / cavo / equino unilateral,14491,92
FEDERACION PATRONAL ART,228,7542,"Tetralogia de Fallot, canal atrioventricular, Tubo VD-AP, Anomalia total del retorno venoso pulmonar, Estenosis SubAo, Comisurotomia Ao o Pulmonar, Valvuloplatia Ao o Pulmonar, Glenn, Cavopulmonar, Cirugia de MAZE, Sindrome de Cimitarra, Rastelli, Senning, Jatene, Cirugia de Ross no en el recien nacido",15287,98
FEDERACION PATRONAL ART,228,5261,Cecostomia,15324,91
FEDERACION PATRONAL ART,228,5262,Centellograma oseo radio-isotopico,14914,90
FEDERACION PATRONAL ART,228,5263,Cerclaje (correccion de incontinencia cervical),13802,90
FEDERACION PATRONAL ART,228,5335,"Cirugias de cardiopatias congenitas sin CEC (cierre de ductus, cerclaje de arteria pulmonar, coartacion de aorta)",14926,95
FEDERACION PATRONAL ART,228,7543,"Cirugias de cardiopatias congenitas complejas (transposicion, tronco arterioso, ductus arterioso permiable, cerclaje de la arteria pulmonar, anillo vascular, subclavia drecha aberrante)",15285,98
FEDERACION PATRONAL ART,228,8108,Colpopexia / cerclaje,15395,91
FEDERACION PATRONAL ART,228,5712,Extraccion de cuerpo extraño de cerebro,14136,94
FEDERACION PATRONAL ART,228,5884,Implante de material radioactivo en cerebro,14279,98
FEDERACION PATRONAL ART,228,5266,Chalazion,15522,89
FEDERACION PATRONAL ART,228,5267,Cicatriz retractil de cuello / reseccion e injerto,14915,92
FEDERACION PATRONAL ART,228,6376,Reseccion de cicatriz grande / zetoplastia,15150,92
FEDERACION PATRONAL ART,228,6377,Reseccion de cicatriz retractil en cuello con o sin injerto,15151,93
FEDERACION PATRONAL ART,228,6378,Reseccion simple de cicatriz,15220,90
FEDERACION PATRONAL ART,228,6388,Reseccion de gran cicatriz / zetaplastia,15241,91
FEDERACION PATRONAL ART,228,5268,Cierre de Hartmann,13805,93
FEDERACION PATRONAL ART,228,5269,Cierre de Hartmann por videolaparoscopia,13806,94
FEDERACION PATRONAL ART,228,5270,Cierre de colostomia,13807,91
FEDERACION PATRONAL ART,228,5272,Cierre de defectos septales con dispositivos de tipo Amplatzer,13808,95
FEDERACION PATRONAL ART,228,5273,Cierre de defectos septales congenitos simples en hemodinamia,13809,94
FEDERACION PATRONAL ART,228,5274,Cierre de ductus arterioso permeable con coils o similar en hemodinamia,13810,95
FEDERACION PATRONAL ART,228,5275,Cierre de faringostomia,13811,92
FEDERACION PATRONAL ART,228,5276,Cierre de fistula arterio-venosa de hemodialisis,13812,91
FEDERACION PATRONAL ART,228,5277,Cierre de fistula branquial y/o quiste branquial o vestigio,13813,92
FEDERACION PATRONAL ART,228,5278,Cierre de fistula bronco-cutanea,13814,92
FEDERACION PATRONAL ART,228,5279,Cierre de fistula esofago-cutanea,13816,94
FEDERACION PATRONAL ART,228,5280,Cierre de fistula externa de boca,13818,91
FEDERACION PATRONAL ART,228,5281,Cierre de fistula mastoidea,13819,92
FEDERACION PATRONAL ART,228,5282,Cierre de fistula meningea por via transinusal,13820,93
FEDERACION PATRONAL ART,228,5283,Cierre de fistula oral del seno maxilar (buco-antral),13821,92
FEDERACION PATRONAL ART,228,5284,Cierre de fistula traqueo-esofagica,13822,94
FEDERACION PATRONAL ART,228,5285,Cierre de fistula uretro-rectal,13824,92
FEDERACION PATRONAL ART,228,5286,Cierre de gastrostomia y/o fistula gastrica,13825,92
FEDERACION PATRONAL ART,228,5288,Cierre de ileostomia,13826,91
FEDERACION PATRONAL ART,228,5289,Cierre de traqueostomia,13827,90
FEDERACION PATRONAL ART,228,6643,ulcera perforada / gastrorrafia/ herida perforada / cierre de fistula gastrica,14799,93
FEDERACION PATRONAL ART,228,5271,Cierre de defectos septales adquiridos,14916,95
FEDERACION PATRONAL ART,228,5287,Cierre de grandes defectos con combinacion de varios colgajos,14918,93
FEDERACION PATRONAL ART,228,5290,Cierre diferido de torax posterior a cirugia cardiaca,14920,94
FEDERACION PATRONAL ART,228,5334,Cirugias de cardiopatias congenitas simples (cierre de defectos septales),14925,95
FEDERACION PATRONAL ART,228,5637,Estafilorrafia (cierre del paladar blando),14980,91
FEDERACION PATRONAL ART,228,6614,Tumor benigno de mas de 5 cm / extirpacion y cierre plastico,15194,91
FEDERACION PATRONAL ART,228,5291,Circuncision,15408,91
FEDERACION PATRONAL ART,228,7000,Cirugia Suspendida,43224,89
FEDERACION PATRONAL ART,228,6704,Cirugia de Bahas,60855,94
FEDERACION PATRONAL ART,228,9008,Cirugias Cardiacas con valor diferenciado Clinica Reg. Del Sud,69335,61
FEDERACION PATRONAL ART,228,8529,Cirugia tricompartimental de piso pelvico,69379,93
FEDERACION PATRONAL ART,228,5292,Cirugia antireflujo esofagico (Nissen) a cielo abierto,13828,93
FEDERACION PATRONAL ART,228,5293,Cirugia artroscopica de hombro (cirugia de Bankart artroscopica y similares),13829,93
FEDERACION PATRONAL ART,228,5295,"Cirugia compleja de columna (escoliosis congenita / adquirida, con test del despertar o potenciales evocados)",13830,98
FEDERACION PATRONAL ART,228,5296,"Cirugia compleja de columna, con abordaje anterior y posterior y/o con patologia asociada",13831,98
FEDERACION PATRONAL ART,228,5298,Cirugia de Bricker (cistectomia radical + reemplazo vesical con asa ileal),13832,96
FEDERACION PATRONAL ART,228,5301,Cirugia de agenesia del CAE,13833,92
FEDERACION PATRONAL ART,228,5306,Cirugia de craneo video-asistida (mas de 8 horas de duracion),13836,98
FEDERACION PATRONAL ART,228,5307,Cirugia de craneo video-asistida (menos de 8 horas de duracion),13837,98
FEDERACION PATRONAL ART,228,5308,"Cirugia de la 1ra porcion del nervio facial, el nervio auditivo o el vestibular",13838,94
FEDERACION PATRONAL ART,228,5309,Cirugia de la 2da y 3ra porcion del nervio facial,13839,94
FEDERACION PATRONAL ART,228,5311,"Cirugia de la fosa pterigo-maxilar (exploracion, escision de tumores, etc)",13840,93
FEDERACION PATRONAL ART,228,5312,Cirugia de la obesidad (by-pass gastrico) a cielo abierto,13841,95
FEDERACION PATRONAL ART,228,5313,Cirugia de la obesidad (by-pass gastrico) por video,13842,98
FEDERACION PATRONAL ART,228,5314,Cirugia de la obesidad (manga gastrica) por video,13843,95
FEDERACION PATRONAL ART,228,5315,Cirugia de la vena cava,13844,94
FEDERACION PATRONAL ART,228,5316,Cirugia de las arritmias / colocacion de cardio-desfibrilador endocavitario,13845,95
FEDERACION PATRONAL ART,228,5317,Cirugia de las ramas de la aorta abdominal,13846,94
FEDERACION PATRONAL ART,228,5318,Cirugia de los grandes troncos arterio-venosos del torax,13847,94
FEDERACION PATRONAL ART,228,5319,Cirugia de tumores etmoidales,13848,93
FEDERACION PATRONAL ART,228,5320,Cirugia del conducto auditivo interno y su contenido,13849,94
FEDERACION PATRONAL ART,228,5321,Cirugia del glomus yugularis,13850,94
FEDERACION PATRONAL ART,228,5322,Cirugia del saco endolinfatico,13851,93
FEDERACION PATRONAL ART,228,5323,Cirugia endoscopica de tejido linfoideo rino-faringeo,13852,92
FEDERACION PATRONAL ART,228,5325,Cirugia para el tratamiento del mal de Parkinson (menos de 8 horas de duracion),13854,98
FEDERACION PATRONAL ART,228,5326,Cirugia plastica por agenesia del oido medio,13855,94
FEDERACION PATRONAL ART,228,5330,Cirugia vasculo-renal,13856,93
FEDERACION PATRONAL ART,228,5331,Cirugia videoartroscopica de codo,13857,93
FEDERACION PATRONAL ART,228,5332,Cirugia videoartroscopica de hombro (cirugia de Bankart artroscopica y similar),13858,93
FEDERACION PATRONAL ART,228,5336,Cirugias intra-uterinas a cielo abierto o por puncion,13859,96
FEDERACION PATRONAL ART,228,5497,Dermolipectomia post-cirugia bariatrica,13975,94
FEDERACION PATRONAL ART,228,5756,Facoexeresis con implante de lente intraocular (cirugia de cataratas),14172,93
FEDERACION PATRONAL ART,228,5816,Gran cirugia reconstructora de mano,14214,95
FEDERACION PATRONAL ART,228,5850,Hernia hiatal por videolaparoscopia (cirugia antireflujo por videolaparoscopia),14253,94
FEDERACION PATRONAL ART,228,6020,Microcirugia de la via espermal,14373,98
FEDERACION PATRONAL ART,228,6021,Microcirugia de laringe,14374,92
FEDERACION PATRONAL ART,228,6022,Microcirugia tubaria unilateral,14375,93
FEDERACION PATRONAL ART,228,6023,Microcirugia tubaria unilateral por videolaparoscopia,14376,95
FEDERACION PATRONAL ART,228,6350,Reimplante de miembros o dedos por microcirugia,14594,98
FEDERACION PATRONAL ART,228,6352,Reimplante total o parcial de miembro con microcirugia,14595,98
FEDERACION PATRONAL ART,228,6664,Varices residuales (microcirugia),14815,91
FEDERACION PATRONAL ART,228,5297,Cirugia coronaria o valvular por mini-toracotomia,14921,98
FEDERACION PATRONAL ART,228,5304,Cirugia de by-pass aorto-coronario,14922,95
FEDERACION PATRONAL ART,228,5300,Cirugia de Norwood,14923,96
FEDERACION PATRONAL ART,228,5327,Cirugia reductiva bilateral de mama,14924,98
FEDERACION PATRONAL ART,228,5368,Colgajos libres con micro-cirugia vascular,14936,94
FEDERACION PATRONAL ART,228,5887,Implante mamario en cirugia reconstructiva,15014,94
FEDERACION PATRONAL ART,228,5999,Mastomegalia / cirugia reductora no estetica unilateral,15043,94
FEDERACION PATRONAL ART,228,6292,Radioneurocirugia esterotaxica,15119,95
FEDERACION PATRONAL ART,228,6344,Reemplazo valvular o bi-valvular con cirugia de revascularizacion,15144,96
FEDERACION PATRONAL ART,228,6351,Reimplante de oreja con microcirugia vascular,15145,94
FEDERACION PATRONAL ART,228,7537,Cirugia de  by- pass aorto- coronaria sin CEC,15284,98
FEDERACION PATRONAL ART,228,7538,cirugia de Co Ao (con o sin CEC),15286,98
FEDERACION PATRONAL ART,228,7541,"Cirugia de transposicion de grandes vasos, Tronco arterioso, Norwood, Anomalia total del retorno venoso",15293,96
FEDERACION PATRONAL ART,228,6700,Cirugia reduccion volumenes pulmonares por video,15370,99
FEDERACION PATRONAL ART,228,6701,Cirugia de adecuacion de sexo,15398,106
FEDERACION PATRONAL ART,228,7528,"Cirugia de Mitrofanoff (apendico-vesicostomia) (ptes paraplejicos, vejiga neurogenica, espina bifida)",15428,95
FEDERACION PATRONAL ART,228,5305,Cirugia de columna por videofibroscopia,15487,98
FEDERACION PATRONAL ART,228,5324,Cirugia para el tratamiento del mal de Parkinson (mas de 8 horas de duracion)8,15537,98
FEDERACION PATRONAL ART,228,5310,Cirugia de la carotida,15542,94
FEDERACION PATRONAL ART,228,5337,Cistectomia parcial,13861,93
FEDERACION PATRONAL ART,228,5338,Cistectomia parcial con reimplante de ureter,13862,93
FEDERACION PATRONAL ART,228,5339,Cistectomia parcial o total por video-laparoscopia,13863,95
FEDERACION PATRONAL ART,228,5340,Cistectomia total,13864,94
FEDERACION PATRONAL ART,228,5348,Colecistectomia laparoscopica convertida,13869,94
FEDERACION PATRONAL ART,228,5349,Colecistectomia simple,13870,92
FEDERACION PATRONAL ART,228,5554,Duodeno-papilotomia con o sin colecistectomia,14026,93
FEDERACION PATRONAL ART,228,5671,Exploracion de las vias biliares por laparoscopia con o sin colecistectomia,14114,94
FEDERACION PATRONAL ART,228,5672,Exploracion de vias biliares con o sin colecistectomia,14115,93
FEDERACION PATRONAL ART,228,5673,Exploracion de vias biliares por via laparoscopica con o sin colecistectomia,14116,94
FEDERACION PATRONAL ART,228,6044,Nefro-ureterectomia con o sin cistectomia parcial,14393,95
FEDERACION PATRONAL ART,228,5347,Colecistectomia por videolaparoscopia,15305,93
FEDERACION PATRONAL ART,228,5341,Cistoplastia,13865,93
FEDERACION PATRONAL ART,228,6709,Cistorrafia por Videolaparoscopia,60860,92
FEDERACION PATRONAL ART,228,5342,Cistorrafia,13866,90
FEDERACION PATRONAL ART,228,5343,Cistostomia (talla vesical),13867,90
FEDERACION PATRONAL ART,228,5350,Colecistostomia,13871,92
FEDERACION PATRONAL ART,228,5351,Colecistostomia percutanea,15302,91
FEDERACION PATRONAL ART,228,5564,Electrocoagulacion de cornetes,14031,91
FEDERACION PATRONAL ART,228,5612,Escision o electrocoagulacion de amigdala lingual,14071,90
FEDERACION PATRONAL ART,228,5784,Fotocoagulacion de retina,14197,90
FEDERACION PATRONAL ART,228,6409,Reseccion endoscopica de vejiga por electrocoagulacion (TUR-V),14633,92
FEDERACION PATRONAL ART,228,7583,Coagulacion de angiodisplacias con argon plasma,15339,92
FEDERACION PATRONAL ART,228,5426,Correccion de coartacion de aorta en hemodinamia,13928,95
FEDERACION PATRONAL ART,228,5344,Coartacion de aorta con CEC (CEC: circulacion extra-corporea),14927,95
FEDERACION PATRONAL ART,228,5345,Coartacion de aorta sin CEC (CEC: circulacion extra-corporea),14928,95
FEDERACION PATRONAL ART,228,5346,Cobalto-terapia,13868,92
FEDERACION PATRONAL ART,228,5352,Colectomia o hemicolectomia abdomino -pelvica (operacion de Miles),13872,95
FEDERACION PATRONAL ART,228,5354,Colectomia total por videolaparoscopia,13873,96
FEDERACION PATRONAL ART,228,5355,Colectomia transversa segmentaria (operacion de Hartmann),13875,94
FEDERACION PATRONAL ART,228,5356,Colectomia transversa segmentaria de Hartman por videolaparoscopia (Hartman laparoscopica),13876,95
FEDERACION PATRONAL ART,228,5357,Colectomia transversa segmentaria por videolaparoscopia (Hartman laparoscopica),13877,95
FEDERACION PATRONAL ART,228,5823,Hemicolectomia,14221,94
FEDERACION PATRONAL ART,228,5824,Hemicolectomia por videolaparoscopia,14222,95
FEDERACION PATRONAL ART,228,5353,Colectomia total,15330,95
FEDERACION PATRONAL ART,228,7524,Colectomia o hemicolectomia abdomino -pelvica (operacion de Miles) por videolaparoscopia,15331,98
FEDERACION PATRONAL ART,228,5359,Coledocotomia como unica intervencion,15304,92
FEDERACION PATRONAL ART,228,5360,Colesteatoma,13879,92
FEDERACION PATRONAL ART,228,5600,Escision ampliada de mucosa yugal y recomposicion inmediata con injerto o colgajo,14060,93
FEDERACION PATRONAL ART,228,5914,Injerto o colgajo de piel de dedos (hasta 3),14292,90
FEDERACION PATRONAL ART,228,5915,Injerto o colgajo de piel de dedos (mas de 3),14293,91
FEDERACION PATRONAL ART,228,6309,Reconstruccion diferida de piramide nasal con colgajo,14568,92
FEDERACION PATRONAL ART,228,6318,Reconstruccion total de paladar inmediata con injerto o colgajo,14569,95
FEDERACION PATRONAL ART,228,5361,Colgajo alejado,14929,92
FEDERACION PATRONAL ART,228,5362,Colgajo de vecindad,14930,91
FEDERACION PATRONAL ART,228,5363,Colgajo de vecindad o a la distancia para reconstruccion total de labio,14931,93
FEDERACION PATRONAL ART,228,5364,Colgajo diferido,14932,91
FEDERACION PATRONAL ART,228,5365,"Colgajo en isla, reparacion de ceja",14933,91
FEDERACION PATRONAL ART,228,5366,Colgajo miocutaneo,14934,92
FEDERACION PATRONAL ART,228,5367,Colgajo para reconstruccion parcial de labio,14935,91
FEDERACION PATRONAL ART,228,5754,"FLAP unilateral completo (FLAP: colgajo, segmento de tejido que se trasplanta de una zona a otra del cuerpo)",14997,94
FEDERACION PATRONAL ART,228,6306,reconstruccion de oreja parcial o total mediante colgajos y o injertos,15130,92
FEDERACION PATRONAL ART,228,6311,Reconstruccion mamaria con colgajo cutaneo o miocutaneo,15133,95
FEDERACION PATRONAL ART,228,6310,Reconstruccion mamaria con TRAM (colgajo miocutaneo del recto abdominal transverso),15135,98
FEDERACION PATRONAL ART,228,6315,Reconstruccion total de nariz mediante colgajos,15138,93
FEDERACION PATRONAL ART,228,6626,"Tumor de labio superior e inferior, con o sin colgajos",15195,94
FEDERACION PATRONAL ART,228,5755,"FLAP unilateral incompleto (FLAP: colgajo, segmento de tejido que se trasplanta de una zona",15258,93
FEDERACION PATRONAL ART,228,5678,Extirpacion de apendices pre-auriculares (coloboma auris),14120,90
FEDERACION PATRONAL ART,228,5369,"Coloboma de parpado, reconstruccion simple",14937,90
FEDERACION PATRONAL ART,228,7794,Titulacion espinal de opioides para colocacion de bomba implantables (test),69291,93
FEDERACION PATRONAL ART,228,9541,Colocacion de Protesis,69346,95
FEDERACION PATRONAL ART,228,5371,"Colocacion de VAC (vacum, por ejemplo en rodilla)",13880,89
FEDERACION PATRONAL ART,228,5373,Colocacion de cateter intra-hepatico para quimioterapia,13881,92
FEDERACION PATRONAL ART,228,5374,Colocacion de cateter para medicion de PIC (PIC: presion intra-craneal),13882,93
FEDERACION PATRONAL ART,228,5375,Colocacion de coils en vasculatura toracica o abdominal,13883,94
FEDERACION PATRONAL ART,228,5377,Colocacion de endoprotesis de aorta en hemodinamia,13884,95
FEDERACION PATRONAL ART,228,5378,Colocacion de endoprotesis en arterias o venas toracicas o abdominales,13885,98
FEDERACION PATRONAL ART,228,5379,Colocacion de esfinter artificial,13886,92
FEDERACION PATRONAL ART,228,5380,Colocacion de filtros en la vena cava,13887,93
FEDERACION PATRONAL ART,228,5381,Colocacion de marcapaso endocavitario,13888,91
FEDERACION PATRONAL ART,228,5382,Colocacion de marcapaso epicardico,13889,92
FEDERACION PATRONAL ART,228,5383,Colocacion de protesis / stent en esofago,13890,91
FEDERACION PATRONAL ART,228,5384,Colocacion de protesis cervical / dorsal / o lumbar,13891,95
FEDERACION PATRONAL ART,228,5385,Colocacion de radium intra-cavitario,13892,91
FEDERACION PATRONAL ART,228,5386,Colocacion de semillas radioactivas transrectal,13893,92
FEDERACION PATRONAL ART,228,5387,Colocacion de sonda de alimentacion por endoscopia,13894,90
FEDERACION PATRONAL ART,228,5388,Colocacion de stent colonico,13895,91
FEDERACION PATRONAL ART,228,5389,Colocacion de stent en duodeno por endoscopia,13896,91
FEDERACION PATRONAL ART,228,5390,Colocacion de stent en la  via biliar por endoscopia,13897,92
FEDERACION PATRONAL ART,228,5392,Colocacion de stent traqueal o bronquial,13899,93
FEDERACION PATRONAL ART,228,5393,Colocacion de taponaje vesical,13901,90
FEDERACION PATRONAL ART,228,5394,Colocacion de tips para cirrosis,13902,92
FEDERACION PATRONAL ART,228,5397,Colocacion de tutor externo maxilar,13905,93
FEDERACION PATRONAL ART,228,5399,Colocacion de via central / colocacion cateter doble Y / tunelizado / cateter para quimioterapia / cateter picc,13907,91
FEDERACION PATRONAL ART,228,5400,"Colocacion de yeso de antebrazo, braquipalmar, pierna o pedico",13908,89
FEDERACION PATRONAL ART,228,5402,Colocacion o extraccion de balon gastrico en obesidad (gastroenterologia),13909,92
FEDERACION PATRONAL ART,228,5403,Colocacion percutanea de stents para las vias biliares (por puncion hepatica),13910,93
FEDERACION PATRONAL ART,228,5404,Colocacion y extraccion de yesos,13912,89
FEDERACION PATRONAL ART,228,5444,"Correccion incontinencia orina (Bursch, Marshal- Marchetti, colocacion de malla de Sling)",13947,92
FEDERACION PATRONAL ART,228,5477,"DIU, colocacion o extraccion",13961,89
FEDERACION PATRONAL ART,228,5522,Dilatacion de traquea y/o colocacion de stent bronquial,13999,93
FEDERACION PATRONAL ART,228,5523,Dilatacion del ureter + colocacion de pig-tail,14000,91
FEDERACION PATRONAL ART,228,5804,Gastrostomia (colocacion / extraccion y/o recolocacion) (tipo boton gastrico),14206,91
FEDERACION PATRONAL ART,228,6032,Miringotomia (paracentesis) con o sin colocacion de tubos trans-timpanicos (diabolos o similar),14384,90
FEDERACION PATRONAL ART,228,6363,Reparacion de hernia con colocacion de malla de tipo Marlex o similares,14606,92
FEDERACION PATRONAL ART,228,5376,Colocacion de desfibrilador interno,14938,93
FEDERACION PATRONAL ART,228,5370,Colocacion de expansor mamario,15259,93
FEDERACION PATRONAL ART,228,7552,Mastectomia bilateral con colocacion de protesis,15292,98
FEDERACION PATRONAL ART,228,7585,Colocacion de balon intragastrico,15341,92
FEDERACION PATRONAL ART,228,8111,Colocacion de cateter doble “J” (tipo pig-tail o similares),15415,91
FEDERACION PATRONAL ART,228,8113,Colocacion de cateter de pig-tail,15422,91
FEDERACION PATRONAL ART,228,5401,"Colocacion de yeso de tipo: minerva, corse, toracobraquial; pelvi-rotuliano o pelvi-pedico",15434,90
FEDERACION PATRONAL ART,228,7531,Colocacion  de protesis,15543,95
FEDERACION PATRONAL ART,228,7581,Colonoscopia con polipectomia con clips o Mucosectomia,15337,92
FEDERACION PATRONAL ART,228,5406,Colonovideoscopia con polipectomia,13914,91
FEDERACION PATRONAL ART,228,5407,Colpoperineorrafia anterior y/o posterior,13915,92
FEDERACION PATRONAL ART,228,5870,Histerectomia vaginal con o sin colpoperineorrafia,14269,93
FEDERACION PATRONAL ART,228,5408,Colpopexia,13916,91
FEDERACION PATRONAL ART,228,5409,Colpopexia con malla de Sling o similares,13917,92
FEDERACION PATRONAL ART,228,5410,Colpotomia / lesion local de vagina,13918,89
FEDERACION PATRONAL ART,228,5411,Comisuroplastia,14939,90
FEDERACION PATRONAL ART,228,5412,Condilomas acuminados (fulguracion),13919,89
FEDERACION PATRONAL ART,228,5414,Conizacion de cuello uterino o leep,13921,90
FEDERACION PATRONAL ART,228,5415,Conjuntivoplastia,13922,91
FEDERACION PATRONAL ART,228,5419,Conversion electrica de arritmias cardiacas,14941,90
FEDERACION PATRONAL ART,228,5420,Cordocentesis (transfusion intra-uterina),13923,91
FEDERACION PATRONAL ART,228,5421,Cordotomia,15529,94
FEDERACION PATRONAL ART,228,5422,Correccion de adherencias vaginales,13924,90
FEDERACION PATRONAL ART,228,5425,Correccion de cistocele,13927,91
FEDERACION PATRONAL ART,228,5427,Correccion de diastasis de los rectos,13929,91
FEDERACION PATRONAL ART,228,5430,Correccion de fistula recto-uterina o vesico-uterina,13931,93
FEDERACION PATRONAL ART,228,5431,Correccion de fistula recto-vaginal,13932,92
FEDERACION PATRONAL ART,228,5432,Correccion de fistula recto-vaginal + reconstruccion del esfinter anal,13933,93
FEDERACION PATRONAL ART,228,5433,Correccion de fistula vesico-vaginal,13934,92
FEDERACION PATRONAL ART,228,5434,"Correccion de incontinencia de orina (Marshall-Marchetti, Bursch o similares)",13935,92
FEDERACION PATRONAL ART,228,5435,Correccion de incontinencia de orina con malla de tipo Sling,13936,92
FEDERACION PATRONAL ART,228,5436,Correccion de incontinencia de orina por video,13937,93
FEDERACION PATRONAL ART,228,5437,Correccion de incontinencia de orina por video-laparoscopia,13938,93
FEDERACION PATRONAL ART,228,5438,Correccion de inversion uterina,13939,90
FEDERACION PATRONAL ART,228,5439,Correccion de malformaciones uterinas,13940,94
FEDERACION PATRONAL ART,228,5440,Correccion de reflujo vesico-ureteral (RVU),13941,92
FEDERACION PATRONAL ART,228,5441,Correccion de tunel carpiano,13943,91
FEDERACION PATRONAL ART,228,5442,Correccion de tunel carpiano por videoartroscopia,13944,92
FEDERACION PATRONAL ART,228,5443,Correccion del reflujo por inyeccion sub-ureteral de sustancia bultica (tipo Vantrix® o Coaptite®),13945,92
FEDERACION PATRONAL ART,228,5445,Correccion quirurgica de acalasia,13948,93
FEDERACION PATRONAL ART,228,5447,Correccion quirurgica del sindrome del tunel carpiano,13951,91
FEDERACION PATRONAL ART,228,5704,Extraccion de barra post-correccion de pectus excavatum,14130,92
FEDERACION PATRONAL ART,228,5429,Correccion de fistula congenita de cuello,14943,91
FEDERACION PATRONAL ART,228,8535,Infiltracion con corticoides/ A. locales/ Aines en puntos gatillos (hasta 5),69385,90
FEDERACION PATRONAL ART,228,8536,Infiltracion con corticoides/ A. locales/ Aines en puntos gatillos (mas de 5),69386,91
FEDERACION PATRONAL ART,228,5448,"Corticoides epidurales, por sesion",14944,90
FEDERACION PATRONAL ART,228,5451,"Corticoterapia peridural ( dorsal, lumbar o caudal, sin control x imagenes)",14947,91
FEDERACION PATRONAL ART,228,5452,"Corticoterapia peridural (dorsal, lumbar o caudal con control x imagenes)",14948,92
FEDERACION PATRONAL ART,228,5453,Corticoterapia peridural cervical con o sin control por imagenes (por sesion),14949,93
FEDERACION PATRONAL ART,228,5449,Corticoterapia foraminal cervical guiada por imagenes,15264,94
FEDERACION PATRONAL ART,228,5450,Corticoterapia foraminal dorsal o lumbar guiada por imagenes (hasta dos),15266,93
FEDERACION PATRONAL ART,228,5454,Craneoestenosis / craneosinostosis,13952,95
FEDERACION PATRONAL ART,228,5952,Lesion tumoral de los huesos del craneo,14322,92
FEDERACION PATRONAL ART,228,6165,"Osteotomia craneo-facial sin tiempo neuroquirurgico (Crouzon, Apert, etc.)",14464,98
FEDERACION PATRONAL ART,228,6325,Reduccion de fractura expuesta de craneo,14573,93
FEDERACION PATRONAL ART,228,6164,Osteotomia craneo-facial con tiempo neuroquirurgico,15100,98
FEDERACION PATRONAL ART,228,5455,Craneoplastia,15276,94
FEDERACION PATRONAL ART,228,5456,Craneotomia exploradora,15534,93
FEDERACION PATRONAL ART,228,5457,"Cricotomia, laringorrafia, como unica operacion",15507,92
FEDERACION PATRONAL ART,228,5458,Crioneurolisis de articulacion sacro-iliaca bilateral,14951,94
FEDERACION PATRONAL ART,228,5459,Crioneurolisis de articulacion sacro-iliaca unilateral,14952,93
FEDERACION PATRONAL ART,228,5460,Crioneurolisis de nervio facetario (hasta 2 nervios),14953,93
FEDERACION PATRONAL ART,228,5461,Crioneurolisis de nervio facetario (mas 2 nervios),14954,94
FEDERACION PATRONAL ART,228,5463,Crioneurolisis de neuroma postquirurgicos,14956,92
FEDERACION PATRONAL ART,228,5464,Criptorquidea,13953,91
FEDERACION PATRONAL ART,228,5465,Criptorquidea u orquidopexia por video-laparoscopia,13954,92
FEDERACION PATRONAL ART,228,5466,Criptorquidea u orquidopexia por videolaparoscopia,13955,92
FEDERACION PATRONAL ART,228,5470,Cuadrantectomia unilateral,13956,92
FEDERACION PATRONAL ART,228,7596,Cuadrantectomia / tumorectomia ( mas ganglio centinela),15390,92
FEDERACION PATRONAL ART,228,7597,Cuadrantectomia / tumorectomia (mas  vaciamiento axilar),15391,93
FEDERACION PATRONAL ART,228,5471,Cuerpo extraño / bolo fecal,13957,90
FEDERACION PATRONAL ART,228,5472,Cuerpo extraño de pared,13958,89
FEDERACION PATRONAL ART,228,5473,Cuerpo extraño de tobillo,13959,89
FEDERACION PATRONAL ART,228,5616,Esclerotomia con extraccion de cuerpo extraño intraocular,14074,92
FEDERACION PATRONAL ART,228,5667,Exploracion / extraccion de cuerpo extraño de faringe,14110,90
FEDERACION PATRONAL ART,228,5713,Extraccion de cuerpo extraño de faringe / esofago / estomago,14137,91
FEDERACION PATRONAL ART,228,5714,Extraccion de cuerpo extraño de fosa nasal,14139,90
FEDERACION PATRONAL ART,228,5715,"Extraccion de cuerpo extraño de las vias aereas (traquea, bronquios)",14140,92
FEDERACION PATRONAL ART,228,5716,Extraccion de cuerpo extraño de lengua,14141,90
FEDERACION PATRONAL ART,228,5717,Extraccion de cuerpo extraño de mano,14142,90
FEDERACION PATRONAL ART,228,5719,Extraccion de cuerpo extraño de pie,14144,91
FEDERACION PATRONAL ART,228,5720,Extraccion de cuerpo extraño de traquea o bronquio,14145,92
FEDERACION PATRONAL ART,228,5721,Extraccion de cuerpo extraño del conducto auditivo externo (CAE),14147,89
FEDERACION PATRONAL ART,228,5722,Extraccion de cuerpo extraño en faringe /esofago / estomago / duodeno,14148,91
FEDERACION PATRONAL ART,228,5723,Extraccion de cuerpo extraño endoocular,14149,92
FEDERACION PATRONAL ART,228,5726,Extraccion de cuerpo extraño superficial (conjuntiva),14150,89
FEDERACION PATRONAL ART,228,5727,"Extraccion de cuerpo extraño, exploracion de drenajes",14151,90
FEDERACION PATRONAL ART,228,5724,Extraccion de cuerpo extraño profundo,14994,91
FEDERACION PATRONAL ART,228,5725,Extraccion de cuerpo extraño profundo de cuello,14995,91
FEDERACION PATRONAL ART,228,6508,"TAC de cuerpo entero, con o sin contraste",15176,92
FEDERACION PATRONAL ART,228,5805,Gastrostomia / exploracion / extraccion de cuerpo extraño/ lesion local o tumor benigno,15313,92
FEDERACION PATRONAL ART,228,5474,"Curacion de un gran quemado, mas del 30%",14957,92
FEDERACION PATRONAL ART,228,5475,Curacion de un quemado hasta el 30%,14958,91
FEDERACION PATRONAL ART,228,5476,Curetaje oseo,13960,89
FEDERACION PATRONAL ART,228,5478,Dacrio-cistografia,13962,90
FEDERACION PATRONAL ART,228,5480,Dacrio-cistorrinostomia,13964,93
FEDERACION PATRONAL ART,228,5481,Decorticacion pleuropulmonar a cielo abierto,13965,95
FEDERACION PATRONAL ART,228,5482,Decorticacion pleuropulmonar por video-toracoscopia,13966,95
FEDERACION PATRONAL ART,228,5483,Dedo en gatillo o dedo en resorte,13967,90
FEDERACION PATRONAL ART,228,5485,Dedos en martillo (cada uno),13968,89
FEDERACION PATRONAL ART,228,5679,Extirpacion de aponeurosis palmar hasta 3 dedos,14121,91
FEDERACION PATRONAL ART,228,5680,Extirpacion de aponeurosis palmar mas de 3 dedos (enfermedad de Dupuytren),14122,92
FEDERACION PATRONAL ART,228,5681,Extirpacion de aponeurosis plantar hasta 3 dedos,14123,91
FEDERACION PATRONAL ART,228,6173,Panadizo / flemon de dedos,14468,89
FEDERACION PATRONAL ART,228,6345,Reimplante de 1 a 2 dedos,14586,92
FEDERACION PATRONAL ART,228,6346,Reimplante de dedo (hasta 2),14587,92
FEDERACION PATRONAL ART,228,6347,Reimplante de mas de 2 dedos,14589,93
FEDERACION PATRONAL ART,228,6619,Tumor de dedo,14781,90
FEDERACION PATRONAL ART,228,5484,Dedo en martillo traumatico (“mallet finger”),15461,91
FEDERACION PATRONAL ART,228,5486,Denervacion articular,15442,92
FEDERACION PATRONAL ART,228,5487,Derivacion aorto-bifemoral,13969,98
FEDERACION PATRONAL ART,228,5488,Derivacion aorto-iliaca con o sin simpatectomia,13970,95
FEDERACION PATRONAL ART,228,5489,Derivacion aorto-renal,13971,95
FEDERACION PATRONAL ART,228,5491,Derivacion paliativa de esofago,13972,94
FEDERACION PATRONAL ART,228,5493,Derivacion ventriculo-peritoneal o similar,13974,93
FEDERACION PATRONAL ART,228,5742,Extraccion de tubo de derivacion,14165,91
FEDERACION PATRONAL ART,228,6435,Revision o restitucion parcial o total de valvula derivativa (en derivaciones ventriculo-peritoneales o similar),14655,92
FEDERACION PATRONAL ART,228,5492,Derivacion pericardio-peritoneal,14959,95
FEDERACION PATRONAL ART,228,5490,Derivacion intestinal interna,15329,93
FEDERACION PATRONAL ART,228,5494,Dermoabrasion,14960,91
FEDERACION PATRONAL ART,228,5495,Dermolipectomia,14961,93
FEDERACION PATRONAL ART,228,5496,Dermolipectomia con ombligo,14963,94
FEDERACION PATRONAL ART,228,5498,Desarticulacion coxo-femoral,13976,95
FEDERACION PATRONAL ART,228,5499,Desarticulacion del brazo,13977,95
FEDERACION PATRONAL ART,228,5500,Desarticulacion escapulo-humeral,13978,95
FEDERACION PATRONAL ART,228,5501,Desarticulacion interescapulo-toracica,13979,94
FEDERACION PATRONAL ART,228,5504,Descompresion orbitaria unilateral,13980,93
FEDERACION PATRONAL ART,228,7507,Descompresion discal con decompressor o similar,15275,98
FEDERACION PATRONAL ART,228,5506,Desgarro de cuello uterino,69300,90
FEDERACION PATRONAL ART,228,5505,Desgarro de cristalino,13981,91
FEDERACION PATRONAL ART,228,5507,Desgarro de vagina / colporrafia o colpocleisis / fuera del trabajo de parto,13983,91
FEDERACION PATRONAL ART,228,5508,Desgarro de vagina y/o esfinter,13984,90
FEDERACION PATRONAL ART,228,5509,Desgarro muscular de cara anterior del muslo,13985,90
FEDERACION PATRONAL ART,228,5510,Desgarro muscular de cara posterior del muslo (paciente en decubito ventral),13986,91
FEDERACION PATRONAL ART,228,6477,Sintesis muscular (desgarro muscular simple),14690,90
FEDERACION PATRONAL ART,228,5511,Determinacion de respuesta neuromoduladora sistemica a la anest.,14965,90
FEDERACION PATRONAL ART,228,5512,Devolvulacion / desinvaginacion intestinal con reseccion intestinal,13987,93
FEDERACION PATRONAL ART,228,5513,Devolvulacion / desinvaginacion intestinal sin reseccion intestinal,13988,91
FEDERACION PATRONAL ART,228,5514,Devolvulacion endoscopica,13989,91
FEDERACION PATRONAL ART,228,5515,Diagnostico estereotaxico para estudios de epilepsia,13990,93
FEDERACION PATRONAL ART,228,5224,Bloquo diagnostico o terapeutico de G de Walther guiado por,14907,92
FEDERACION PATRONAL ART,228,6234,Procedimiento diagnostico para implante de bomba de infusion,15272,94
FEDERACION PATRONAL ART,228,5516,Diastasis del pubis,13992,92
FEDERACION PATRONAL ART,228,5519,Dilatacion colonica por endoscopia,13994,91
FEDERACION PATRONAL ART,228,5520,Dilatacion de esofago,13995,91
FEDERACION PATRONAL ART,228,5521,Dilatacion de esofago/ pilorica / colonica,13998,91
FEDERACION PATRONAL ART,228,5524,Dilatacion endoscopica de estenosis de via biliar,14001,92
FEDERACION PATRONAL ART,228,5525,Dilatacion endoscopica de la via biliar,14002,92
FEDERACION PATRONAL ART,228,5526,Dilatacion pilorica por endoscopia,14003,91
FEDERACION PATRONAL ART,228,5528,Dilatacion uretral por video,14004,90
FEDERACION PATRONAL ART,228,5518,Dilatacion anal,15355,90
FEDERACION PATRONAL ART,228,5527,Dilatacion uretral,15412,89
FEDERACION PATRONAL ART,228,5529,Dinamica renal (renograma isotopico),14966,90
FEDERACION PATRONAL ART,228,5531,Discografia provocativa  (un disco),14967,92
FEDERACION PATRONAL ART,228,5530,Discografia provocativa (dos a tres discos),15253,92
FEDERACION PATRONAL ART,228,5532,Discograma discal diagnostica,14968,94
FEDERACION PATRONAL ART,228,5534,Diseccion de la aorta ascente y/o reemplazo de la aorta,51394,98
FEDERACION PATRONAL ART,228,5535,Diseccion quirurgica para linfadenografia,14969,90
FEDERACION PATRONAL ART,228,5537,Diverticulo de Meckel por via convencional,14006,91
FEDERACION PATRONAL ART,228,5538,Diverticulo de Meckel por videolaparoscopia,14007,92
FEDERACION PATRONAL ART,228,5539,Diverticulo de esofago,14009,93
FEDERACION PATRONAL ART,228,5601,Escision de diverticulo faringo-esofagico,14061,92
FEDERACION PATRONAL ART,228,5001,"Abceso, Flemon, Drenaje",13644,89
FEDERACION PATRONAL ART,228,5548,Drenaje de glandula y o saco lagrimal,14019,90
FEDERACION PATRONAL ART,228,5549,Drenaje del septum,14020,90
FEDERACION PATRONAL ART,228,5550,Drenaje del wirsung,14021,92
FEDERACION PATRONAL ART,228,5551,Drenaje percutaneo de las vias biliares,14022,93
FEDERACION PATRONAL ART,228,5553,Drenaje ventricular continuo,14025,91
FEDERACION PATRONAL ART,228,5590,Epididimotomia y drenaje,14054,90
FEDERACION PATRONAL ART,228,5891,Incision y drenaje de amigdalas o tejido peri-amigdalino,14281,90
FEDERACION PATRONAL ART,228,5892,Incision y drenaje de glandula parotida o submaxilar,14282,90
FEDERACION PATRONAL ART,228,5897,Incision y drenaje de piso de la boca o mejilla,14285,90
FEDERACION PATRONAL ART,228,5900,Incision y/o drenaje de tejido retro-faringeo por via oral,14288,90
FEDERACION PATRONAL ART,228,6175,Pancreatectomia con exploracion y drenaje,14470,94
FEDERACION PATRONAL ART,228,6250,Puncion / drenaje del Douglas,14536,89
FEDERACION PATRONAL ART,228,6391,"Reseccion de lesion local de septum, cornetes, hematoma septal o drenaje del septum",14624,91
FEDERACION PATRONAL ART,228,5895,Incision y drenaje de lesion dentaria,15230,90
FEDERACION PATRONAL ART,228,7592,Pleurodesis quimica por tubo de drenaje,15364,90
FEDERACION PATRONAL ART,228,5893,Incision y drenaje de la auricula,15490,90
FEDERACION PATRONAL ART,228,5555,Duodenopancreatectomia,15310,95
FEDERACION PATRONAL ART,228,6683,Video esofago gastro duodenoscopia Veda,15333,90
FEDERACION PATRONAL ART,228,6684,Video gastro duodenoscopia con polipectomia Veda,15334,90
FEDERACION PATRONAL ART,228,5557,Ecocardiografia transtoracica o transesofagica intra-operatoria,14027,91
FEDERACION PATRONAL ART,228,5558,Ecocardiograma transesofagico,14028,91
FEDERACION PATRONAL ART,228,5560,Ecografia trans-toracica o trans-esofagica intra-operatoria,14972,91
FEDERACION PATRONAL ART,228,6256,Puncion ovarica guiada por ecografia (incluye icsi),15399,91
FEDERACION PATRONAL ART,228,5559,Ecografia de ojo,15520,89
FEDERACION PATRONAL ART,228,5562,Ectropion simple y/o entropion,14975,90
FEDERACION PATRONAL ART,228,7525,Implante de electrodo espinal para estimulacion medular (trial),51347,95
FEDERACION PATRONAL ART,228,5563,Electro-retinograma,14030,89
FEDERACION PATRONAL ART,228,5647,Estudio electrofisiologico,14095,92
FEDERACION PATRONAL ART,228,5565,Emasculacion total con vaciamiento inguino-abdominal,14032,94
FEDERACION PATRONAL ART,228,5566,Embarazo ectopico hemorragico,14033,92
FEDERACION PATRONAL ART,228,5567,Embarazo ectopico no complicado,14034,91
FEDERACION PATRONAL ART,228,5568,Embolectomia de arteria periferica,14035,92
FEDERACION PATRONAL ART,228,5569,Embolectomia renal,15413,90
FEDERACION PATRONAL ART,228,5570,Embolizacion de tumor cerebral por hemodinamia,14036,94
FEDERACION PATRONAL ART,228,5571,Embolizacion de tumor extracraneal por via periferica,14037,92
FEDERACION PATRONAL ART,228,5572,Embolizacion extra-craneal por via periferica,14038,93
FEDERACION PATRONAL ART,228,5573,Embolizacion hepatica,14039,93
FEDERACION PATRONAL ART,228,5575,Embolizacion por via periferica en hemodinamia,14041,91
FEDERACION PATRONAL ART,228,5576,Encefalo-meningocele,14042,94
FEDERACION PATRONAL ART,228,6050,Neumoencefalografia,15530,91
FEDERACION PATRONAL ART,228,6714,Endometriosis Convencional - Laparatomia,60865,93
FEDERACION PATRONAL ART,228,5577,Endometriosis tratamiento por videolaparoscopia,14043,94
FEDERACION PATRONAL ART,228,6685,Video-laparoscopia ginecologica diagnostica (incluye endometriosis y prueba de Cote),14832,92
FEDERACION PATRONAL ART,228,5578,Endoprotesis vasculares perifericas en hemodinamia (no de aorta),14044,94
FEDERACION PATRONAL ART,228,5881,Implante de endoprotesis en arterias o venas toracicas o abdominales,14278,95
FEDERACION PATRONAL ART,228,5579,Endoscopia nasal diagnostica,14045,91
FEDERACION PATRONAL ART,228,5618,Esfenoidectomia por video-endoscopia,14076,93
FEDERACION PATRONAL ART,228,5650,Etmoidectomia por videoendoscopia,14098,93
FEDERACION PATRONAL ART,228,5705,Extraccion de calculo por endoscopia,14131,91
FEDERACION PATRONAL ART,228,6006,Maxilectomia radical por video-endoscopia,14361,93
FEDERACION PATRONAL ART,228,6008,Maxilectomia simple por video-endoscopia,14362,92
FEDERACION PATRONAL ART,228,6228,Polipectomia nasal endoscopica (extirpacion de polipos nasales por video-endoscopia),14521,92
FEDERACION PATRONAL ART,228,6486,"Sinusotomias por videoendoscopia (etmoidectomia, esfenoidectomia, etc)",14699,93
FEDERACION PATRONAL ART,228,6596,Tratamiento de ulceras y fistulas traqueoesofagicas por endoscopias,14764,91
FEDERACION PATRONAL ART,228,7582,Endoscopia con Argon plasma,15338,92
FEDERACION PATRONAL ART,228,6459,Septumplastia por videoendoscopia,15514,92
FEDERACION PATRONAL ART,228,5581,Enfermedad de Quervain,14048,91
FEDERACION PATRONAL ART,228,5582,"Enterolisis como unica intervencion, debridamiento intestinal",60873,92
FEDERACION PATRONAL ART,228,5583,Enterolisis por videolaparoscopia,14049,93
FEDERACION PATRONAL ART,228,5808,Enterolisis,15326,92
FEDERACION PATRONAL ART,228,8100,Enterolisis abdominal laparoscopica (como unica intervencion),15348,92
FEDERACION PATRONAL ART,228,5585,Enterorrafia simple,14050,91
FEDERACION PATRONAL ART,228,5584,Enterorrafia multiple (dos o mas),15327,93
FEDERACION PATRONAL ART,228,7588,Enteroscopia alta,15344,93
FEDERACION PATRONAL ART,228,7589,Enteroscopia baja,15345,93
FEDERACION PATRONAL ART,228,7590,Enteroscopia mixta 100% mas 75%,15346,93
FEDERACION PATRONAL ART,228,5586,Enterostomia temporaria o definitiva,14051,91
FEDERACION PATRONAL ART,228,5587,Enucleacion ocular,14052,91
FEDERACION PATRONAL ART,228,5588,Epicanto,14976,90
FEDERACION PATRONAL ART,228,5589,Epididimectomia,14053,91
FEDERACION PATRONAL ART,228,5591,Epidurograma,14977,95
FEDERACION PATRONAL ART,228,5592,Epiduroplastia (incluye dosis esteroides por cateter),15273,94
FEDERACION PATRONAL ART,228,5593,Epiduroscopia,14978,95
FEDERACION PATRONAL ART,228,5594,Epifisiolisis,14055,91
FEDERACION PATRONAL ART,228,5595,Epifisiolisis de la cabeza femoral (desplazamiento del nucleo epifisiario en relacion al cuello femoral),14056,92
FEDERACION PATRONAL ART,228,5596,Episiorrafia,14057,90
FEDERACION PATRONAL ART,228,5597,Escapula alata,14059,93
FEDERACION PATRONAL ART,228,6126,Operacion de hueso escapular,14431,91
FEDERACION PATRONAL ART,228,6140,"Osteosintesis de clavicula, costilla o escapula",14442,92
FEDERACION PATRONAL ART,228,5598,"Escara, reseccion con el paciente en decubito dorsal o lateral",15225,90
FEDERACION PATRONAL ART,228,6382,Reseccion de escara con el paciente en decubito lateral o dorsal,15234,91
FEDERACION PATRONAL ART,228,5599,"Escara, reseccion con el paciente en decubito ventral",15237,91
FEDERACION PATRONAL ART,228,6383,Reseccion de escara con el paciente en decubito ventral,15256,92
FEDERACION PATRONAL ART,228,5602,Escision de lesion conjuntival,14062,90
FEDERACION PATRONAL ART,228,5604,Escision de lesion local de conducto auditivo externo (CAE),14063,89
FEDERACION PATRONAL ART,228,5605,Escision de lesion local de parpados,14064,90
FEDERACION PATRONAL ART,228,5606,Escision de lesion localizada superficial de lengua,14065,90
FEDERACION PATRONAL ART,228,5607,Escision de lesion primaria de encias mas vaciamiento cervical,14066,93
FEDERACION PATRONAL ART,228,5608,Escision de polipo retrocoanal,14067,90
FEDERACION PATRONAL ART,228,5609,Escision de tumor del cavum (rino-faringe),14068,93
FEDERACION PATRONAL ART,228,5610,Escision de tumores endonasales por rinotomia lateral,14069,92
FEDERACION PATRONAL ART,228,5611,Escision local de lesion de labio,14070,89
FEDERACION PATRONAL ART,228,5614,Escision radical de tumor de naso-faringe (cavum),14072,93
FEDERACION PATRONAL ART,228,6129,Orbitotomia con escision de lesion de orbita,14434,91
FEDERACION PATRONAL ART,228,5603,"Escision de lesion de conductos linfaticos (linfangioma, higroma)",14979,92
FEDERACION PATRONAL ART,228,5613,Escision radical de glandula submaxilar,15500,92
FEDERACION PATRONAL ART,228,5615,Esclerotomia,14073,91
FEDERACION PATRONAL ART,228,5617,Escrotoplastia,14075,91
FEDERACION PATRONAL ART,228,5619,Esfinteroplastia con colostomia,14077,92
FEDERACION PATRONAL ART,228,5620,Esfinteroplastia tipo plicatura,14078,91
FEDERACION PATRONAL ART,228,5621,Esfinterotomia - esfinterectomia,14079,89
FEDERACION PATRONAL ART,228,6015,Megaesofago,14367,93
FEDERACION PATRONAL ART,228,6190,Perforaciones de esofago,14484,93
FEDERACION PATRONAL ART,228,6335,Reemplazo de esofago,14579,95
FEDERACION PATRONAL ART,228,6384,Reseccion de esofago,14617,94
FEDERACION PATRONAL ART,228,5622,Esofago-gastrectomia,15319,98
FEDERACION PATRONAL ART,228,5623,Esofagostomia,15320,92
FEDERACION PATRONAL ART,228,5624,Esofaguectomia por videolaparoscopia,14080,95
FEDERACION PATRONAL ART,228,5625,Esofaguectomia total,15321,94
FEDERACION PATRONAL ART,228,7519,Implante definitivo de cateter espinal para bomba intratecal de morfina,51348,98
FEDERACION PATRONAL ART,228,5626,Espina bifida,14081,94
FEDERACION PATRONAL ART,228,5627,Esplenectomia electiva,14082,92
FEDERACION PATRONAL ART,228,5628,Esplenectomia laparoscopica,14083,94
FEDERACION PATRONAL ART,228,5631,Esplenectomia por videolaparoscopia,14084,94
FEDERACION PATRONAL ART,228,5799,Gastrectomia total con o sin esplenectomia,14202,95
FEDERACION PATRONAL ART,228,5629,Esplenectomia por rotura de bazo,15307,93
FEDERACION PATRONAL ART,228,5630,Esplenectomia por toracotomia,15309,94
FEDERACION PATRONAL ART,228,5632,Espleno-portografia,15306,91
FEDERACION PATRONAL ART,228,5633,Esplenopancreatectomia corporo-caudal,15311,95
FEDERACION PATRONAL ART,228,5634,Esqueletizacion del sistema venoso valvular o avalvular,14085,92
FEDERACION PATRONAL ART,228,5635,Esquiascopias,14086,89
FEDERACION PATRONAL ART,228,5636,Estafiloma,14087,90
FEDERACION PATRONAL ART,228,5638,Estapedectomia,15493,93
FEDERACION PATRONAL ART,228,5639,Estenosis traqueal sub-glotica,14089,92
FEDERACION PATRONAL ART,228,5641,Estimulacion electrica transcutanea (EET): c/24 hs o fraccion,14981,90
FEDERACION PATRONAL ART,228,5642,Estomatoplastia con injerto (inlcuye toma),14090,93
FEDERACION PATRONAL ART,228,5643,Estrabismo  mas de  dos musculos,14091,92
FEDERACION PATRONAL ART,228,5644,Estrabismo (dos musculos),14092,91
FEDERACION PATRONAL ART,228,5645,Estrabismo bilateral,14093,94
FEDERACION PATRONAL ART,228,5646,Estrabismo mas de cuatro musculos,14094,93
FEDERACION PATRONAL ART,228,5648,Etmoidectomia endoscopica,14096,93
FEDERACION PATRONAL ART,228,5649,Etmoidectomia interna,14097,92
FEDERACION PATRONAL ART,228,5651,Evacuacion de hematoma extradural / subdural / intracerebral,14099,94
FEDERACION PATRONAL ART,228,5652,Evacuacion por puncion de coleccion intra-cerebral o extra-cerebral,14100,93
FEDERACION PATRONAL ART,228,5653,Eventracion,15295,92
FEDERACION PATRONAL ART,228,5655,Evisceracion ocular,14101,91
FEDERACION PATRONAL ART,228,5656,Examen con lampara de hendidura,14102,89
FEDERACION PATRONAL ART,228,5659,Excentracion del contenido orbitario con reseccion total del maxilar superior,14105,94
FEDERACION PATRONAL ART,228,5660,Excentracion del contenido orbitario y/o peri-orbitario,14106,92
FEDERACION PATRONAL ART,228,5662,Exeresis de neuroma de Morton (tumoracion dolorosa de los nervios del pie),14107,92
FEDERACION PATRONAL ART,228,5663,Exeresis de tumor hepatico por radiofrecuencia,14108,93
FEDERACION PATRONAL ART,228,5757,Facofragmentacion y facoexeresis,14173,92
FEDERACION PATRONAL ART,228,5962,Ligadura sub-aponeurotica de perforantes mas safenectomia interna con o sin exeresis escalonada de colaterales,14330,93
FEDERACION PATRONAL ART,228,6116,Operacion de Cockett mas safenectomia interna con exeresis escalonada de colaterales insuficientes,14421,93
FEDERACION PATRONAL ART,228,6447,Safenectomia interna unilateral con exeresis escalonada,14662,93
FEDERACION PATRONAL ART,228,5661,Exeresis de ganglio centinela,14982,91
FEDERACION PATRONAL ART,228,5664,Exoftalmia endocrina o de otras causas,14983,93
FEDERACION PATRONAL ART,228,5665,Expansor de cuero cabelludo,14984,93
FEDERACION PATRONAL ART,228,5666,Exploracion  de hombro doloroso,14109,92
FEDERACION PATRONAL ART,228,5668,Exploracion de arteria periferica,14111,92
FEDERACION PATRONAL ART,228,5669,Exploracion de columna por via anterior,14112,93
FEDERACION PATRONAL ART,228,5670,Exploracion de heridas en partes blandas,14113,91
FEDERACION PATRONAL ART,228,5674,Exploracion del plexo cervico-braquial,14117,92
FEDERACION PATRONAL ART,228,5675,Exploracion del plexo lumbo-sacro,14118,93
FEDERACION PATRONAL ART,228,5766,Fistula biliar con exploracion de vias biliares,14181,93
FEDERACION PATRONAL ART,228,6295,Re-exploracion de tiroides y/o paratiroides (ejemplo:post-sangrado),14564,91
FEDERACION PATRONAL ART,228,5689,Extirpacion de polipos nasales,14124,91
FEDERACION PATRONAL ART,228,5694,Extirpacion de quiste tirogloso,14125,91
FEDERACION PATRONAL ART,228,5696,Extirpacion de tumor de partes blandas de miembro superior o inferior,14127,90
FEDERACION PATRONAL ART,228,5699,Extirpacion de tumor vesical por laparotomia,14128,92
FEDERACION PATRONAL ART,228,5993,Marsupializacion / extirpacion de glandula de Bartholino,14355,90
FEDERACION PATRONAL ART,228,5677,Extirpacion de angioma,14985,91
FEDERACION PATRONAL ART,228,5684,"Extirpacion de nevus (hasta 3), en cabeza y cuello",14986,90
FEDERACION PATRONAL ART,228,5685,"Extirpacion de nevus (hasta 3), excepto en cabeza y cuello",14987,89
FEDERACION PATRONAL ART,228,5688,"Extirpacion de papilomas (hasta 5), excepto en cabeza y cuello",14988,89
FEDERACION PATRONAL ART,228,5690,Extirpacion de quiste congenito tirogloso y similares,14989,91
FEDERACION PATRONAL ART,228,5692,Extirpacion de quiste sebaceo en cabeza y/o cuello,14990,90
FEDERACION PATRONAL ART,228,5693,"Extirpacion de quiste sebaceo, excepto en cabeza y cuello",14991,89
FEDERACION PATRONAL ART,228,5697,Extirpacion de tumor osea mas reconstruccion,14992,93
FEDERACION PATRONAL ART,228,5698,Extirpacion de tumor oseo,14993,92
FEDERACION PATRONAL ART,228,5683,Extirpacion de mas de 5 papilomas; excepto en cabeza y cuello,15222,90
FEDERACION PATRONAL ART,228,5687,Extirpacion de nevus (mas de 3); excepto en cabeza y cuello,15224,90
FEDERACION PATRONAL ART,228,5702,Extirpacion parcial de nariz,15229,90
FEDERACION PATRONAL ART,228,5701,Extirpacion dentaria,15231,90
FEDERACION PATRONAL ART,228,5686,Extirpacion de nevus (mas de 3); en cabeza y cuello,15239,91
FEDERACION PATRONAL ART,228,6244,Proctectomia (extirpacion del recto),15357,92
FEDERACION PATRONAL ART,228,7602,Extirpacion de calculos endovesicales a cielo abierto,15425,93
FEDERACION PATRONAL ART,228,7603,Extirpacion de calculos endovesicales por citoscopia,15426,94
FEDERACION PATRONAL ART,228,5682,Extirpacion de ganglion,15449,90
FEDERACION PATRONAL ART,228,5691,Extirpacion de quiste muscular,15454,90
FEDERACION PATRONAL ART,228,5700,Extirpacion del coccix,15483,91
FEDERACION PATRONAL ART,228,5695,Extirpacion de ranula,15496,90
FEDERACION PATRONAL ART,228,6710,Extraccion de Implante Mamario,60861,93
FEDERACION PATRONAL ART,228,6711,Extraccion de Implante Mamario mas Pexia,60862,94
FEDERACION PATRONAL ART,228,5703,Extraccion cruenta de calculos salivales,14129,90
FEDERACION PATRONAL ART,228,5706,Extraccion de calculo por via endoscopica,14132,90
FEDERACION PATRONAL ART,228,5707,Extraccion de cateter central / cateter doble Y / tunelizado / cateter para quimioterapia,14133,90
FEDERACION PATRONAL ART,228,5708,Extraccion de cateter central / doble Y / tunelizado / similares,14134,90
FEDERACION PATRONAL ART,228,5711,Extraccion de clavo intramedular,14135,92
FEDERACION PATRONAL ART,228,5729,Extraccion de material de osteosintesis de columna,14152,92
FEDERACION PATRONAL ART,228,5730,"Extraccion de material de osteosintesis de miembro superior (placas, tornillos, etc)",14154,90
FEDERACION PATRONAL ART,228,5733,Extraccion de protesis de columna,14157,93
FEDERACION PATRONAL ART,228,5734,Extraccion de protesis de rodilla (1 elemento),14158,92
FEDERACION PATRONAL ART,228,5737,Extraccion de protesis total de rodilla,14160,92
FEDERACION PATRONAL ART,228,5739,Extraccion de puntos de la conjuntiva,14162,89
FEDERACION PATRONAL ART,228,5740,Extraccion de puntos de parpados,14163,89
FEDERACION PATRONAL ART,228,5741,Extraccion de taponaje de loge prostatica,14164,90
FEDERACION PATRONAL ART,228,5743,Extraccion de tutor externo,14166,90
FEDERACION PATRONAL ART,228,5748,Extraccion extra-capsular de cristalino,14167,92
FEDERACION PATRONAL ART,228,5749,Extraccion intra-capsular de cristalino,14168,92
FEDERACION PATRONAL ART,228,5750,Extraccion manual de placenta como unico procedimiento,14169,90
FEDERACION PATRONAL ART,228,6432,"Revision de protesis de hombro, solo su extraccion",14652,93
FEDERACION PATRONAL ART,228,6550,Toillete cardiaco post-quirurgico con o sin extraccion de alambres,15188,94
FEDERACION PATRONAL ART,228,5744,Extraccion dentaria hasta 3 piezas,15236,91
FEDERACION PATRONAL ART,228,5751,Extracciones dentarias multiples,15255,92
FEDERACION PATRONAL ART,228,7586,Extraccion de balon intragastrico,15342,92
FEDERACION PATRONAL ART,228,8110,Extraccion de cateter de doble “J” (tipo pig-tail o similares),15414,90
FEDERACION PATRONAL ART,228,8112,Extraccion de cateter de pig-tail,15421,90
FEDERACION PATRONAL ART,228,5745,Extraccion dentaria (pieza unica),15498,90
FEDERACION PATRONAL ART,228,5746,Extraccion dentaria de piezas multiples,15501,92
FEDERACION PATRONAL ART,228,5728,Extraccion de masas cristalinas,15527,91
FEDERACION PATRONAL ART,228,5758,Faringoplastia,14174,93
FEDERACION PATRONAL ART,228,5760,Fenestracion del conducto semicircular externo,14176,93
FEDERACION PATRONAL ART,228,5761,Feocromocitoma,14177,95
FEDERACION PATRONAL ART,228,7527,Feocromocitoma por video-laparoscopia,15387,98
FEDERACION PATRONAL ART,228,6324,Reduccion cruenta de luxacion o fractura de columna sin fijacion,14572,93
FEDERACION PATRONAL ART,228,6429,Revision de fijacion de columna,14649,98
FEDERACION PATRONAL ART,228,5762,Fijacion interdentaria,15489,91
FEDERACION PATRONAL ART,228,5763,Fimosis / parafimosis / postioplastia,14178,91
FEDERACION PATRONAL ART,228,5764,Fistula anal / fistulectomia / fistulotomia,14179,90
FEDERACION PATRONAL ART,228,5765,Fistula arterio-venosa para hemodialisis,14180,92
FEDERACION PATRONAL ART,228,5768,Fistula umbilical,14182,91
FEDERACION PATRONAL ART,228,5770,Fistula vagino-perineal,14184,91
FEDERACION PATRONAL ART,228,5771,Fistula vesico-parietal,14185,91
FEDERACION PATRONAL ART,228,5772,Fistula vesico-rectal,14186,91
FEDERACION PATRONAL ART,228,5773,Fistula vesico-ureteral,14187,91
FEDERACION PATRONAL ART,228,5767,Fistula en columna,15484,93
FEDERACION PATRONAL ART,228,5775,Fistulografia,14189,89
FEDERACION PATRONAL ART,228,5776,Fisura anal,14190,90
FEDERACION PATRONAL ART,228,5859,"Hipertelorismo, fisura facial media",14262,98
FEDERACION PATRONAL ART,228,5939,"Laringotomia mediana, laringofisura, como unica operacion",14309,92
FEDERACION PATRONAL ART,228,5777,"Fisura congenita del esqueleto facial (Treacher Collins, etc.)",14996,95
FEDERACION PATRONAL ART,228,5778,Flebectomia segmentaria / varices residuales como unica operacion,14191,91
FEDERACION PATRONAL ART,228,6448,Safenectomia interna unilateral con flebectomia segmentaria o de varices residuales,14663,93
FEDERACION PATRONAL ART,228,6591,Tratamiento con laser mas flebectomia segmentaria,14759,94
FEDERACION PATRONAL ART,228,5779,Flebografia de miembros,14192,90
FEDERACION PATRONAL ART,228,5780,Flemon de mano,14193,90
FEDERACION PATRONAL ART,228,5781,Flemon de pared,15360,89
FEDERACION PATRONAL ART,228,5782,Fondo de ojo,14194,89
FEDERACION PATRONAL ART,228,5783,Formacion de vagina artificial,14196,95
FEDERACION PATRONAL ART,228,6128,Operaciones plasticas de malformaciones  congenitas ano-rectales con 1 o 2 equipos,14433,95
FEDERACION PATRONAL ART,228,6130,Oreja en asa y otras malformaciones,15098,91
FEDERACION PATRONAL ART,228,5785,Fractura bi-maleolar de tobillo (osteosintesis de tibia y perone por distintas vias),14198,93
FEDERACION PATRONAL ART,228,5789,Fractura del peñasco (tratamiento quirurgico),14199,94
FEDERACION PATRONAL ART,228,5966,Limpieza quirurgica de fractura expuesta (no de femur),14334,91
FEDERACION PATRONAL ART,228,5967,Limpieza quirurgica de fractura expuesta de femur,14335,92
FEDERACION PATRONAL ART,228,5968,Limpieza quirurgica de fractura expuesta de miembro superior,14338,91
FEDERACION PATRONAL ART,228,6147,Osteosintesis de fractura de pelvis,14446,94
FEDERACION PATRONAL ART,228,6148,Osteosintesis de fractura de platillo tibial,14448,93
FEDERACION PATRONAL ART,228,6327,Reduccion de fractura o luxacion de coccix,14574,93
FEDERACION PATRONAL ART,228,6332,Reduccion quirurgica / osteosintesis de fractura de maxilar superior e inferior,14577,93
FEDERACION PATRONAL ART,228,6333,Reduccion quirurgica / osteosintesis de fracturas en general,14578,92
FEDERACION PATRONAL ART,228,5786,Fractura compleja de maxilares y huesos de la cara,14998,94
FEDERACION PATRONAL ART,228,5787,Fractura compleja de orbita/ reduccion/ osteosintesis y/o injerto,14999,93
FEDERACION PATRONAL ART,228,5788,Fractura de orbita y/o malar,15000,93
FEDERACION PATRONAL ART,228,5790,"Fractura nasal asociada (naso-orbitaria, etc.)",15001,92
FEDERACION PATRONAL ART,228,5791,Fractura simple,15002,90
FEDERACION PATRONAL ART,228,5792,"Fractura simple de orbita, reduccion y osteosintesis",15003,91
FEDERACION PATRONAL ART,228,6326,Reduccion de fractura nasal,15228,90
FEDERACION PATRONAL ART,228,7591,Osteosintesis fracturas costales,15363,93
FEDERACION PATRONAL ART,228,8114,Reduccion incruenta de fracturas,15436,90
FEDERACION PATRONAL ART,228,6137,"Osteosintesis (reduccion quirurgica) de fractura: carpo, tarso, humero, cubito, radio, clavicula, costilla, externon, rotula, etc.",15438,92
FEDERACION PATRONAL ART,228,5793,Fractura supracondilea de codo,15465,92
FEDERACION PATRONAL ART,228,6322,Reduccion cruenta de fractura de pelvis,15482,93
FEDERACION PATRONAL ART,228,5794,Frenulotomia,15405,89
FEDERACION PATRONAL ART,228,5795,Fulguracion corneal con o sin raspado,14200,89
FEDERACION PATRONAL ART,228,5796,Fulguracion de neo de recto,14201,91
FEDERACION PATRONAL ART,228,5798,Gastrectomia subtotal,15316,94
FEDERACION PATRONAL ART,228,5800,Gastrectomia total por toraco-laparotomia,15317,95
FEDERACION PATRONAL ART,228,5797,Gastrectomia por videolaparoscopia,15318,95
FEDERACION PATRONAL ART,228,5802,Gastroquisis (tratamiento quirurgico),14204,95
FEDERACION PATRONAL ART,228,6604,Tratamiento quirurgico de la gastroquisis,14768,95
FEDERACION PATRONAL ART,228,5803,Gastrorrafia / herida o traumatismo estomago,14205,92
FEDERACION PATRONAL ART,228,5807,Gastrostomia por via endoscopica,14207,91
FEDERACION PATRONAL ART,228,5806,Gastrostomia percutanea,15312,91
FEDERACION PATRONAL ART,228,5809,Ginecomastia unilateral / mama supernumeraria,14209,92
FEDERACION PATRONAL ART,228,5810,Gingivectomia parcial por tumores,14210,91
FEDERACION PATRONAL ART,228,5811,Gingivectomia total ampliada,14211,92
FEDERACION PATRONAL ART,228,6112,Operacion comando de lengua (glosectomia total),14417,95
FEDERACION PATRONAL ART,228,5812,Glosectomia subtotal,15503,93
FEDERACION PATRONAL ART,228,5813,Glosoplastia,14212,90
FEDERACION PATRONAL ART,228,5815,Gonioscopia,14213,89
FEDERACION PATRONAL ART,228,5818,Granuloma de traquea,14215,91
FEDERACION PATRONAL ART,228,5817,"Grandes quemados, injertos",15005,93
FEDERACION PATRONAL ART,228,5819,Hallux valgus completo unilateral,14217,91
FEDERACION PATRONAL ART,228,5820,Hematoma retroperitoneal,14218,92
FEDERACION PATRONAL ART,228,6628,Tumor de pared (hematoma supra-infra aponeurotico),14789,91
FEDERACION PATRONAL ART,228,5822,Hemi-paratiroidectomia,14220,92
FEDERACION PATRONAL ART,228,5825,Hemihepatectomia,14224,95
FEDERACION PATRONAL ART,228,5826,Hemitiroidectomia,14225,92
FEDERACION PATRONAL ART,228,6024,Microsomia hemifacial / osteotomias e injertos oseos en mandibula,15052,93
FEDERACION PATRONAL ART,228,6597,Tratamiento endoscopico de la hemorragia digestiva,14765,91
FEDERACION PATRONAL ART,228,5828,Hemorroidectomia,14227,91
FEDERACION PATRONAL ART,228,5829,Hepatectomia lobar derecha o izquierda,14228,95
FEDERACION PATRONAL ART,228,5830,Herida de pared abdominal de mas de 20 cm,14229,90
FEDERACION PATRONAL ART,228,5831,Herida de parpado,14230,90
FEDERACION PATRONAL ART,228,5832,Herida de via lagrimal,14231,92
FEDERACION PATRONAL ART,228,5833,Herida hasta aponeurosis de menos de 20 cm,14232,89
FEDERACION PATRONAL ART,228,5834,Herida penetrante de ojo,14233,92
FEDERACION PATRONAL ART,228,5835,Herida traumatica de higado,14234,93
FEDERACION PATRONAL ART,228,6495,Sutura de herida de cornea con prolapso de iris y o herida de cristalino,14703,92
FEDERACION PATRONAL ART,228,6496,Sutura de herida simple de higado,14704,91
FEDERACION PATRONAL ART,228,5836,Heridas complejas de labio,15006,91
FEDERACION PATRONAL ART,228,6504,Sutura simple de herida (menos de 5 cm) en cabeza y/o cuello,15173,90
FEDERACION PATRONAL ART,228,6553,"Toillete quirurgico de herida, con o sin debridamiento",15189,90
FEDERACION PATRONAL ART,228,6503,Sutura simple de herida (menos de 10 cm); excepto en cabeza y cuello,15202,89
FEDERACION PATRONAL ART,228,6502,Sutura simple de herida (mas de 10 cm); excepto en cabeza y cuello,15221,90
FEDERACION PATRONAL ART,228,5837,Hernia atascada,14235,92
FEDERACION PATRONAL ART,228,5838,Hernia de disco cervical (via anterior),14236,94
FEDERACION PATRONAL ART,228,5839,Hernia de disco cervical un espacio (via posterior),14237,94
FEDERACION PATRONAL ART,228,5840,Hernia de disco dorsal o lumbar,14238,93
FEDERACION PATRONAL ART,228,5841,Hernia de disco dorso-lumbar multiple,14239,94
FEDERACION PATRONAL ART,228,5842,Hernia de hiato a cielo abierto,14240,92
FEDERACION PATRONAL ART,228,5843,Hernia diafragmatica congenita,14241,107
FEDERACION PATRONAL ART,228,5844,Hernia diafragmatica por via abdominal,14242,94
FEDERACION PATRONAL ART,228,5845,Hernia diafragmatica por via toracica,14243,94
FEDERACION PATRONAL ART,228,5846,Hernia diafragmatica por via toraco-abdominal,14246,95
FEDERACION PATRONAL ART,228,5847,Hernia diafragmatica por video-toracoscopia,14247,95
FEDERACION PATRONAL ART,228,5848,Hernia estrangulada,14251,91
FEDERACION PATRONAL ART,228,5849,Hernia estrangulada con reseccion intestinal,14252,93
FEDERACION PATRONAL ART,228,5853,Hernia recidivada,14255,91
FEDERACION PATRONAL ART,228,5854,"Hernia umbilical, inguinal, crural o epigastrica",14256,91
FEDERACION PATRONAL ART,228,8119,Hernia inguinal bilateral,15294,92
FEDERACION PATRONAL ART,228,5852,Hernia inguinal por videolaparoscopia,15349,93
FEDERACION PATRONAL ART,228,6364,Reparacion de hernia muscular,15455,91
FEDERACION PATRONAL ART,228,5855,Hidrocele,14257,90
FEDERACION PATRONAL ART,228,6653,Varicocele o hidrocele por videolaparoscopia,14806,91
FEDERACION PATRONAL ART,228,5856,Himenectomia,14258,90
FEDERACION PATRONAL ART,228,5857,Hipema,14259,91
FEDERACION PATRONAL ART,228,5858,Hiperhidrosis selectiva por video-toracoscopia,14260,95
FEDERACION PATRONAL ART,228,6469,Simpatectomia lumbar o toracica por video-toracoscopia (hiperhidrosis selectiva por toracoscopia),14682,95
FEDERACION PATRONAL ART,228,5860,Hipertrofia del piloro por via laparoscopica,14263,93
FEDERACION PATRONAL ART,228,5861,Hipertrofia del piloro-piloromiotomia,14264,92
FEDERACION PATRONAL ART,228,5862,Hipofisectomia transepto-esfenoidal,14265,98
FEDERACION PATRONAL ART,228,5863,Hipospadia / epispadia (cada tiempo),15007,93
FEDERACION PATRONAL ART,228,8109,Hipospadia / epispadia / plastica de pene,15410,93
FEDERACION PATRONAL ART,228,5864,Hipotermia controlada: 1ras 24 hs o fraccion,15008,90
FEDERACION PATRONAL ART,228,5865,Hipotermia controlada: c/24 hs 0 fraccion siguiente,15009,89
FEDERACION PATRONAL ART,228,5866,Histerectomia con o sin anexectomia,14266,93
FEDERACION PATRONAL ART,228,5867,Histerectomia con o sin anexectomia por video-laparoscopia,14267,94
FEDERACION PATRONAL ART,228,5868,Histerectomia con o sin anexectomia por videolaparoscopia,14268,94
FEDERACION PATRONAL ART,228,6123,Operacion de Wertheim-Meigs (colpo-anexo-histerectomia total ampliada),14428,95
FEDERACION PATRONAL ART,228,5869,Histerectomia fundica,15396,91
FEDERACION PATRONAL ART,228,5871,Histeroscopia por video diagnostica,14271,90
FEDERACION PATRONAL ART,228,5872,"Histeroscopia por video terapeutica (miomectomia, polipectomia, etc)",14272,91
FEDERACION PATRONAL ART,228,7600,"Histeroscopia por video para tratamiento de fertilidad, ICSI",15397,93
FEDERACION PATRONAL ART,228,5873,Huevo muerto y retenido / legrado,14274,90
FEDERACION PATRONAL ART,228,5874,Ileostomia,14275,91
FEDERACION PATRONAL ART,228,5098,Ano imperforado con recto alto,13702,93
FEDERACION PATRONAL ART,228,5099,Ano imperforado con recto bajo,13703,92
FEDERACION PATRONAL ART,228,5875,Implantacion de circulacion asistida,15550,92
FEDERACION PATRONAL ART,228,5877,Implante coclear,14276,95
FEDERACION PATRONAL ART,228,5880,Implante de celulas B,14277,95
FEDERACION PATRONAL ART,228,5889,Implante secundario de lente intraocular,14280,93
FEDERACION PATRONAL ART,228,6348,Reimplante de miembro inferior,14592,95
FEDERACION PATRONAL ART,228,6349,Reimplante de miembro superior,14593,98
FEDERACION PATRONAL ART,228,6353,Reimplante ureteral bilateral con afinamiento,14596,94
FEDERACION PATRONAL ART,228,6354,Reimplante ureteral bilateral por videolaparoscopia,14597,95
FEDERACION PATRONAL ART,228,6355,Reimplante ureteral unilateral,14599,92
FEDERACION PATRONAL ART,228,6356,Reimplante ureteral unilateral con afinamiento,14600,93
FEDERACION PATRONAL ART,228,6357,Reimplante ureteral unilateral por videolaparoscopia,14601,94
FEDERACION PATRONAL ART,228,6424,Retinopexia con o sin esclerectomia e implante,14645,94
FEDERACION PATRONAL ART,228,5876,Implante capilar,15010,95
FEDERACION PATRONAL ART,228,5878,Implante de cateter tunelizado definitivo con bomba subcutanea,15011,94
FEDERACION PATRONAL ART,228,5882,Implante de estimulador medular definitivo,15012,98
FEDERACION PATRONAL ART,228,5885,Implante intraorbitario (melanoma de retina),15013,90
FEDERACION PATRONAL ART,228,5888,Implante mamario mas pexia,15015,94
FEDERACION PATRONAL ART,228,5886,Implante mamario,15261,93
FEDERACION PATRONAL ART,228,5890,Implantes gluteos,15262,93
FEDERACION PATRONAL ART,228,5883,Implante de estimulador medular transitorio,15280,95
FEDERACION PATRONAL ART,228,5901,Inclusion de semillas radioactivas en perine,14289,92
FEDERACION PATRONAL ART,228,7790,Infiltracion de toxina botulinica en Trigger-Points (hasta 3),69287,91
FEDERACION PATRONAL ART,228,7791,Infiltracion de toxina botulinica en Trigger-Points (mas de 3),69288,92
FEDERACION PATRONAL ART,228,7792,Infiltracion trigger points (hasta 4),69289,90
FEDERACION PATRONAL ART,228,8537,Infiltracion de toxina botulinica en Trigger point ( mas de 3 ),69387,93
FEDERACION PATRONAL ART,228,5908,Infiltracion toxina botulinica puntos gatillos (hasta 5 ),15019,90
FEDERACION PATRONAL ART,228,5909,Infiltracion toxina botulinica puntos gatillos (mas de 5 ),15020,91
FEDERACION PATRONAL ART,228,5906,"Infiltracion contic, AL, Aines etc en puntos gatillos (hasta 5)",15210,89
FEDERACION PATRONAL ART,228,5907,"Infiltracion contic, AL, Aines etc en puntos gatillos (mas de 5)",15217,90
FEDERACION PATRONAL ART,228,7587,Re inflado de balon intragastrico,15343,92
FEDERACION PATRONAL ART,228,6716,Obtencion de Injerto Oseo y Tendinoso,60867,92
FEDERACION PATRONAL ART,228,6717,Uso de Injerto Oseo y/o Tendon,60868,91
FEDERACION PATRONAL ART,228,5910,Injerto de cornea,14290,94
FEDERACION PATRONAL ART,228,5911,Injerto de esclera,14291,92
FEDERACION PATRONAL ART,228,6097,Neurorrafia con o sin injerto de un solo nervio,14405,92
FEDERACION PATRONAL ART,228,6103,Obtencion de injerto simple de hueso,14409,90
FEDERACION PATRONAL ART,228,6217,Plastica de uretra con injerto de mucosa yugal o lingual,14510,94
FEDERACION PATRONAL ART,228,6221,Plastica o injerto del tendon de aquiles o rotuliano,14513,92
FEDERACION PATRONAL ART,228,6245,Protesis peneana con o sin injerto,14533,95
FEDERACION PATRONAL ART,228,6369,"Reparacion plastica de la orbita, con o sin injerto de piel",14611,92
FEDERACION PATRONAL ART,228,6408,Reseccion diafisiaria con protesis y/o injerto de sustitucion,14632,93
FEDERACION PATRONAL ART,228,5912,Injerto de piel,15021,90
FEDERACION PATRONAL ART,228,5913,Injerto libre de ceja,15022,90
FEDERACION PATRONAL ART,228,6121,Operacion de Ross (reemplazo valvular aortico con auto-injerto con valvula pulmonar),15097,96
FEDERACION PATRONAL ART,228,6317,Reconstruccion total de orbita con injerto por tumores esfeno-orbitarios o anoftalmia congenita,15140,94
FEDERACION PATRONAL ART,228,6439,"Rinoplastia compleja con o sin injerto, no estetica",15164,91
FEDERACION PATRONAL ART,228,8117,Neurorrafia con o sin injerto de nervio (cada uno),15451,92
FEDERACION PATRONAL ART,228,5917,Insuficiencia mitral con CIV post-infarto,15025,98
FEDERACION PATRONAL ART,228,5918,Interconsulta anestesiologica,15026,89
FEDERACION PATRONAL ART,228,8104,Interconsulta para tratamiento del dolor,15203,89
FEDERACION PATRONAL ART,228,5919,Intervenciones en nervios opticos,14295,95
FEDERACION PATRONAL ART,228,5920,Intervenciones estereotaxicas (inicio en TAC y que continuan en quirofano),14296,95
FEDERACION PATRONAL ART,228,5921,Intubacion con fibroscopia (bronco-fibroscopio),14297,90
FEDERACION PATRONAL ART,228,5922,Intubacion laringotraqueal (como unico procedimiento) fuera del acto anestesico,15504,89
FEDERACION PATRONAL ART,228,5924,Inyeccion de sustancias retro-bulbares,14298,91
FEDERACION PATRONAL ART,228,5926,Inyeccion para-vertebral de troncos y ganglios simpaticos,14299,90
FEDERACION PATRONAL ART,228,5927,Inyeccion subconjuntival,14300,89
FEDERACION PATRONAL ART,228,6251,Puncion arterial para inyeccion medicamentosa,14537,89
FEDERACION PATRONAL ART,228,5923,Inyeccion de glicerol en el G de Gasser,15027,95
FEDERACION PATRONAL ART,228,5925,Inyeccion esclerosante en angioma,15028,90
FEDERACION PATRONAL ART,228,5928,Laberintectomia,14301,93
FEDERACION PATRONAL ART,228,6475,Sinequias de labios mayores y/o menores,14687,90
FEDERACION PATRONAL ART,228,5561,Ectoprion de labio,14974,90
FEDERACION PATRONAL ART,228,5929,Labio leporino bilateral completo,15029,94
FEDERACION PATRONAL ART,228,5930,Labio leporino unilateral completo,15030,93
FEDERACION PATRONAL ART,228,5931,Labio leporino unilateral incompleto,15031,93
FEDERACION PATRONAL ART,228,6272,Queiloplastia (reconstruccion quirurgica del labio),15116,92
FEDERACION PATRONAL ART,228,6373,Reseccion cuneiforme de labio,15149,90
FEDERACION PATRONAL ART,228,5932,Laminectomia descompresiva,14302,93
FEDERACION PATRONAL ART,228,5933,Laparotomia contenida (lavado de cavidad),14304,91
FEDERACION PATRONAL ART,228,5934,Laparotomia exploradora en paciente critico,14305,94
FEDERACION PATRONAL ART,228,5936,Laparotomia terapeutica en paciente critico,14306,95
FEDERACION PATRONAL ART,228,5935,"Laparotomia exploradora, como unica intervencion",15297,91
FEDERACION PATRONAL ART,228,6040,Nefrectomia por toraco-freno-laparotomia,15418,95
FEDERACION PATRONAL ART,228,5937,Laringo-faringuectomia,14307,95
FEDERACION PATRONAL ART,228,5938,"Laringoplastia, cordopexia, aritenoidopexia",14308,92
FEDERACION PATRONAL ART,228,5943,Laser de vagina,14313,92
FEDERACION PATRONAL ART,228,6418,Reseccion tumor bronquial con laser,14641,95
FEDERACION PATRONAL ART,228,5944,Laser panfacial,15032,93
FEDERACION PATRONAL ART,228,6412,TUR-P por laser (adenomectomia),15431,94
FEDERACION PATRONAL ART,228,6241,Prostatectomia por laser,15432,95
FEDERACION PATRONAL ART,228,5945,Lavado bronquial para desobstruccion,14314,91
FEDERACION PATRONAL ART,228,5946,Lavado de cavidad,14316,90
FEDERACION PATRONAL ART,228,5947,Lavado de la cavidad,14317,90
FEDERACION PATRONAL ART,228,6488,Sondaje y lavado de via lagrimal,14700,90
FEDERACION PATRONAL ART,228,5948,Legrado por mola o similar,14318,90
FEDERACION PATRONAL ART,228,5949,Legrado uterino,14319,90
FEDERACION PATRONAL ART,228,7508,Termolesion por Rf. del Nervio Occipital Mayor uni o bilateral,51338,95
FEDERACION PATRONAL ART,228,7509,Termolesion por Rf. facetaria (ramo medio) cervical/dorsal/lumbar hasta 3 niveles,51339,95
FEDERACION PATRONAL ART,228,7510,Termolesion por Rf. facetaria (ramo medio) cervical/doral/lumbar mas de 3 niveles,51340,98
FEDERACION PATRONAL ART,228,7511,Termolesion por Rf. facetaria + Rf. radicular (1 o mas niveles),51341,98
FEDERACION PATRONAL ART,228,7512,Termolesion por Rf. de mas de 2 nervios craneales,51342,95
FEDERACION PATRONAL ART,228,7514,Termolesion por Rf. del ganglio simpatico toracico/dorsal/lumbar/hipogastrico sup,51343,95
FEDERACION PATRONAL ART,228,7520,Termolesion por Rf. de rodilla (N.geniculados) unilateral,51349,95
FEDERACION PATRONAL ART,228,7521,Termolesion por Rf. de rodilla (N.geniculados) bilateral,51350,98
FEDERACION PATRONAL ART,228,7522,Termolesion por Rf. de hombro (N.supraespinoso) bilateral,51351,95
FEDERACION PATRONAL ART,228,8556,Termolesion por Rf. de hasta 2 nervios craneales,69400,95
FEDERACION PATRONAL ART,228,5953,Lesiones adquiridas o congenitas vertebro-meningo-medulares (compresion tumoral),14323,94
FEDERACION PATRONAL ART,228,5951,Lesion por compresion de G de Gasser con balon de Foggarty,15033,95
FEDERACION PATRONAL ART,228,6534,Termolesion por rf de G Esfenopalatino,15183,94
FEDERACION PATRONAL ART,228,6535,"Termolesion por Rf. del ganglio de la raiz dorsal, cervical, lumbar y sacra. (hasta 2 niveles)",15184,95
FEDERACION PATRONAL ART,228,6536,"Termolesion por Rf. del ganglio de raiz dorsal, cervical, lumbar y sacra. (mas de 2 niveles)",15185,98
FEDERACION PATRONAL ART,228,6537,"Termolesion por rf de rama media cerv, dorsal o lumbar cada nivel adic",15186,95
FEDERACION PATRONAL ART,228,6538,"Termolesion por rf de rama media cerv, dorsal o lumbar.",15187,95
FEDERACION PATRONAL ART,228,5954,Levantamiento de vejiga por via abdominal (tipo Bursch),14324,92
FEDERACION PATRONAL ART,228,6001,Mastopexia unilateral (levantamiento mamario),15045,94
FEDERACION PATRONAL ART,228,5955,Lifting,15034,94
FEDERACION PATRONAL ART,228,5956,Lifting endoscopico,15035,95
FEDERACION PATRONAL ART,228,5957,Ligadura bilateral de trompas (anti-concepcion) a cielo abierto,14325,91
FEDERACION PATRONAL ART,228,5958,Ligadura bilateral de trompas (anti-concepcion) por video-laparoscopia,14326,92
FEDERACION PATRONAL ART,228,5959,Ligadura bilateral de trompas a cielo abierto,14327,91
FEDERACION PATRONAL ART,228,5960,Ligadura bilateral de trompas por videolaparoscopia,14328,92
FEDERACION PATRONAL ART,228,5961,Ligadura del paquete esfeno-palatino,14329,92
FEDERACION PATRONAL ART,228,5963,Ligadura sub-aponeurotica de venas perforantes o comunicantes insuficientes (tipo: Linton / Cigorraga / Cockett),14331,91
FEDERACION PATRONAL ART,228,5964,Ligadura unilateral de troncos profundos de los miembros,14332,92
FEDERACION PATRONAL ART,228,6501,Sutura o ligadura de vasos profundos del cuello,14708,92
FEDERACION PATRONAL ART,228,5965,Ligamentopexia abdominal,14333,91
FEDERACION PATRONAL ART,228,5969,Limpieza quirurgica de mano (como unica intervencion),14339,90
FEDERACION PATRONAL ART,228,5971,Linfadenectomia mediastinica,14340,94
FEDERACION PATRONAL ART,228,5972,Linfadenectomia retroperitoneal (tipo lumboaortica o similares),14341,93
FEDERACION PATRONAL ART,228,5973,Linfadenectomia retroperitoneal por video,14342,94
FEDERACION PATRONAL ART,228,5974,Linfadenectomia retroperitoneal por videolaparoscopia,14343,94
FEDERACION PATRONAL ART,228,6242,Prostatectomia radical + linfadenectomia,14530,94
FEDERACION PATRONAL ART,228,5970,"Linfadenectomia cervical, axilar o inguinal como unica operacion",15036,92
FEDERACION PATRONAL ART,228,5977,"Lipoma, reseccion con el paciente en decubito dorsal o lateral",15226,90
FEDERACION PATRONAL ART,228,5978,"Lipoma, reseccion con el paciente en decubito ventral",15238,91
FEDERACION PATRONAL ART,228,5982,Litotricia endoluminal calculo unico,14344,91
FEDERACION PATRONAL ART,228,5983,Litotricia endoluminal calculos multiples,14345,92
FEDERACION PATRONAL ART,228,5984,Litotricia extracorporea,14346,91
FEDERACION PATRONAL ART,228,5985,Litotricia por onda de choque extracorporea (litotricia extracorporea),14348,91
FEDERACION PATRONAL ART,228,5986,Litotricia ureteral por via endoscopica (incluye litotricia endoluminal),14349,92
FEDERACION PATRONAL ART,228,5988,Lobectomia o segmentectomia a cielo abierto,14351,94
FEDERACION PATRONAL ART,228,6457,Segmentectomia o lobectomia por video-toracoscopia,14669,95
FEDERACION PATRONAL ART,228,5987,Lobectomia,15536,98
FEDERACION PATRONAL ART,228,6168,Otoplastia de lobulo hendido,14466,90
FEDERACION PATRONAL ART,228,6185,Parotidectomia de lobulo superficial,14478,92
FEDERACION PATRONAL ART,228,5989,Lobulo hendido de oreja,15041,90
FEDERACION PATRONAL ART,228,5990,Luxacion recidivante de hombro por via convencional,14352,92
FEDERACION PATRONAL ART,228,8120,Reduccion cruenta de luxacion de columna,15440,93
FEDERACION PATRONAL ART,228,8116,Reduccion incruenta de luxaciones,15458,90
FEDERACION PATRONAL ART,228,6330,Reduccion incruenta de luxacion de maxilar,15488,90
FEDERACION PATRONAL ART,228,6100,Nodulectomia de mama unilateral,14408,91
FEDERACION PATRONAL ART,228,6278,Quiste de mama unilateral,14554,90
FEDERACION PATRONAL ART,228,5992,Mama supernumeraria unilateral,15042,92
FEDERACION PATRONAL ART,228,6312,Reconstruccion mamaria con dorsal ancho,15134,98
FEDERACION PATRONAL ART,228,6264,Puncion de mama unilateral,15388,89
FEDERACION PATRONAL ART,228,5995,Mastectomia radical con vaciamiento ganglionar,14356,95
FEDERACION PATRONAL ART,228,5996,Mastectomia subradical unilateral / mastoplastia unilateral (operacion de Urban),14357,94
FEDERACION PATRONAL ART,228,7598,Mastectomia ( mas ganglio centinela),15392,93
FEDERACION PATRONAL ART,228,7599,Mastectomia ( mas vaciamiento axilar ),15393,94
FEDERACION PATRONAL ART,228,5998,Mastoidectomia simple o radical (operacion radical de oido),14359,92
FEDERACION PATRONAL ART,228,6542,Timpano-mastoidectomia,14720,94
FEDERACION PATRONAL ART,228,6002,Mastotomia unilateral,14360,90
FEDERACION PATRONAL ART,228,6017,Meniscectomia maxilar,14370,91
FEDERACION PATRONAL ART,228,6111,Operacion comando de glandula submaxilar,14416,95
FEDERACION PATRONAL ART,228,6152,Osteosintesis de malar o maxilar (2 placas titanio),14452,93
FEDERACION PATRONAL ART,228,6153,Osteosintesis de malar o maxilar (mas de 2 placas titanio),14453,94
FEDERACION PATRONAL ART,228,6279,Quiste de maxilar (pieza dental incluida),14555,91
FEDERACION PATRONAL ART,228,6481,Sinusotomia maxilar radical,14694,92
FEDERACION PATRONAL ART,228,6482,Sinusotomia maxilar simple,14695,92
FEDERACION PATRONAL ART,228,6483,"Sinusotomias combinadas (frontal, etmoidal, etc.) por via externa transmaxilar",14696,93
FEDERACION PATRONAL ART,228,6003,Maxilar inferior: prognatismo / retrognatismo,15046,93
FEDERACION PATRONAL ART,228,6004,Maxilar superior: prognasia / retrognasia,15047,94
FEDERACION PATRONAL ART,228,6393,Reseccion de maxilar inferior con vaciamiento (comando),15152,98
FEDERACION PATRONAL ART,228,6005,Maxilectomia radical por via endoscopica,15048,93
FEDERACION PATRONAL ART,228,6007,Maxilectomia simple por via endoscopica,15049,92
FEDERACION PATRONAL ART,228,6009,Meatotomia,15406,89
FEDERACION PATRONAL ART,228,6010,Mediastinitis / toillette mediastinal,15050,94
FEDERACION PATRONAL ART,228,6011,Mediastinoscopia,14363,92
FEDERACION PATRONAL ART,228,6014,Megacolon congenito,14366,93
FEDERACION PATRONAL ART,228,6605,Tratamiento quirurgico del megacolon,14769,93
FEDERACION PATRONAL ART,228,6016,Meningocele,14369,94
FEDERACION PATRONAL ART,228,6027,Mielomeningocele,14379,94
FEDERACION PATRONAL ART,228,6018,Metastasis hepatica / fenolizacion termo-tratamiento,14371,93
FEDERACION PATRONAL ART,228,6019,Metatarsalgia / ratas articulares,14372,90
FEDERACION PATRONAL ART,228,6025,"Microtia, reconstruccion en varios tiempos",15053,90
FEDERACION PATRONAL ART,228,6026,Mielografia,14378,90
FEDERACION PATRONAL ART,228,6030,Miomectomia vaginal (mioma nascens),69299,90
FEDERACION PATRONAL ART,228,6028,Miomectomia / histerorrafia,14380,92
FEDERACION PATRONAL ART,228,6029,Miomectomia por videolaparoscopia,14381,93
FEDERACION PATRONAL ART,228,6686,"Video-laparoscopia ginecologica terapeutica (incluye miomectomia, quiste de ovario, etc)",14833,93
FEDERACION PATRONAL ART,228,6691,"Videolaparoscopia terapeutica (incluye quiste de ovario, lisis pelvianas, miomectomias,",15400,93
FEDERACION PATRONAL ART,228,6031,Miringoplastia,14383,91
FEDERACION PATRONAL ART,228,6033,"Morfina o morfinosimiles por via epidural o subaracnoidea, por sesion: continua 1ras 24 hs o fraccion",15054,91
FEDERACION PATRONAL ART,228,6034,Movilizacion (quiropraxia ),14385,89
FEDERACION PATRONAL ART,228,6035,Movilizacion del estribo,14386,90
FEDERACION PATRONAL ART,228,7580,Mucosectomia,15336,92
FEDERACION PATRONAL ART,228,6037,Nariz leporina compleja,15055,91
FEDERACION PATRONAL ART,228,6438,Rinofina (rosacea fimatosa de nariz),15163,91
FEDERACION PATRONAL ART,228,6420,"Resecciones totales de huesos (radio, cubito, perone, astralago, calcaneo, clavicula, malar, huesos propios de la nariz etc.)",15439,93
FEDERACION PATRONAL ART,228,6038,Nefrectomia parcial,14388,94
FEDERACION PATRONAL ART,228,6039,Nefrectomia parcial o total por video-laparoscopia,14389,95
FEDERACION PATRONAL ART,228,6041,Nefrectomia radical + vaciamiento ganglionar,14390,95
FEDERACION PATRONAL ART,228,6043,Nefrectomia total o parcial por videolaparoscopia,14391,95
FEDERACION PATRONAL ART,228,6042,Nefrectomia total,15417,94
FEDERACION PATRONAL ART,228,6045,Nefrolitotomia,14394,93
FEDERACION PATRONAL ART,228,6046,Nefrolitotomia percutanea,14395,94
FEDERACION PATRONAL ART,228,6047,Nefropexia,14396,92
FEDERACION PATRONAL ART,228,6048,Nefrostomia percutanea,15416,92
FEDERACION PATRONAL ART,228,6051,Neumonectomia a cielo abierto,14398,94
FEDERACION PATRONAL ART,228,6052,Neumonectomia por video-toracoscopia,14399,95
FEDERACION PATRONAL ART,228,7515,Neurolisis por Rf. del simpatico dorsal,51344,98
FEDERACION PATRONAL ART,228,7516,Neurolisis por Rf. simpatico lumbar unilateral,51345,95
FEDERACION PATRONAL ART,228,7517,Neurolisis por Rf. simpatico lumbar bilateral,51346,98
FEDERACION PATRONAL ART,228,8540,Neurolisis de nervio periferico bajo radioscopia,69390,93
FEDERACION PATRONAL ART,228,8541,Neurolisis quimica del plexo hipogastrico superior,69391,94
FEDERACION PATRONAL ART,228,6065,Neurolisis de nervios perifericos,14401,90
FEDERACION PATRONAL ART,228,6066,Neurolisis extracraneal,14402,90
FEDERACION PATRONAL ART,228,6075,Neurolisis quimica,14403,90
FEDERACION PATRONAL ART,228,6085,Neurolisis transoval del trgemino,14404,91
FEDERACION PATRONAL ART,228,6057,Neurolisis - modulacion ganglio estrellado con Rf,15058,95
FEDERACION PATRONAL ART,228,6058,Neurolisis - modulacion nervio periferico con Rf,15059,92
FEDERACION PATRONAL ART,228,6056,Neurolisis  nervio glosofaringeo con Rf,15060,94
FEDERACION PATRONAL ART,228,6063,Neurolisis por rf de articulacion sacro-iliaca bilateral,15061,95
FEDERACION PATRONAL ART,228,6064,Neurolisis con rf de articulacion sacro-iliaca unilateral,15062,94
FEDERACION PATRONAL ART,228,6059,neurolisis con Rf de nervios esplacnicos,15063,94
FEDERACION PATRONAL ART,228,6061,Neurolisis con Rf de nervios facetarios (mas de 2 niveles),15064,94
FEDERACION PATRONAL ART,228,6062,Neurolisis con Rf de plexo celiaco,15065,94
FEDERACION PATRONAL ART,228,6067,Neurolisis ganglio esfeno-palatino con Rf,15066,94
FEDERACION PATRONAL ART,228,6068,Neurolisis nervio periferico con Rx,15067,92
FEDERACION PATRONAL ART,228,6069,Neurolisis nervio periferico sin Rx,15068,91
FEDERACION PATRONAL ART,228,6070,Neurolisis pcon Rf de ganglio de Walter,15069,95
FEDERACION PATRONAL ART,228,6071,Neurolisis por Rf de plexo hipogastrico superior,15071,94
FEDERACION PATRONAL ART,228,6072,Neurolisis por rf de simpatico dorsal,15073,95
FEDERACION PATRONAL ART,228,6073,Neurolisis por rf simpatico lumbar bilateral,15074,95
FEDERACION PATRONAL ART,228,6074,Neurolisis por rf simpatico lumbar unilateral,15075,95
FEDERACION PATRONAL ART,228,6076,Neurolisis quimica de ganglio de Walter,15076,95
FEDERACION PATRONAL ART,228,6077,Neurolisis por Rf. del plexo hipogastrico superior,15078,95
FEDERACION PATRONAL ART,228,6078,Neurolisis quimica del simpatico dorsal,15080,95
FEDERACION PATRONAL ART,228,6079,Neurolisis quimica del simpatico lumbar bilateral,15081,95
FEDERACION PATRONAL ART,228,6080,Neurolisis quimica de simpatico lumbar unilateral,15082,94
FEDERACION PATRONAL ART,228,6081,Neurolisis quimica ganglio estrellado,15083,94
FEDERACION PATRONAL ART,228,6082,Neurolisis quimica nervios esplacnicos,15084,94
FEDERACION PATRONAL ART,228,6083,Neurolisis quimica plexo celiaco,15086,94
FEDERACION PATRONAL ART,228,6086,Neurolisis del trigemino con Rf,15087,95
FEDERACION PATRONAL ART,228,6087,Neurolisis-modulacion del trigemino con Rf,15088,98
FEDERACION PATRONAL ART,228,6088,Neurolisis-modulacion ganglio esfeno-palatino con Rf,15089,95
FEDERACION PATRONAL ART,228,6089,Neurolisis-modulacion nervio glosofaringeo con Rf,15090,95
FEDERACION PATRONAL ART,228,6060,Neurolisis con Rf de nervios facetarios (2 niveles),15263,93
FEDERACION PATRONAL ART,228,6090,Neuromodulacion articulacion de hombro con Rf pulsada,15091,91
FEDERACION PATRONAL ART,228,6091,Neuromodulacion articulacion de rodilla con Rf pulsada,15092,91
FEDERACION PATRONAL ART,228,6092,Neuromodulacion con Rf pulsada de articulacion AA o AO,15093,93
FEDERACION PATRONAL ART,228,6093,Neuromodulacion con Rf pulsada ganglio raiz dorsal  (1 nivel),15094,92
FEDERACION PATRONAL ART,228,6094,Neuromodulacion con Rf pulsada ganglio raiz dorsal (mas de 1 nivel),15095,93
FEDERACION PATRONAL ART,228,6095,Neuromodulacion percutanea de nervio periferico,15096,94
FEDERACION PATRONAL ART,228,6096,Neuromodulacion sistemica con anestesicos locales en dolor neuropatico.,15215,90
FEDERACION PATRONAL ART,228,6098,Neurotomia del nervio optico,14406,90
FEDERACION PATRONAL ART,228,6099,Neurotomia trigeminal / vestibular / glosofaringeo,14407,95
FEDERACION PATRONAL ART,228,6104,Oclusion con reseccion de intestino,14410,93
FEDERACION PATRONAL ART,228,6105,Omentectomia,15328,93
FEDERACION PATRONAL ART,228,6106,Onfalitis,14411,91
FEDERACION PATRONAL ART,228,6107,Ooforectomia simple unilateral,14412,91
FEDERACION PATRONAL ART,228,6108,Ooforo-salpinguectomia unilateral,14413,91
FEDERACION PATRONAL ART,228,6708,Operacion Comando de Parotida,60859,95
FEDERACION PATRONAL ART,228,6109,Operacion comando de encias o trigono-retromolar,14414,93
FEDERACION PATRONAL ART,228,6110,Operacion comando de faringe con vaciamiento,14415,95
FEDERACION PATRONAL ART,228,6113,Operacion comando de paladar blando,14418,95
FEDERACION PATRONAL ART,228,6114,Operacion comando de piso de boca,14419,95
FEDERACION PATRONAL ART,228,6115,Operacion correctora de glaucoma,14420,92
FEDERACION PATRONAL ART,228,6117,Operacion de Dixon (para tumores del 1/3 superior del recto),14422,93
FEDERACION PATRONAL ART,228,6118,Operacion de Dixon laparoscopica (para tumores del 1/3 superior del recto),14423,94
FEDERACION PATRONAL ART,228,6119,Operacion de Frikolm (hasta 2 discos),14425,94
FEDERACION PATRONAL ART,228,6120,Operacion de Lefort o similares para prolapso vaginal,14426,91
FEDERACION PATRONAL ART,228,6122,Operacion de Sugarbaker (HIPEC) para carcinomatosis toracica (QMT + hipertermia intracavitaria),14427,107
FEDERACION PATRONAL ART,228,6124,Operacion de Wertheim-Meigs con lavaje intracavitario con circulacion extracorporea (tipo Sugarbaker),14429,107
FEDERACION PATRONAL ART,228,6125,Operacion de Wertheim-Meigs por video-laparoscopia,14430,98
FEDERACION PATRONAL ART,228,6226,Plicatura intestinal (operacion de Noble),14519,93
FEDERACION PATRONAL ART,228,6460,Septumplastia y/o reseccion del tabique nasal (operacion de Killian o similar),14672,92
FEDERACION PATRONAL ART,228,6197,Peritonectomia + quimioterapia con hipertermia intracavitaria (HIPEC - operacion de Sugarbaker,15300,107
FEDERACION PATRONAL ART,228,6406,"Reseccion de tumor, intraorbitario mediante orbitotomia",15160,91
FEDERACION PATRONAL ART,228,6131,Orquidectomia,14435,91
FEDERACION PATRONAL ART,228,6132,Orquidopexia,14436,91
FEDERACION PATRONAL ART,228,6133,Orzuelo,14437,89
FEDERACION PATRONAL ART,228,6134,Osteoclasia,14438,90
FEDERACION PATRONAL ART,228,5398,Osteosintesis de Perone,60851,92
FEDERACION PATRONAL ART,228,6138,Osteosintesis clavicular,14439,92
FEDERACION PATRONAL ART,228,6139,Osteosintesis de calcaneo,14441,92
FEDERACION PATRONAL ART,228,6143,Osteosintesis de escafoide,14443,93
FEDERACION PATRONAL ART,228,6145,Osteosintesis de falange o metacarpiano (hasta 3 huesos),14444,91
FEDERACION PATRONAL ART,228,6146,"Osteosintesis de femur (tipo Kuncher, clavo gamma o similares)",14445,93
FEDERACION PATRONAL ART,228,6149,Osteosintesis de hasta 2 huesos del carpo,14449,92
FEDERACION PATRONAL ART,228,6154,Osteosintesis de mas de 2 huesos del carpo,14454,93
FEDERACION PATRONAL ART,228,6155,Osteosintesis de muñeca con clavija percutanea (tipo Sauve-Kapandi y similares),14455,91
FEDERACION PATRONAL ART,228,6156,Osteosintesis de rotula,14456,92
FEDERACION PATRONAL ART,228,6157,Osteosintesis de tarso o metatarso hasta 2 huesos,14457,92
FEDERACION PATRONAL ART,228,6158,Osteosintesis de tibia,14458,92
FEDERACION PATRONAL ART,228,6159,Osteosintesis de tobillo,14459,92
FEDERACION PATRONAL ART,228,6161,Osteosintesis tarso o metatarso mas de 2 huesos,14460,93
FEDERACION PATRONAL ART,228,6160,Osteosintesis del malar,15099,92
FEDERACION PATRONAL ART,228,6144,Osteosintesis de esternon como unica intervencion,15362,92
FEDERACION PATRONAL ART,228,6141,Osteosintesis de cubito o radio,15463,92
FEDERACION PATRONAL ART,228,6151,Osteosintesis de humero,15464,92
FEDERACION PATRONAL ART,228,6142,Osteosintesis de cubito y radio (por diferentes vias),15467,93
FEDERACION PATRONAL ART,228,6162,Osteotomia correctora de pie,14461,91
FEDERACION PATRONAL ART,228,6163,Osteotomia correctora de tibia y perone,14463,92
FEDERACION PATRONAL ART,228,6167,Osteotomia simple,14465,90
FEDERACION PATRONAL ART,228,6166,Osteotomia de femur,15478,93
FEDERACION PATRONAL ART,228,6719,Trombectomia Pulmonar Mecanica En Tepa Paciente Critico,60870,96
FEDERACION PATRONAL ART,228,8553,Revision del manejo del dolor agudo (no postoperatorio) en pacientes internados,69401,89
FEDERACION PATRONAL ART,228,6169,Paciente oncologico - atencion clinica por 2 a 14 dias,15103,91
FEDERACION PATRONAL ART,228,6170,Paciente oncologico - atencion clinica x mes o frac. > a 14 d.,15268,93
FEDERACION PATRONAL ART,228,6171,Palatoplastia,14467,91
FEDERACION PATRONAL ART,228,6273,Queiloplastia con palatoplastia,15117,93
FEDERACION PATRONAL ART,228,6172,Palatorrafia,15104,91
FEDERACION PATRONAL ART,228,6176,Pancreatectomia por Videolaparoscopia,14471,95
FEDERACION PATRONAL ART,228,6177,Papilotomia del conducto de Warthon y/o Stenon,14472,90
FEDERACION PATRONAL ART,228,6178,Papilotomia endoscopica / ERCP (colangio-pancreatografia endoscopica retrogada),14473,92
FEDERACION PATRONAL ART,228,6179,Paratiroidectomia,14474,93
FEDERACION PATRONAL ART,228,6180,Paratiroidectomia por via endoscopica,14475,94
FEDERACION PATRONAL ART,228,6181,Paratiroidectomia total con vaciamiento ganglionar,14476,94
FEDERACION PATRONAL ART,228,6182,Paratiroidectomia total con vaciamiento ganglionar por via endoscopica,14477,95
FEDERACION PATRONAL ART,228,6184,Parche hematico,15105,90
FEDERACION PATRONAL ART,228,5020,Parchehematico de sangreo similar (blood parch) en cefalea post puncion,15248,91
FEDERACION PATRONAL ART,228,6186,Parotidectomia total,14479,93
FEDERACION PATRONAL ART,228,5235,By-pass de vasos perifericos unilateral,13786,94
FEDERACION PATRONAL ART,228,5236,By-pass temporo-silviano,13787,96
FEDERACION PATRONAL ART,228,6188,Pectus excavatum / pectus carinatum,14481,94
FEDERACION PATRONAL ART,228,6189,Pectus excavatum / pectus carinatum por video-toracoscopia,14482,95
FEDERACION PATRONAL ART,228,6191,Pericardiectomia amplia (pericarditis constrictiva),15106,94
FEDERACION PATRONAL ART,228,6192,Pericardiectomia no constrictiva,15107,93
FEDERACION PATRONAL ART,228,6193,Pericardiocentesis,14486,91
FEDERACION PATRONAL ART,228,6194,Pericardiotomia,15108,92
FEDERACION PATRONAL ART,228,6195,Peridural por distocia,14487,92
FEDERACION PATRONAL ART,228,6196,Perineorrafia,14488,90
FEDERACION PATRONAL ART,228,6198,Peritoneocentesis,14489,90
FEDERACION PATRONAL ART,228,6199,Peritonitis generalizada,14490,93
FEDERACION PATRONAL ART,228,6203,Pielografia ascendente por ureteroscopia,14494,90
FEDERACION PATRONAL ART,228,6204,Pielolitotomia,14495,92
FEDERACION PATRONAL ART,228,6205,Pielolitotomia por videolaparoscopia,14496,93
FEDERACION PATRONAL ART,228,6206,Pieloplastia,14497,92
FEDERACION PATRONAL ART,228,6207,Pieloplastia por lumbotomia,14498,93
FEDERACION PATRONAL ART,228,6208,Pielotomia por videolaparoscopia,14499,93
FEDERACION PATRONAL ART,228,6201,Pie plano unilateral,14492,92
FEDERACION PATRONAL ART,228,6712,Plastica de Codo,60863,93
FEDERACION PATRONAL ART,228,6715,Plastica de Manguito Rotador por Artroscopia,60866,94
FEDERACION PATRONAL ART,228,5580,Plastica peneana,14047,93
FEDERACION PATRONAL ART,228,6209,Plastica anal / anoplastia,14500,91
FEDERACION PATRONAL ART,228,6210,Plastica de canal estrecho de columna con disectomia hasta 2 espacios,14501,98
FEDERACION PATRONAL ART,228,6211,Plastica de canal estrecho de columna mas de 2 espacios,14502,98
FEDERACION PATRONAL ART,228,6212,Plastica de colostomia,14503,91
FEDERACION PATRONAL ART,228,6213,Plastica de la union uretero-pielica,14504,92
FEDERACION PATRONAL ART,228,6214,Plastica de ligamentos de rodilla no cruzados,14505,93
FEDERACION PATRONAL ART,228,6215,Plastica de manguito rotador no artroscopica,14506,93
FEDERACION PATRONAL ART,228,6216,Plastica de uretra / uretroplastia,14509,92
FEDERACION PATRONAL ART,228,6218,Plastica de via lagrimal,14511,93
FEDERACION PATRONAL ART,228,6219,Plastica del cuadriceps,14512,91
FEDERACION PATRONAL ART,228,6222,Plastica pielo-ureteral por videolaparoscopia,14514,94
FEDERACION PATRONAL ART,228,6223,Plastica ureteral,14516,92
FEDERACION PATRONAL ART,228,6224,Plastica ureteral o de la union pielo-pielica por videolaparoscopia,14517,94
FEDERACION PATRONAL ART,228,6362,Reparacion artroscopica quirurgica de tobillo (plastica de tobillo por video-artroscopia),14604,93
FEDERACION PATRONAL ART,228,6370,Reparacion plastica de ligamento peroneo-astragalino anterior y/o lateral y/o peroneo-calcaneo,14612,93
FEDERACION PATRONAL ART,228,6336,Reemplazo de una valvula cardiaca y plastica de otra,15142,98
FEDERACION PATRONAL ART,228,6405,"Reseccion de tumor maligno externo, con reconstruccion plastica",15159,92
FEDERACION PATRONAL ART,228,7539,Plastica o comisurotomias valvulares Ao o pulmonares en el recien nacido.,15288,98
FEDERACION PATRONAL ART,228,6220,Plastica del pabellon auricular,15492,92
FEDERACION PATRONAL ART,228,7595,Pleurectomia parcial por video-toracoscopia,15372,94
FEDERACION PATRONAL ART,228,6225,Pleurodesis quimica por video-toracoscopia,14518,94
FEDERACION PATRONAL ART,228,6227,Polidactilia,14520,91
FEDERACION PATRONAL ART,228,6229,Polipo de cuello uterino,14522,89
FEDERACION PATRONAL ART,228,6230,Potenciales evocados,14523,89
FEDERACION PATRONAL ART,228,6231,Potenciales evocados somatosensoriales,14524,91
FEDERACION PATRONAL ART,228,6582,Trasplante oseo en procedimientos primarios,14750,94
FEDERACION PATRONAL ART,228,6593,Tratamiento de las secuelas por paralisis (por cada procedimiento),14761,91
FEDERACION PATRONAL ART,228,6235,Proctectomia con prostatectomia,15358,93
FEDERACION PATRONAL ART,228,6236,Proctorrafia,14525,90
FEDERACION PATRONAL ART,228,6237,Prolapso rectal,14526,91
FEDERACION PATRONAL ART,228,6238,Prostatectomia o adenectomia con o sin vasectomia por videolaparoscopia,14527,94
FEDERACION PATRONAL ART,228,6239,"Prostatectomia o adenectomia por via abdominal, con o sin vasectomia",14528,93
FEDERACION PATRONAL ART,228,6240,Prostatectomia o adenomectomia por videolaparoscopia,14529,94
FEDERACION PATRONAL ART,228,6243,Prostatectomia radical por videolaparoscopia,14531,95
FEDERACION PATRONAL ART,228,6274,Querato-protesis,14550,94
FEDERACION PATRONAL ART,228,6434,Revision de protesis total de rodilla,14654,95
FEDERACION PATRONAL ART,228,6580,Trasplante oseo combinado con protesis,14748,95
FEDERACION PATRONAL ART,228,6246,Protesis testicular unilateral,15411,93
FEDERACION PATRONAL ART,228,6248,Ptosis palpebral,14534,91
FEDERACION PATRONAL ART,228,6247,Ptosis de parpado,15111,92
FEDERACION PATRONAL ART,228,8653,Puncion guiada por TAC en quirofano,69398,91
FEDERACION PATRONAL ART,228,6260,Puncion de camara anterior para daignosticos,14543,89
FEDERACION PATRONAL ART,228,6261,Puncion de derrame escrotal,14544,89
FEDERACION PATRONAL ART,228,6265,Puncion del antro mastoideo,14545,90
FEDERACION PATRONAL ART,228,6267,Puncion del seno esfenoidal,14547,91
FEDERACION PATRONAL ART,228,6270,Puncion trans-fontanoidal,14548,90
FEDERACION PATRONAL ART,228,6271,Puncion ventricular por trepanacion,14549,92
FEDERACION PATRONAL ART,228,6262,Puncion de ganglio linfatico,15115,89
FEDERACION PATRONAL ART,228,6268,Puncion pleural,15361,89
FEDERACION PATRONAL ART,228,6263,Puncion de la cavidad pleural para lavaje,15366,91
FEDERACION PATRONAL ART,228,6269,Puncion raquidea diagnostica,15528,90
FEDERACION PATRONAL ART,228,6275,Queratocentesis,14551,90
FEDERACION PATRONAL ART,228,6276,Quiste artro-sinovial,14552,90
FEDERACION PATRONAL ART,228,6277,Quiste de cordon,14553,90
FEDERACION PATRONAL ART,228,6280,Quiste de ovario,14556,91
FEDERACION PATRONAL ART,228,6281,Quiste de pancreas,14557,92
FEDERACION PATRONAL ART,228,6282,Quiste de tumor de cuello,14558,92
FEDERACION PATRONAL ART,228,6283,Quiste hidatidico de bazo,14559,92
FEDERACION PATRONAL ART,228,6284,Quiste hidatidico de higado,14560,93
FEDERACION PATRONAL ART,228,6285,Quiste o tumor de mesenterio,14561,92
FEDERACION PATRONAL ART,228,6286,Quiste o tumor del hueco popliteo,14562,92
FEDERACION PATRONAL ART,228,6399,Reseccion de quiste oseo,14629,90
FEDERACION PATRONAL ART,228,6287,Quiste sacro-coccigeo en decubito ventral (ej. quiste pilonidal),15240,91
FEDERACION PATRONAL ART,228,6293,Radioterapia de intensidad modulada (IMRT),15120,91
FEDERACION PATRONAL ART,228,6294,Radioterapia intraoperatoria,15121,95
FEDERACION PATRONAL ART,228,6472,Simulacion de tratamiento para radioterapia,15170,90
FEDERACION PATRONAL ART,228,6296,Reanimacion fuera del acto anestesiologico,15122,92
FEDERACION PATRONAL ART,228,6298,Recarga de bomba de infusion,15124,90
FEDERACION PATRONAL ART,228,6299,Recarga bomba elastomerica,15211,89
FEDERACION PATRONAL ART,228,6304,Reconstruccion de las vias biliares,14566,95
FEDERACION PATRONAL ART,228,6308,Reconstruccion de pene y/o testiculo,14567,93
FEDERACION PATRONAL ART,228,6319,Reconstruccion total de parpado,14570,92
FEDERACION PATRONAL ART,228,6300,Reconstruccion de areola y/o pezon,15125,91
FEDERACION PATRONAL ART,228,6301,Reconstruccion de cavidad orbitaria,15126,93
FEDERACION PATRONAL ART,228,6302,Reconstruccion de conducto auditivo externo,15127,92
FEDERACION PATRONAL ART,228,6303,Reconstruccion de la pared abdominal,15128,93
FEDERACION PATRONAL ART,228,6305,Reconstruccion de ombligo,15129,90
FEDERACION PATRONAL ART,228,6307,Reconstruccion de pene y/o escroto,15131,92
FEDERACION PATRONAL ART,228,6288,Reconstruccion de vulva,15132,93
FEDERACION PATRONAL ART,228,6313,Reconstruccion nasal parcial,15136,91
FEDERACION PATRONAL ART,228,6314,Reconstruccion parcial de orbita o malar,15137,92
FEDERACION PATRONAL ART,228,6316,Reconstruccion total de orbita,15139,93
FEDERACION PATRONAL ART,228,6404,Reseccion de tumor de orbita con reseccion osea y reconstruccion inmediata,15158,93
FEDERACION PATRONAL ART,228,6702,Reseccion de Tumor de Recto,60853,93
FEDERACION PATRONAL ART,228,6320,Recto-sigmoidoscopia,14571,89
FEDERACION PATRONAL ART,228,6414,Reseccion parcial osea infecciosa o tumoral de columna (corporectomia),14637,94
FEDERACION PATRONAL ART,228,6425,Retinopexia y esclerectomia,14646,93
FEDERACION PATRONAL ART,228,6451,Salpinguectomia con o sin ooferectomia por videolaproscopia,14666,93
FEDERACION PATRONAL ART,228,6610,Trombo-endarterectomia de vasos perifericos,14773,94
FEDERACION PATRONAL ART,228,6695,Vitrectomia,14840,94
FEDERACION PATRONAL ART,228,6455,Secuestrectomia,15308,93
FEDERACION PATRONAL ART,228,6321,Rectoscopia,15332,89
FEDERACION PATRONAL ART,228,6637,Tumorectomia,15389,91
FEDERACION PATRONAL ART,228,6644,Ureterectomia,15423,91
FEDERACION PATRONAL ART,228,6328,Reduccion incruenta cervical o dorsal,14575,92
FEDERACION PATRONAL ART,228,6339,Reemplazo total de femur,14583,95
FEDERACION PATRONAL ART,228,6340,Reemplazo total de hombro,14584,95
FEDERACION PATRONAL ART,228,6341,Reemplazo total de rodilla,14585,95
FEDERACION PATRONAL ART,228,6334,Reemplazo bi-valvular,15141,98
FEDERACION PATRONAL ART,228,6342,Reemplazo valvular,15143,95
FEDERACION PATRONAL ART,228,7535,Reemplazo valvular en hemodinamia ( TAVI),15549,98
FEDERACION PATRONAL ART,228,6359,Reintervencion cardiaca dentro de las primeras 24 horas (ejemplo: sangrado),15147,94
FEDERACION PATRONAL ART,228,6360,Remodelacion de la boveda craneana (turricefalia / plagiocefalia),14603,95
FEDERACION PATRONAL ART,228,6361,"Remodelacion de la boveda craneana (turricefalia, plagioce falia)",15148,95
FEDERACION PATRONAL ART,228,6367,Reparacion ligamentaria de rodilla (ligamento laterales y/o cruzados),51397,94
FEDERACION PATRONAL ART,228,6365,Reparacion de senos craneales,14607,94
FEDERACION PATRONAL ART,228,6368,"Reparacion ligamentaria de tobillo (ligamentos laterales, etc)",14610,93
FEDERACION PATRONAL ART,228,6000,Reseccion de Tabique Vaginal por Videolaparoscopia,60852,92
FEDERACION PATRONAL ART,228,6372,Reseccion costal,14613,90
FEDERACION PATRONAL ART,228,6374,Reseccion cuneiforme de ovario,14614,91
FEDERACION PATRONAL ART,228,6380,Reseccion de cuello de vejiga,14616,91
FEDERACION PATRONAL ART,228,6385,Reseccion de espolon calcaneo,14619,91
FEDERACION PATRONAL ART,228,6386,Reseccion de exostosis,14620,90
FEDERACION PATRONAL ART,228,6390,Reseccion de intestino delgado,14623,93
FEDERACION PATRONAL ART,228,6394,Reseccion de osteoma del CAE,14625,92
FEDERACION PATRONAL ART,228,6395,Reseccion de plexo hipogastrico,14626,92
FEDERACION PATRONAL ART,228,6397,Reseccion de plexo hipogastrico por videolaparoscopia,14628,93
FEDERACION PATRONAL ART,228,6407,Reseccion del plexo hipogastrico,14631,92
FEDERACION PATRONAL ART,228,6411,Reseccion parcial de hueso infeccioso o tumoral,14634,92
FEDERACION PATRONAL ART,228,6413,Reseccion parcial de pelvis infecciosa o tumoral,14636,92
FEDERACION PATRONAL ART,228,6415,Reseccion submucosa del cornete inferior,14639,91
FEDERACION PATRONAL ART,228,6416,Reseccion total de paladar,14640,94
FEDERACION PATRONAL ART,228,6419,Reseccion tumoral de nervio periferico,14642,91
FEDERACION PATRONAL ART,228,6396,Reseccion de plexo hipogastrico por videolaparoscopia,15154,93
FEDERACION PATRONAL ART,228,6398,Reseccion de queloide,15155,91
FEDERACION PATRONAL ART,228,6402,Reseccion de tumor de mas de 5 cm,15156,91
FEDERACION PATRONAL ART,228,6403,Reseccion de tumor de menos de 5 cm,15157,90
FEDERACION PATRONAL ART,228,6381,Reseccion de epiplon,15298,91
FEDERACION PATRONAL ART,228,6371,Reseccion pleuro-parietal,15367,93
FEDERACION PATRONAL ART,228,6401,Reseccion de tabique vaginal,15402,91
FEDERACION PATRONAL ART,228,6417,Reseccion transuretral de prostata (TUR-P),15430,93
FEDERACION PATRONAL ART,228,6389,Reseccion de hasta 3 falanges,15459,90
FEDERACION PATRONAL ART,228,6392,Reseccion de mas de 3 falanges,15460,91
FEDERACION PATRONAL ART,228,6375,Reseccion de cabeza de radio o cubito,15462,91
FEDERACION PATRONAL ART,228,6422,Retinografia,14643,89
FEDERACION PATRONAL ART,228,6426,Retiro de cables endocavitarios,14647,92
FEDERACION PATRONAL ART,228,6427,Retoque de muñon,14648,91
FEDERACION PATRONAL ART,228,6428,Retromentonismo no estetico,15162,91
FEDERACION PATRONAL ART,228,8539,Internacion. Primera o revision.,69389,90
FEDERACION PATRONAL ART,228,6437,Rino-septumplastia,14657,93
FEDERACION PATRONAL ART,228,6514,Taponamiento intra-uterino,14711,90
FEDERACION PATRONAL ART,228,6606,Tratamiento quirurgico del neurinoma del acustico por via optica,14770,95
FEDERACION PATRONAL ART,228,6440,"Rinoplastia simple, no estetica",15165,90
FEDERACION PATRONAL ART,228,6442,Rizotomia del ligamento dentado,14658,93
FEDERACION PATRONAL ART,228,6443,Rizotomia dorsal selectiva,14659,94
FEDERACION PATRONAL ART,228,6444,Rizotomia retrogaseriana estereotaxica por rf,15270,94
FEDERACION PATRONAL ART,228,7513,Rizotomia estereotaxica por crioterapia del G de Gasser,15271,98
FEDERACION PATRONAL ART,228,6445,Safenectomia externa unilateral,14660,92
FEDERACION PATRONAL ART,228,6446,Safenectomia interna unilateral,14661,92
FEDERACION PATRONAL ART,228,6449,Salpingolisis / salpingoplastia unilateral,14664,92
FEDERACION PATRONAL ART,228,6450,Salpingolisis / salpingoplastia unilateral por videolaparoscopia,14665,93
FEDERACION PATRONAL ART,228,6453,Seccion de frenillo lingual,14667,89
FEDERACION PATRONAL ART,228,6452,Seccion de aductores con o sin tenotomia,15456,92
FEDERACION PATRONAL ART,228,6454,Secuelas de paralisis facial en todas sus formas,15169,92
FEDERACION PATRONAL ART,228,6456,Segmentectomia hepatica,14668,95
FEDERACION PATRONAL ART,228,6458,Septostomia inter-auricular o ventricular en hemodinamia (tipo Raskind o similares),14670,95
FEDERACION PATRONAL ART,228,6461,Shunt porto-sistemico transyugular intra-hepatico (TIPS),14673,95
FEDERACION PATRONAL ART,228,6462,Sialografia,14675,89
FEDERACION PATRONAL ART,228,6463,Sigmoidectomia,14676,94
FEDERACION PATRONAL ART,228,6464,Sigmoidectomia por videolaparoscopia,14677,95
FEDERACION PATRONAL ART,228,6465,Simpatectomia abdominal o lumbar,14678,91
FEDERACION PATRONAL ART,228,6466,Simpatectomia cervical,14679,92
FEDERACION PATRONAL ART,228,6467,Simpatectomia lumbar,14680,91
FEDERACION PATRONAL ART,228,6468,Simpatectomia lumbar o toracica (hiper-hidrosis),14681,93
FEDERACION PATRONAL ART,228,6470,Simpatectomia periarterial,14683,91
FEDERACION PATRONAL ART,228,6471,Simpatectomia toracica,14684,93
FEDERACION PATRONAL ART,228,6473,Sindactilia,14685,91
FEDERACION PATRONAL ART,228,6474,Sindrome apico-transverso,14686,95
FEDERACION PATRONAL ART,228,6476,Sinovectomia,14688,91
FEDERACION PATRONAL ART,228,6478,Sinusotomia esfenoidal,14691,92
FEDERACION PATRONAL ART,228,6479,Sinusotomia frontal externa (trepanacion del seno frontal),14692,91
FEDERACION PATRONAL ART,228,6480,Sinusotomia frontal radical por via externa,14693,92
FEDERACION PATRONAL ART,228,6484,Sinusotomias combinadas por via endoscopica,14697,94
FEDERACION PATRONAL ART,228,6485,Sinusotomias por via endoscopica,14698,93
FEDERACION PATRONAL ART,228,6489,Spect cerebral,15172,91
FEDERACION PATRONAL ART,228,8101,Spect cerebral en niños,15531,91
FEDERACION PATRONAL ART,228,6490,Suprarrenalectomia laparoscopica unilateral,15385,95
FEDERACION PATRONAL ART,228,6491,Sutura de conjuntiva,14701,90
FEDERACION PATRONAL ART,228,6494,Sutura de faringe,14702,92
FEDERACION PATRONAL ART,228,6497,Sutura de lengua,14705,90
FEDERACION PATRONAL ART,228,6498,Sutura de vasos perifericos,14706,92
FEDERACION PATRONAL ART,228,6500,Sutura del paladar,14707,90
FEDERACION PATRONAL ART,228,6499,Sutura del pabellon auricular,15491,90
FEDERACION PATRONAL ART,228,6493,Sutura de encia,15495,90
FEDERACION PATRONAL ART,228,6492,Sutura de cornea,15525,91
FEDERACION PATRONAL ART,228,6513,Taponaje anterior y/o posterior,14710,89
FEDERACION PATRONAL ART,228,6515,Tarsorrafia,15179,90
FEDERACION PATRONAL ART,228,6516,Telecanto,15180,92
FEDERACION PATRONAL ART,228,6517,Tenolisis (hasta 3 tendones),14712,91
FEDERACION PATRONAL ART,228,6518,Tenolisis o tenorrafia (4 o mas tendones),14713,92
FEDERACION PATRONAL ART,228,6520,Tenoplastia simple (hasta 3 tendones),14714,92
FEDERACION PATRONAL ART,228,6519,Tenoplastia multiple (mas de 3 tendones),15452,93
FEDERACION PATRONAL ART,228,6521,Tenorrafia (hasta 3 tendones),14715,91
FEDERACION PATRONAL ART,228,6522,Tenorrafia del tendon de aquiles o rotuliano,14716,91
FEDERACION PATRONAL ART,228,6524,Tenotomia simple,14717,90
FEDERACION PATRONAL ART,228,6523,Tenotomia multiple,15450,91
FEDERACION PATRONAL ART,228,6554,Toma de tension ocular,14731,89
FEDERACION PATRONAL ART,228,6511,Tens (maximo seis sesiones al mes),15181,89
FEDERACION PATRONAL ART,228,8545,Quimioterapia intratecal,69395,94
FEDERACION PATRONAL ART,228,6525,Terapia sistemica del dolor postoperatorio ( todo el periodo),15182,90
FEDERACION PATRONAL ART,228,6540,Test de duccion forzada y fuerza generada,14718,89
FEDERACION PATRONAL ART,228,6539,"Test de Opioide, Baclofren, etc, intratecal",15249,91
FEDERACION PATRONAL ART,228,6630,Tumor de testiculo,15409,91
FEDERACION PATRONAL ART,228,6541,Timectomia por miastenia gravis,14719,94
FEDERACION PATRONAL ART,228,6543,Timpanoplastia,14721,93
FEDERACION PATRONAL ART,228,6544,Tiroidectomia por via endoscopica,14722,94
FEDERACION PATRONAL ART,228,6545,Tiroidectomia total,14723,93
FEDERACION PATRONAL ART,228,6546,Tiroidectomia total con vaciamiento cervical,14724,94
FEDERACION PATRONAL ART,228,6547,Tiroidectomia total con vaciamiento cervical por via endoscopica,14725,95
FEDERACION PATRONAL ART,228,6548,Toilette quirurgico con debridamiento,14726,90
FEDERACION PATRONAL ART,228,6549,Toilette quirurgico de columna,14727,92
FEDERACION PATRONAL ART,228,6551,Toillete quirurgica,14728,89
FEDERACION PATRONAL ART,228,6555,Tomografia computada de ojo,15521,90
FEDERACION PATRONAL ART,228,6556,Toracoplastia,14732,92
FEDERACION PATRONAL ART,228,6509,"TAC de torax, con o sin contraste",15177,91
FEDERACION PATRONAL ART,228,6558,Torticolis congenita,15486,94
FEDERACION PATRONAL ART,228,6561,Traccion esqueletica,15435,89
FEDERACION PATRONAL ART,228,6560,Traccion de partes blandas,15453,89
FEDERACION PATRONAL ART,228,6562,Tractotomia,15535,94
FEDERACION PATRONAL ART,228,6563,Transferencias tendinosas (mas de 3 tendones),14735,93
FEDERACION PATRONAL ART,228,6564,Transferencias tendinosas (trasplante y alargamiento) en miembro superior o inferior (hasta 3 tendones),14736,92
FEDERACION PATRONAL ART,228,6565,Transposicion de nervio periferico,14737,92
FEDERACION PATRONAL ART,228,6566,Transposicion de tendones en miembro superior o miembro inferior,14738,93
FEDERACION PATRONAL ART,228,6567,Transposicion del cubital,14739,91
FEDERACION PATRONAL ART,228,6568,Traqueoplastia,14740,94
FEDERACION PATRONAL ART,228,6569,Traqueorrafia,14742,92
FEDERACION PATRONAL ART,228,6571,Traqueostomia o traqueotomia como unica intervencion,14744,91
FEDERACION PATRONAL ART,228,6570,Traqueostomia como unica intervencion,15190,91
FEDERACION PATRONAL ART,228,6572,Traqueostomia percutanea,15383,91
FEDERACION PATRONAL ART,228,6574,Trasplante de corazon y pulmon,14745,108
FEDERACION PATRONAL ART,228,6578,Trasplante de pancreas,14746,106
FEDERACION PATRONAL ART,228,6579,Trasplante hepatico,14747,107
FEDERACION PATRONAL ART,228,6584,Trasplante oseo intercalares,14752,94
FEDERACION PATRONAL ART,228,6585,Trasplante oseo osteo-articulares,14753,94
FEDERACION PATRONAL ART,228,6586,Trasplante pulmonar,14754,106
FEDERACION PATRONAL ART,228,6587,Trasplante renal,14755,96
FEDERACION PATRONAL ART,228,6588,Trasplante reno-pancreatico,14756,107
FEDERACION PATRONAL ART,228,6589,Trasplante y alargamiento (hasta 3 tendones),14757,92
FEDERACION PATRONAL ART,228,6590,Trasplante y alargamiento (mas de 3 tendones),14758,93
FEDERACION PATRONAL ART,228,6573,Trasplante de corazon,15191,106
FEDERACION PATRONAL ART,228,6575,Trasplante de corazon-pulmon,15192,108
FEDERACION PATRONAL ART,228,6576,Trasplante de corazon-riñon,15193,107
FEDERACION PATRONAL ART,228,6577,Trasplante de medula osea,15257,92
FEDERACION PATRONAL ART,228,6594,Tratamiento de las varices esofagicas (bandas / escleroris / balon),14762,91
FEDERACION PATRONAL ART,228,6600,Tratamiento endovascular de arterias uterinas,14767,94
FEDERACION PATRONAL ART,228,6607,Tratamiento quirurgico del onfalocele,14771,94
FEDERACION PATRONAL ART,228,6608,"Tratamiento sistemico del dolor, por dia de tratamiento",15209,89
FEDERACION PATRONAL ART,228,6510,TAC tridimensional,15178,91
FEDERACION PATRONAL ART,228,6720,Trombectomia Intracraneal Por Hemodinamia,60871,96
FEDERACION PATRONAL ART,228,6609,Trombectomia venosa profunda,14772,93
FEDERACION PATRONAL ART,228,6611,Trombosis hemorroidal,14774,90
FEDERACION PATRONAL ART,228,6612,Trombosis mesenterica,14775,93
FEDERACION PATRONAL ART,228,5752,Extrirpacion de tumor oseo (mas de 5 cm),14170,91
FEDERACION PATRONAL ART,228,5753,Extrirpacion de tumor oseo (menos de 5 cm),14171,90
FEDERACION PATRONAL ART,228,6613,Tumor benigno de ano,14776,91
FEDERACION PATRONAL ART,228,6615,Tumor benigno de vulva,14777,89
FEDERACION PATRONAL ART,228,6616,Tumor beningo de vagina,14778,90
FEDERACION PATRONAL ART,228,6617,Tumor cerebral intracraneal (mas de 8 horas de duracion),14779,98
FEDERACION PATRONAL ART,228,6618,Tumor cerebral intracraneal (menos de 8 horas de duracion),14780,98
FEDERACION PATRONAL ART,228,6620,Tumor de fosa posterior (mas de 8 horas de duracion),14782,98
FEDERACION PATRONAL ART,228,6621,Tumor de fosa posterior (menos de 8 horas de duracion),14783,98
FEDERACION PATRONAL ART,228,6622,Tumor de hipofisis (mas de 8 horas de duracion),14784,98
FEDERACION PATRONAL ART,228,6623,Tumor de hipofisis (menos de 8 horas de duracion),14785,98
FEDERACION PATRONAL ART,228,6624,Tumor de la pared costal,14786,91
FEDERACION PATRONAL ART,228,6625,Tumor de la pared costal por videotoracoscopia,14787,92
FEDERACION PATRONAL ART,228,6627,Tumor de ovario,14788,92
FEDERACION PATRONAL ART,228,6629,Tumor de partes blandas,14790,90
FEDERACION PATRONAL ART,228,6633,Tumor fibroso de pie,14791,90
FEDERACION PATRONAL ART,228,6634,Tumor retroperitoneal,14792,94
FEDERACION PATRONAL ART,228,6635,Tumor retroperitoneal por videolaparoscopia,14793,95
FEDERACION PATRONAL ART,228,6638,Tumores mediastinales a cielo abierto,14794,94
FEDERACION PATRONAL ART,228,6639,Tumores mediastinales por toracoscopia,14795,95
FEDERACION PATRONAL ART,228,6632,Tumor del hueco supra-clavicular,15196,91
FEDERACION PATRONAL ART,228,6636,Tumoracion cardiaca con CEC (tumor de auricula y/o ventriculo; tipo mixoma o similares),15283,98
FEDERACION PATRONAL ART,228,6631,Tumor del glomus carotideo,15540,95
FEDERACION PATRONAL ART,228,6640,Turbinectomia parcial o completa simple (unica o muliple),14796,92
FEDERACION PATRONAL ART,228,6642,Turbinectomia video-endoscopica,14798,93
FEDERACION PATRONAL ART,228,6645,Ureterolitotomia,14800,92
FEDERACION PATRONAL ART,228,6675,Video cisto-ureteroscopia,14823,90
FEDERACION PATRONAL ART,228,6646,Ureteroscopia,15420,89
FEDERACION PATRONAL ART,228,6647,Ureterostomia,15424,91
FEDERACION PATRONAL ART,228,6648,Uretro-cisto-fibroscopia,14801,90
FEDERACION PATRONAL ART,228,6649,Uretrografia,14802,89
FEDERACION PATRONAL ART,228,6650,Uretrorrafia,14803,90
FEDERACION PATRONAL ART,228,6651,Uretrotomia interna / uretroscopia,14804,89
FEDERACION PATRONAL ART,228,5941,Laringuectomia radical con vaciamiento cervical,14311,95
FEDERACION PATRONAL ART,228,6655,Vaciamiento inguino-abdominal convencional,14807,93
FEDERACION PATRONAL ART,228,6656,Vaciamiento inguino-abdominal o inguino-escrotal por video,14808,94
FEDERACION PATRONAL ART,228,6657,Vaciamiento inguino-escrotal convencional,14809,93
FEDERACION PATRONAL ART,228,6696,Vulvectomia con vaciamiento ganglionar,14841,94
FEDERACION PATRONAL ART,228,6654,Vaciamiento ganglionar lumbo-aortico,15197,94
FEDERACION PATRONAL ART,228,6658,Vaciamiento radical unilateral de cuello,15199,93
FEDERACION PATRONAL ART,228,6659,Vagotomia / vagotomia selectiva / gastropexia,14811,92
FEDERACION PATRONAL ART,228,6660,Vagotomia por videolaparoscopia,14812,93
FEDERACION PATRONAL ART,228,6661,Valvuloplastia aortica / pulmonar / tricuspidea / mitral / en hemodinamia,14813,95
FEDERACION PATRONAL ART,228,6662,Valvuloplastia mitral / tricuspidea / aortica / pulmonar,15200,95
FEDERACION PATRONAL ART,228,7534,Valvuloplastia aortica / pulmonar / tricuspidea / mitral / en hemodinamia en el recien nacido,15548,98
FEDERACION PATRONAL ART,228,6663,Vaporizacion prostatica por plasma (TURis) (hiperplasia benigna de prostata),14814,93
FEDERACION PATRONAL ART,228,6652,Varicocele,14805,90
FEDERACION PATRONAL ART,228,6665,Varicocele pelviano,14816,91
FEDERACION PATRONAL ART,228,6666,Vasectomia,15407,91
FEDERACION PATRONAL ART,228,6049,Neo-vejiga a cielo abierto,14397,95
FEDERACION PATRONAL ART,228,6667,Ventana pleuro-pericardica,14817,94
FEDERACION PATRONAL ART,228,6668,Ventana pleuro-pericardica por video,14818,95
FEDERACION PATRONAL ART,228,6669,Ventriculo-cisternotomia,14819,94
FEDERACION PATRONAL ART,228,6670,Ventriculo-cisternotomia videoasistida,14820,95
FEDERACION PATRONAL ART,228,6721,VERTEBROPLASTIA CONVENCIONAL,60872,91
FEDERACION PATRONAL ART,228,6671,Vertebroplastia percutanea (1 Vertebra),14821,94
FEDERACION PATRONAL ART,228,6672,Vertebroplastia percutanea (2 o mas vertebras),14822,95
FEDERACION PATRONAL ART,228,6366,Videoartroscopia Compleja de Rodilla,14608,94
FEDERACION PATRONAL ART,228,6676,"Video-artroscopia compleja (hombro, codo, tobillo)",14824,93
FEDERACION PATRONAL ART,228,6678,Video-artroscopia de hombro / codo,14827,93
FEDERACION PATRONAL ART,228,6679,Video-artroscopia de tobillo,14828,93
FEDERACION PATRONAL ART,228,6680,Video-artroscopia simple de rodilla (incluye menisectomia artroscopica de rodilla),14829,93
FEDERACION PATRONAL ART,228,6682,Video-cistoscopia,14831,90
FEDERACION PATRONAL ART,228,6687,Videobroncofibroscopia,14834,91
FEDERACION PATRONAL ART,228,6690,Videolaparoscopia terapeutica,14837,93
FEDERACION PATRONAL ART,228,6694,Videotoracoscopia convertida a via convencional,14839,95
FEDERACION PATRONAL ART,228,7604,Video artroscopia simple de hombro,15443,92
FEDERACION PATRONAL ART,228,7605,Video artroscopia simple de muñeca,15444,92
FEDERACION PATRONAL ART,228,7606,Video artroscopia compleja de muñeca,15446,93
FEDERACION PATRONAL ART,228,7607,Video artroscopia compleja de hombro,15447,93
FEDERACION PATRONAL ART,228,6697,Vulvectomia simple,14842,91
FEDERACION PATRONAL ART,228,6698,Yeyunostomia,15325,91
FEDERACION PATRONAL ART,228,6202,Pie zambo / varo / equino supinado,14493,92
OMINT ART- Serena ART,119,6506,"TAC de abdomen, con o sin contraste",69501,91
OMINT ART- Serena ART,119,5975,"Lipoaspiracion (cadera, muslo, abdomen) (hasta 2 zonas)",70355,93
OMINT ART- Serena ART,119,5976,"Lipoaspiracion (cadera, muslo, abdomen) (mas de 2 zonas)",70356,94
OMINT ART- Serena ART,119,5979,Liposuccion de abdomen,70359,93
OMINT ART- Serena ART,119,6689,Videolaparoscopia exploradora de abdomen,70986,93
OMINT ART- Serena ART,119,8562,Videolaparoscopia exploradora de abdomen en paciente critico,71150,95
OMINT ART- Serena ART,119,5002,Abdominoplastia,69541,94
OMINT ART- Serena ART,119,5003,Ablacion de corazon,69542,98
OMINT ART- Serena ART,119,5005,Ablacion por radiofrecuencia de arritmias simples (tipo haz de His),69544,98
OMINT ART- Serena ART,119,5083,Anestesiologo en ablacion de organos,69598,92
OMINT ART- Serena ART,119,6053,Neuroablacion aferentes articulacion de cadera con Rf.,70424,95
OMINT ART- Serena ART,119,6187,Patelectomia (ablacion de la rotula),70536,91
OMINT ART- Serena ART,119,7532,Ablacion por radiofrecuencia de arritmias con navegador de impedancia,71029,98
OMINT ART- Serena ART,119,8567,Ablacion de tumor por radiofrecuencia,71155,95
OMINT ART- Serena ART,119,8568,Ablacion osea por radiofrecuencia,71156,94
OMINT ART- Serena ART,119,8594,Crioablacion para arritmias,71181,95
OMINT ART- Serena ART,119,5006,Abocamiento del ureter a piel,69545,92
OMINT ART- Serena ART,119,5481,Lesion local de pulmon (absceso),69436,93
OMINT ART- Serena ART,119,5542,Drenaje de absceso hepatico guiado por ecografia,69439,92
OMINT ART- Serena ART,119,5547,Drenaje de absceso y/o quiste pancreatico guiado por ecografia,69440,92
OMINT ART- Serena ART,119,5009,Absceso de mama / drenaje unilateral,69547,89
OMINT ART- Serena ART,119,5010,Absceso de pancreas,69548,92
OMINT ART- Serena ART,119,5011,Absceso de pared,69549,89
OMINT ART- Serena ART,119,5012,Absceso de parpado,69550,90
OMINT ART- Serena ART,119,5013,Absceso gluteo,69551,89
OMINT ART- Serena ART,119,5014,Absceso perianal,69552,89
OMINT ART- Serena ART,119,5015,Absceso perirectal,69553,91
OMINT ART- Serena ART,119,5540,Drenaje de absceso de glandula de Bartholino,69976,89
OMINT ART- Serena ART,119,5541,Drenaje de absceso en cabeza y/o cuello,69977,90
OMINT ART- Serena ART,119,5543,"Drenaje de absceso o hematoma, excepto en cabeza y cuello",69978,89
OMINT ART- Serena ART,119,5544,Drenaje de absceso subfrenico,69979,91
OMINT ART- Serena ART,119,5545,Drenaje de absceso subfrenico por via laparoscopica,69980,93
OMINT ART- Serena ART,119,5546,Drenaje de absceso testicular,69981,89
OMINT ART- Serena ART,119,5814,Glosotomia con drenaje de absceso o hematoma,70213,90
OMINT ART- Serena ART,119,5894,"Incision y drenaje de laringe, absceso, pericondritis, etc.",70289,92
OMINT ART- Serena ART,119,5896,Incision y drenaje de paladar (absceso),70291,90
OMINT ART- Serena ART,119,8107,Absceso de higado,71077,92
OMINT ART- Serena ART,119,8569,Absceso en columna,71157,92
OMINT ART- Serena ART,119,8652,Drenaje de absceso guiado por TAC/ percutaneo,71236,92
OMINT ART- Serena ART,119,5016,Acortamiento de metatarsianos,69554,91
OMINT ART- Serena ART,119,5017,Acromioplastia,69555,92
OMINT ART- Serena ART,119,6379,"Reseccion de clavicula o acromion, acromioplastia",70718,92
OMINT ART- Serena ART,119,5018,Acupuntura por sesion,69556,90
OMINT ART- Serena ART,119,5019,Acupuntura laser o electroacupuntura por sesion maximo 6,69557,91
OMINT ART- Serena ART,119,5021,Adenomastectomia unilateral,69558,92
OMINT ART- Serena ART,119,7518,Adhesiolisis radicular segun Raez. No incluye honorarios por analgesia,71017,95
OMINT ART- Serena ART,119,5023,Adrenalectomia unilateral,69559,94
OMINT ART- Serena ART,119,5032,Alcoholizacion o fenolizacion peridural cervical / dorsal o lumbar,69403,95
OMINT ART- Serena ART,119,5036,Alcoholizacion o fenolizacion subaracnoidea cervical / dorsal o lumbar,69404,98
OMINT ART- Serena ART,119,5024,Alcoholizacion o fenolizacion de dos nervios perifericos,69560,92
OMINT ART- Serena ART,119,5025,Alcoholizacion o fenolizacion de mas de dos nervios perifericos,69561,93
OMINT ART- Serena ART,119,5026,Alcoholizacion o fenolizacion de par craneal ( no V par),69562,94
OMINT ART- Serena ART,119,5028,Alcoholizacion o fenolizacion de rama secundaria de par craneal,69563,93
OMINT ART- Serena ART,119,5035,Alcoholizacion o fenolizacion rama primaria de V par),69564,95
OMINT ART- Serena ART,119,5574,Embolizacion o alcoholizacion coronaria,70006,93
OMINT ART- Serena ART,119,5037,Amigdalectomia y/o adenoidectomia,69565,92
OMINT ART- Serena ART,119,5038,Amigdalectomia y/o adenoidectomia por radiofrecuencia,69566,93
OMINT ART- Serena ART,119,5827,Hemorragia post-adeno-amigdalectomia,70225,91
OMINT ART- Serena ART,119,6400,Reseccion de resto de amigdalectomia y/o resto de adeno-amigdalectomia,70737,91
OMINT ART- Serena ART,119,7529,Amigdalectomia mas septumplastia mas colocacion de TTT,71026,95
OMINT ART- Serena ART,119,7530,Amigdalectomia mas septumplastia mas miringoplastia,71027,95
OMINT ART- Serena ART,119,7609,Amigdalectomia mas septumplastia,71064,94
OMINT ART- Serena ART,119,7610,Amigdalectomia mas miringoplastia,71065,94
OMINT ART- Serena ART,119,7611,Amigdalectomia mas colocacion de TTT,71066,94
OMINT ART- Serena ART,119,5039,Amniocentesis,69567,90
OMINT ART- Serena ART,119,5043,Amputacion de cuello,69405,91
OMINT ART- Serena ART,119,5041,Amputacion de antebrazo,69569,95
OMINT ART- Serena ART,119,5042,Amputacion de brazo,69570,95
OMINT ART- Serena ART,119,5044,Amputacion de dedo,69571,90
OMINT ART- Serena ART,119,5045,Amputacion de hasta 2 dedos del pie,69572,90
OMINT ART- Serena ART,119,5046,Amputacion de mano,69573,95
OMINT ART- Serena ART,119,5047,Amputacion de mas de 2 dedos del pie,69574,91
OMINT ART- Serena ART,119,5048,Amputacion de mas de 3 dedos,69575,91
OMINT ART- Serena ART,119,5049,Amputacion de menos de 3 dedos,69576,91
OMINT ART- Serena ART,119,5050,"Amputacion de muslo, pie o antepie",69577,92
OMINT ART- Serena ART,119,5051,Amputacion de oreja,69578,91
OMINT ART- Serena ART,119,5052,Amputacion de pie,69579,92
OMINT ART- Serena ART,119,5053,Amputacion de pierna (supracondilea),69580,92
OMINT ART- Serena ART,119,5054,Amputacion inter-ilio-abdominal,69581,95
OMINT ART- Serena ART,119,5055,Amputacion inter-ilio-femoral,69582,94
OMINT ART- Serena ART,119,5056,Amputacion parcial o total de pene,69583,92
OMINT ART- Serena ART,119,5462,Crioneurolisis de neuroma de amputacion,69912,93
OMINT ART- Serena ART,119,5997,Mastectomia unilateral (amputacion simple de mama),70373,92
OMINT ART- Serena ART,119,5057,Analgesia / anestesia raquidea o peridural en periodo expulsivo,69584,92
OMINT ART- Serena ART,119,5062,Analgesia regional continua c/ 24 hs o fraccion siguiente,69586,90
OMINT ART- Serena ART,119,5069,Analgesia regional por bloqueo subaracnoideo con fenol o similar,69589,91
OMINT ART- Serena ART,119,5143,Barbotaje de liquido cefaloraquideo/crioanalgesia,69654,91
OMINT ART- Serena ART,119,8505,"Analgesia intratecal, controles dias subsiguientes. Por dia (hasta 48 hs)",71095,91
OMINT ART- Serena ART,119,8506,"Analgesia intratecal, dosis unica, colocacion",71096,91
OMINT ART- Serena ART,119,8516,"Analgesia sistemica continua, sin PCA, instalacion y puesta en marcha",71106,90
OMINT ART- Serena ART,119,8533,Control diario de analgesia sistemica sin bomba de infusion por dia,71123,90
OMINT ART- Serena ART,119,8563,Analgesia peridural. Dosis unica,71151,91
OMINT ART- Serena ART,119,5071,Anastomosis de conducto deferente - microcirugia,69406,90
OMINT ART- Serena ART,119,5074,Anastomosis intestinal,69407,92
OMINT ART- Serena ART,119,5070,Anastomosis bilio-digestiva con o sin colecistectomia,69590,94
OMINT ART- Serena ART,119,5072,Anastomosis pancreato-digestiva,69591,93
OMINT ART- Serena ART,119,5073,Anastomosis porto-cava o espleno-renal,69592,98
OMINT ART- Serena ART,119,5075,Anastomosis uretero-sigmoidea,69593,93
OMINT ART- Serena ART,119,5358,Coledoco-duodeno-anastomosis,69825,93
OMINT ART- Serena ART,119,5479,Dacrio-cistorrinoanastomosis,69922,93
OMINT ART- Serena ART,119,5769,Fistula uretero-vaginal con anastomosis uretero-vesical,70169,94
OMINT ART- Serena ART,119,5774,Fistula vesico-utero-vaginal con anastomosis uretero-intestinal,70174,94
OMINT ART- Serena ART,119,5801,Gastroenteroanastomosis,70201,93
OMINT ART- Serena ART,119,5916,Injerto y/o anastomosis facial / hipogloso o similar,70303,92
OMINT ART- Serena ART,119,5079,Anestesia para neurotomia (facial / glosofaringeo / neumogastrico),69594,91
OMINT ART- Serena ART,119,5081,Anestesia para sesion de cobaltoterapia o acelerador,69596,90
OMINT ART- Serena ART,119,5082,Anestesia para terapia electroconvulsiva,69597,90
OMINT ART- Serena ART,119,5657,Examen gineco-obstetrico bajo anestesia,70081,89
OMINT ART- Serena ART,119,5658,Examen ginecologico bajo anestesia,70082,89
OMINT ART- Serena ART,119,6036,Movilizaciones bajo anestesia general o regional,70407,89
OMINT ART- Serena ART,119,7550,Tratamiento quirurgico de aneurisma o pseudo-aneurisma humeral o femoral con by-pass y diseccion de la aorta ascente y/o reemplazo de aorta,69524,96
OMINT ART- Serena ART,119,5084,Aneurisma de la aorta abdominal complicado,69599,96
OMINT ART- Serena ART,119,5085,Aneurisma de la aorta abdominal no complicado,69600,98
OMINT ART- Serena ART,119,5086,Aneurisma del cayado de la aorta ascendente o descendente,69601,96
OMINT ART- Serena ART,119,5087,Aneurisma ventricular,69602,98
OMINT ART- Serena ART,119,5088,Aneurismas medulares,69603,95
OMINT ART- Serena ART,119,5089,Aneurismas o malformaciones A-V medulares,69604,95
OMINT ART- Serena ART,119,5090,Angiografia de control del tratamiento de aneurisma,69605,92
OMINT ART- Serena ART,119,5302,Cirugia de aneurisma cerebral (mas de 8 horas de duracion),69773,96
OMINT ART- Serena ART,119,5303,Cirugia de aneurisma cerebral (menos de 8 horas de duracion),69774,98
OMINT ART- Serena ART,119,5423,Correccion de aneurisma de fistula arterio-venosa,69878,93
OMINT ART- Serena ART,119,5424,Correccion de aneurisma o pseudo-aneurisma femoral,69879,94
OMINT ART- Serena ART,119,6592,Tratamiento de aneurisma con coils con o sin colocacion de stent,70900,95
OMINT ART- Serena ART,119,6595,Tratamiento de pseudoaneurisma con o sin colocacion de stent,70904,95
OMINT ART- Serena ART,119,6599,Tratamiento endovascular de aneurisma o pseudoaneurisma periferico,70907,95
OMINT ART- Serena ART,119,7584,Angiodisplasia,71046,92
OMINT ART- Serena ART,119,5091,Angiografia de vasos de miembros inferior o superior,69606,92
OMINT ART- Serena ART,119,5092,Angiografia de vasos uterinos,69607,92
OMINT ART- Serena ART,119,5093,Angiografia del cuello,69608,92
OMINT ART- Serena ART,119,5094,Angiografia medular,69609,92
OMINT ART- Serena ART,119,5095,Angioplastia coronaria con o sin colocacion de stent,69610,95
OMINT ART- Serena ART,119,5096,Angioplastia de mas de un vaso con o sin stent,69611,93
OMINT ART- Serena ART,119,5097,Angioplastia de un vaso periferico con o sin stent,69612,92
OMINT ART- Serena ART,119,7536,Angioplastia o remplazo valvular en pacientes con ASA 4,71033,96
OMINT ART- Serena ART,119,5100,Anquilosis temporo-mandibular bilateral,69615,93
OMINT ART- Serena ART,119,5101,"Anquilosis temporo-mandibular, unilateral",69616,92
OMINT ART- Serena ART,119,5102,Antrotomia y atico-antrotomia,69617,92
OMINT ART- Serena ART,119,5103,Anuloplastia mitral o tricuspidea,69618,98
OMINT ART- Serena ART,119,7505,Nucleoplastia y / o anuloplastia con Rf. (un disco),71008,98
OMINT ART- Serena ART,119,8542,Nucleoplastia y / o anuloplastia con Rf. ( 2 o 3 discos),71132,98
OMINT ART- Serena ART,119,5104,Aortografia por cateterismo,69619,92
OMINT ART- Serena ART,119,5105,Aortografia por puncion,69620,91
OMINT ART- Serena ART,119,5106,Apendicectomia por via convencional,69621,92
OMINT ART- Serena ART,119,5107,Apendicectomia por videolaparoscopia,69622,93
OMINT ART- Serena ART,119,6707,Apendicectomia convertida,70997,94
OMINT ART- Serena ART,119,5108,Aplicacion de laser en retina,69623,90
OMINT ART- Serena ART,119,5517,Diatermia o crioaplicacion escleral,69955,90
OMINT ART- Serena ART,119,6423,Retinopexia (diatermia y o crioaplicacion),70759,92
OMINT ART- Serena ART,119,8571,Aplicacion de plasma/ acido hialuronico o similares,71159,94
OMINT ART- Serena ART,119,5109,Aponeurotomia / fasciotomia cutanea,69624,90
OMINT ART- Serena ART,119,5264,Cesarea,69737,93
OMINT ART- Serena ART,119,6289,"RMN (dos areas), con o sin contraste",70632,92
OMINT ART- Serena ART,119,6290,"RMN (mas de dos areas), con o sin contraste",70633,93
OMINT ART- Serena ART,119,6291,"RMN (un area), con o sin contraste",70634,91
OMINT ART- Serena ART,119,6421,Resonancia (un area) con espectroscopia,70757,93
OMINT ART- Serena ART,119,6507,TAC de cerebro / orbita / cara / cuello (un area) (con o sin contraste),70834,90
OMINT ART- Serena ART,119,6703,TAC de columna (cada area),70994,91
OMINT ART- Serena ART,119,5110,Arreglos dentales de mas de 4 piezas (obturacion dentaria),69625,93
OMINT ART- Serena ART,119,5111,Arreglos dentales hasta 4 piezas (obturacion dentaria),69626,92
OMINT ART- Serena ART,119,5112,Arteriografia,69627,92
OMINT ART- Serena ART,119,5113,Arteriografia cerebral por cateterismo,69628,92
OMINT ART- Serena ART,119,5114,Arteriografia renal,69629,90
OMINT ART- Serena ART,119,6174,Panarteriografia cerebral,70523,92
OMINT ART- Serena ART,119,5115,Artrocentesis,69630,89
OMINT ART- Serena ART,119,5124,Artrodesis de muñeca / tarso / hombro / codo,69408,92
OMINT ART- Serena ART,119,5116,Artrodesis cervical,69631,95
OMINT ART- Serena ART,119,5117,Artrodesis de cadera,69632,93
OMINT ART- Serena ART,119,5118,Artrodesis de hasta tres dedos,69633,91
OMINT ART- Serena ART,119,5119,Artrodesis de hombro,69634,92
OMINT ART- Serena ART,119,5120,Artrodesis de mas de 3 dedos en miembro inferior,69635,92
OMINT ART- Serena ART,119,5121,Artrodesis de mas de tres dedos,69636,92
OMINT ART- Serena ART,119,5122,Artrodesis de menos de 3 dedos,69637,91
OMINT ART- Serena ART,119,5123,Artrodesis de menos de 3 dedos en miembro inferior,69638,91
OMINT ART- Serena ART,119,5125,Artrodesis de pie y tibioastragalina,69639,92
OMINT ART- Serena ART,119,5126,Artrodesis de rodilla,69640,92
OMINT ART- Serena ART,119,5127,Artrodesis dinamica de columna (colocacion de espaciadores),69641,98
OMINT ART- Serena ART,119,5128,Artrodesis instrumentada de columna cervical,69642,98
OMINT ART- Serena ART,119,5130,Artrodesis tibio-peronea-astragalina o medio tarsiana de Chopart,69644,93
OMINT ART- Serena ART,119,7500,Artrodesis dorsal lumbar o sacra,71007,95
OMINT ART- Serena ART,119,8572,Artrodesis percutanea de columna,71160,98
OMINT ART- Serena ART,119,5131,Artrolisis,69645,90
OMINT ART- Serena ART,119,5132,Artroplastia (no nomenclada),69409,93
OMINT ART- Serena ART,119,5135,Artroplastia de un dedo,69646,91
OMINT ART- Serena ART,119,6581,Trasplante oseo con artroplastias primarias,70889,95
OMINT ART- Serena ART,119,6583,Trasplante oseo en revision de artroplastias,70891,98
OMINT ART- Serena ART,119,8616,Hemi-artroplastia de hombro,71203,94
OMINT ART- Serena ART,119,5136,Artrotomia / exploracion intra-articular,69647,91
OMINT ART- Serena ART,119,5137,"Aspiracion, lavado e implante de vitreo",69648,92
OMINT ART- Serena ART,119,5139,Atresia ano-rectal en pediatria / malformaciones congenitas anorectales,69650,95
OMINT ART- Serena ART,119,5140,Atresia de coanas por via palatina,69651,94
OMINT ART- Serena ART,119,5141,Atresia de esofago por video-toracoscopia,69652,98
OMINT ART- Serena ART,119,5142,Auriculotomia,69653,98
OMINT ART- Serena ART,119,5144,Bermellectomia,69655,90
OMINT ART- Serena ART,119,5155,Biopsia de higado a cielo abierto,69410,91
OMINT ART- Serena ART,119,5172,Biopsia o exeresis de ganglio linfatico,69411,90
OMINT ART- Serena ART,119,5176,Biopsia quirurgica de femur o cadera,69412,91
OMINT ART- Serena ART,119,5180,Biopsia renal percutanea guiado por ecografia u otro metodo (fuera de quirofano),69413,90
OMINT ART- Serena ART,119,5718,Extraccion de cuerpo extraño de orbita / exploracion / biopsia / drenaje,69454,91
OMINT ART- Serena ART,119,6255,Puncion biopsia guiada por TAC (fuera de quirofano),69488,90
OMINT ART- Serena ART,119,6257,Puncion biopsia guiada por ecografia,69490,91
OMINT ART- Serena ART,119,5145,"Biopsia (peritoneo, epiplon, etc)",69656,91
OMINT ART- Serena ART,119,5146,Biopsia costal,69657,89
OMINT ART- Serena ART,119,5147,Biopsia de Daniels del hueco supraclavicular,69658,91
OMINT ART- Serena ART,119,5148,Biopsia de encia,69659,90
OMINT ART- Serena ART,119,5149,Biopsia de endocardio / miocardio en hemodinamia,69660,93
OMINT ART- Serena ART,119,5150,Biopsia de epididimo,69661,90
OMINT ART- Serena ART,119,5151,Biopsia de faringe y/o amigdala,69662,90
OMINT ART- Serena ART,119,5152,Biopsia de ganglios linfaticos de cuello,69663,90
OMINT ART- Serena ART,119,5153,Biopsia de ganglios linfaticos de la pared toracica,69664,90
OMINT ART- Serena ART,119,5154,Biopsia de glandula salival,69665,90
OMINT ART- Serena ART,119,5157,Biopsia de laringe,69666,91
OMINT ART- Serena ART,119,5158,Biopsia de lesion nasofaringea,69667,90
OMINT ART- Serena ART,119,5159,Biopsia de mama unilateral,69668,90
OMINT ART- Serena ART,119,5160,Biopsia de pancreas a cielo abierto,69669,92
OMINT ART- Serena ART,119,5161,Biopsia de pene,69670,89
OMINT ART- Serena ART,119,5162,Biopsia de pericardio,69671,93
OMINT ART- Serena ART,119,5163,Biopsia de piel en cabeza y/o cuello,69672,90
OMINT ART- Serena ART,119,5164,"Biopsia de piel, excepto en cabeza y cuello",69673,89
OMINT ART- Serena ART,119,5165,Biopsia de testiculo,69674,90
OMINT ART- Serena ART,119,5166,Biopsia de vagina,69675,89
OMINT ART- Serena ART,119,5167,Biopsia de vejiga,69676,90
OMINT ART- Serena ART,119,5168,Biopsia de vertebra,69677,91
OMINT ART- Serena ART,119,5169,Biopsia de vulva,69678,89
OMINT ART- Serena ART,119,5170,Biopsia del paladar,69679,90
OMINT ART- Serena ART,119,5171,Biopsia muscular,69680,90
OMINT ART- Serena ART,119,5173,Biopsia o sutura de la boca o mejilla,69681,90
OMINT ART- Serena ART,119,5174,Biopsia osea a cielo abierto,69682,90
OMINT ART- Serena ART,119,5175,Biopsia prostatica por puncion,69683,89
OMINT ART- Serena ART,119,5177,Biopsia quirurgica de hueso (no de femur o cadera),69685,90
OMINT ART- Serena ART,119,5178,Biopsia radioquirurgica de mama,69686,91
OMINT ART- Serena ART,119,5179,Biopsia renal percutanea (quirofano),69687,89
OMINT ART- Serena ART,119,5181,Biopsia traqueal o bronquial,69688,90
OMINT ART- Serena ART,119,5182,Biopsia y/o cauterizacion de cuello uterino,69689,89
OMINT ART- Serena ART,119,5405,Colonovideoscopia con o sin biopsia,69864,91
OMINT ART- Serena ART,119,5552,Drenaje pleural por toracotomia minima y/o biopsia pleural,69986,91
OMINT ART- Serena ART,119,5676,Exploracion renal con o sin biopsia,70098,91
OMINT ART- Serena ART,119,5898,Incision y drenaje del CAE y/o biopsia,70293,90
OMINT ART- Serena ART,119,5899,Incision y drenaje/ biopsia o sutura de labio,70294,89
OMINT ART- Serena ART,119,6127,Operacion del hueco supraclavicular (tipo biopsia de Daniels),70482,91
OMINT ART- Serena ART,119,6249,Puncion / biopsia de prostata bajo control ecografico,70594,90
OMINT ART- Serena ART,119,6252,Puncion biopsia de hueso,70597,89
OMINT ART- Serena ART,119,6253,Puncion biopsia de tiroides,70598,89
OMINT ART- Serena ART,119,6254,Puncion biopsia de tiroides a cielo abierto,70599,90
OMINT ART- Serena ART,119,6258,Puncion biopsia percutanea de bazo o pancreas,70600,90
OMINT ART- Serena ART,119,6259,Puncion biopsia percutanea de higado,70601,90
OMINT ART- Serena ART,119,6505,Sutura y/o biopsia de nariz,70833,90
OMINT ART- Serena ART,119,6557,Toracotomia exploradora amplia y/o biopsia pulmonar,70868,94
OMINT ART- Serena ART,119,7594,Biopsia Pulmonar o Mediastinal por video-toracoscopia,71055,92
OMINT ART- Serena ART,119,8576,Biopsia de higado por videolaparoscopia/transyugular en hemodinamia,71164,92
OMINT ART- Serena ART,119,8595,Criobiopsia pulmonar,71182,94
OMINT ART- Serena ART,119,8606,Endosonografia endobronquial con o sin biopsia,71193,93
OMINT ART- Serena ART,119,5183,Blefaroplastia,69690,92
OMINT ART- Serena ART,119,5184,Blefaroplastia bilateral,69691,93
OMINT ART- Serena ART,119,5185,"Blefaroplastia simple, no estetica",69692,92
OMINT ART- Serena ART,119,8103,Blefaroplastia unilateral,71074,92
OMINT ART- Serena ART,119,5191,Bloqueo de hasta 2 nervios craneales ( no de Gasser) por sesion,69414,93
OMINT ART- Serena ART,119,5197,Bloqueo diagnostico de la articulacion atlanto-occipital unilateral,69415,92
OMINT ART- Serena ART,119,6192,Bloqueo de mas de 2 nervios craneales (no de Gasser) por sesion,69486,94
OMINT ART- Serena ART,119,7778,"Bloqueo regional periferico dosis unica, un solo nervio, ecoguiado.",69529,92
OMINT ART- Serena ART,119,7779,"Bloqueo regional periferico dosis unica, mas de un nervio , ecoguiado.",69530,93
OMINT ART- Serena ART,119,7782,"Bloqueo del musculo erector espinal, ecoguiado, dosis unica",69532,92
OMINT ART- Serena ART,119,7783,"Bloqueo del musculo erector espinal, ecoguiado, continuo. Colocacion de cateter.",69533,93
OMINT ART- Serena ART,119,5199,"Bloqueo diagnostico diferencial, por sesion",69693,90
OMINT ART- Serena ART,119,5200,Bloqueo diagnostico ganglio de Walter,69694,93
OMINT ART- Serena ART,119,5201,Bloqueo diagnostico de Nervio periferico bajo radioscopia,69695,92
OMINT ART- Serena ART,119,5202,Bloqueo diagnostico de Nervio periferico sin RX,69696,91
OMINT ART- Serena ART,119,5205,Bloqueo diagnostico o terapeutico de la art. sacro-iliaca unilateral,69697,93
OMINT ART- Serena ART,119,5215,Bloqueo extra-craneal antalgico,69698,90
OMINT ART- Serena ART,119,5221,Bloqueo regional Bier con farmacos para diagnostico,69700,91
OMINT ART- Serena ART,119,7523,Bloqueo del ganglio de Gasser.,71020,94
OMINT ART- Serena ART,119,7593,Bloqueo nervio frenico para neumotorax recidivante,71054,91
OMINT ART- Serena ART,119,7786,Bloqueo radicular selectivo cervical/dorsal o lumbar (mas de 2 niveles),71069,95
OMINT ART- Serena ART,119,7787,Bloqueo radicular selectivo cervical/dorsal o lumbar (hasta 2 niveles),71070,94
OMINT ART- Serena ART,119,8517,Bloqueo del nervio Occipital Mayor unilateral,71107,93
OMINT ART- Serena ART,119,8518,Bloqueo diagnostico de cadera/hombro,71108,94
OMINT ART- Serena ART,119,8519,Bloqueo diagnostico del ganglio estrellado,71109,94
OMINT ART- Serena ART,119,8520,"Bloqueo facetario cervical, dorsal o lumbar bajo radioscopia",71110,94
OMINT ART- Serena ART,119,8521,"Bloqueo ganglio simpatico toracico, lumbar, dorsal o hipogastrico superior",71111,95
OMINT ART- Serena ART,119,8525,Bloqueo paravertebral unilateral,71115,93
OMINT ART- Serena ART,119,8526,Bloqueo terapeutico de rodilla (N. geniculados) unilateral,71116,93
OMINT ART- Serena ART,119,8527,Bloqueo transforminal (mas de 1 nivel),71117,93
OMINT ART- Serena ART,119,8528,Bloqueo transforminal selectivo,71118,92
OMINT ART- Serena ART,119,8577,"Bloqueo paravertebral, dosi unica",71165,91
OMINT ART- Serena ART,119,8654,"Bloqueo regional continuo, con colocacion de cateter, eco guiado. Dia 0",71238,93
OMINT ART- Serena ART,119,5225,Bocio endotoracico,69701,94
OMINT ART- Serena ART,119,5226,Braquiterapia en cancer de prostata,69702,91
OMINT ART- Serena ART,119,5227,Braquiterapia ginecologica (colocacion de radium intra-cavitario),69703,91
OMINT ART- Serena ART,119,5228,Braquiterapia intersticial de cabeza y cuello,69704,91
OMINT ART- Serena ART,119,5229,Braquiterapia intersticial de partes blandas,69705,91
OMINT ART- Serena ART,119,5230,Braquiterapia urologica,69706,91
OMINT ART- Serena ART,119,5232,Broncorrafia,69708,93
OMINT ART- Serena ART,119,5233,Broncoscopia con broncospio rigido / Dilatacion traqueal,69709,91
OMINT ART- Serena ART,119,5234,Bursitis,69710,90
OMINT ART- Serena ART,119,6337,Reemplazo parcial de cadera,69493,94
OMINT ART- Serena ART,119,5237,Cadera en resorte,69713,93
OMINT ART- Serena ART,119,5395,Colocacion de tutor externo (excepto de cadera y maxilar),69857,92
OMINT ART- Serena ART,119,5396,Colocacion de tutor externo de cadera,69858,93
OMINT ART- Serena ART,119,5536,Displasia de cadera,69972,92
OMINT ART- Serena ART,119,5731,Extraccion de placas y/o tornillos (no de rodilla ni de cadera),70133,90
OMINT ART- Serena ART,119,5732,Extraccion de placas y/o tornillos de cadera o rodilla,70134,91
OMINT ART- Serena ART,119,5735,Extraccion de protesis parcial de cadera,70137,93
OMINT ART- Serena ART,119,5736,Extraccion de protesis total de cadera,70138,94
OMINT ART- Serena ART,119,5738,Extraccion de protesis y reemplazo en el mismo acto (rodilla o cadera),70140,95
OMINT ART- Serena ART,119,5980,Liposuccion de cadera,70360,93
OMINT ART- Serena ART,119,6150,"Osteosintesis de hombro, rodilla y cadera",70503,93
OMINT ART- Serena ART,119,6323,Reduccion cruenta de luxacion de cadera,70665,93
OMINT ART- Serena ART,119,6331,"Reduccion incruenta de luxaciones (hombro, codo, cadera)",70671,90
OMINT ART- Serena ART,119,6338,Reemplazo total de cadera,70678,95
OMINT ART- Serena ART,119,6410,Reseccion parcial de cadera,70747,93
OMINT ART- Serena ART,119,6430,Revision de osteosintesis (no de cadera),70765,93
OMINT ART- Serena ART,119,6431,Revision de osteosintesis de cadera,70766,94
OMINT ART- Serena ART,119,6433,Revision de protesis total de cadera,70767,95
OMINT ART- Serena ART,119,6552,Toillete quirurgico de cadera,70863,92
OMINT ART- Serena ART,119,6677,Video-artroscopia de cadera,70978,94
OMINT ART- Serena ART,119,8115,Reduccion incruenta de luxacion de cadera,71085,90
OMINT ART- Serena ART,119,8118,Reduccion incruenta de luxacion (ejemplo cadera),71088,90
OMINT ART- Serena ART,119,8552,Revision de protesis parcial de cadera o rodilla,71142,94
OMINT ART- Serena ART,119,5238,Calcificaciones de hombro,69714,90
OMINT ART- Serena ART,119,5239,Cambio Implante,69416,94
OMINT ART- Serena ART,119,10005,Recambio o retirada de bomba de infusion continua,69539,94
OMINT ART- Serena ART,119,5240,Cambio de generador,69715,92
OMINT ART- Serena ART,119,6297,Recambio de cateter de derivacion ventriculo-peritoneal,70640,92
OMINT ART- Serena ART,119,6436,Revision y recambio de protesis de hombro,70770,95
OMINT ART- Serena ART,119,8578,Cambio de expansor mamario por implante,71166,94
OMINT ART- Serena ART,119,8579,Cambio de expansor por lipotransferencia,71167,95
OMINT ART- Serena ART,119,8639,Recambio de traqueostomia,71223,92
OMINT ART- Serena ART,119,5241,Canalizacion arterial,69716,90
OMINT ART- Serena ART,119,5243,Canalizacion de via central,69717,90
OMINT ART- Serena ART,119,5244,Cantotomia externa,69718,90
OMINT ART- Serena ART,119,5245,Capsulectomia,69719,91
OMINT ART- Serena ART,119,5246,Capsuloplastia,69720,91
OMINT ART- Serena ART,119,10002,Capsulotomia,69538,90
OMINT ART- Serena ART,119,5247,Capsulotomia (cristalino),69721,90
OMINT ART- Serena ART,119,5248,Cardiomioplastia,69722,98
OMINT ART- Serena ART,119,5249,Cardiorrafia,69723,95
OMINT ART- Serena ART,119,5250,Cardioversion electrica de arritmias,69724,91
OMINT ART- Serena ART,119,5251,Caruncula uretral,69725,89
OMINT ART- Serena ART,119,5253,Cateterismo cardiaco mas angiocardiografia,69726,92
OMINT ART- Serena ART,119,5254,Cateterismo cardiaco para toma de presiones y muestras de sangre,69727,91
OMINT ART- Serena ART,119,5255,Cateterismo de ambas carotidas con o sin colocacion de stents,69728,94
OMINT ART- Serena ART,119,5256,Cateterismo del ureter,69729,90
OMINT ART- Serena ART,119,5257,Cateterismo vesical / cistomanometria,69730,91
OMINT ART- Serena ART,119,8102,Cateterismo cardiaco mas angiocardiografia CA,71073,92
OMINT ART- Serena ART,119,5258,Cauterizacion del cuello uterino con laser,69731,91
OMINT ART- Serena ART,119,5259,Cavernostomia,69732,93
OMINT ART- Serena ART,119,5260,Cavografia toracica o abdominal (colocacion de portacath),69733,91
OMINT ART- Serena ART,119,6200,Pie Bot / cavo / equino unilateral,70549,93
OMINT ART- Serena ART,119,7542,"Tetralogia de Fallot, canal atrioventricular, Tubo VD-AP, Anomalia total del retorno venoso pulmonar, Estenosis SubAo, Comisurotomia Ao o Pulmonar, Valvuloplatia Ao o venoso pulmonar, Estenosis SubAo, Comisurotomia Ao o Pulmonar, Valvuloplatia Ao o Pulmonar, Glenn, Cavopulmonar, Cirugia de MAZE, Sindrome de Cimitarra, Rastelli, Senning, Jatene, Cirugia de Ross no en el recien nacido",71038,96
OMINT ART- Serena ART,119,5261,Cecostomia,69734,92
OMINT ART- Serena ART,119,5262,Centellograma oseo radio-isotopico,69735,90
OMINT ART- Serena ART,119,5263,Cerclaje (correccion de incontinencia cervical),69736,90
OMINT ART- Serena ART,119,8108,Colpopexia / cerclaje,71078,91
OMINT ART- Serena ART,119,5712,Extraccion de cuerpo extraño de cerebro,69448,94
OMINT ART- Serena ART,119,5884,Implante de material radioactivo en cerebro,70281,98
OMINT ART- Serena ART,119,5266,Chalazion,69739,91
OMINT ART- Serena ART,119,6376,Reseccion de cicatriz grande / zetaplastia,69495,92
OMINT ART- Serena ART,119,5267,Cicatriz retractil de cuello / reseccion e injerto,69740,92
OMINT ART- Serena ART,119,6377,Reseccion de cicatriz retractil en cuello con o sin injerto,70715,93
OMINT ART- Serena ART,119,6378,Reseccion de cicatriz simple,70716,90
OMINT ART- Serena ART,119,5268,Cierre de Hartmann,69741,93
OMINT ART- Serena ART,119,5269,Cierre de Hartmann por videolaparoscopia,69742,94
OMINT ART- Serena ART,119,5270,Cierre de colostomia,69743,92
OMINT ART- Serena ART,119,5271,Cierre de defectos septales adquiridos,69744,98
OMINT ART- Serena ART,119,5272,Cierre de defectos septales con dispositivos de tipo Amplatzer,69745,98
OMINT ART- Serena ART,119,5273,Cierre de defectos septales congenitos simples en hemodinamia,69746,95
OMINT ART- Serena ART,119,5274,Cierre de ductus arterioso permeable con coils o similar en hemodinamia,69747,98
OMINT ART- Serena ART,119,5275,Cierre de faringostomia,69748,92
OMINT ART- Serena ART,119,5276,Cierre de fistula arterio-venosa de hemodialisis,69749,91
OMINT ART- Serena ART,119,5277,Cierre de fistula branquial y/o quiste branquial o vestigio,69750,92
OMINT ART- Serena ART,119,5278,Cierre de fistula bronco-cutanea,69751,92
OMINT ART- Serena ART,119,5279,Cierre de fistula esofago-cutanea,69752,94
OMINT ART- Serena ART,119,5280,Cierre de fistula externa de boca,69753,91
OMINT ART- Serena ART,119,5281,Cierre de fistula mastoidea,69754,92
OMINT ART- Serena ART,119,5282,Cierre de fistula meningea por via transinusal,69755,93
OMINT ART- Serena ART,119,5283,Cierre de fistula oral del seno maxilar (buco-antral),69756,92
OMINT ART- Serena ART,119,5284,Cierre de fistula traqueo-esofagica,69757,94
OMINT ART- Serena ART,119,5285,Cierre de fistula uretro-rectal,69758,92
OMINT ART- Serena ART,119,5286,Cierre de gastrostomia,69759,92
OMINT ART- Serena ART,119,5287,Cierre de grandes defectos con combinacion de varios colgajos,69760,93
OMINT ART- Serena ART,119,5288,Cierre de ileostomia,69761,92
OMINT ART- Serena ART,119,5289,Cierre de traqueostomia,69762,90
OMINT ART- Serena ART,119,5290,Cierre diferido de torax posterior a cirugia cardiaca,69763,95
OMINT ART- Serena ART,119,5334,Cirugias de cardiopatias congenitas simples (cierre de defectos septales),69801,98
OMINT ART- Serena ART,119,5637,Estafilorrafia (cierre del paladar blando),70066,91
OMINT ART- Serena ART,119,6614,Tumor benigno de mas de 5 cm / extirpacion y cierre plastico,70919,91
OMINT ART- Serena ART,119,6643,ulcera perforada / gastrorrafia/ herida perforada / cierre de fistula gastrica,70947,93
OMINT ART- Serena ART,119,8580,Cierre de orejuela en auricula,71168,98
OMINT ART- Serena ART,119,5291,Circuncision,69764,91
OMINT ART- Serena ART,119,7000,Cirugia Suspendida,71255,89
OMINT ART- Serena ART,119,5332,Cirugia artroscopica de hombro (cirugia de Bankart artroscopica y similar),69417,94
OMINT ART- Serena ART,119,5887,Implante mamario o expansor en cirugia reconstructiva/ oncologica,69468,94
OMINT ART- Serena ART,119,6020,Microcirugia de la via espermal /conducto deferente,69476,98
OMINT ART- Serena ART,119,7538,cirugia de Co Ao,69523,98
OMINT ART- Serena ART,119,5292,Cirugia antireflujo esofagico (Nissen) a cielo abierto,69765,93
OMINT ART- Serena ART,119,5293,Cirugia artroscopica de hombro (cirugia de Bankart artroscopica y similares),69766,94
OMINT ART- Serena ART,119,5297,Cirugia coronaria o valvular por mini-toracotomia,69769,96
OMINT ART- Serena ART,119,5298,Cirugia de Bricker (cistectomia radical + reemplazo vesical con asa ileal),69770,96
OMINT ART- Serena ART,119,5300,Cirugia de Norwood,69771,96
OMINT ART- Serena ART,119,5301,Cirugia de agenesia del CAE,69772,92
OMINT ART- Serena ART,119,5304,Cirugia de by-pass aorto-coronario,69775,98
OMINT ART- Serena ART,119,5305,Cirugia de columna por videofibroscopia,69776,98
OMINT ART- Serena ART,119,5306,Cirugia de craneo video-asistida (mas de 8 horas de duracion),69777,96
OMINT ART- Serena ART,119,5307,Cirugia de craneo video-asistida (menos de 8 horas de duracion),69778,98
OMINT ART- Serena ART,119,5308,"Cirugia de la 1ra porcion del nervio facial, el nervio auditivo o el vestibular",69779,94
OMINT ART- Serena ART,119,5309,Cirugia de la 2da y 3ra porcion del nervio facial,69780,94
OMINT ART- Serena ART,119,5310,Cirugia de la carotida,69781,95
OMINT ART- Serena ART,119,5311,"Cirugia de la fosa pterigo-maxilar (exploracion, escision de tumores, etc)",69782,93
OMINT ART- Serena ART,119,5312,Cirugia de la obesidad (by-pass gastrico) a cielo abierto,69783,95
OMINT ART- Serena ART,119,5313,Cirugia de la obesidad (by-pass gastrico) por video,69784,98
OMINT ART- Serena ART,119,5314,Cirugia de la obesidad (manga gastrica) por video,69785,95
OMINT ART- Serena ART,119,5315,Cirugia de la vena cava,69786,95
OMINT ART- Serena ART,119,5316,Cirugia de las arritmias / colocacion de cardio-desfibrilador endocavitario,69787,98
OMINT ART- Serena ART,119,5317,Cirugia de las ramas de la aorta abdominal,69788,95
OMINT ART- Serena ART,119,5318,Cirugia de los grandes troncos arterio-venosos del torax,69789,95
OMINT ART- Serena ART,119,5319,Cirugia de tumores etmoidales,69790,93
OMINT ART- Serena ART,119,5320,Cirugia del conducto auditivo interno y su contenido,69791,94
OMINT ART- Serena ART,119,5321,Cirugia del glomus yugularis,69792,94
OMINT ART- Serena ART,119,5322,Cirugia del saco endolinfatico,69793,93
OMINT ART- Serena ART,119,5323,Cirugia endoscopica de tejido linfoideo rino-faringeo,69794,92
OMINT ART- Serena ART,119,5326,Cirugia plastica por agenesia del oido medio,69797,94
OMINT ART- Serena ART,119,5327,Cirugia reductiva bilateral de mama,69798,98
OMINT ART- Serena ART,119,5330,Cirugia vasculo-renal,69799,93
OMINT ART- Serena ART,119,5336,Cirugias intra-uterinas a cielo abierto o por puncion,69803,96
OMINT ART- Serena ART,119,5368,Colgajos libres con micro-cirugia vascular,69833,94
OMINT ART- Serena ART,119,5497,Dermolipectomia post-cirugia bariatrica,69938,94
OMINT ART- Serena ART,119,5756,Facoexeresis con implante de lente intraocular (cirugia de cataratas),70157,93
OMINT ART- Serena ART,119,5816,Gran cirugia reconstructora de mano,70215,95
OMINT ART- Serena ART,119,5850,Cirugia antireflujo esofagico por video (hernia hiatal laparoscopica),70248,94
OMINT ART- Serena ART,119,5999,Mastomegalia / cirugia reductora no estetica unilateral,70375,94
OMINT ART- Serena ART,119,6021,Microcirugia de laringe,70393,93
OMINT ART- Serena ART,119,6022,Microcirugia tubaria unilateral,70394,93
OMINT ART- Serena ART,119,6023,Microcirugia tubaria unilateral por videolaparoscopia,70395,95
OMINT ART- Serena ART,119,6292,Radioneurocirugia esterotaxica,70635,95
OMINT ART- Serena ART,119,6344,Reemplazo bi-valvular con cirugia de revascularizacion,70683,106
OMINT ART- Serena ART,119,6350,Reimplante de miembros o dedos por microcirugia,70690,98
OMINT ART- Serena ART,119,6351,Reimplante de oreja con microcirugia vascular,70691,94
OMINT ART- Serena ART,119,6352,Reimplante total o parcial de miembro con microcirugia,70692,98
OMINT ART- Serena ART,119,6664,Varices residuales (microcirugia),70968,92
OMINT ART- Serena ART,119,6701,Cirugia de adecuacion de sexo,70992,106
OMINT ART- Serena ART,119,6704,Cirugia de BAHAS,70995,94
OMINT ART- Serena ART,119,7537,Cirugia de by- pass aorto- coronaria sin CEC,71034,98
OMINT ART- Serena ART,119,8529,Cirugia tricompartimental de piso pelvico,71119,95
OMINT ART- Serena ART,119,8583,Cirugia de MIS,71171,93
OMINT ART- Serena ART,119,8584,Cirugia de masculinizacion: mastectomia + reconstruccion de torax,71172,98
OMINT ART- Serena ART,119,8585,"Cirugia de reduccion de volumen pulmonar (EPOC, enfisema)",71173,99
OMINT ART- Serena ART,119,8586,Cirugia de by-pass mamario-coronario,71174,98
OMINT ART- Serena ART,119,8587,Cirugia laparoscopica de ligamento arcuato,71175,95
OMINT ART- Serena ART,119,8588,Cirugia ortognatica,71176,107
OMINT ART- Serena ART,119,8631,Neurocirugia con paciente despierto,71215,99
OMINT ART- Serena ART,119,8651,Revision de cirugia de ligamentos,71235,93
OMINT ART- Serena ART,119,5339,Cistectomia parcial o total laparoscopica,69418,95
OMINT ART- Serena ART,119,5337,Cistectomia parcial,69804,93
OMINT ART- Serena ART,119,5338,Cistectomia parcial con reimplante de ureter,69805,93
OMINT ART- Serena ART,119,5340,Cistectomia total,69807,94
OMINT ART- Serena ART,119,5347,Colecistectomia por videolaparoscopia,69814,93
OMINT ART- Serena ART,119,5348,Colecistectomia por videolaparoscopia convertida,69815,94
OMINT ART- Serena ART,119,5349,Colecistectomia simple,69816,92
OMINT ART- Serena ART,119,5554,Duodeno-papilotomia con o sin colecistectomia,69988,93
OMINT ART- Serena ART,119,5671,Exploracion de las vias biliares por laparoscopia con o sin colecistectomia,70093,94
OMINT ART- Serena ART,119,5672,Exploracion de vias biliares con o sin colecistectomia,70094,94
OMINT ART- Serena ART,119,5673,Exploracion de vias biliares por via laparoscopica con o sin colecistectomia,70095,94
OMINT ART- Serena ART,119,6044,Nefro-ureterectomia con o sin cistectomia parcial,70415,95
OMINT ART- Serena ART,119,5341,Cistoplastia,69808,93
OMINT ART- Serena ART,119,5342,Cistorrafia,69809,90
OMINT ART- Serena ART,119,6709,Cistorrafia por videolaparoscopia,70999,92
OMINT ART- Serena ART,119,5343,Cistostomia (talla vesical),69810,90
OMINT ART- Serena ART,119,5350,Colecistostomia,69817,92
OMINT ART- Serena ART,119,5351,Colecistostomia percutanea,69818,91
OMINT ART- Serena ART,119,5612,Escision o electrocoagulacion de amigdala lingual,70042,90
OMINT ART- Serena ART,119,5784,Fotocoagulacion de retina,70184,90
OMINT ART- Serena ART,119,6409,Reseccion endoscopica de vejiga por electrocoagulacion (TUR-V),70746,92
OMINT ART- Serena ART,119,7583,Coagulacion de angiodisplacias con argon plasma,71045,92
OMINT ART- Serena ART,119,5344,Coartacion de aorta con CEC (CEC: circulacion extra-corporea),69811,98
OMINT ART- Serena ART,119,5345,Coartacion de aorta sin CEC (CEC: circulacion extra-corporea),69812,98
OMINT ART- Serena ART,119,5426,Correccion de coartacion de aorta en hemodinamia,69881,98
OMINT ART- Serena ART,119,5346,Cobalto-terapia,69813,92
OMINT ART- Serena ART,119,5352,Colectomia o hemicolectomia abdomino -pelvica (operacion de Miles),69819,95
OMINT ART- Serena ART,119,5353,Colectomia total,69820,95
OMINT ART- Serena ART,119,5354,Colectomia total por videolaparoscopia,69821,96
OMINT ART- Serena ART,119,5355,Colectomia transversa segmentaria (operacion de Hartmann),69822,94
OMINT ART- Serena ART,119,5823,Hemicolectomia,70221,94
OMINT ART- Serena ART,119,5824,Hemicolectomia por videolaparoscopia,70222,95
OMINT ART- Serena ART,119,5359,Coledocotomia,69419,92
OMINT ART- Serena ART,119,6542,Timpano-mastoidectomia/Colesteatoma/granuloma,69505,94
OMINT ART- Serena ART,119,5361,Colgajo alejado,69826,92
OMINT ART- Serena ART,119,5362,Colgajo de vecindad,69827,91
OMINT ART- Serena ART,119,5363,Colgajo de vecindad o a la distancia para reconstruccion total de labio,69828,93
OMINT ART- Serena ART,119,5364,Colgajo diferido,69829,91
OMINT ART- Serena ART,119,5365,"Colgajo en isla, reparacion de ceja",69830,91
OMINT ART- Serena ART,119,5366,Colgajo miocutaneo,69831,92
OMINT ART- Serena ART,119,5367,Colgajo para reconstruccion parcial de labio,69832,91
OMINT ART- Serena ART,119,5914,Injerto o colgajo de piel de dedos (hasta 3),70301,90
OMINT ART- Serena ART,119,5915,Injerto o colgajo de piel de dedos (mas de 3),70302,91
OMINT ART- Serena ART,119,6306,reconstruccion de oreja parcial o total mediante colgajos y o injertos,70648,92
OMINT ART- Serena ART,119,6309,Reconstruccion diferida de piramide nasal con colgajo,70651,92
OMINT ART- Serena ART,119,6311,Reconstruccion mamaria con colgajo cutaneo o miocutaneo,70653,95
OMINT ART- Serena ART,119,6315,Reconstruccion total de nariz mediante colgajos,70657,93
OMINT ART- Serena ART,119,6318,Reconstruccion total de paladar inmediata con injerto o colgajo,70660,95
OMINT ART- Serena ART,119,6626,"Tumor de labio superior e inferior, con o sin colgajos",70930,94
OMINT ART- Serena ART,119,5369,"Coloboma de parpado, reconstruccion simple",69834,90
OMINT ART- Serena ART,119,5678,Extirpacion de apendices pre-auriculares (coloboma auris),70100,90
OMINT ART- Serena ART,119,5391,Colocacion de stent en la via biliar por endoscopia/extraccion de stent,69421,92
OMINT ART- Serena ART,119,5400,"Colocacion de yeso/ferula de antebrazo, braquipalmar, pierna o pedico",69423,89
OMINT ART- Serena ART,119,5404,Colocacion y extraccion de yesos/ ferula,69424,89
OMINT ART- Serena ART,119,5370,Colocacion de expansor mamario,69835,93
OMINT ART- Serena ART,119,5371,"Colocacion de VAC (vacum, por ejemplo en rodilla)",69836,90
OMINT ART- Serena ART,119,5373,Colocacion de cateter intra-hepatico para quimioterapia,69837,92
OMINT ART- Serena ART,119,5374,Colocacion de cateter para medicion de PIC (PIC: presion intra-craneal),69838,93
OMINT ART- Serena ART,119,5375,Colocacion de coils en vasculatura toracica o abdominal,69839,95
OMINT ART- Serena ART,119,5376,Colocacion de desfibrilador interno,69840,94
OMINT ART- Serena ART,119,5377,Colocacion de endoprotesis de aorta en hemodinamia,69841,98
OMINT ART- Serena ART,119,5378,Colocacion de endoprotesis en arterias o venas toracicas o abdominales,69842,96
OMINT ART- Serena ART,119,5379,Colocacion de esfinter artificial,69843,92
OMINT ART- Serena ART,119,5380,Colocacion de filtros en la vena cava,69844,93
OMINT ART- Serena ART,119,5381,Colocacion de marcapaso endocavitario,69845,92
OMINT ART- Serena ART,119,5382,Colocacion de marcapaso epicardico,69846,93
OMINT ART- Serena ART,119,5383,Colocacion de protesis / stent esofagico,69847,91
OMINT ART- Serena ART,119,5384,Colocacion de protesis cervical / dorsal / o lumbar,69848,95
OMINT ART- Serena ART,119,5385,Colocacion de radium intra-cavitario,69849,91
OMINT ART- Serena ART,119,5386,Colocacion de semillas radioactivas transrectal,69850,92
OMINT ART- Serena ART,119,5387,Colocacion de sonda de alimentacion por endoscopia,69851,90
OMINT ART- Serena ART,119,5388,Colocacion de stent colonico,69852,91
OMINT ART- Serena ART,119,5389,Colocacion de stent en duodeno por endoscopia,69853,91
OMINT ART- Serena ART,119,5392,Colocacion de stent traqueal o bronquial,69854,93
OMINT ART- Serena ART,119,5393,Colocacion de taponaje vesical,69855,90
OMINT ART- Serena ART,119,5394,Colocacion de tips para cirrosis,69856,92
OMINT ART- Serena ART,119,5397,Colocacion de tutor externo maxilar,69859,93
OMINT ART- Serena ART,119,5402,Colocacion o extraccion de balon gastrico en obesidad (gastroenterologia),69862,92
OMINT ART- Serena ART,119,5477,"DIU, colocacion o extraccion",69920,89
OMINT ART- Serena ART,119,5522,Dilatacion de traquea y/o colocacion de stent bronquial,69960,93
OMINT ART- Serena ART,119,5523,Dilatacion del ureter + colocacion de pig-tail,69961,91
OMINT ART- Serena ART,119,5804,Gastrostomia (colocacion / extraccion y/o recolocacion) (tipo boton gastrico),70203,91
OMINT ART- Serena ART,119,6363,Reparacion de hernia con colocacion de malla de tipo Marlex o similares,70703,92
OMINT ART- Serena ART,119,7531,Colocacion de protesis,71028,98
OMINT ART- Serena ART,119,7552,Mastectomia bilateral con colocacion de protesis,71040,98
OMINT ART- Serena ART,119,7585,Colocacion de balon intragastrico,71047,92
OMINT ART- Serena ART,119,8111,Colocacion de cateter doble “J” (tipo pig-tail o similares),71081,91
OMINT ART- Serena ART,119,8113,Colocacion de cateter de pig-tail,71083,91
OMINT ART- Serena ART,119,8591,Colocacion de electrodos sub-corticales,71178,95
OMINT ART- Serena ART,119,8592,"Colocacion de sustancia botulinica, por sesion",71179,92
OMINT ART- Serena ART,119,8593,"Colocacion de sustancia botulinica/BCG/ac hialuronico, por sesion",71180,92
OMINT ART- Serena ART,119,7581,Colonoscopia con polipectomia con clips o Mucosectomia,71043,93
OMINT ART- Serena ART,119,5406,Colonovideoscopia con polipectomia,69865,92
OMINT ART- Serena ART,119,5407,Colpoperineorrafia anterior y/o posterior,69866,92
OMINT ART- Serena ART,119,5870,Histerectomia vaginal con o sin colpoperineorrafia,70270,93
OMINT ART- Serena ART,119,5409,Colpopexia con malla de Sling o similares,69867,92
OMINT ART- Serena ART,119,5410,Colpotomia / lesion local de vagina,69868,89
OMINT ART- Serena ART,119,5411,Comisuroplastia,69869,90
OMINT ART- Serena ART,119,5412,Condilomas acuminados (fulguracion),69870,89
OMINT ART- Serena ART,119,5414,Conizacion de cuello uterino o leep,69872,90
OMINT ART- Serena ART,119,5415,Conjuntivoplastia,69873,92
OMINT ART- Serena ART,119,5419,Conversion electrica de arritmias cardiacas,69874,90
OMINT ART- Serena ART,119,5420,Cordocentesis (transfusion intra-uterina),69875,91
OMINT ART- Serena ART,119,5421,Cordotomia,69876,94
OMINT ART- Serena ART,119,5422,Correccion de adherencias vaginales,69877,90
OMINT ART- Serena ART,119,5425,Correccion de cistocele,69880,91
OMINT ART- Serena ART,119,5427,Correccion de diastasis de los rectos,69882,91
OMINT ART- Serena ART,119,5429,Correccion de fistula congenita de cuello,69884,91
OMINT ART- Serena ART,119,5430,Correccion de fistula recto-uterina o vesico-uterina,69885,93
OMINT ART- Serena ART,119,5431,Correccion de fistula recto-vaginal,69886,92
OMINT ART- Serena ART,119,5432,Correccion de fistula recto-vaginal + reconstruccion del esfinter anal,69887,93
OMINT ART- Serena ART,119,5433,Correccion de fistula vesico-vaginal,69888,92
OMINT ART- Serena ART,119,5435,Correccion de incontinencia de orina con malla de tipo Sling,69890,92
OMINT ART- Serena ART,119,5436,Correccion de incontinencia de orina por video,69891,93
OMINT ART- Serena ART,119,5437,Correccion de incontinencia de orina por video-laparoscopia,69892,93
OMINT ART- Serena ART,119,5438,Correccion de inversion uterina,69893,90
OMINT ART- Serena ART,119,5439,Correccion de malformaciones uterinas,69894,94
OMINT ART- Serena ART,119,5440,Correccion de reflujo vesico-ureteral (RVU),69895,92
OMINT ART- Serena ART,119,5441,Correccion de tunel carpiano,69896,91
OMINT ART- Serena ART,119,5442,Correccion de tunel carpiano por videoartroscopia,69897,92
OMINT ART- Serena ART,119,5445,Correccion quirurgica de acalasia,69900,93
OMINT ART- Serena ART,119,5447,Correccion quirurgica del sindrome del tunel carpiano,69902,91
OMINT ART- Serena ART,119,5704,Extraccion de barra post-correccion de pectus excavatum,70124,92
OMINT ART- Serena ART,119,5448,"Corticoides epidurales, por sesion",69903,91
OMINT ART- Serena ART,119,8535,Infiltracion con corticoides/ A. locales/ Aines en puntos gatillos (hasta 5),71125,90
OMINT ART- Serena ART,119,8536,Infiltracion con corticoides/ A. locales/ Aines en puntos gatillos (mas de 5),71126,91
OMINT ART- Serena ART,119,5449,Corticoterapia foraminal cervical guiada por imagenes,69425,95
OMINT ART- Serena ART,119,5450,Corticoterapia foraminal dorsal o lumbar guiada por imagenes ( hasta 2),69426,93
OMINT ART- Serena ART,119,5451,"Corticoterapia peridural (dorsal, lumbar o caudal) sin control por imagen",69427,92
OMINT ART- Serena ART,119,5452,"Corticoterapia peridural (dorsal, lumbar o caudal) con control por imagen",69429,93
OMINT ART- Serena ART,119,6164,"Osteotomia craneo-facial con tiempo neuroquirurgico (Crouzon, Apert, etc.)",69484,98
OMINT ART- Serena ART,119,5454,Craneoestenosis / craneosinostosis,69905,95
OMINT ART- Serena ART,119,5455,Craneoplastia,69907,94
OMINT ART- Serena ART,119,5456,Craneotomia exploradora,69908,93
OMINT ART- Serena ART,119,5952,Lesion tumoral de los huesos del craneo,70335,92
OMINT ART- Serena ART,119,6165,"Osteotomia craneo-facial sin tiempo neuroquirurgico (Crouzon, Apert, etc.)",70514,95
OMINT ART- Serena ART,119,6325,Reduccion de fractura expuesta de craneo,70667,93
OMINT ART- Serena ART,119,5457,"Cricotomia, laringorrafia, como unica operacion",69909,92
OMINT ART- Serena ART,119,5458,Crioneurolisis de la art. sacro-iliaca unilateral,69430,94
OMINT ART- Serena ART,119,5463,Crioneurolisis de neuroma post-quirurgico,69431,93
OMINT ART- Serena ART,119,5460,Crioneurolisis de nervio facetario (hasta 2 nervios),69910,94
OMINT ART- Serena ART,119,5461,Crioneurolisis de nervio facetario (mas de 2 nervios),69911,95
OMINT ART- Serena ART,119,5464,Criptorquidea,69913,91
OMINT ART- Serena ART,119,5465,Criptorquidea u orquidopexia por video-laparoscopia,69914,92
OMINT ART- Serena ART,119,5466,Criptorquidea u orquidopexia por videolaparoscopia,69915,92
OMINT ART- Serena ART,119,5470,Cuadrantectomia unilateral,69916,92
OMINT ART- Serena ART,119,7596,Cuadrantectomia / tumorectomia ( mas ganglio centinela),71057,92
OMINT ART- Serena ART,119,7597,Cuadrantectomia / tumorectomia (mas vaciamiento axilar),71058,93
OMINT ART- Serena ART,119,5471,Cuerpo extraño / bolo fecal,69432,90
OMINT ART- Serena ART,119,5472,Cuerpo extraño de pared,69433,90
OMINT ART- Serena ART,119,5473,Cuerpo extraño de tobillo,69434,89
OMINT ART- Serena ART,119,5616,Esclerotomia con extraccion de cuerpo extraño intraocular,69443,92
OMINT ART- Serena ART,119,5713,Extraccion de cuerpo extraño de faringe / esofago / estomago,69449,91
OMINT ART- Serena ART,119,5714,Extraccion de cuerpo extraño de fosa nasal,69450,90
OMINT ART- Serena ART,119,5715,"Extraccion de cuerpo extraño de las vias aereas (traquea, bronquios)",69451,92
OMINT ART- Serena ART,119,5716,Extraccion de cuerpo extraño de lengua,69452,90
OMINT ART- Serena ART,119,5717,Extraccion de cuerpo extraño de mano,69453,90
OMINT ART- Serena ART,119,5719,Extraccion de cuerpo extraño de pie,69455,91
OMINT ART- Serena ART,119,5720,Extraccion de cuerpo extraño de traquea o bronquio,69456,92
OMINT ART- Serena ART,119,5721,Extraccion de cuerpo extraño del conducto auditivo externo (CAE),69457,89
OMINT ART- Serena ART,119,5722,Extraccion de cuerpo extraño en faringe / esofago / estomago / duodeno,69458,91
OMINT ART- Serena ART,119,5723,Extraccion de cuerpo extraño endoocular,69459,92
OMINT ART- Serena ART,119,5724,Extraccion de cuerpo extraño profundo,69460,91
OMINT ART- Serena ART,119,5725,Extraccion de cuerpo extraño profundo de cuello,69461,91
OMINT ART- Serena ART,119,5726,Extraccion de cuerpo extraño superficial (conjuntiva),69462,90
OMINT ART- Serena ART,119,5727,"Extraccion de cuerpo extraño, exploracion de drenajes",69463,90
OMINT ART- Serena ART,119,6508,"TAC de cuerpo entero, con o sin contraste",70835,92
OMINT ART- Serena ART,119,8611,Extraccion de cuerpo extraño de iris,71198,92
OMINT ART- Serena ART,119,5474,"Curacion de un gran quemado, mas del 30%",69917,92
OMINT ART- Serena ART,119,5475,Curacion de un quemado hasta el 30%,69918,91
OMINT ART- Serena ART,119,5476,Curetaje oseo,69919,89
OMINT ART- Serena ART,119,5480,Dacrio-cistorrinostomia con protesis,69435,93
OMINT ART- Serena ART,119,5478,Dacrio-cistografia,69921,90
OMINT ART- Serena ART,119,5482,Decorticacion pleuro-pulmonar por video-toracoscopia,69437,95
OMINT ART- Serena ART,119,5483,Dedo en gatillo o dedo en resorte o dedo en garra,69438,90
OMINT ART- Serena ART,119,5484,Dedo en martillo traumatico (“mallet finger”),69925,91
OMINT ART- Serena ART,119,5485,Dedos en martillo (cada uno),69926,89
OMINT ART- Serena ART,119,5681,Extirpacion de aponeurosis plantar hasta 3 dedos,70101,91
OMINT ART- Serena ART,119,6173,Panadizo / flemon de dedos,70522,89
OMINT ART- Serena ART,119,6345,Reimplante de 1 a 2 dedos,70685,92
OMINT ART- Serena ART,119,6346,Reimplante de dedo (hasta 2),70686,92
OMINT ART- Serena ART,119,6347,Reimplante de mas de 2 dedos,70687,93
OMINT ART- Serena ART,119,6619,Tumor de dedo,70923,90
OMINT ART- Serena ART,119,5486,Denervacion articular,69927,92
OMINT ART- Serena ART,119,5487,Derivacion aorto-bifemoral,69928,96
OMINT ART- Serena ART,119,5488,Derivacion aorto-iliaca con o sin simpatectomia,69929,98
OMINT ART- Serena ART,119,5489,Derivacion aorto-renal,69930,95
OMINT ART- Serena ART,119,5490,Derivacion intestinal interna,69931,93
OMINT ART- Serena ART,119,5491,Derivacion paliativa de esofago,69932,94
OMINT ART- Serena ART,119,5492,Derivacion pericardio-peritoneal,69933,98
OMINT ART- Serena ART,119,5493,Derivacion ventriculo-peritoneal o similar,69934,93
OMINT ART- Serena ART,119,5742,Extraccion de tubo de derivacion,70144,91
OMINT ART- Serena ART,119,8600,Drenaje de coleccion por endoscopia (Necrosectomia/derivacion biliar),71187,94
OMINT ART- Serena ART,119,5494,Dermoabrasion,69935,91
OMINT ART- Serena ART,119,5495,Dermolipectomia,69936,93
OMINT ART- Serena ART,119,5496,Dermolipectomia con ombligo,69937,94
OMINT ART- Serena ART,119,5498,Desarticulacion coxo-femoral,69939,95
OMINT ART- Serena ART,119,5499,Desarticulacion del brazo,69940,95
OMINT ART- Serena ART,119,5500,Desarticulacion escapulo-humeral,69941,95
OMINT ART- Serena ART,119,5501,Desarticulacion interescapulo-toracica,69942,94
OMINT ART- Serena ART,119,5504,Descompresion orbitaria unilateral,69943,93
OMINT ART- Serena ART,119,7507,Descompresion discal con Decompressor o similar,71009,98
OMINT ART- Serena ART,119,5505,Desgarro de cristalino,69944,91
OMINT ART- Serena ART,119,5506,Desgarro de cuello uterino,69945,90
OMINT ART- Serena ART,119,5507,Desgarro de vagina / colporrafia o colpocleisis / fuera del trabajo de parto,69946,91
OMINT ART- Serena ART,119,5508,Desgarro de vagina y/o esfinter,69947,90
OMINT ART- Serena ART,119,5509,Desgarro muscular de cara anterior del muslo,69948,90
OMINT ART- Serena ART,119,6477,Sintesis muscular (desgarro muscular simple),70808,90
OMINT ART- Serena ART,119,5512,Devolvulacion / desinvaginacion intestinal con reseccion intestinal,69950,94
OMINT ART- Serena ART,119,5513,Devolvulacion / desinvaginacion intestinal sin reseccion intestinal,69951,92
OMINT ART- Serena ART,119,5514,Devolvulacion endoscopica,69952,91
OMINT ART- Serena ART,119,5515,Diagnostico estereotaxico para estudios de epilepsia,69953,93
OMINT ART- Serena ART,119,6234,Procedimiento diagnostico para implante de bomba de infusion,70579,94
OMINT ART- Serena ART,119,6260,Puncion de camara anterior para diagnosticos,70602,90
OMINT ART- Serena ART,119,5516,Diastasis del pubis,69954,92
OMINT ART- Serena ART,119,5518,Dilatacion anal,69956,90
OMINT ART- Serena ART,119,5519,Dilatacion colonica por endoscopia,69957,92
OMINT ART- Serena ART,119,5520,Dilatacion de esofago,69958,91
OMINT ART- Serena ART,119,5521,Dilatacion de esofago/ pilorica / colonica,69959,91
OMINT ART- Serena ART,119,5524,Dilatacion endoscopica de estenosis de via biliar,69962,92
OMINT ART- Serena ART,119,5525,Dilatacion endoscopica de la via biliar,69963,92
OMINT ART- Serena ART,119,5526,Dilatacion pilorica por endoscopia,69964,91
OMINT ART- Serena ART,119,5527,Dilatacion uretral,69965,89
OMINT ART- Serena ART,119,5528,Dilatacion uretral por video,69966,90
OMINT ART- Serena ART,119,5529,Dinamica renal (renograma isotopico),69967,90
OMINT ART- Serena ART,119,5530,Discografia provocativa (dos o tres discos),69968,93
OMINT ART- Serena ART,119,5531,Discografia provocativa (un disco),69969,92
OMINT ART- Serena ART,119,5532,Discograma discal diagnostica,69970,94
OMINT ART- Serena ART,119,5535,Diseccion quirurgica para linfadenografia,69971,90
OMINT ART- Serena ART,119,5537,Diverticulo de Meckel por via convencional,69973,92
OMINT ART- Serena ART,119,5538,Diverticulo de Meckel por videolaparoscopia,69974,92
OMINT ART- Serena ART,119,5539,Diverticulo de esofago,69975,93
OMINT ART- Serena ART,119,5601,Escision de diverticulo faringo-esofagico,70031,92
OMINT ART- Serena ART,119,5001,"Abceso, Flemon, Drenaje",69540,89
OMINT ART- Serena ART,119,5548,Drenaje de glandula y o saco lagrimal,69982,90
OMINT ART- Serena ART,119,5549,Drenaje del septum,69983,90
OMINT ART- Serena ART,119,5550,Drenaje del wirsung,69984,92
OMINT ART- Serena ART,119,5551,Drenaje percutaneo de las vias biliares,69985,93
OMINT ART- Serena ART,119,5553,Drenaje ventricular continuo,69987,91
OMINT ART- Serena ART,119,5590,Epididimotomia y drenaje,70020,90
OMINT ART- Serena ART,119,5891,Incision y drenaje de amigdalas o tejido peri-amigdalino,70286,90
OMINT ART- Serena ART,119,5892,Incision y drenaje de glandula parotida o submaxilar,70287,90
OMINT ART- Serena ART,119,5893,Incision y drenaje de la auricula,70288,90
OMINT ART- Serena ART,119,5895,Incision y drenaje de lesion dentaria,70290,90
OMINT ART- Serena ART,119,5897,Incision y drenaje de piso de la boca o mejilla,70292,90
OMINT ART- Serena ART,119,5900,Incision y/o drenaje de tejido retro-faringeo por via oral,70295,90
OMINT ART- Serena ART,119,6175,Pancreatectomia con exploracion y drenaje,70524,94
OMINT ART- Serena ART,119,6250,Puncion / drenaje del Douglas,70595,89
OMINT ART- Serena ART,119,7592,Pleurodesis quimica por tubo de drenaje,71053,90
OMINT ART- Serena ART,119,6683,VEDA Video-esofago-gastro-duodenoscopia,69514,90
OMINT ART- Serena ART,119,6684,Video-gastro-duodenoscopia con polipectomia,69515,91
OMINT ART- Serena ART,119,5555,Duodenopancreatectomia,69989,95
OMINT ART- Serena ART,119,5557,Ecocardiografia transtoracica o transesofagica intra-operatoria,69990,92
OMINT ART- Serena ART,119,5558,Ecocardiograma transesofagico,69991,91
OMINT ART- Serena ART,119,6256,Puncion ovarica guiada por ecografia (incluye ICSI),69489,91
OMINT ART- Serena ART,119,5559,Ecografia de ojo,69992,90
OMINT ART- Serena ART,119,5560,Ecografia trans-toracica o trans-esofagica intra-operatoria,69993,91
OMINT ART- Serena ART,119,5562,Ectropion - Entropion,69441,90
OMINT ART- Serena ART,119,5563,Electro-retinograma,69996,90
OMINT ART- Serena ART,119,5647,Estudio electrofisiologico,70072,92
OMINT ART- Serena ART,119,7525,Implante de electrodo espinal para estimulacion medular (trial),71022,95
OMINT ART- Serena ART,119,5565,Emasculacion total con vaciamiento inguino-abdominal,69997,94
OMINT ART- Serena ART,119,5566,Embarazo ectopico hemorragico,69998,93
OMINT ART- Serena ART,119,5567,Embarazo ectopico no complicado,69999,91
OMINT ART- Serena ART,119,5568,Embolectomia de arteria periferica,70000,92
OMINT ART- Serena ART,119,5569,Embolectomia renal,70001,90
OMINT ART- Serena ART,119,5570,Embolizacion de tumor cerebral por hemodinamia,70002,94
OMINT ART- Serena ART,119,5571,Embolizacion de tumor extracraneal por via periferica,70003,92
OMINT ART- Serena ART,119,5572,Embolizacion extra-craneal por via periferica,70004,93
OMINT ART- Serena ART,119,5573,Embolizacion hepatica,70005,93
OMINT ART- Serena ART,119,5575,Embolizacion por via periferica en hemodinamia,70007,91
OMINT ART- Serena ART,119,8603,Embolizacion de vasos perifericos en hemodinamia,71190,92
OMINT ART- Serena ART,119,5576,Encefalo-meningocele,70008,94
OMINT ART- Serena ART,119,6050,Neumoencefalografia,70421,91
OMINT ART- Serena ART,119,6686,"Videolaparoscopia diagnostica (incluye endometriosis, prueba de Cote)",69516,92
OMINT ART- Serena ART,119,6714,Endometriosis por via convencional - laparotomia,69519,93
OMINT ART- Serena ART,119,5577,Endometriosis tratamiento por videolaparoscopia,70009,94
OMINT ART- Serena ART,119,8560,Tratamiento de endometriosis + histerectomia de cualquier causa,71148,95
OMINT ART- Serena ART,119,8605,"Endometriosis, dos equipos quirurgicos",71192,98
OMINT ART- Serena ART,119,5578,Endoprotesis vasculares perifericas en hemodinamia (no de aorta),70010,94
OMINT ART- Serena ART,119,5881,Implante de endoprotesis en arterias o venas toracicas o abdominales,70278,98
OMINT ART- Serena ART,119,6006,Maxilectomia radical por videoendoscopia,69472,93
OMINT ART- Serena ART,119,6008,Maxilectomia simple por videoendoscopia,69473,92
OMINT ART- Serena ART,119,5579,Endoscopia nasal diagnostica,70011,91
OMINT ART- Serena ART,119,5618,Esfenoidectomia por video-endoscopia,70047,95
OMINT ART- Serena ART,119,5650,Etmoidectomia por videoendoscopia,70075,93
OMINT ART- Serena ART,119,5705,Extraccion de calculo por endoscopia,70125,91
OMINT ART- Serena ART,119,6596,Tratamiento de ulceras y fistulas traqueoesofagicas por endoscopias,70905,91
OMINT ART- Serena ART,119,7582,Endoscopia con Argon plasma,71044,92
OMINT ART- Serena ART,119,8554,Somnoendoscopia,71144,91
OMINT ART- Serena ART,119,8602,Eco-endoscopia,71189,93
OMINT ART- Serena ART,119,5580,Enfermedad de Peyrone (plastica peneana),69442,93
OMINT ART- Serena ART,119,5680,Extirpacion de aponeurosis palmar (enfermedad de Dupuytren),69446,92
OMINT ART- Serena ART,119,5581,Enfermedad de Quervain,70012,91
OMINT ART- Serena ART,119,5583,Enterolisis por videolaparoscopia,70013,93
OMINT ART- Serena ART,119,5808,Enterolisis,70207,92
OMINT ART- Serena ART,119,5584,Enterorrafia multiple (dos o mas),70014,93
OMINT ART- Serena ART,119,5585,Enterorrafia simple,70015,92
OMINT ART- Serena ART,119,7588,Enteroscopia alta,71050,93
OMINT ART- Serena ART,119,7589,Enteroscopia baja,71051,93
OMINT ART- Serena ART,119,7590,Enteroscopia mixta 100% mas 75%,71052,93
OMINT ART- Serena ART,119,5586,Enterostomia temporaria o definitiva,70016,92
OMINT ART- Serena ART,119,5587,Enucleacion ocular,70017,93
OMINT ART- Serena ART,119,5588,Epicanto,70018,90
OMINT ART- Serena ART,119,5589,Epididimectomia,70019,91
OMINT ART- Serena ART,119,5591,Epidurograma,70021,95
OMINT ART- Serena ART,119,5592,Epiduroplastia (incluye dosis de esteroides por cateter),70022,94
OMINT ART- Serena ART,119,5593,Epiduroscopia,70023,95
OMINT ART- Serena ART,119,5594,Epifisiolisis,70024,91
OMINT ART- Serena ART,119,5596,Episiorrafia,70026,90
OMINT ART- Serena ART,119,5597,Escapula alata,70027,93
OMINT ART- Serena ART,119,6126,Operacion de hueso escapular,70480,91
OMINT ART- Serena ART,119,6140,"Osteosintesis de clavicula, costilla o escapula",70494,92
OMINT ART- Serena ART,119,5598,"Escara, reseccion con el paciente en decubito dorsal o lateral",70028,91
OMINT ART- Serena ART,119,5599,"Escara, reseccion con el paciente en decubito ventral",70029,92
OMINT ART- Serena ART,119,6382,Reseccion de escara con el paciente en decubito lateral o dorsal,70721,91
OMINT ART- Serena ART,119,6383,Reseccion de escara con el paciente en decubito ventral,70722,92
OMINT ART- Serena ART,119,5602,Escision de lesion conjuntival,70032,90
OMINT ART- Serena ART,119,5603,"Escision de lesion de conductos linfaticos (linfangioma, higroma)",70033,92
OMINT ART- Serena ART,119,5604,Escision de lesion local de conducto auditivo externo (CAE),70034,89
OMINT ART- Serena ART,119,5605,Escision de lesion local de parpados,70035,90
OMINT ART- Serena ART,119,5606,Escision de lesion localizada superficial de lengua,70036,90
OMINT ART- Serena ART,119,5607,Escision de lesion primaria de encias mas vaciamiento cervical,70037,93
OMINT ART- Serena ART,119,5608,Escision de polipo retrocoanal,70038,90
OMINT ART- Serena ART,119,5609,Escision de tumor del cavum (rino-faringe),70039,93
OMINT ART- Serena ART,119,5610,Escision de tumores endonasales por rinotomia lateral,70040,92
OMINT ART- Serena ART,119,5611,Escision local de lesion de labio,70041,89
OMINT ART- Serena ART,119,5613,Escision radical de glandula submaxilar,70043,92
OMINT ART- Serena ART,119,5614,Escision radical de tumor de naso-faringe (cavum),70044,93
OMINT ART- Serena ART,119,6129,Orbitotomia con escision de lesion de orbita,70484,91
OMINT ART- Serena ART,119,5615,Esclerotomia,70045,91
OMINT ART- Serena ART,119,5617,Escrotoplastia,70046,91
OMINT ART- Serena ART,119,5619,Esfinteroplastia con colostomia,70048,92
OMINT ART- Serena ART,119,5620,Esfinteroplastia tipo plicatura,70049,91
OMINT ART- Serena ART,119,5621,Esfinterotomia - esfinterectomia,70050,89
OMINT ART- Serena ART,119,5622,Esofago-gastrectomia,70051,98
OMINT ART- Serena ART,119,5623,Esofagostomia,70052,92
OMINT ART- Serena ART,119,6015,Megaesofago,70390,93
OMINT ART- Serena ART,119,6190,Perforaciones de esofago,70539,93
OMINT ART- Serena ART,119,6335,Reemplazo de esofago,70676,95
OMINT ART- Serena ART,119,6384,Reseccion de esofago,70723,94
OMINT ART- Serena ART,119,5624,Esofaguectomia laparoscopica,70053,98
OMINT ART- Serena ART,119,5625,Esofaguectomia total,70054,95
OMINT ART- Serena ART,119,5626,Espina bifida,70055,94
OMINT ART- Serena ART,119,7519,Implante definitivo de cateter espinal para bomba intratecal de morfina,71018,98
OMINT ART- Serena ART,119,5627,Esplenectomia electiva,70056,92
OMINT ART- Serena ART,119,5628,Esplenectomia laparoscopica,70057,94
OMINT ART- Serena ART,119,5629,Esplenectomia por rotura de bazo,70058,93
OMINT ART- Serena ART,119,5630,Esplenectomia por toracotomia,70059,94
OMINT ART- Serena ART,119,5631,Esplenectomia por videolaparoscopia,70060,94
OMINT ART- Serena ART,119,5799,Gastrectomia total con o sin esplenectomia,70199,95
OMINT ART- Serena ART,119,5632,Espleno-portografia,70061,91
OMINT ART- Serena ART,119,5633,Esplenopancreatectomia corporo-caudal,70062,95
OMINT ART- Serena ART,119,5634,Esqueletizacion del sistema venoso valvular o avalvular,70063,92
OMINT ART- Serena ART,119,5635,Esquiascopias,70064,90
OMINT ART- Serena ART,119,5636,Estafiloma,70065,90
OMINT ART- Serena ART,119,5638,Estapedectomia,70067,93
OMINT ART- Serena ART,119,5639,Estenosis traqueal sub-glotica,70068,92
OMINT ART- Serena ART,119,5641,Estimulacion electrica transcutanea (EET): c/ 24 hs o fraccion,70069,90
OMINT ART- Serena ART,119,5642,Estomatoplastia con injerto (inlcuye toma),70070,93
OMINT ART- Serena ART,119,5645,Estrabismo bilateral,70071,94
OMINT ART- Serena ART,119,8608,Estrabismo unilateral,71195,93
OMINT ART- Serena ART,119,5648,Etmoidectomia endoscopica,70073,93
OMINT ART- Serena ART,119,5649,Etmoidectomia interna,70074,92
OMINT ART- Serena ART,119,5651,Evacuacion de hematoma extradural / subdural / intracerebral,70076,94
OMINT ART- Serena ART,119,5652,Evacuacion por puncion de coleccion intra-cerebral o extra-cerebral,70077,93
OMINT ART- Serena ART,119,5653,Eventracion,70078,92
OMINT ART- Serena ART,119,8609,Eventracion + 5 cm/eventracion recidivada,71196,94
OMINT ART- Serena ART,119,5655,Evisceracion ocular,70079,91
OMINT ART- Serena ART,119,5656,Examen con lampara de hendidura,70080,90
OMINT ART- Serena ART,119,5659,Excentracion del contenido orbitario con reseccion total del maxilar superior,70083,94
OMINT ART- Serena ART,119,5660,Excentracion del contenido orbitario y/o peri-orbitario,70084,92
OMINT ART- Serena ART,119,5663,Exeresis de tumor hepatico o metastasis (cada uno) por radiofrecuencia,69444,93
OMINT ART- Serena ART,119,5661,Exeresis de ganglio centinela,70085,91
OMINT ART- Serena ART,119,5662,Exeresis de neuroma de Morton (tumoracion dolorosa de los nervios del pie),70086,92
OMINT ART- Serena ART,119,5757,Facofragmentacion y facoexeresis,70158,92
OMINT ART- Serena ART,119,6447,Safenectomia interna unilateral con exeresis escalonada,70779,93
OMINT ART- Serena ART,119,5664,Exoftalmia endocrina o de otras causas,70087,93
OMINT ART- Serena ART,119,5710,Extraccion de implante mamario/ Extraccion de expansor mamario,69447,93
OMINT ART- Serena ART,119,5665,Expansor de cuero cabelludo,70088,93
OMINT ART- Serena ART,119,5666,Exploracion de hombro doloroso,70089,92
OMINT ART- Serena ART,119,5668,Exploracion de arteria periferica,70090,92
OMINT ART- Serena ART,119,5669,Exploracion de columna por via anterior,70091,93
OMINT ART- Serena ART,119,5670,Exploracion de heridas en partes blandas,70092,91
OMINT ART- Serena ART,119,5674,Exploracion del plexo cervico-braquial,70096,92
OMINT ART- Serena ART,119,5675,Exploracion del plexo lumbo-sacro,70097,93
OMINT ART- Serena ART,119,5766,Fistula biliar con exploracion de vias biliares,70166,93
OMINT ART- Serena ART,119,6295,Re-exploracion de tiroides y/o paratiroides (ejemplo:post-sangrado),70638,91
OMINT ART- Serena ART,119,5677,Extirpacion de angioma,70099,91
OMINT ART- Serena ART,119,5682,Extirpacion de ganglion,70102,90
OMINT ART- Serena ART,119,5683,Extirpacion de mas de 5 papilomas; excepto en cabeza y cuello,70103,90
OMINT ART- Serena ART,119,5684,"Extirpacion de nevus (hasta 3), en cabeza y cuello",70104,90
OMINT ART- Serena ART,119,5685,"Extirpacion de nevus (hasta 3), excepto en cabeza y cuello",70105,89
OMINT ART- Serena ART,119,5686,Extirpacion de nevus (mas de 3); en cabeza y cuello,70106,91
OMINT ART- Serena ART,119,5687,Extirpacion de nevus (mas de 3); excepto en cabeza y cuello,70107,90
OMINT ART- Serena ART,119,5688,"Extirpacion de papilomas (hasta 5), excepto en cabeza y cuello",70108,89
OMINT ART- Serena ART,119,5689,Extirpacion de polipos nasales,70109,91
OMINT ART- Serena ART,119,5690,Extirpacion de quiste congenito tirogloso y similares,70110,91
OMINT ART- Serena ART,119,5691,Extirpacion de quiste muscular,70111,90
OMINT ART- Serena ART,119,5692,Extirpacion de quiste sebaceo en cabeza y/o cuello,70112,90
OMINT ART- Serena ART,119,5693,"Extirpacion de quiste sebaceo, excepto en cabeza y cuello",70113,89
OMINT ART- Serena ART,119,5694,Extirpacion de quiste tirogloso,70114,91
OMINT ART- Serena ART,119,5695,Extirpacion de ranula,70115,90
OMINT ART- Serena ART,119,5696,Extirpacion de tumor de partes blandas de miembro superior o inferior,70116,90
OMINT ART- Serena ART,119,5697,Extirpacion de tumor osea mas reconstruccion,70117,93
OMINT ART- Serena ART,119,5698,Extirpacion de tumor oseo,70118,92
OMINT ART- Serena ART,119,5699,Extirpacion de tumor vesical por laparotomia,70119,92
OMINT ART- Serena ART,119,5700,Extirpacion del coccix,70120,91
OMINT ART- Serena ART,119,5701,Extirpacion dentaria,70121,90
OMINT ART- Serena ART,119,5702,Extirpacion parcial de nariz,70122,90
OMINT ART- Serena ART,119,5753,Extirpacion de tumor oseo (menos de 5 cm),70155,90
OMINT ART- Serena ART,119,5993,Marsupializacion / extirpacion de glandula de Bartholino,70370,90
OMINT ART- Serena ART,119,6244,Proctectomia (extirpacion del recto),70589,92
OMINT ART- Serena ART,119,7602,Extirpacion de calculos endovesicales a cielo abierto,71061,93
OMINT ART- Serena ART,119,7603,Extirpacion de calculos endovesicales por citoscopia,71062,94
OMINT ART- Serena ART,119,6432,"Revision de protesis, solo su extraccion",69499,93
OMINT ART- Serena ART,119,5703,Extraccion cruenta de calculos salivales,70123,90
OMINT ART- Serena ART,119,5706,Extraccion de calculo por via endoscopica,70126,91
OMINT ART- Serena ART,119,5708,Extraccion de cateter central / doble Y / tunelizado / similares,70128,90
OMINT ART- Serena ART,119,5711,Extraccion de clavo intramedular,70129,92
OMINT ART- Serena ART,119,5728,Extraccion de masas cristalinas,70130,91
OMINT ART- Serena ART,119,5729,Extraccion de material de osteosintesis de columna,70131,93
OMINT ART- Serena ART,119,5733,Extraccion de protesis de columna,70135,93
OMINT ART- Serena ART,119,5734,Extraccion de protesis de rodilla (1 elemento),70136,92
OMINT ART- Serena ART,119,5737,Extraccion de protesis total de rodilla,70139,93
OMINT ART- Serena ART,119,5739,Extraccion de puntos de la conjuntiva,70141,90
OMINT ART- Serena ART,119,5740,Extraccion de puntos de parpados,70142,90
OMINT ART- Serena ART,119,5741,Extraccion de taponaje de loge prostatica,70143,90
OMINT ART- Serena ART,119,5743,Extraccion de tutor externo,70145,90
OMINT ART- Serena ART,119,5744,Extraccion dentaria (hasta 3 piezas),70146,91
OMINT ART- Serena ART,119,5745,Extraccion dentaria (pieza unica),70148,90
OMINT ART- Serena ART,119,5746,Extraccion dentaria de piezas multiples,70149,92
OMINT ART- Serena ART,119,5748,Extraccion extra-capsular de cristalino,70150,92
OMINT ART- Serena ART,119,5749,Extraccion intra-capsular de cristalino,70151,92
OMINT ART- Serena ART,119,5750,Extraccion manual de placenta como unico procedimiento,70152,90
OMINT ART- Serena ART,119,5751,Extracciones dentarias multiples,70153,92
OMINT ART- Serena ART,119,6550,Toillete cardiaco post-quirurgico con o sin extraccion de alambres,70861,95
OMINT ART- Serena ART,119,6711,Extraccion de implante mamario mas pexia,71000,94
OMINT ART- Serena ART,119,7586,Extraccion de balon intragastrico,71048,92
OMINT ART- Serena ART,119,8110,Extraccion de cateter de doble “J” (tipo pig-tail o similares),71080,90
OMINT ART- Serena ART,119,8112,Extraccion de cateter de pig-tail,71082,90
OMINT ART- Serena ART,119,5758,Faringoplastia,70159,93
OMINT ART- Serena ART,119,5760,Fenestracion del conducto semicircular externo,70161,93
OMINT ART- Serena ART,119,5761,Feocromocitoma,70162,95
OMINT ART- Serena ART,119,7527,Feocromocitoma por video-laparoscopia,71024,98
OMINT ART- Serena ART,119,6324,Reduccion cruenta de luxacion o fractura de columna sin fijacion,70666,93
OMINT ART- Serena ART,119,6429,Revision de fijacion de columna,70764,98
OMINT ART- Serena ART,119,5763,Fimosis / parafimosis / postioplastia,70163,91
OMINT ART- Serena ART,119,5764,Fistula anal / fistulectomia / fistulotomia,70164,90
OMINT ART- Serena ART,119,5765,Fistula arterio-venosa para hemodialisis,70165,92
OMINT ART- Serena ART,119,5767,Fistula en columna,70167,93
OMINT ART- Serena ART,119,5768,Fistula umbilical,70168,91
OMINT ART- Serena ART,119,5770,Fistula vagino-perineal,70170,91
OMINT ART- Serena ART,119,5771,Fistula vesico-parietal,70171,91
OMINT ART- Serena ART,119,5772,Fistula vesico-rectal,70172,91
OMINT ART- Serena ART,119,5773,Fistula vesico-ureteral,70173,91
OMINT ART- Serena ART,119,5775,Fistulografia,70175,89
OMINT ART- Serena ART,119,5776,Fisura anal,70176,90
OMINT ART- Serena ART,119,5777,"Fisura congenita del esqueleto facial (Treacher Collins, etc.)",70177,95
OMINT ART- Serena ART,119,5859,"Hipertelorismo, fisura facial media",70259,98
OMINT ART- Serena ART,119,5939,"Laringotomia mediana, laringofisura, como unica operacion",70325,92
OMINT ART- Serena ART,119,5778,Flebectomia segmentaria / varices residuales como unica operacion,70178,91
OMINT ART- Serena ART,119,6591,Tratamiento con laser mas flebectomia segmentaria,70899,94
OMINT ART- Serena ART,119,5779,Flebografia de miembros,70179,90
OMINT ART- Serena ART,119,5780,Flemon de mano,70180,90
OMINT ART- Serena ART,119,5781,Flemon de pared,70181,89
OMINT ART- Serena ART,119,5782,Fondo de ojo,70182,90
OMINT ART- Serena ART,119,5783,Formacion de vagina artificial,70183,95
OMINT ART- Serena ART,119,6130,Oreja en asa y otras malformaciones,70485,91
OMINT ART- Serena ART,119,5789,Fractura del peñasco (tratamiento quirurgico),69465,94
OMINT ART- Serena ART,119,6137,"Osteosintesis (reduccion quirurgica) de fractura: carpo, tarso, humero, cubito, radio, clavicula, esternon, rotula, costilla, etc.",69481,92
OMINT ART- Serena ART,119,5786,Fractura compleja de maxilares y huesos de la cara,70186,94
OMINT ART- Serena ART,119,5787,Fractura compleja de orbita/ reduccion/ osteosintesis y/o injerto,70187,93
OMINT ART- Serena ART,119,5788,Fractura de orbita y/o malar,70188,93
OMINT ART- Serena ART,119,5790,"Fractura nasal asociada (naso-orbitaria, etc.)",70189,92
OMINT ART- Serena ART,119,5791,Fractura simple,70190,90
OMINT ART- Serena ART,119,5792,"Fractura simple de orbita, reduccion y osteosintesis",70191,91
OMINT ART- Serena ART,119,5793,Fractura supracondilea de codo,70192,92
OMINT ART- Serena ART,119,5966,Limpieza quirurgica de fractura expuesta (no de femur),70346,91
OMINT ART- Serena ART,119,5967,Limpieza quirurgica de fractura expuesta de femur,70348,92
OMINT ART- Serena ART,119,5968,Limpieza quirurgica de fractura expuesta de miembro superior,70349,91
OMINT ART- Serena ART,119,6147,Osteosintesis de fractura de pelvis,70500,94
OMINT ART- Serena ART,119,6148,Osteosintesis de fractura de platillo tibial,70501,93
OMINT ART- Serena ART,119,6322,Reduccion cruenta de fractura de pelvis,70664,93
OMINT ART- Serena ART,119,6326,Reduccion de fractura nasal,70668,90
OMINT ART- Serena ART,119,6327,Reduccion de fractura o luxacion de coccix,70669,93
OMINT ART- Serena ART,119,6333,Reduccion quirurgica / osteosintesis de fracturas en general,70674,92
OMINT ART- Serena ART,119,8114,Reduccion incruenta de fracturas,71084,90
OMINT ART- Serena ART,119,5794,Frenulotomia,70193,89
OMINT ART- Serena ART,119,5795,Fulguracion corneal con o sin raspado,70194,90
OMINT ART- Serena ART,119,5796,Fulguracion de neo de recto,70195,91
OMINT ART- Serena ART,119,5797,Gastrectomia por videolaparoscopia,70196,95
OMINT ART- Serena ART,119,5798,Gastrectomia subtotal,70198,94
OMINT ART- Serena ART,119,5800,Gastrectomia total por toraco-laparotomia,70200,95
OMINT ART- Serena ART,119,5802,Gastroquisis (tratamiento quirurgico),70202,95
OMINT ART- Serena ART,119,6604,Tratamiento quirurgico de la gastroquisis,70909,95
OMINT ART- Serena ART,119,5806,Gastrostomia percutanea,70205,91
OMINT ART- Serena ART,119,5807,Gastrostomia por via endoscopica,70206,91
OMINT ART- Serena ART,119,5809,Ginecomastia unilateral,69466,92
OMINT ART- Serena ART,119,5810,Gingivectomia parcial por tumores,70209,91
OMINT ART- Serena ART,119,5811,Gingivectomia total ampliada,70210,92
OMINT ART- Serena ART,119,5812,Glosectomia subtotal,70211,93
OMINT ART- Serena ART,119,6112,Operacion comando de lengua (glosectomia total),70466,95
OMINT ART- Serena ART,119,5813,Glosoplastia,70212,90
OMINT ART- Serena ART,119,5815,Gonioscopia,70214,90
OMINT ART- Serena ART,119,5817,"Grandes quemados, injertos",70216,93
OMINT ART- Serena ART,119,5818,Granuloma de traquea,70217,91
OMINT ART- Serena ART,119,5819,Hallux valgus completo unilateral,70218,91
OMINT ART- Serena ART,119,5820,Hematoma retroperitoneal,70219,93
OMINT ART- Serena ART,119,6628,Tumor de pared (hematoma supra-infra aponeurotico),70932,91
OMINT ART- Serena ART,119,8548,Reintervencion por sangrado y hematoma transfixiante,71138,94
OMINT ART- Serena ART,119,5822,Hemi-paratiroidectomia,70220,92
OMINT ART- Serena ART,119,5825,Hemihepatectomia,70223,95
OMINT ART- Serena ART,119,5826,Hemitiroidectomia,70224,92
OMINT ART- Serena ART,119,6024,Microsomia hemifacial / osteotomias e injertos oseos en mandibula,70396,93
OMINT ART- Serena ART,119,6597,Tratamiento endoscopico de la hemorragia digestiva,70906,91
OMINT ART- Serena ART,119,5828,Hemorroidectomia,70226,91
OMINT ART- Serena ART,119,5829,Hepatectomia lobar derecha o izquierda,70227,95
OMINT ART- Serena ART,119,5830,Herida de pared abdominal de mas de 20 cm,70228,91
OMINT ART- Serena ART,119,5831,Herida de parpado,70229,90
OMINT ART- Serena ART,119,5832,Herida de via lagrimal,70230,92
OMINT ART- Serena ART,119,5833,Herida hasta aponeurosis de menos de 20 cm,70231,90
OMINT ART- Serena ART,119,5834,Herida penetrante de ojo,70232,92
OMINT ART- Serena ART,119,5835,Herida traumatica de higado,70233,93
OMINT ART- Serena ART,119,5836,Heridas complejas de labio,70234,91
OMINT ART- Serena ART,119,6495,Sutura de herida de cornea con prolapso de iris y o herida de cristalino,70823,92
OMINT ART- Serena ART,119,6496,Sutura de herida simple de higado,70824,91
OMINT ART- Serena ART,119,6502,Sutura simple de herida (mas de 10 cm); excepto en cabeza y cuello,70830,90
OMINT ART- Serena ART,119,6503,Sutura simple de herida (menos de 10 cm); excepto en cabeza y cuello,70831,89
OMINT ART- Serena ART,119,6504,Sutura simple de herida (menos de 5 cm) en cabeza y/o cuello,70832,90
OMINT ART- Serena ART,119,6553,"Toillete quirurgico de herida, con o sin debridamiento",70864,90
OMINT ART- Serena ART,119,5837,Hernia atascada,70235,92
OMINT ART- Serena ART,119,5838,Hernia de disco cervical (via anterior),70236,94
OMINT ART- Serena ART,119,5839,Hernia de disco cervical un espacio (via posterior),70237,94
OMINT ART- Serena ART,119,5840,Hernia de disco dorsal o lumbar,70238,94
OMINT ART- Serena ART,119,5841,Hernia de disco dorso-lumbar multiple,70239,95
OMINT ART- Serena ART,119,5842,Hernia de hiato a cielo abierto,70240,93
OMINT ART- Serena ART,119,5843,Hernia diafragmatica congenita,70241,107
OMINT ART- Serena ART,119,5844,Hernia diafragmatica por via abdominal,70242,94
OMINT ART- Serena ART,119,5845,Hernia diafragmatica por via toracica,70243,94
OMINT ART- Serena ART,119,5846,Hernia diafragmatica por via toraco-abdominal,70244,95
OMINT ART- Serena ART,119,5847,Hernia diafragmatica por video-toracoscopia,70245,95
OMINT ART- Serena ART,119,5848,Hernia estrangulada,70246,92
OMINT ART- Serena ART,119,5849,Hernia estrangulada con reseccion intestinal,70247,93
OMINT ART- Serena ART,119,8119,Hernia inguinal bilateral por videolaparoscopia,70251,93
OMINT ART- Serena ART,119,5852,Hernia inguinal por videolaparoscopia,70252,92
OMINT ART- Serena ART,119,5853,Hernia recidivada,70253,91
OMINT ART- Serena ART,119,5854,"Hernia umbilical, inguinal, crural o epigastrica",70254,91
OMINT ART- Serena ART,119,6364,Reparacion de hernia muscular,70704,91
OMINT ART- Serena ART,119,6653,Varicocele o hidrocele por video-laparoscopia,69510,91
OMINT ART- Serena ART,119,5855,Hidrocele,70255,90
OMINT ART- Serena ART,119,5856,Himenectomia,70256,90
OMINT ART- Serena ART,119,5857,Hipema,70257,91
OMINT ART- Serena ART,119,5858,Hiperhidrosis selectiva por video-toracoscopia,70258,95
OMINT ART- Serena ART,119,5860,Hipertrofia del piloro por via laparoscopica,70261,94
OMINT ART- Serena ART,119,5861,Hipertrofia del piloro-piloromiotomia,70262,93
OMINT ART- Serena ART,119,5862,Hipofisectomia transepto-esfenoidal,70263,98
OMINT ART- Serena ART,119,5863,Hipospadia / epispadia (cada tiempo),70264,93
OMINT ART- Serena ART,119,8109,Hipospadia / epispadia / plastica de pene,71079,93
OMINT ART- Serena ART,119,5865,Hipotermia controlada C/ 24 hs o fraccion siguiente,70265,91
OMINT ART- Serena ART,119,5866,Histerectomia con o sin anexectomia,70266,93
OMINT ART- Serena ART,119,5867,Histerectomia con o sin anexectomia por video-laparoscopia,70267,94
OMINT ART- Serena ART,119,5868,Histerectomia con o sin anexectomia por videolaparoscopia,70268,94
OMINT ART- Serena ART,119,5869,Histerectomia fundica,70269,91
OMINT ART- Serena ART,119,6123,Operacion de Wertheim-Meigs (colpo-anexo-histerectomia total ampliada),70476,95
OMINT ART- Serena ART,119,5871,Histeroscopia por video diagnostica,70271,90
OMINT ART- Serena ART,119,5872,"Histeroscopia por video terapeutica (miomectomia, polipectomia, etc)",70272,91
OMINT ART- Serena ART,119,5873,Huevo muerto y retenido,69467,90
OMINT ART- Serena ART,119,5874,Ileostomia,70273,92
OMINT ART- Serena ART,119,5098,Ano imperforado con recto alto,69613,93
OMINT ART- Serena ART,119,5099,Ano imperforado con recto bajo,69614,92
OMINT ART- Serena ART,119,5875,Implantacion de circulacion asistida,70274,93
OMINT ART- Serena ART,119,5876,Implante capilar,70275,95
OMINT ART- Serena ART,119,5877,Implante coclear,70276,95
OMINT ART- Serena ART,119,5880,Implante de celulas B,70277,95
OMINT ART- Serena ART,119,5882,Implante de estimulador medular definitivo,70279,98
OMINT ART- Serena ART,119,5883,Implante de estimulador medular transitorio,70280,95
OMINT ART- Serena ART,119,5885,Implante intraorbitario (melanoma de retina),70282,90
OMINT ART- Serena ART,119,5886,Implante mamario,70283,94
OMINT ART- Serena ART,119,5888,Implante mamario mas pexia,70284,95
OMINT ART- Serena ART,119,5889,Implante secundario de lente intraocular,70285,93
OMINT ART- Serena ART,119,6348,Reimplante de miembro inferior,70688,95
OMINT ART- Serena ART,119,6349,Reimplante de miembro superior,70689,98
OMINT ART- Serena ART,119,6353,Reimplante ureteral bilateral con afinamiento,70693,94
OMINT ART- Serena ART,119,6354,Reimplante ureteral bilateral por videolaparoscopia,70694,95
OMINT ART- Serena ART,119,6355,Reimplante ureteral unilateral,70695,92
OMINT ART- Serena ART,119,6356,Reimplante ureteral unilateral con afinamiento,70696,93
OMINT ART- Serena ART,119,6357,Reimplante ureteral unilateral por videolaparoscopia,70697,94
OMINT ART- Serena ART,119,6424,Retinopexia con o sin esclerectomia e implante,70760,94
OMINT ART- Serena ART,119,8618,Implante gluteo,71205,93
OMINT ART- Serena ART,119,5901,Inclusion de semillas radioactivas en perine,70296,92
OMINT ART- Serena ART,119,7790,Infiltracion de toxina botulinica en Trigger point (hasta 3),71071,92
OMINT ART- Serena ART,119,8537,Infiltracion de toxina botulinica en Trigger point ( mas de 3 ),71127,93
OMINT ART- Serena ART,119,7587,Re inflado de balon intragastrico,71049,92
OMINT ART- Serena ART,119,6716,Obtencion y/o uso de injerto oseo y/o tendinoso,69520,92
OMINT ART- Serena ART,119,5910,Injerto de cornea,70297,94
OMINT ART- Serena ART,119,5911,Injerto de esclera,70298,92
OMINT ART- Serena ART,119,5912,Injerto de piel,70299,90
OMINT ART- Serena ART,119,5913,Injerto libre de ceja,70300,90
OMINT ART- Serena ART,119,6097,Neurorrafia con o sin injerto de un solo nervio,70455,92
OMINT ART- Serena ART,119,6217,Plastica de uretra con injerto de mucosa yugal o lingual,70566,94
OMINT ART- Serena ART,119,6221,Plastica o injerto del tendon de aquiles o rotuliano,70570,92
OMINT ART- Serena ART,119,6245,Protesis peneana con o sin injerto,70590,95
OMINT ART- Serena ART,119,6369,"Reparacion plastica de la orbita, con o sin injerto de piel",70708,92
OMINT ART- Serena ART,119,6408,Reseccion diafisiaria con protesis y/o injerto de sustitucion,70745,93
OMINT ART- Serena ART,119,6439,"Rinoplastia compleja con o sin injerto, no estetica",70773,91
OMINT ART- Serena ART,119,8117,Neurorrafia con o sin injerto de nervio (cada uno),71087,92
OMINT ART- Serena ART,119,5917,Insuficiencia mitral con CIV post-infarto,70304,96
OMINT ART- Serena ART,119,5918,Interconsulta anestesiologica,70305,89
OMINT ART- Serena ART,119,8104,Interconsulta para tratamiento del dolor,71075,89
OMINT ART- Serena ART,119,5919,Intervenciones en nervios opticos,70306,95
OMINT ART- Serena ART,119,5920,Intervenciones estereotaxicas (inicio en TAC y que continuan en quirofano),70307,95
OMINT ART- Serena ART,119,5921,Intubacion con fibroscopia (bronco-fibroscopio),70308,90
OMINT ART- Serena ART,119,5923,Inyeccion de glicerol en el G de Gasser,70310,95
OMINT ART- Serena ART,119,5924,Inyeccion de sustancias retro-bulbares,70311,91
OMINT ART- Serena ART,119,5925,Inyeccion esclerosante en angioma,70312,90
OMINT ART- Serena ART,119,5926,Inyeccion para-vertebral de troncos y ganglios simpaticos,70313,90
OMINT ART- Serena ART,119,5927,Inyeccion subconjuntival,70314,90
OMINT ART- Serena ART,119,6251,Puncion arterial para inyeccion medicamentosa,70596,89
OMINT ART- Serena ART,119,5928,Laberintectomia,70315,93
OMINT ART- Serena ART,119,5561,Ectoprion de labio,69994,90
OMINT ART- Serena ART,119,5929,Labio leporino bilateral completo,70316,94
OMINT ART- Serena ART,119,5930,Labio leporino unilateral completo,70317,93
OMINT ART- Serena ART,119,5931,Labio leporino unilateral incompleto,70318,93
OMINT ART- Serena ART,119,6272,Queiloplastia (reconstruccion quirurgica del labio),70614,92
OMINT ART- Serena ART,119,6373,Reseccion cuneiforme de labio,70712,90
OMINT ART- Serena ART,119,6475,Sinequias de labios mayores y/o menores,70806,90
OMINT ART- Serena ART,119,5932,Laminectomia descompresiva por cada vertebra,70319,94
OMINT ART- Serena ART,119,5935,Laparotomia exploradora,69469,92
OMINT ART- Serena ART,119,5933,Laparotomia contenida (lavado de cavidad),70320,91
OMINT ART- Serena ART,119,5934,Laparotomia exploradora en paciente critico,70321,94
OMINT ART- Serena ART,119,5936,Laparotomia terapeutica en paciente critico,70322,95
OMINT ART- Serena ART,119,6040,Nefrectomia por toraco-freno-laparotomia,70411,95
OMINT ART- Serena ART,119,5937,Laringo-faringuectomia,70323,95
OMINT ART- Serena ART,119,5938,"Laringoplastia, cordopexia, aritenoidopexia",70324,92
OMINT ART- Serena ART,119,5943,Laser de vagina,70329,92
OMINT ART- Serena ART,119,5944,Laser panfacial,70330,93
OMINT ART- Serena ART,119,6241,Prostatectomia por laser,70586,95
OMINT ART- Serena ART,119,6412,TUR-P por laser (adenomectomia),70749,94
OMINT ART- Serena ART,119,6418,Reseccion tumor bronquial con laser,70754,95
OMINT ART- Serena ART,119,8624,Litotricia con laser,71211,94
OMINT ART- Serena ART,119,5946,Lavado de cavidad,70331,90
OMINT ART- Serena ART,119,5947,Lavado de la cavidad,70332,90
OMINT ART- Serena ART,119,6488,Sondaje y lavado de via lagrimal,70816,91
OMINT ART- Serena ART,119,5948,Legrado por mola o similar,70333,91
OMINT ART- Serena ART,119,5949,Legrado uterino,70334,90
OMINT ART- Serena ART,119,7522,Termolesion por Rf. de hombro (N. supraespinoso) bilateral,71254,95
OMINT ART- Serena ART,119,5951,Lesion por compresion del G de Gassercon balon de Foggarty,69470,95
OMINT ART- Serena ART,119,7508,Termolesion por Rf. del nervio Occipital Mayor unilateral,69521,95
OMINT ART- Serena ART,119,7521,Termolesion por Rf. de hombro (N. supraespinoso) unilateral,69522,94
OMINT ART- Serena ART,119,7511,Termolesion por Rf. facetaria + Rf. radicular ( 1 o mas niveles),71012,98
OMINT ART- Serena ART,119,7512,Termolesion por Rf. de mas de 2 nervios craneales,71013,98
OMINT ART- Serena ART,119,7520,Termolesion por Rf. de rodilla (N. geniculados) bilateral,71019,95
OMINT ART- Serena ART,119,8556,Termolesion por Rf. de hasta 2 nervios craneales,71146,95
OMINT ART- Serena ART,119,5954,Levantamiento de vejiga por via abdominal (tipo Bursch),70337,92
OMINT ART- Serena ART,119,6001,Mastopexia unilateral (levantamiento mamario),70377,94
OMINT ART- Serena ART,119,5955,Lifting,70338,94
OMINT ART- Serena ART,119,5956,Lifting endoscopico,70339,95
OMINT ART- Serena ART,119,5957,Ligadura bilateral de trompas (anti-concepcion) a cielo abierto,70340,92
OMINT ART- Serena ART,119,5958,Ligadura bilateral de trompas (anti-concepcion) por video-laparoscopia,70341,93
OMINT ART- Serena ART,119,5961,Ligadura del paquete esfeno-palatino,70342,92
OMINT ART- Serena ART,119,5964,Ligadura unilateral de troncos profundos de los miembros,70344,92
OMINT ART- Serena ART,119,6501,Sutura o ligadura de vasos profundos del cuello,70829,93
OMINT ART- Serena ART,119,5965,Ligamentopexia abdominal,70345,91
OMINT ART- Serena ART,119,5969,Limpieza quirurgica de mano (como unica intervencion),70350,90
OMINT ART- Serena ART,119,5971,Linfadenectomia mediastinica,70351,94
OMINT ART- Serena ART,119,5972,Linfadenectomia retroperitoneal (tipo lumboaortica o similares),70352,93
OMINT ART- Serena ART,119,5973,Linfadenectomia retroperitoneal por video,70353,94
OMINT ART- Serena ART,119,5974,Linfadenectomia retroperitoneal por videolaparoscopia,70354,94
OMINT ART- Serena ART,119,6242,Prostatectomia radical + linfadenectomia,70587,94
OMINT ART- Serena ART,119,8622,"Linfadenectomia cervical, axilar o inguinal, unilateral",71209,92
OMINT ART- Serena ART,119,5977,"Lipoma, reseccion con el paciente en decubito dorsal o lateral",70357,90
OMINT ART- Serena ART,119,5978,"Lipoma, reseccion con el paciente en decubito ventral",70358,91
OMINT ART- Serena ART,119,5982,Litotricia endoluminal,69471,92
OMINT ART- Serena ART,119,5984,Litotricia extracorporea,70361,91
OMINT ART- Serena ART,119,5985,Litotricia por onda de choque extracorporea (litotricia extracorporea),70362,91
OMINT ART- Serena ART,119,5986,Litotricia ureteral por via endoscopica (incluye litotricia endoluminal),70363,92
OMINT ART- Serena ART,119,5987,Lobectomia,70364,98
OMINT ART- Serena ART,119,5988,Lobectomia o segmentectomia a cielo abierto,70365,95
OMINT ART- Serena ART,119,6457,Segmentectomia / lobectomia por video-toracoscopia,70788,95
OMINT ART- Serena ART,119,5989,Lobulo hendido de oreja,70366,90
OMINT ART- Serena ART,119,6168,Otoplastia de lobulo hendido,70517,90
OMINT ART- Serena ART,119,6185,Parotidectomia de lobulo superficial,70534,92
OMINT ART- Serena ART,119,5990,Luxacion recidivante de hombro por via convencional,70367,92
OMINT ART- Serena ART,119,8116,Reduccion incruenta de luxaciones,71086,90
OMINT ART- Serena ART,119,8120,Reduccion cruenta de luxacion de columna,71089,93
OMINT ART- Serena ART,119,5992,Mama supernumeraria unilateral,70369,92
OMINT ART- Serena ART,119,6100,Nodulectomia de mama unilateral,70458,91
OMINT ART- Serena ART,119,6264,Puncion de mama unilateral,70606,89
OMINT ART- Serena ART,119,6278,Quiste de mama unilateral,70621,90
OMINT ART- Serena ART,119,6312,Reconstruccion mamaria con dorsal ancho,70654,98
OMINT ART- Serena ART,119,8623,"Lipotransferencia (hasta 2 zonas, excepto mama)",71210,94
OMINT ART- Serena ART,119,8640,Reconstruccion mamaria con lipotransferencia,71224,95
OMINT ART- Serena ART,119,8650,"Lipotransferencia (mas de 2 zonas, excepto mama)",71234,95
OMINT ART- Serena ART,119,5995,Mastectomia radical con vaciamiento ganglionar,70371,95
OMINT ART- Serena ART,119,7598,Mastectomia ( mas ganglio centinela),71059,93
OMINT ART- Serena ART,119,7599,Mastectomia ( mas vaciamiento axilar ),71060,94
OMINT ART- Serena ART,119,5998,Mastoidectomia simple o radical (operacion radical de oido),70374,92
OMINT ART- Serena ART,119,6002,Mastotomia unilateral,70378,90
OMINT ART- Serena ART,119,6003,Maxilar inferior: prognatismo / retrognatismo,70379,93
OMINT ART- Serena ART,119,6004,Maxilar superior: prognasia / retrognasia,70380,94
OMINT ART- Serena ART,119,6111,Operacion comando de glandula submaxilar,70465,95
OMINT ART- Serena ART,119,6279,Quiste de maxilar (pieza dental incluida),70622,91
OMINT ART- Serena ART,119,6393,Reseccion de maxilar inferior con vaciamiento (comando),70731,98
OMINT ART- Serena ART,119,6481,Sinusotomia maxilar radical,70812,92
OMINT ART- Serena ART,119,6482,Sinusotomia maxilar simple,70813,92
OMINT ART- Serena ART,119,6005,Maxilectomia radical por via endoscopica,70381,93
OMINT ART- Serena ART,119,6007,Maxilectomia simple por via endoscopica,70383,92
OMINT ART- Serena ART,119,6009,Meatotomia,70385,89
OMINT ART- Serena ART,119,6010,Mediastinitis,70386,95
OMINT ART- Serena ART,119,6011,Mediastinoscopia,70388,92
OMINT ART- Serena ART,119,6014,Megacolon congenito,70389,93
OMINT ART- Serena ART,119,6605,Tratamiento quirurgico del megacolon,70910,94
OMINT ART- Serena ART,119,6016,Meningocele,70391,94
OMINT ART- Serena ART,119,6027,Mielomeningocele,70399,94
OMINT ART- Serena ART,119,6019,Metatarsalgia / ratas articulares,70392,90
OMINT ART- Serena ART,119,6025,"Microtia, reconstruccion en varios tiempos",70397,90
OMINT ART- Serena ART,119,6026,Mielografia,70398,90
OMINT ART- Serena ART,119,6028,Miomectomia / histerorrafia,70400,92
OMINT ART- Serena ART,119,6029,Miomectomia por videolaparoscopia,70401,93
OMINT ART- Serena ART,119,6030,Miomectomia vaginal (mioma nascens),70402,90
OMINT ART- Serena ART,119,6031,Miringoplastia,70403,91
OMINT ART- Serena ART,119,6034,Movilizacion (quiropraxia ),70405,89
OMINT ART- Serena ART,119,6035,Movilizacion del estribo,70406,90
OMINT ART- Serena ART,119,7580,Mucosectomia,71042,93
OMINT ART- Serena ART,119,6037,Nariz leporina compleja,70408,91
OMINT ART- Serena ART,119,6438,Rinofina (rosacea fimatosa de nariz),70772,91
OMINT ART- Serena ART,119,6038,Nefrectomia parcial,70409,94
OMINT ART- Serena ART,119,6039,Nefrectomia parcial o total por video-laparoscopia,70410,95
OMINT ART- Serena ART,119,6041,Nefrectomia radical + vaciamiento ganglionar,70412,95
OMINT ART- Serena ART,119,6042,Nefrectomia total,70413,94
OMINT ART- Serena ART,119,6043,Nefrectomia total o parcial por videolaparoscopia,70414,95
OMINT ART- Serena ART,119,6045,Nefrolitotomia,70416,93
OMINT ART- Serena ART,119,6046,Nefrolitotomia percutanea,70417,94
OMINT ART- Serena ART,119,6047,Nefropexia,70418,92
OMINT ART- Serena ART,119,6048,Nefrostomia percutanea,70419,92
OMINT ART- Serena ART,119,6051,Neumonectomia a cielo abierto,70422,95
OMINT ART- Serena ART,119,6052,Neumonectomia por video-toracoscopia,70423,98
OMINT ART- Serena ART,119,6060,Neurolisis por Rf. de nervios facetarios (dos niveles),69478,94
OMINT ART- Serena ART,119,6064,Neurolisis por Rf. de la articulacion sacro-iliaca unilateral,69479,95
OMINT ART- Serena ART,119,6056,Neurolisis del nervio glosofaringeo con Rf,70425,95
OMINT ART- Serena ART,119,6057,Neurolisis- modulacion ganglio estrellado por Rf.,70426,95
OMINT ART- Serena ART,119,6058,Neurolisis- modulacion de nervio periferico con Rf.,70427,94
OMINT ART- Serena ART,119,6059,Neurolisis con Rf nervios esplacnicos,70428,95
OMINT ART- Serena ART,119,6061,Neurolisis por Rf. de nervios facetarios (mas de 2 niveles),70430,94
OMINT ART- Serena ART,119,6062,Neurolisis con Rf del plexo celiaco,70431,95
OMINT ART- Serena ART,119,6065,Neurolisis de nervios perifericos,70432,90
OMINT ART- Serena ART,119,6066,Neurolisis extracraneal,70433,90
OMINT ART- Serena ART,119,6067,Neurolisis del ganglio esfeno-palatino con Rf.,70434,95
OMINT ART- Serena ART,119,6069,Neurolisis de nervio periferico sin RX,70435,92
OMINT ART- Serena ART,119,6070,Neurolisis por Rf. del ganglio de Walter,70436,95
OMINT ART- Serena ART,119,6074,Neurolisis por Rf. simpatico lumbar unilateral,70437,95
OMINT ART- Serena ART,119,6075,Neurolisis quimica,70438,90
OMINT ART- Serena ART,119,6076,Neurolisis quimica del ganglio de Walter,70439,95
OMINT ART- Serena ART,119,6077,Neurolisis por Rf del plexo hipogastrico superior,70440,95
OMINT ART- Serena ART,119,6078,Neurolisis quimica del simpatico dorsal,70442,95
OMINT ART- Serena ART,119,6080,Neurolisis quimica del simpatico lumbar unilateral,70443,95
OMINT ART- Serena ART,119,6081,Neurolisis quimica del ganglio estrellado,70444,95
OMINT ART- Serena ART,119,6082,Neurolisis quimica nervios esplacnicos,70445,94
OMINT ART- Serena ART,119,6083,Neurolisis quimica del plexo celiaco,70447,94
OMINT ART- Serena ART,119,6085,Neurolisis transoval del trgemino,70448,91
OMINT ART- Serena ART,119,6086,Neurolisis del trigemino con Rf,70449,98
OMINT ART- Serena ART,119,6087,Neurolisis- modulacion del trigemino por Rf.,70450,98
OMINT ART- Serena ART,119,6088,Neurolisis- modulacion ganglio esfeno-palatino por Rf.,70451,95
OMINT ART- Serena ART,119,6089,Neurolisis- modulacion nervio glosofaringeo por Rf.,70452,95
OMINT ART- Serena ART,119,7515,Neurolisis por Rf. del simpatico dorsal,71016,98
OMINT ART- Serena ART,119,8540,Neurolisis de nervio periferico bajo radioscopia,71130,93
OMINT ART- Serena ART,119,8541,Neurolisis quimica del plexo hipogastrico superior,71131,94
OMINT ART- Serena ART,119,8566,Neurolisis con rf de nervios perifericos,71154,95
OMINT ART- Serena ART,119,6093,Neuromodulacion con Rf. pulsada ganglio raiz dorsal ( 1 nivel),70453,95
OMINT ART- Serena ART,119,6096,Neuromodulacion sistemica con anestesicos locales en dolor neuropatico,70454,91
OMINT ART- Serena ART,119,6098,Neurotomia del nervio optico,70456,90
OMINT ART- Serena ART,119,6099,Neurotomia trigeminal / vestibular / glosofaringeo,70457,95
OMINT ART- Serena ART,119,6104,Oclusion con reseccion de intestino,70459,93
OMINT ART- Serena ART,119,6105,Omentectomia total o parcial,69480,93
OMINT ART- Serena ART,119,8633,Omentectomia total o parcial por videolaparoscopia,71217,94
OMINT ART- Serena ART,119,6106,Onfalitis,70460,91
OMINT ART- Serena ART,119,6107,Ooforectomia simple unilateral,70461,91
OMINT ART- Serena ART,119,6108,Ooforo-salpinguectomia unilateral,70462,91
OMINT ART- Serena ART,119,6226,Plicatura intestinal (operacion de Noble),69487,93
OMINT ART- Serena ART,119,6109,Operacion comando de encias o trigono-retromolar,70463,93
OMINT ART- Serena ART,119,6110,Operacion comando de faringe con vaciamiento,70464,95
OMINT ART- Serena ART,119,6113,Operacion comando de paladar blando,70467,95
OMINT ART- Serena ART,119,6114,Operacion comando de piso de boca,70468,95
OMINT ART- Serena ART,119,6115,Operacion correctora de glaucoma,70469,92
OMINT ART- Serena ART,119,6117,Operacion de Dixon (para tumores del 1/3 superior del recto),70470,94
OMINT ART- Serena ART,119,6118,Operacion de Dixon laparoscopica (para tumores del 1/3 superior del recto),70471,95
OMINT ART- Serena ART,119,6119,Operacion de Frikolm (hasta 2 discos),70472,94
OMINT ART- Serena ART,119,6120,Operacion de Lefort o similares para prolapso vaginal,70473,91
OMINT ART- Serena ART,119,6125,Operacion de Wertheim-Meigs por video-laparoscopia,70478,98
OMINT ART- Serena ART,119,6708,Operacion comando de parotida,70998,95
OMINT ART- Serena ART,119,6406,"Reseccion de tumor, intraorbitario mediante orbitotomia",70743,91
OMINT ART- Serena ART,119,6131,Orquidectomia,70486,91
OMINT ART- Serena ART,119,6132,Orquidopexia,70487,91
OMINT ART- Serena ART,119,6133,Orzuelo,70488,90
OMINT ART- Serena ART,119,6134,Osteoclasia,70489,90
OMINT ART- Serena ART,119,6144,Osteosintesis de esternon,69482,92
OMINT ART- Serena ART,119,5398,Osteosintesis de perone,69860,92
OMINT ART- Serena ART,119,6138,Osteosintesis clavicular,70492,92
OMINT ART- Serena ART,119,6139,Osteosintesis de calcaneo,70493,92
OMINT ART- Serena ART,119,6141,Osteosintesis de cubito o radio,70495,92
OMINT ART- Serena ART,119,6142,Osteosintesis de cubito y radio (por diferentes vias),70496,93
OMINT ART- Serena ART,119,6143,Osteosintesis de escafoide,70497,93
OMINT ART- Serena ART,119,6145,Osteosintesis de falange o metacarpiano (hasta 3 huesos),70498,91
OMINT ART- Serena ART,119,6146,"Osteosintesis de femur (tipo Kuncher, clavo gamma o similares)",70499,93
OMINT ART- Serena ART,119,6149,Osteosintesis de hasta 2 huesos del carpo,70502,92
OMINT ART- Serena ART,119,6151,Osteosintesis de humero,70504,92
OMINT ART- Serena ART,119,6154,Osteosintesis de mas de 2 huesos del carpo,70505,93
OMINT ART- Serena ART,119,6156,Osteosintesis de rotula,70506,92
OMINT ART- Serena ART,119,6157,Osteosintesis de tarso o metatarso hasta 2 huesos,70507,92
OMINT ART- Serena ART,119,6158,Osteosintesis de tibia,70508,92
OMINT ART- Serena ART,119,6159,Osteosintesis de tobillo,70509,93
OMINT ART- Serena ART,119,6160,Osteosintesis del malar,70510,93
OMINT ART- Serena ART,119,6161,Osteosintesis tarso o metatarso mas de 2 huesos,70511,93
OMINT ART- Serena ART,119,8634,Osteosintesis de costillas hasta 3,71218,93
OMINT ART- Serena ART,119,8635,Osteosintesis de costillas mas de 3,71219,94
OMINT ART- Serena ART,119,6162,Osteotomia correctora de pie,70512,91
OMINT ART- Serena ART,119,6163,Osteotomia correctora de tibia o perone,70513,92
OMINT ART- Serena ART,119,6166,Osteotomia de femur,70515,93
OMINT ART- Serena ART,119,6167,Osteotomia simple,70516,90
OMINT ART- Serena ART,119,6170,Paciente oncologico- atencion clinica por mes o fraccion mayor a 14 dias,69485,95
OMINT ART- Serena ART,119,6169,Paciente oncologico- atencion clinica por 2 a 14 dias,70518,93
OMINT ART- Serena ART,119,6719,Trombectomia pulmonar mecanica en TEPA paciente critico,71005,96
OMINT ART- Serena ART,119,6171,Palatoplastia,70519,91
OMINT ART- Serena ART,119,6273,Queiloplastia con palatoplastia,70615,93
OMINT ART- Serena ART,119,6172,Palatorrafia,70521,91
OMINT ART- Serena ART,119,6176,Pancreatectomia por Videolaparoscopia,70525,95
OMINT ART- Serena ART,119,6177,Papilotomia del conducto de Warthon y/o Stenon,70526,90
OMINT ART- Serena ART,119,6179,Paratiroidectomia,70529,93
OMINT ART- Serena ART,119,6180,Paratiroidectomia por via endoscopica,70530,94
OMINT ART- Serena ART,119,6181,Paratiroidectomia total con vaciamiento ganglionar,70531,94
OMINT ART- Serena ART,119,6182,Paratiroidectomia total con vaciamiento ganglionar por via endoscopica,70532,95
OMINT ART- Serena ART,119,5020,"Parche hematico (o similar) blood parch"" en cefalea post-puncion",69402,92
OMINT ART- Serena ART,119,6184,Parche hematico,70533,90
OMINT ART- Serena ART,119,6186,Parotidectomia total,70535,93
OMINT ART- Serena ART,119,5235,By-pass de vasos perifericos unilateral,69711,94
OMINT ART- Serena ART,119,5236,By-pass temporo-silviano,69712,96
OMINT ART- Serena ART,119,6188,Pectus excavatum / pectus carinatum,70537,94
OMINT ART- Serena ART,119,6189,Pectus excavatum / pectus carinatum por video-toracoscopia,70538,95
OMINT ART- Serena ART,119,6191,Pericardiectomia amplia (pericarditis constrictiva),70540,95
OMINT ART- Serena ART,119,6193,Pericardiocentesis,70542,92
OMINT ART- Serena ART,119,6194,Pericardiotomia,70543,93
OMINT ART- Serena ART,119,6195,Peridural por distocia,70544,92
OMINT ART- Serena ART,119,6196,Perineorrafia,70545,90
OMINT ART- Serena ART,119,6198,Peritoneocentesis,70547,90
OMINT ART- Serena ART,119,6199,Peritonitis generalizada,70548,93
OMINT ART- Serena ART,119,6203,Pielografia ascendente por ureteroscopia,70552,90
OMINT ART- Serena ART,119,6204,Pielolitotomia,70553,92
OMINT ART- Serena ART,119,6205,Pielolitotomia por videolaparoscopia,70554,93
OMINT ART- Serena ART,119,6206,Pieloplastia,70555,92
OMINT ART- Serena ART,119,6207,Pieloplastia por lumbotomia,70556,93
OMINT ART- Serena ART,119,6208,Pielotomia por videolaparoscopia,70557,93
OMINT ART- Serena ART,119,6201,Pie plano unilateral,70550,94
OMINT ART- Serena ART,119,6288,Reconstruccion - plastica de vulva,69492,93
OMINT ART- Serena ART,119,6209,Plastica anal / anoplastia,70558,91
OMINT ART- Serena ART,119,6210,Plastica de canal estrecho de columna con disectomia hasta 2 espacios,70559,98
OMINT ART- Serena ART,119,6211,Plastica de canal estrecho de columna mas de 2 espacios,70560,98
OMINT ART- Serena ART,119,6212,Plastica de colostomia,70561,92
OMINT ART- Serena ART,119,6213,Plastica de la union uretero-pielica,70562,92
OMINT ART- Serena ART,119,6214,Plastica de ligamentos de rodilla no cruzados,70563,93
OMINT ART- Serena ART,119,6215,Plastica de manguito rotador no artroscopica,70564,93
OMINT ART- Serena ART,119,6216,Plastica de uretra / uretroplastia,70565,92
OMINT ART- Serena ART,119,6218,Plastica de via lagrimal,70567,93
OMINT ART- Serena ART,119,6219,Plastica del cuadriceps,70568,91
OMINT ART- Serena ART,119,6220,Plastica del pabellon auricular,70569,92
OMINT ART- Serena ART,119,6222,Plastica pielo-ureteral por videolaparoscopia,70571,94
OMINT ART- Serena ART,119,6223,Plastica ureteral,70572,92
OMINT ART- Serena ART,119,6224,Plastica ureteral o de la union pielo-pielica por videolaparoscopia,70573,94
OMINT ART- Serena ART,119,6336,Reemplazo de una valvula cardiaca y plastica de otra,70677,98
OMINT ART- Serena ART,119,6405,"Reseccion de tumor maligno externo, con reconstruccion plastica",70742,92
OMINT ART- Serena ART,119,6712,Plastica de codo,71001,93
OMINT ART- Serena ART,119,6715,Plastica de manguito rotador por artroscopia,71003,94
OMINT ART- Serena ART,119,7539,Plastica o comisurotomias valvulares Ao o pulmonares en el recien nacido.,71035,98
OMINT ART- Serena ART,119,7595,Pleurectomia parcial por video-toracoscopia,71056,94
OMINT ART- Serena ART,119,6225,Pleurodesis quimica por video-toracoscopia,70574,95
OMINT ART- Serena ART,119,6227,Polidactilia,70575,91
OMINT ART- Serena ART,119,6229,Polipo de cuello uterino,70577,89
OMINT ART- Serena ART,119,6231,Potenciales evocados somatosensoriales,70578,91
OMINT ART- Serena ART,119,6582,Trasplante oseo en procedimientos primarios,70890,94
OMINT ART- Serena ART,119,6593,Tratamiento de las secuelas por paralisis (por cada procedimiento),70901,91
OMINT ART- Serena ART,119,6235,Proctectomia con prostatectomia,70580,93
OMINT ART- Serena ART,119,6236,Proctorrafia,70581,90
OMINT ART- Serena ART,119,6237,Prolapso rectal,70582,91
OMINT ART- Serena ART,119,8637,Prolapso tricompartimental,71221,95
OMINT ART- Serena ART,119,6238,Prostatectomia o adenectomia con o sin vasectomia por videolaparoscopia,70583,94
OMINT ART- Serena ART,119,6239,"Prostatectomia o adenectomia por via abdominal, con o sin vasectomia",70584,93
OMINT ART- Serena ART,119,6240,Prostatectomia o adenomectomia por videolaparoscopia,70585,94
OMINT ART- Serena ART,119,6243,Prostatectomia radical por videolaparoscopia,70588,95
OMINT ART- Serena ART,119,6246,Protesis testicular unilateral,70591,93
OMINT ART- Serena ART,119,6274,Querato-protesis,70617,94
OMINT ART- Serena ART,119,6434,Revision de protesis total de rodilla,70768,95
OMINT ART- Serena ART,119,6580,Trasplante oseo combinado con protesis,70888,95
OMINT ART- Serena ART,119,8597,Debranching con protesis,71184,98
OMINT ART- Serena ART,119,6247,Ptosis de parpado,70592,92
OMINT ART- Serena ART,119,6248,Ptosis palpebral,70593,92
OMINT ART- Serena ART,119,6261,Puncion de derrame escrotal,70603,89
OMINT ART- Serena ART,119,6262,Puncion de ganglio linfatico,70604,89
OMINT ART- Serena ART,119,6263,Puncion de la cavidad pleural para lavaje,70605,91
OMINT ART- Serena ART,119,6265,Puncion del antro mastoideo,70607,90
OMINT ART- Serena ART,119,6267,Puncion del seno esfenoidal,70609,91
OMINT ART- Serena ART,119,6268,Puncion pleural,70610,89
OMINT ART- Serena ART,119,6269,Puncion raquidea diagnostica,70611,90
OMINT ART- Serena ART,119,6270,Puncion trans-fontanoidal,70612,90
OMINT ART- Serena ART,119,6271,Puncion ventricular por trepanacion,70613,92
OMINT ART- Serena ART,119,8653,Puncion guiada por TAC en quirofano,71237,91
OMINT ART- Serena ART,119,6275,Queratocentesis,70618,90
OMINT ART- Serena ART,119,6287,Quiste sacrococcigeo (tipo quiste pilonidal),69491,91
OMINT ART- Serena ART,119,6276,Quiste artro-sinovial,70619,90
OMINT ART- Serena ART,119,6277,Quiste de cordon,70620,90
OMINT ART- Serena ART,119,6280,Quiste de ovario,70623,92
OMINT ART- Serena ART,119,6281,Quiste de pancreas,70624,92
OMINT ART- Serena ART,119,6282,Quiste de tumor de cuello,70625,92
OMINT ART- Serena ART,119,6283,Quiste hidatidico de bazo,70626,92
OMINT ART- Serena ART,119,6284,Quiste hidatidico de higado,70627,93
OMINT ART- Serena ART,119,6285,Quiste o tumor de mesenterio,70628,92
OMINT ART- Serena ART,119,6286,Quiste o tumor del hueco popliteo,70629,92
OMINT ART- Serena ART,119,6399,Reseccion de quiste oseo,70736,90
OMINT ART- Serena ART,119,6293,Radioterapia de intensidad modulada (IMRT),70636,91
OMINT ART- Serena ART,119,6294,Radioterapia intraoperatoria,70637,95
OMINT ART- Serena ART,119,6472,Simulacion de tratamiento para radioterapia,70803,90
OMINT ART- Serena ART,119,6296,Reanimacion fuera del acto anestesiologico,70639,92
OMINT ART- Serena ART,119,6299,Recarga de bomba elastomerica,70641,91
OMINT ART- Serena ART,119,6300,Reconstruccion de areola y/o pezon,70642,91
OMINT ART- Serena ART,119,6301,Reconstruccion de cavidad orbitaria,70643,93
OMINT ART- Serena ART,119,6302,Reconstruccion de conducto auditivo externo,70644,92
OMINT ART- Serena ART,119,6303,Reconstruccion de la pared abdominal,70645,93
OMINT ART- Serena ART,119,6304,Reconstruccion de las vias biliares,70646,95
OMINT ART- Serena ART,119,6305,Reconstruccion de ombligo,70647,90
OMINT ART- Serena ART,119,6307,Reconstruccion de pene y/o escroto,70649,92
OMINT ART- Serena ART,119,6308,Reconstruccion de pene y/o testiculo,70650,93
OMINT ART- Serena ART,119,6313,Reconstruccion nasal parcial,70655,91
OMINT ART- Serena ART,119,6314,Reconstruccion parcial de orbita o malar,70656,92
OMINT ART- Serena ART,119,6316,Reconstruccion total de orbita,70658,93
OMINT ART- Serena ART,119,6319,Reconstruccion total de parpado,70661,93
OMINT ART- Serena ART,119,6320,Recto-sigmoidoscopia,70662,90
OMINT ART- Serena ART,119,6321,Rectoscopia,70663,89
OMINT ART- Serena ART,119,6414,Reseccion parcial osea infecciosa o tumoral de columna (corporectomia),70751,94
OMINT ART- Serena ART,119,6425,Retinopexia y esclerectomia,70761,93
OMINT ART- Serena ART,119,6455,Secuestrectomia,70786,93
OMINT ART- Serena ART,119,6610,Trombo-endarterectomia de vasos perifericos,70915,94
OMINT ART- Serena ART,119,6637,Tumorectomia,70942,91
OMINT ART- Serena ART,119,6644,Ureterectomia,70948,91
OMINT ART- Serena ART,119,6695,Vitrectomia,70988,94
OMINT ART- Serena ART,119,6702,Reseccion de tumor de recto,70993,93
OMINT ART- Serena ART,119,8641,Reseccion anterior baja de recto por videolaparoscopia,71225,95
OMINT ART- Serena ART,119,6328,Reduccion incruenta cervical o dorsal,70670,92
OMINT ART- Serena ART,119,8547,Reduccion incruenta con osteosintes percutanea - osteodesis,71137,91
OMINT ART- Serena ART,119,8590,Citorreduccion oncologica,71177,99
OMINT ART- Serena ART,119,6334,Reemplazo bi-valvular,70675,96
OMINT ART- Serena ART,119,6339,Reemplazo total de femur,70679,95
OMINT ART- Serena ART,119,6340,Reemplazo total de hombro,70680,95
OMINT ART- Serena ART,119,6341,Reemplazo total de rodilla,70681,95
OMINT ART- Serena ART,119,6342,Reemplazo valvular,70682,98
OMINT ART- Serena ART,119,7535,Reemplazo valvular en hemodinamia ( TAVI),71032,96
OMINT ART- Serena ART,119,6360,Remodelacion de la boveda craneana (turricefalia / plagiocefalia),70700,95
OMINT ART- Serena ART,119,6361,"Remodelacion de la boveda craneana (turricefalia, plagioce falia)",70701,95
OMINT ART- Serena ART,119,6365,Reparacion de senos craneales,70705,94
OMINT ART- Serena ART,119,6367,Reparacion ligamentaria de rodilla (ligamento laterales y/o cruzados) por video-artroscopia,70706,94
OMINT ART- Serena ART,119,6368,"Reparacion ligamentaria de tobillo (ligamentos laterales, etc)",70707,93
OMINT ART- Serena ART,119,6417,Reseccion transuretral monopolar de prostata (TUR-P),69496,93
OMINT ART- Serena ART,119,6000,Reseccion de tabique vaginal por videolaparoscopia,70376,92
OMINT ART- Serena ART,119,6371,Reseccion pleuro-parietal,70710,93
OMINT ART- Serena ART,119,6372,Reseccion costal,70711,90
OMINT ART- Serena ART,119,6374,Reseccion cuneiforme de ovario,70713,91
OMINT ART- Serena ART,119,6375,Reseccion de cabeza de radio o cubito,70714,91
OMINT ART- Serena ART,119,6380,Reseccion de cuello de vejiga,70719,91
OMINT ART- Serena ART,119,6381,Reseccion de epiplon,70720,91
OMINT ART- Serena ART,119,6385,Reseccion de espolon calcaneo,70724,91
OMINT ART- Serena ART,119,6386,Reseccion de exostosis,70725,90
OMINT ART- Serena ART,119,6389,Reseccion de hasta 3 falanges,70727,90
OMINT ART- Serena ART,119,6390,Reseccion de intestino delgado,70728,93
OMINT ART- Serena ART,119,6392,Reseccion de mas de 3 falanges,70730,91
OMINT ART- Serena ART,119,6394,Reseccion de osteoma del CAE,70732,92
OMINT ART- Serena ART,119,6395,Reseccion de plexo hipogastrico,70733,92
OMINT ART- Serena ART,119,6397,Reseccion de plexo hipogastrico por videolaparoscopia,70734,93
OMINT ART- Serena ART,119,6398,Reseccion de queloide,70735,91
OMINT ART- Serena ART,119,6401,Reseccion de tabique vaginal,70738,91
OMINT ART- Serena ART,119,6402,Reseccion de tumor de mas de 5 cm,70739,91
OMINT ART- Serena ART,119,6403,Reseccion de tumor de menos de 5 cm,70740,90
OMINT ART- Serena ART,119,6407,Reseccion del plexo hipogastrico,70744,92
OMINT ART- Serena ART,119,6411,Reseccion parcial de hueso infeccioso o tumoral,70748,92
OMINT ART- Serena ART,119,6413,Reseccion parcial de pelvis infecciosa o tumoral,70750,92
OMINT ART- Serena ART,119,6415,Reseccion submucosa del cornete inferior,70752,91
OMINT ART- Serena ART,119,6416,Reseccion total de paladar,70753,94
OMINT ART- Serena ART,119,6419,Reseccion tumoral de nervio periferico,70755,91
OMINT ART- Serena ART,119,8549,Reseccion transmural endoscopica con sistema OVESCO o similares,71139,93
OMINT ART- Serena ART,119,8550,Reseccion multivisceral sin quimioterapia intraabdominal,71140,106
OMINT ART- Serena ART,119,8551,Reseccion transuretral de prostata (TUR-P) bipolar,71141,94
OMINT ART- Serena ART,119,6422,Retinografia,70758,90
OMINT ART- Serena ART,119,6426,Retiro de cables endocavitarios,70762,93
OMINT ART- Serena ART,119,6427,Retoque de muñon,69498,91
OMINT ART- Serena ART,119,6428,Retromentonismo no estetico,70763,91
OMINT ART- Serena ART,119,8539,Internacion. Primera o revision.,71129,90
OMINT ART- Serena ART,119,6437,Rinoseptumplastia,70771,94
OMINT ART- Serena ART,119,6440,"Rinoplastia simple, no estetica",70774,90
OMINT ART- Serena ART,119,6514,Taponamiento intra-uterino,70839,90
OMINT ART- Serena ART,119,6606,Tratamiento quirurgico del neurinoma del acustico por via optica,70911,95
OMINT ART- Serena ART,119,6442,Rizotomia del ligamento dentado,70775,93
OMINT ART- Serena ART,119,6443,Rizotomia dorsal selectiva,70776,94
OMINT ART- Serena ART,119,7513,Rizotomia estereotaxica por crioterapia del G. de Gasser,71014,98
OMINT ART- Serena ART,119,6445,Safenectomia externa unilateral,70777,92
OMINT ART- Serena ART,119,6446,Safenectomia interna unilateral,70778,92
OMINT ART- Serena ART,119,6449,Salpingolisis / salpingoplastia unilateral,70781,92
OMINT ART- Serena ART,119,6450,Salpingolisis / salpingoplastia unilateral por videolaparoscopia,70782,93
OMINT ART- Serena ART,119,8565,Salpinguectomia para anticoncepcion bilateral,71153,93
OMINT ART- Serena ART,119,6452,Seccion de aductores con o sin tenotomia,70783,92
OMINT ART- Serena ART,119,6453,Seccion de frenillo lingual,70784,90
OMINT ART- Serena ART,119,6454,Secuelas de paralisis facial en todas sus formas,70785,92
OMINT ART- Serena ART,119,6456,Segmentectomia hepatica,70787,95
OMINT ART- Serena ART,119,6459,Septumplastia video-endoscopica,70790,93
OMINT ART- Serena ART,119,6461,Shunt porto-sistemico transyugular intra-hepatico (TIPS),70792,95
OMINT ART- Serena ART,119,6462,Sialografia,70793,89
OMINT ART- Serena ART,119,6463,Sigmoidectomia,70794,94
OMINT ART- Serena ART,119,6464,Sigmoidectomia por videolaparoscopia,70795,95
OMINT ART- Serena ART,119,6465,Simpatectomia abdominal o lumbar,70796,91
OMINT ART- Serena ART,119,6466,Simpatectomia cervical,70797,92
OMINT ART- Serena ART,119,6467,Simpatectomia lumbar,70798,91
OMINT ART- Serena ART,119,6468,Simpatectomia lumbar o toracica (hiper-hidrosis),70799,93
OMINT ART- Serena ART,119,6470,Simpatectomia periarterial,70801,91
OMINT ART- Serena ART,119,6471,Simpatectomia toracica,70802,93
OMINT ART- Serena ART,119,6473,Sindactilia,70804,91
OMINT ART- Serena ART,119,6474,Sindrome apico-transverso,70805,95
OMINT ART- Serena ART,119,6476,Sinovectomia,70807,91
OMINT ART- Serena ART,119,6485,Sinusotomia por via endoscopica,69500,93
OMINT ART- Serena ART,119,6478,Sinusotomia esfenoidal,70809,92
OMINT ART- Serena ART,119,6479,Sinusotomia frontal externa (trepanacion del seno frontal),70810,91
OMINT ART- Serena ART,119,6480,Sinusotomia frontal radical por via externa,70811,92
OMINT ART- Serena ART,119,6484,Sinusotomias combinadas por via endoscopica,70815,94
OMINT ART- Serena ART,119,8101,Spect cerebral en niños,69536,91
OMINT ART- Serena ART,119,6489,Spect cerebral,70817,91
OMINT ART- Serena ART,119,6490,Suprarrenalectomia laparoscopica unilateral,70818,95
OMINT ART- Serena ART,119,6491,Sutura de conjuntiva,70819,90
OMINT ART- Serena ART,119,6492,Sutura de cornea,70820,91
OMINT ART- Serena ART,119,6493,Sutura de encia,70821,90
OMINT ART- Serena ART,119,6494,Sutura de faringe,70822,92
OMINT ART- Serena ART,119,6497,Sutura de lengua,70825,90
OMINT ART- Serena ART,119,6498,Sutura de vasos perifericos,70826,92
OMINT ART- Serena ART,119,6499,Sutura del pabellon auricular,70827,90
OMINT ART- Serena ART,119,6500,Sutura del paladar,70828,90
OMINT ART- Serena ART,119,6513,Taponaje anterior y/o posterior,70838,89
OMINT ART- Serena ART,119,6515,Tarsorrafia,70840,90
OMINT ART- Serena ART,119,6516,Telecanto,70842,92
OMINT ART- Serena ART,119,6517,Tenolisis (hasta 3 tendones),70843,91
OMINT ART- Serena ART,119,6518,Tenolisis o tenorrafia (4 o mas tendones),70844,92
OMINT ART- Serena ART,119,6519,Tenoplastia multiple (mas de 3 tendones),70845,93
OMINT ART- Serena ART,119,6520,Tenoplastia simple (hasta 3 tendones),70846,92
OMINT ART- Serena ART,119,6521,Tenorrafia (hasta 3 tendones),70847,91
OMINT ART- Serena ART,119,6522,Tenorrafia del tendon de aquiles o rotuliano,70848,92
OMINT ART- Serena ART,119,6523,Tenotomia multiple,70849,91
OMINT ART- Serena ART,119,6524,Tenotomia simple,70850,90
OMINT ART- Serena ART,119,6511,TENS. (maximo 6 sesiones al mes),69502,91
OMINT ART- Serena ART,119,6554,Toma de tension ocular,70865,90
OMINT ART- Serena ART,119,8545,Quimioterapia intratecal,71135,94
OMINT ART- Serena ART,119,6539,"Test de Opioide, Baclofen intratecal",69504,92
OMINT ART- Serena ART,119,6540,Test de duccion forzada y fuerza generada,70852,90
OMINT ART- Serena ART,119,6630,Tumor de testiculo,70934,91
OMINT ART- Serena ART,119,6541,Timectomia por miastenia gravis,70853,94
OMINT ART- Serena ART,119,6543,Timpanoplastia,70854,93
OMINT ART- Serena ART,119,6544,Tiroidectomia por via endoscopica,70855,94
OMINT ART- Serena ART,119,6545,Tiroidectomia total,70856,93
OMINT ART- Serena ART,119,6546,Tiroidectomia total con vaciamiento cervical,70857,94
OMINT ART- Serena ART,119,6547,Tiroidectomia total con vaciamiento cervical por via endoscopica,70858,95
OMINT ART- Serena ART,119,6548,Toilette quirurgico con debridamiento,70859,90
OMINT ART- Serena ART,119,6549,Toilette quirurgico de columna,70860,92
OMINT ART- Serena ART,119,8646,Toilette de esternon,71230,93
OMINT ART- Serena ART,119,6551,Toillete quirurgica,70862,89
OMINT ART- Serena ART,119,6555,Tomografia computada de ojo,70866,90
OMINT ART- Serena ART,119,6556,Toracoplastia,70867,92
OMINT ART- Serena ART,119,6509,"TAC de torax, con o sin contraste",70836,91
OMINT ART- Serena ART,119,6558,Torticolis congenita,70869,94
OMINT ART- Serena ART,119,6560,Traccion de partes blandas,70871,89
OMINT ART- Serena ART,119,6561,Traccion esqueletica,70872,89
OMINT ART- Serena ART,119,8599,Distraccion osea,71186,94
OMINT ART- Serena ART,119,6562,Tractotomia,70873,94
OMINT ART- Serena ART,119,6563,Transferencias tendinosas (mas de 3 tendones),70874,93
OMINT ART- Serena ART,119,6565,Transposicion de nervio periferico,70876,92
OMINT ART- Serena ART,119,6566,Transposicion de tendones en miembro superior o miembro inferior,70877,93
OMINT ART- Serena ART,119,6567,Transposicion del cubital,70878,91
OMINT ART- Serena ART,119,6568,Traqueoplastia,70879,94
OMINT ART- Serena ART,119,8559,Traqueoplastia en ECMO,71147,96
OMINT ART- Serena ART,119,6569,Traqueorrafia,70880,92
OMINT ART- Serena ART,119,6570,Traqueostomia,69506,91
OMINT ART- Serena ART,119,6571,Traqueostomia o traqueotomia,69507,91
OMINT ART- Serena ART,119,6572,Traqueostomia percutanea,70881,91
OMINT ART- Serena ART,119,6576,Trasplante corazon-riñon,69508,108
OMINT ART- Serena ART,119,6573,Trasplante de corazon,70882,107
OMINT ART- Serena ART,119,6574,Trasplante de corazon y pulmon,70883,108
OMINT ART- Serena ART,119,6575,Trasplante de corazon-pulmon,70884,108
OMINT ART- Serena ART,119,6577,Trasplante de medula osea,70885,92
OMINT ART- Serena ART,119,6578,Trasplante de pancreas,70886,106
OMINT ART- Serena ART,119,6579,Trasplante hepatico,70887,107
OMINT ART- Serena ART,119,6584,Trasplante oseo intercalares,70892,94
OMINT ART- Serena ART,119,6585,Trasplante oseo osteo-articulares,70893,94
OMINT ART- Serena ART,119,6586,Trasplante pulmonar,70894,106
OMINT ART- Serena ART,119,6587,Trasplante renal,70895,96
OMINT ART- Serena ART,119,6588,Trasplante reno-pancreatico,70896,107
OMINT ART- Serena ART,119,6589,Trasplante y alargamiento (hasta 3 tendones),70897,92
OMINT ART- Serena ART,119,6590,Trasplante y alargamiento (mas de 3 tendones),70898,93
OMINT ART- Serena ART,119,6594,Tratamiento de las varices esofagicas (bandas / escleroris / balon),70902,91
OMINT ART- Serena ART,119,6600,Tratamiento endovascular de arterias uterinas,70908,95
OMINT ART- Serena ART,119,6607,Tratamiento quirurgico del onfalocele,70912,94
OMINT ART- Serena ART,119,6510,TAC tridimensional,70837,91
OMINT ART- Serena ART,119,6609,Trombectomia venosa profunda,70913,93
OMINT ART- Serena ART,119,6720,Trombectomia intracraneal por hemodinamia,71006,96
OMINT ART- Serena ART,119,6611,Trombosis hemorroidal,70916,90
OMINT ART- Serena ART,119,6612,Trombosis mesenterica,70917,93
OMINT ART- Serena ART,119,6616,Tumor de vagina,69509,92
OMINT ART- Serena ART,119,5752,Extrirpacion de tumor oseo (mas de 5 cm),70154,91
OMINT ART- Serena ART,119,6613,Tumor benigno de ano,70918,91
OMINT ART- Serena ART,119,6615,Tumor benigno de vulva,70920,91
OMINT ART- Serena ART,119,6617,Tumor cerebral intracraneal (mas de 8 horas de duracion),70921,96
OMINT ART- Serena ART,119,6618,Tumor cerebral intracraneal (menos de 8 horas de duracion),70922,98
OMINT ART- Serena ART,119,6620,Tumor de fosa posterior (mas de 8 horas de duracion),70924,96
OMINT ART- Serena ART,119,6621,Tumor de fosa posterior (menos de 8 horas de duracion),70925,98
OMINT ART- Serena ART,119,6622,Tumor de hipofisis (mas de 8 horas de duracion),70926,96
OMINT ART- Serena ART,119,6623,Tumor de hipofisis (menos de 8 horas de duracion),70927,98
OMINT ART- Serena ART,119,6624,Tumor de la pared costal,70928,92
OMINT ART- Serena ART,119,6625,Tumor de la pared costal por videotoracoscopia,70929,93
OMINT ART- Serena ART,119,6627,Tumor de ovario,70931,92
OMINT ART- Serena ART,119,6629,Tumor de partes blandas,70933,90
OMINT ART- Serena ART,119,6631,Tumor del glomus carotideo,70935,95
OMINT ART- Serena ART,119,6632,Tumor del hueco supra-clavicular,70936,91
OMINT ART- Serena ART,119,6633,Tumor fibroso de pie,70937,90
OMINT ART- Serena ART,119,6634,Tumor retroperitoneal,70938,94
OMINT ART- Serena ART,119,6635,Tumor retroperitoneal por video,70939,95
OMINT ART- Serena ART,119,6638,Tumores mediastinales a cielo abierto,70943,94
OMINT ART- Serena ART,119,6639,Tumores mediastinales por toracoscopia,70944,95
OMINT ART- Serena ART,119,6640,Turbinectomia parcial o completa simple (unica o muliple),70945,92
OMINT ART- Serena ART,119,6642,Turbinectomia video-endoscopica,70946,93
OMINT ART- Serena ART,119,8649,Turbinectomia por radiofrecuencia,71233,93
OMINT ART- Serena ART,119,6645,Ureterolitotomia,70949,92
OMINT ART- Serena ART,119,6646,Ureteroscopia,70950,89
OMINT ART- Serena ART,119,6675,Video cisto-ureteroscopia,70977,90
OMINT ART- Serena ART,119,6647,Ureterostomia,70951,91
OMINT ART- Serena ART,119,6648,Uretro-cisto-fibroscopia,70952,90
OMINT ART- Serena ART,119,6649,Uretrografia,70953,89
OMINT ART- Serena ART,119,6650,Uretrorrafia,70954,90
OMINT ART- Serena ART,119,6651,Uretrotomia interna / uretroscopia,70955,89
OMINT ART- Serena ART,119,5941,Laringuectomia radical con vaciamiento cervical,70327,95
OMINT ART- Serena ART,119,6654,Vaciamiento ganglionar lumbo-aortico,70958,94
OMINT ART- Serena ART,119,6655,Vaciamiento inguino-abdominal convencional,70959,93
OMINT ART- Serena ART,119,6656,Vaciamiento inguino-abdominal o inguino-escrotal por video,70960,94
OMINT ART- Serena ART,119,6657,Vaciamiento inguino-escrotal convencional,70961,93
OMINT ART- Serena ART,119,6658,Vaciamiento radical unilateral de cuello,70962,92
OMINT ART- Serena ART,119,6696,Vulvectomia con vaciamiento ganglionar,70989,94
OMINT ART- Serena ART,119,6659,Vagotomia / vagotomia selectiva / gastropexia,70963,92
OMINT ART- Serena ART,119,6660,Vagotomia por videolaparoscopia,70964,93
OMINT ART- Serena ART,119,6661,Valvuloplastia aortica / pulmonar / tricuspidea / mitral / en hemodinamia,70965,98
OMINT ART- Serena ART,119,6662,Valvuloplastia mitral o tricuspidea o aortica o pulmonar,70966,98
OMINT ART- Serena ART,119,6652,Varicocele,70956,90
OMINT ART- Serena ART,119,6665,Varicocele pelviano,70969,91
OMINT ART- Serena ART,119,6666,Vasectomia,70970,91
OMINT ART- Serena ART,119,6049,Neo-vejiga a cielo abierto,70420,95
OMINT ART- Serena ART,119,6667,Ventana pleuro-pericardica,70971,94
OMINT ART- Serena ART,119,6668,Ventana pleuro-pericardica por video,70972,95
OMINT ART- Serena ART,119,6669,Ventriculo-cisternotomia,70973,94
OMINT ART- Serena ART,119,6670,Ventriculo-cisternotomia videoasistida,70974,95
OMINT ART- Serena ART,119,6673,Vertebroplastia (cada vertebra),69511,93
OMINT ART- Serena ART,119,6671,Vertebroplastia percutanea (1 vertebra),70975,94
OMINT ART- Serena ART,119,6672,Vertebroplastia percutanea ( 2 o mas vertebras),70976,95
OMINT ART- Serena ART,119,6676,"Video-artroscopia compleja (codo, tobillo)",69512,94
OMINT ART- Serena ART,119,6680,Video-artroscopia simple de rodilla para menisectomia,69513,93
OMINT ART- Serena ART,119,7605,Video artroscopia simple de muñeca,69526,92
OMINT ART- Serena ART,119,7606,Video artroscopia compleja de muñeca,69527,93
OMINT ART- Serena ART,119,6678,Video-artroscopia de hombro / codo,70979,94
OMINT ART- Serena ART,119,6679,Video-artroscopia de tobillo,70980,93
OMINT ART- Serena ART,119,6682,Video-cistoscopia,70982,90
OMINT ART- Serena ART,119,6687,Videobroncofibroscopia,70984,91
OMINT ART- Serena ART,119,6688,Videolaparoscopica diagnostica,70985,93
OMINT ART- Serena ART,119,6694,Videotoracoscopia convertida a via convencional,70987,95
OMINT ART- Serena ART,119,7604,Video artroscopia de hombro,71063,94
OMINT ART- Serena ART,119,8610,Eventroplastia por video,71197,93
OMINT ART- Serena ART,119,8629,Metastasectomia por videolaparoscopia,71213,95
OMINT ART- Serena ART,119,6697,Vulvectomia simple,70990,91
OMINT ART- Serena ART,119,6698,Yeyunostomia,70991,92
OMINT ART- Serena ART,119,6202,Pie zambo / varo / equino supinado,70551,93
EXPERTA ART,258,6689,Videolaparoscopia exploradora de abdomen,14836,92
EXPERTA ART,258,6692,Videolaparoscopia terapeutica de abdomen,14838,93
EXPERTA ART,258,5975,"Lipoaspiracion (cadera, muslo, abdomen) (hasta 2 zonas)",15037,93
EXPERTA ART,258,5976,"Lipoaspiracion (cadera, muslo, abdomen) (mas de 2 zonas)",15038,94
EXPERTA ART,258,5979,Liposuccion de abdomen,15039,93
EXPERTA ART,258,6506,"TAC de abdomen, con o sin contraste",15174,91
EXPERTA ART,258,5002,Abdominoplastia,14843,94
EXPERTA ART,258,5004,Ablacion por radiofrecuencia de arritmias complejas (tipo fibrilacion auricular),13645,98
EXPERTA ART,258,5005,Ablacion por radiofrecuencia de arritmias simples (tipo haz de His),13646,95
EXPERTA ART,258,6187,Patelectomia (ablacion de la rotula),14480,91
EXPERTA ART,258,5003,Ablacion de corazon,14844,95
EXPERTA ART,258,5083,Anestesiologo en ablacion de organos,14864,92
EXPERTA ART,258,6053,Neuroablacion aferentes articulacion de cadera con Rf,15056,93
EXPERTA ART,258,7532,Ablacion por radiofrecuencia de arritmias con navegador de impedancia,15546,95
EXPERTA ART,258,5006,Abocamiento del ureter a piel,13647,92
EXPERTA ART,258,5007,Aborto del segundo trimestre con mecanismo de parto seguido o no de legrado,13648,91
EXPERTA ART,258,5009,Absceso de mama / drenaje unilateral,13649,89
EXPERTA ART,258,5010,Absceso de pancreas,13650,92
EXPERTA ART,258,5011,Absceso de pared,13651,89
EXPERTA ART,258,5012,Absceso de parpado,13652,89
EXPERTA ART,258,5014,Absceso perianal,13653,89
EXPERTA ART,258,5015,Absceso perirectal,13654,91
EXPERTA ART,258,5540,Drenaje de absceso de glandula de Bartholino,14011,89
EXPERTA ART,258,5542,Drenaje de absceso hepatico guiado por ecografia,14012,91
EXPERTA ART,258,5544,Drenaje de absceso subfrenico,14014,91
EXPERTA ART,258,5545,Drenaje de absceso subfrenico por via laparoscopica,14015,93
EXPERTA ART,258,5546,Drenaje de absceso testicular,14016,89
EXPERTA ART,258,5547,Drenaje de absceso y/o quiste pancreatico guiado por ecografia,14017,91
EXPERTA ART,258,5894,"Incision y drenaje de laringe, absceso, pericondritis, etc.",14283,92
EXPERTA ART,258,5896,Incision y drenaje de paladar (absceso),14284,90
EXPERTA ART,258,5950,"Lesion local de pulmon (absceso, tumor)",14321,93
EXPERTA ART,258,5541,Drenaje de absceso en cabeza y/o cuello,14970,90
EXPERTA ART,258,5543,"Drenaje de absceso o hematoma, excepto en cabeza y cuello",14971,89
EXPERTA ART,258,8107,Absceso de higado,15303,92
EXPERTA ART,258,5013,Absceso gluteo,15469,89
EXPERTA ART,258,5814,Glosotomia con drenaje de absceso o hematoma,15497,90
EXPERTA ART,258,6135,"Osteoplastia / osteosintesis en: pseudo-artrosis, consolidacion viciosa, acortamiento, alargamiento, injerto de huesos",69350,93
EXPERTA ART,258,5016,Acortamiento de metatarsianos,13655,91
EXPERTA ART,258,6136,"Osteoplastia de tibia y/o perone: alargamiento, acortamiento / pseudoartrosis / consolidacion viciosa / injerto de huesos.",15476,93
EXPERTA ART,258,5017,Acromioplastia,13656,92
EXPERTA ART,258,6379,"Reseccion de clavicula o acromion, acromioplastia",14615,92
EXPERTA ART,258,5018,Acupuntura por sesion,14845,89
EXPERTA ART,258,5019,"Acupuntura, acupuntura laser o electroacupuntura, por sesion, maximo 6",14846,89
EXPERTA ART,258,5021,Adenomastectomia unilateral,13657,92
EXPERTA ART,258,5023,Adrenalectomia unilateral,13658,94
EXPERTA ART,258,5574,Embolizacion o alcoholizacion coronaria,14040,93
EXPERTA ART,258,5024,Alcoholizacion o fenolizacion de dos nervios perifericos,14847,91
EXPERTA ART,258,5025,Alcoholizacion o fenolizacion de mas de dos nervios perifericos,14848,92
EXPERTA ART,258,5026,Alcoholizacion o fenolizacion de par craneal (no V par),14849,93
EXPERTA ART,258,5028,Alcoholizacion o fenolizacion de rama secundaria de par craneal,14850,92
EXPERTA ART,258,5032,"Alcoholizacion o fenolizacion peridural, cervical, dorsal o lumbar",14851,94
EXPERTA ART,258,5035,Alcoholizacion o fenolizacion rama primaria de V par,14852,94
EXPERTA ART,258,5036,"Alcoholizacion o fenolizacion subaracnoidea cervical, dorsal o lumbar",14853,95
EXPERTA ART,258,5037,Amigdalectomia y/o adenoidectomia,13659,92
EXPERTA ART,258,5038,Amigdalectomia y/o adenoidectomia por radiofrecuencia,13660,93
EXPERTA ART,258,5827,Hemorragia post-adeno-amigdalectomia,14226,91
EXPERTA ART,258,6400,Reseccion de resto de amigdalectomia y/o resto de adeno-amigdalectomia,14630,91
EXPERTA ART,258,7609,Amigdalectomia  mas septumplastia,15508,94
EXPERTA ART,258,7610,Amigdalectomia  mas miringoplastia,15509,94
EXPERTA ART,258,7611,Amigdalectomia  mas colocacion de TTT,15510,94
EXPERTA ART,258,7529,Amigdalectomia  mas septumplastia mas colocacion de TTT,15511,95
EXPERTA ART,258,7530,Amigdalectomia  mas septumplastia mas miringoplastia,15512,95
EXPERTA ART,258,5039,Amniocentesis,13662,90
EXPERTA ART,258,5041,Amputacion de antebrazo,13663,95
EXPERTA ART,258,5042,Amputacion de brazo,13664,95
EXPERTA ART,258,5043,Amputacion de cuello como unico procedimiento,13665,90
EXPERTA ART,258,5044,Amputacion de dedo,13666,90
EXPERTA ART,258,5045,Amputacion de hasta 2 dedos del pie,13667,90
EXPERTA ART,258,5046,Amputacion de mano,13668,95
EXPERTA ART,258,5047,Amputacion de mas de 2 dedos del pie,13669,91
EXPERTA ART,258,5048,Amputacion de mas de 3 dedos,13670,91
EXPERTA ART,258,5049,Amputacion de menos de 3 dedos,13671,90
EXPERTA ART,258,5050,"Amputacion de muslo, pie o antepie",13672,92
EXPERTA ART,258,5053,Amputacion de pierna (supracondilea),13673,92
EXPERTA ART,258,5054,Amputacion inter-ilio-abdominal,13674,95
EXPERTA ART,258,5055,Amputacion inter-ilio-femoral,13675,94
EXPERTA ART,258,5056,Amputacion parcial o total de pene,13676,92
EXPERTA ART,258,5997,Mastectomia unilateral (amputacion simple de mama),14358,92
EXPERTA ART,258,5051,Amputacion de oreja,14854,91
EXPERTA ART,258,5462,Crioneurolisis de neuroma de amputacion,14955,92
EXPERTA ART,258,5040,Amputacion abdomino-perineal (operacion de Miles o similares) (se reseca recto y ano y se deja colosto- mia definitiva en FII),15359,95
EXPERTA ART,258,5052,Amputacion de pie,15473,92
EXPERTA ART,258,8500,"Analgesia peridural, lumbar o toracica, colocacion de cateter, puesta en marcha de la infusion. Dia 0",66589,92
EXPERTA ART,258,8503,"Analgesia peridural continua, con bomba, control dias subsiguientes a la colocacion. Hasta 72 hs. Por dia.",69333,90
EXPERTA ART,258,8504,"Analgesia peridural continua, sin bomba, control dias subsiguientes a la colocacion. Hasta 72 hs. Por dia.",69334,89
EXPERTA ART,258,8505,"Analgesia intratecal, controles dias subsiguientes. Por dia (hasta 48 hs)",69355,91
EXPERTA ART,258,8506,"Analgesia intratecal, dosis unica, colocacion",69356,91
EXPERTA ART,258,8516,"Analgesia sistemica continua, sin PCA, instalacion y puesta en marcha",69366,90
EXPERTA ART,258,8533,Control diario de analgesia sistemica sin bomba de infusion por dia,69383,90
EXPERTA ART,258,5057,Analgesia / anestesia raquidea o peridural en periodo expulsivo,13677,92
EXPERTA ART,258,5061,"Analgesia regional continua , primer dia cateter. Incluye colocacion de",14855,92
EXPERTA ART,258,5062,Analgesia regional continua c/24 hs o fraccion siguiente,14856,89
EXPERTA ART,258,5066,Analgesia regional continua con colocacion de cateter: 1ras 24 hs o fraccion siguiente,14857,91
EXPERTA ART,258,5067,"Analgesia regional continua, dias siguientes, por dia",14858,89
EXPERTA ART,258,5069,Analgesia regional por bloqueo subaracnoideo con fenol o similar,14859,90
EXPERTA ART,258,5077,Anestesia o sedacion-analgesia para fenolizacion de plexo vegetativo,14860,91
EXPERTA ART,258,5078,Anestesia o sedacion-analgesia para termolesion por rf,14861,92
EXPERTA ART,258,5143,Barbotaje de liquido cefaloraquideo / crioanalgesia,14873,90
EXPERTA ART,258,5220,"Bloqueo periferico para analgesia postquirurgica: interescalencio, infraclavicular, femoral, ciatico, etc.",14905,91
EXPERTA ART,258,6012,"Medicacion sistemica antalgica (neuroleptoanalgesia, agripnianalgesia): 1ras 24 hs o fraccion",15051,90
EXPERTA ART,258,6013,"Medicacion sistemica antalgica (neuroleptoanalgesia, agripnianalgesia): c/24hs o fraccion sig.",15204,89
EXPERTA ART,258,5059,Analgesia continua sistemica con o sin Pca. Controles,15208,89
EXPERTA ART,258,5064,"Analgesia regional continua con bomba de infusion para SDRC, (DSR) dias subsiguientes",15212,89
EXPERTA ART,258,5076,"Anestesia o sedacion-analgesia para bloqueos diagnosticos, corticoides",15216,90
EXPERTA ART,258,5058,Analgesia continua sistemica con o sin Pca. instalacion y primer dia de tratamiento,15218,90
EXPERTA ART,258,5879,Implante de cateter tunelizado para analgesia postop. o de corta duracion,15250,91
EXPERTA ART,258,5063,"Analgesia regional continua con bomba de infusion para SDRC, (DSR) colocacion y primer dia",15251,92
EXPERTA ART,258,7518,Adesiolisis radicular segun Raez. No incluye honorarios por analgesia,15281,95
EXPERTA ART,258,5060,Analgesia durante el trabajo de parto (peridural continua o perfusion de remifentanilo) menos de 90 minutos,15403,92
EXPERTA ART,258,5070,Anastomosis bilio-digestiva con o sin colecistectomia,13678,94
EXPERTA ART,258,5071,Anastomosis de conducto deferente,13679,90
EXPERTA ART,258,5072,Anastomosis pancreato-digestiva,13680,93
EXPERTA ART,258,5073,Anastomosis porto-cava o espleno-renal,13681,95
EXPERTA ART,258,5074,Anastomosis termino-terminal,13682,92
EXPERTA ART,258,5075,Anastomosis uretero-sigmoidea,13683,93
EXPERTA ART,258,5358,Coledoco-duodeno-anastomosis,13878,93
EXPERTA ART,258,5428,"Correccion de fistula biliar con anastomosis bilio-digestiva, con o sin colecistectomia",13930,94
EXPERTA ART,258,5479,Dacrio-cistorrinoanastomosis,13963,93
EXPERTA ART,258,5769,Fistula uretero-vaginal con anastomosis uretero-vesical,14183,94
EXPERTA ART,258,5774,Fistula vesico-utero-vaginal con anastomosis uretero-intestinal,14188,94
EXPERTA ART,258,5801,Gastroenteroanastomosis,14203,93
EXPERTA ART,258,5916,Injerto y/o anastomosis facial / hipogloso o similar,14294,92
EXPERTA ART,258,5658,Examen ginecologico bajo anestesia,69298,89
EXPERTA ART,258,8501,"Bloqueo peridural con anestesia local, opioides y/o corticoides (lumbar, Dorsal o Caudal)",69326,91
EXPERTA ART,258,8502,"Bloqueo peridural con anestesia local, opioides y/o corticoides (lumbar, Dorsal o Caudal) bajo radioscopia",69327,92
EXPERTA ART,258,8655,Anestesia para implante transitorio/definitivo de bomba intratecal (estimulador medular),71246,94
EXPERTA ART,258,5079,Anestesia para neurotomia (facial / glosofaringeo / neumogastrico),13684,91
EXPERTA ART,258,5080,Anestesia para neurotomia (infra o supraorbitaria / suboccipital / temporal superior),13685,91
EXPERTA ART,258,5657,Examen gineco-obstetrico bajo anestesia,14103,89
EXPERTA ART,258,6036,Movilizaciones bajo anestesia general o regional,14387,89
EXPERTA ART,258,6559,Trabajo de parto bajo anestesia epidural continua que fracasa y que termina en cesarea,14734,94
EXPERTA ART,258,5081,Anestesia para sesion de cobaltoterapia o acelerador,14862,90
EXPERTA ART,258,5082,Anestesia para terapia electroconvulsiva,14863,90
EXPERTA ART,258,5413,"Conduccion del trabajo de parto bajo anestesia epidural continua, que termina en parto (mas de 90 minutos)",15404,93
EXPERTA ART,258,5084,Aneurisma de la aorta abdominal complicado,13686,98
EXPERTA ART,258,5085,Aneurisma de la aorta abdominal no complicado,13687,95
EXPERTA ART,258,5086,Aneurisma del cayado de la aorta ascendente o descendente,13688,98
EXPERTA ART,258,5088,Aneurismas medulares,13689,95
EXPERTA ART,258,5089,Aneurismas o malformaciones A-V medulares,13690,95
EXPERTA ART,258,5090,Angiografia de control del tratamiento de aneurisma,13691,92
EXPERTA ART,258,5302,Cirugia de aneurisma cerebral (mas de 8 horas de duracion),13834,98
EXPERTA ART,258,5303,Cirugia de aneurisma cerebral (menos de 8 horas de duracion),13835,98
EXPERTA ART,258,5423,Correccion de aneurisma de fistula arterio-venosa,13925,93
EXPERTA ART,258,5424,Correccion de aneurisma o pseudo-aneurisma femoral,13926,94
EXPERTA ART,258,6592,Tratamiento de aneurisma con coils con o sin colocacion de stent,14760,95
EXPERTA ART,258,6595,Tratamiento de pseudoaneurisma con o sin colocacion de stent,14763,95
EXPERTA ART,258,6599,Tratamiento endovascular de aneurisma o pseudoaneurisma periferico,14766,94
EXPERTA ART,258,5087,Aneurisma ventricular,14865,95
EXPERTA ART,258,7551,Tratamiento endovascular aneurisma cerebral (embolizacion de aneurisma cerebral por hemodinamia),15532,95
EXPERTA ART,258,6601,Tratamiento endovascular de dos o mas aneurismas cerebrales (embolizacion de 2 o mas aneurismas cerebrales),15533,98
EXPERTA ART,258,7550,Tratamiento quirurgico de aneurisma o pseudo-aneurisma humeral o femoral con by-pass,15544,98
EXPERTA ART,258,7584,Angiodisplasia,15340,92
EXPERTA ART,258,5091,Angiografia de vasos de miembros inferior o superior,13692,92
EXPERTA ART,258,5092,Angiografia de vasos uterinos,13694,92
EXPERTA ART,258,5093,Angiografia del cuello,13695,92
EXPERTA ART,258,5094,Angiografia medular,13698,92
EXPERTA ART,258,5095,Angioplastia coronaria con o sin colocacion de stent,13699,94
EXPERTA ART,258,5096,Angioplastia de mas de un vaso con o sin stent,13700,93
EXPERTA ART,258,5097,Angioplastia de un vaso periferico con o sin stent,13701,92
EXPERTA ART,258,7536,Angioplastia o remplazo valvular en pacientes con ASA 4,15289,98
EXPERTA ART,258,7533,Correccion de coartacion de aorta en hemodinamia en el recien nacido (Angioplastia),15547,98
EXPERTA ART,258,5100,Anquilosis temporo-mandibular bilateral,14866,93
EXPERTA ART,258,5101,"Anquilosis temporo-mandibular, unilateral",14867,92
EXPERTA ART,258,5102,Antrotomia y atico-antrotomia,13704,92
EXPERTA ART,258,8542,Nucleoplastia y / o anuloplastia con Rf. ( 2 o 3 discos),69392,98
EXPERTA ART,258,5103,Anuloplastia mitral o tricuspidea,14868,95
EXPERTA ART,258,7505,Nucleoplastia y/o anuloplastia con Rf (un disco),15274,98
EXPERTA ART,258,7506,Nucleoplastia y/o anuloplastia con Rf (dos a tres discos),15278,98
EXPERTA ART,258,5104,Aortografia por cateterismo,13705,92
EXPERTA ART,258,5105,Aortografia por puncion,13706,91
EXPERTA ART,258,6707,Apendicectomia Convertida,60858,94
EXPERTA ART,258,5106,Apendicectomia por via convencional,13707,92
EXPERTA ART,258,5107,Apendicectomia por videolaparoscopia,13708,93
EXPERTA ART,258,5517,Diatermia o crioaplicacion escleral,13993,90
EXPERTA ART,258,6423,Retinopexia (diatermia y o crioaplicacion),14644,92
EXPERTA ART,258,5108,Aplicacion de laser en retina,15526,90
EXPERTA ART,258,5109,Aponeurotomia / fasciotomia cutanea,13710,90
EXPERTA ART,258,6703,Tac de Columna (Cada Area),60854,91
EXPERTA ART,258,5264,Cesarea,13803,93
EXPERTA ART,258,5265,Cesarea por placenta acreta o sus variedades con o sin embolizacion y que termina en histerectomia,13804,98
EXPERTA ART,258,6688,"Videolaparoscopia diagnostica (incluye endometriosis, prueba de Cote y ligadura tubarea bilateral)",14835,92
EXPERTA ART,258,6421,Resonancia (un area) con espectroscopia,15161,93
EXPERTA ART,258,6289,"RMN (dos areas), con o sin contraste",15166,92
EXPERTA ART,258,6290,"RMN (mas de dos areas), con o sin contraste",15167,93
EXPERTA ART,258,6291,"RMN (un area), con o sin contraste",15168,91
EXPERTA ART,258,6507,TAC de cerebro / orbita / cara / cuello (un area) (con o sin contraste),15175,90
EXPERTA ART,258,5110,Arreglos dentales de mas de 4 piezas (obturacion dentaria),13711,93
EXPERTA ART,258,5111,Arreglos dentales hasta 4 piezas (obturacion dentaria),13712,92
EXPERTA ART,258,5112,Arteriografia,13713,90
EXPERTA ART,258,5113,Arteriografia cerebral por cateterismo,13714,90
EXPERTA ART,258,5114,Arteriografia renal,13715,90
EXPERTA ART,258,6174,Panarteriografia cerebral,14469,92
EXPERTA ART,258,5115,Artrocentesis,13716,89
EXPERTA ART,258,5116,Artrodesis cervical,13717,95
EXPERTA ART,258,5117,Artrodesis de cadera,13718,93
EXPERTA ART,258,5118,Artrodesis de hasta tres dedos,13719,91
EXPERTA ART,258,5119,Artrodesis de hombro,13720,92
EXPERTA ART,258,5120,Artrodesis de mas de 3 dedos en miembro inferior,13721,92
EXPERTA ART,258,5121,Artrodesis de mas de tres dedos,13722,92
EXPERTA ART,258,5122,Artrodesis de menos de 3 dedos,13723,91
EXPERTA ART,258,5123,Artrodesis de menos de 3 dedos en miembro inferior,13724,91
EXPERTA ART,258,5124,Artrodesis de muñeca / tarso / hombro / codo,13725,92
EXPERTA ART,258,5125,Artrodesis de pie y tibioastragalina,13726,92
EXPERTA ART,258,5126,Artrodesis de rodilla,13727,92
EXPERTA ART,258,5127,Artrodesis dinamica de columna (colocacion de espaciadores),13728,95
EXPERTA ART,258,5128,Artrodesis instrumentada de columna cervical,13729,95
EXPERTA ART,258,5129,Artrodesis instrumentada de columna dorso-lumbar (tipo Harrington y similares),13730,95
EXPERTA ART,258,5130,Artrodesis tibio-peronea-astragalina o medio tarsiana de Chopart,13731,93
EXPERTA ART,258,7500,Artrodesis dorsal lumbar o sacra,15485,95
EXPERTA ART,258,5131,Artrolisis,13733,90
EXPERTA ART,258,5136,Artrotomia / artrolisis / exploracion intra-articular,13738,91
EXPERTA ART,258,5132,Artroplastia (no de cadera),13734,93
EXPERTA ART,258,5133,Artroplastia de cadera,13735,94
EXPERTA ART,258,5134,Artroplastia de hombro,13736,93
EXPERTA ART,258,5135,Artroplastia de un dedo,13737,91
EXPERTA ART,258,5821,Hemi-artroplastia de cadera,14219,93
EXPERTA ART,258,6337,Reemplazo parcial de cadera / hemi-artroplastia,14581,93
EXPERTA ART,258,6581,Trasplante oseo con artroplastias primarias,14749,95
EXPERTA ART,258,6583,Trasplante oseo en revision de artroplastias,14751,98
EXPERTA ART,258,5137,"Aspiracion, lavado e implante de vitreo",13739,92
EXPERTA ART,258,5139,Atresia ano-rectal en pediatria / malformaciones congenitas anorectales,13740,95
EXPERTA ART,258,5140,Atresia de coanas por via palatina,13741,94
EXPERTA ART,258,5141,Atresia de esofago por video-toracoscopia,13742,98
EXPERTA ART,258,5991,Malformaciones congenitas de esofago (atresia de esofago / fistula traqueo-esofagica),14353,95
EXPERTA ART,258,5142,Auriculotomia,14872,95
EXPERTA ART,258,5144,Bermellectomia,14874,90
EXPERTA ART,258,5182,Biopsia y/o cauterizacion de cuello uterino,69297,89
EXPERTA ART,258,5145,"Biopsia (peritoneo, epiplon, etc)",13745,91
EXPERTA ART,258,5146,Biopsia costal,13746,89
EXPERTA ART,258,5147,Biopsia de Daniels del hueco supraclavicular,13747,91
EXPERTA ART,258,5148,Biopsia de encia,13748,90
EXPERTA ART,258,5149,Biopsia de endocardio / miocardio en hemodinamia,13749,93
EXPERTA ART,258,5150,Biopsia de epididimo,13750,90
EXPERTA ART,258,5151,Biopsia de faringe y/o amigdala,13751,90
EXPERTA ART,258,5153,Biopsia de ganglios linfaticos de la pared toracica,13752,90
EXPERTA ART,258,5154,Biopsia de glandula salival,13753,90
EXPERTA ART,258,5155,Biopsia de higado a cielo abierto o laparoscopica,13754,91
EXPERTA ART,258,5156,Biopsia de higado laparoscopica,13755,91
EXPERTA ART,258,5157,Biopsia de laringe,13756,91
EXPERTA ART,258,5158,Biopsia de lesion nasofaringea,13757,90
EXPERTA ART,258,5159,Biopsia de mama unilateral,13758,90
EXPERTA ART,258,5160,Biopsia de pancreas a cielo abierto,13759,92
EXPERTA ART,258,5161,Biopsia de pene,13760,89
EXPERTA ART,258,5162,Biopsia de pericardio,13761,92
EXPERTA ART,258,5165,Biopsia de testiculo,13762,90
EXPERTA ART,258,5166,Biopsia de vagina,13763,89
EXPERTA ART,258,5167,Biopsia de vejiga,13764,90
EXPERTA ART,258,5168,Biopsia de vertebra,13765,91
EXPERTA ART,258,5169,Biopsia de vulva,13766,89
EXPERTA ART,258,5170,Biopsia del paladar,13767,90
EXPERTA ART,258,5171,Biopsia muscular,13768,90
EXPERTA ART,258,5173,Biopsia o sutura de la boca o mejilla,13769,90
EXPERTA ART,258,5175,Biopsia prostatica por puncion,13770,89
EXPERTA ART,258,5176,Biopsia quirurgica de femur o cadera,13771,91
EXPERTA ART,258,5177,Biopsia quirurgica de hueso (no de femur o cadera),13773,90
EXPERTA ART,258,5178,Biopsia radioquirurgica de mama,13774,91
EXPERTA ART,258,5179,Biopsia renal percutanea (quirofano),13775,89
EXPERTA ART,258,5180,Biopsia renal percutanea guiado por ecografia u otro metodo (fuera de quirofano),13776,90
EXPERTA ART,258,5181,Biopsia traqueal o bronquial,13777,90
EXPERTA ART,258,5405,Colonovideoscopia con o sin biopsia,13913,91
EXPERTA ART,258,5552,Drenaje pleural por toracotomia minima y/o biopsia pleural,14024,90
EXPERTA ART,258,5676,Exploracion renal con o sin biopsia,14119,91
EXPERTA ART,258,5718,Extraccion de cuerpo extraño de orbita / exploracion / biopsia / drenaje,14143,91
EXPERTA ART,258,5898,Incision y drenaje del CAE y/o biopsia,14286,90
EXPERTA ART,258,5899,Incision y drenaje/ biopsia o sutura de labio,14287,89
EXPERTA ART,258,6249,Puncion / biopsia de prostata bajo control ecografico,14535,90
EXPERTA ART,258,6252,Puncion biopsia de hueso,14538,89
EXPERTA ART,258,6253,Puncion biopsia de tiroides,14539,89
EXPERTA ART,258,6254,Puncion biopsia de tiroides a cielo abierto,14540,90
EXPERTA ART,258,6258,Puncion biopsia percutanea de bazo o pancreas,14541,89
EXPERTA ART,258,6259,Puncion biopsia percutanea de higado,14542,89
EXPERTA ART,258,6266,Puncion del seno con o sin insercion de sonda y/o biopsia de seno paranasal,14546,89
EXPERTA ART,258,6505,Sutura y/o biopsia de nariz,14709,90
EXPERTA ART,258,6557,Toracotomia exploradora amplia y/o biopsia pulmonar,14733,94
EXPERTA ART,258,5152,Biopsia de ganglios linfaticos de cuello,14875,90
EXPERTA ART,258,5163,Biopsia de piel en cabeza y/o cuello,14876,90
EXPERTA ART,258,5164,"Biopsia de piel, excepto en cabeza y cuello",14877,89
EXPERTA ART,258,5172,Biopsia o exeresis de ganglios linfaticos,14878,90
EXPERTA ART,258,5174,Biopsia osea a cielo abierto,14879,90
EXPERTA ART,258,6257,Puncion biopsia guiada por ecografia,15113,91
EXPERTA ART,258,6255,Puncion biopsia guiada por TAC (fuera de quirofano),15114,90
EXPERTA ART,258,7594,Biopsia Pulmonar o Mediastinal por video-toracoscopia,15371,92
EXPERTA ART,258,6127,Operacion del hueco supraclavicular (tipo biopsia de Daniels),15480,91
EXPERTA ART,258,5184,Blefaroplastia bilateral,14880,93
EXPERTA ART,258,5185,"Blefaroplastia simple, no estetica",14881,92
EXPERTA ART,258,8103,Blefaroplastia unilateral,15254,92
EXPERTA ART,258,5183,Blefaroplastia,15524,92
EXPERTA ART,258,7778,"Bloqueo regional periferico dosis unica, un solo nervio, eco guiado",69275,91
EXPERTA ART,258,7779,"Bloqueo regional periferico dosis unica, mas de un nervio, eco guiado",69276,92
EXPERTA ART,258,7780,"Bloqueo regional periferico continuo con cateter, sin bomba control dias sub siguientes a la colocacion (hasta 72 horas) por dia",69277,89
EXPERTA ART,258,7781,"Bloqueo regional periferico continuo con cateter, con bomba control dias subsiguientes a la colocacion (hasta 72 horas) por dia",69278,90
EXPERTA ART,258,7782,"Bloqueo del musculo erector espinal, ecoguiado, dosis unica",69279,91
EXPERTA ART,258,7783,"Bloqueo del musculo erector espinal, ecoguiado continuo. Colocacion de cateter",69280,92
EXPERTA ART,258,7784,"Bloqueo del musculo erector espinal, continuo, sin bomba, control dias subsiguientes hasta 48 por dia",69281,89
EXPERTA ART,258,7785,"Bloqueo del musculo erector espinal, continuo, con bomba, control dias subsiguientes hasta 48 horas por dia",69282,90
EXPERTA ART,258,7787,Bloqueo radicular selectivo cervical/dorsal o lumbar (hasta 2 niveles),69283,93
EXPERTA ART,258,7786,Bloqueo radicular selectivo cervical/dorsal o lumbar (mas de 2 niveles),69284,94
EXPERTA ART,258,7788,Bloqueo radicular selectivo (hasta 2 niveles),69285,92
EXPERTA ART,258,7789,Bloqueo radicular selectivo (mas de 2 niveles),69286,93
EXPERTA ART,258,8517,Bloqueo del nervio Occipital Mayor unilateral,69367,93
EXPERTA ART,258,8518,Bloqueo diagnostico de cadera/hombro,69368,94
EXPERTA ART,258,8519,Bloqueo diagnostico del ganglio estrellado,69369,94
EXPERTA ART,258,8520,"Bloqueo facetario cervical, dorsal o lumbar bajo radioscopia",69370,94
EXPERTA ART,258,8521,"Bloqueo ganglio simpatico toracico, lumbar, dorsal o hipogastrico superior",69371,95
EXPERTA ART,258,8525,Bloqueo paravertebral unilateral,69375,93
EXPERTA ART,258,8526,Bloqueo terapeutico de rodilla (N. geniculados) unilateral,69376,93
EXPERTA ART,258,8527,Bloqueo transforminal (mas de 1 nivel),69377,93
EXPERTA ART,258,8528,Bloqueo transforminal selectivo,69378,92
EXPERTA ART,258,8654,"Bloqueo regional continuo, con colocacion de cateter, eco guiado. Dia 0",69399,92
EXPERTA ART,258,5215,Bloqueo extra-craneal antalgico,13779,90
EXPERTA ART,258,5186,Bloqueo de G Esfenopalatino,14882,94
EXPERTA ART,258,5191,Bloqueo de hasta dos nervios craneales (no G de Gasser) x sesion,14883,90
EXPERTA ART,258,5192,Bloqueo de mas de dos nervios craneales (no G Gasser) por sesion,14884,91
EXPERTA ART,258,5193,Bloqueo de nervio periferico por sesion,14885,89
EXPERTA ART,258,5194,Bloqueo diagnostico / terapeutico de hombro,14886,90
EXPERTA ART,258,5195,Bloqueo diagnostico / terapeutico de rodilla,14887,90
EXPERTA ART,258,5196,Bloqueo diagnostico articulacion atlanto axoidea uni o bilateral,14888,91
EXPERTA ART,258,5197,Bloqueo diagnostico articulacion atlanto-occipital uni o bilateral,14889,91
EXPERTA ART,258,5198,Bloqueo diagnostico de cadera,14890,91
EXPERTA ART,258,5199,"Bloqueo diagnostico diferencial, por sesion",14891,89
EXPERTA ART,258,5200,Bloqueo diagnostico ganglio de Walter,14892,92
EXPERTA ART,258,5201,Bloqueo diagnostico nervio periferico bajo radioscopia,14894,91
EXPERTA ART,258,5202,Bloqueo diagnostico nervio periferico sin Rx,14895,90
EXPERTA ART,258,5203,"Bloqueo diagnostico o neurolisis de plexo celiaco, ganglio estrellado, o similar .",14896,90
EXPERTA ART,258,5204,Bloqueo diagnostico o terapeutico art sacro-iliaca bilateral,14897,93
EXPERTA ART,258,5205,Bloqueo diagnostico o terapeutico art sacro-iliaca unilateral,14898,92
EXPERTA ART,258,5206,Bloqueo diagnostico o terapeutico de G Estrellado. Unilateral,14899,91
EXPERTA ART,258,5207,Bloqueo diagnostico o terapeutico de G Simpatico lumbar.,14900,92
EXPERTA ART,258,5210,Bloqueo diagnostico o terapeutico de Ganglio de Walther,14901,91
EXPERTA ART,258,5216,Bloqueo facetario diagnostico ( hasta dos facetas),14902,92
EXPERTA ART,258,5217,Bloqueo facetario diagnostico (mas de 2 facetas),14903,93
EXPERTA ART,258,5219,Bloqueo paravertebral mas de dos nervios por sesion,14904,91
EXPERTA ART,258,5223,Bloqueo transforaminal (mas de 1 nivel),14906,92
EXPERTA ART,258,5218,Bloqueo paravertebral hasta dos nervios,15213,90
EXPERTA ART,258,5221,Bloqueo regional Bier con farmacos para diagnostico,15214,90
EXPERTA ART,258,5222,Bloqueo transforaminal (1 nivel),15243,91
EXPERTA ART,258,5209,Bloqueo diagnostico o terapeutico de G Estrellado guiado por imagenes,15252,92
EXPERTA ART,258,5212,Bloqueo diagnostico o terapeutico facetario (art cervical o dorsal) (una faceta),15265,93
EXPERTA ART,258,5213,Bloqueo diagnostico/ terapeutico   facetario art cervicalo dorsal (masde1faceta),15267,93
EXPERTA ART,258,5208,Bloqueo diagnostico o terapeutico de G Simpatico toracico,15269,93
EXPERTA ART,258,7523,Rf. / Bloqueo de Ganglio de Gasser,15282,95
EXPERTA ART,258,7593,Bloqueo nervio frenico  para neumotorax recidivante,15365,91
EXPERTA ART,258,5225,Bocio endotoracico,13780,94
EXPERTA ART,258,5227,Braquiterapia ginecologica (colocacion de radium intra-cavitario),13781,91
EXPERTA ART,258,5228,Braquiterapia intersticial de cabeza y cuello,14908,91
EXPERTA ART,258,5230,Braquiterapia urologica,14909,91
EXPERTA ART,258,5231,Braquiterapia urologica con abordaje abdominal para reseccion de plexos hipogastricos,14910,94
EXPERTA ART,258,5229,Braquiterapia intersticial de partes blandas,15245,91
EXPERTA ART,258,5226,Braquiterapia en cancer de prostata,15429,91
EXPERTA ART,258,5232,Broncorrafia,13782,93
EXPERTA ART,258,5233,Broncoscopia con broncoscopio rigido,13783,91
EXPERTA ART,258,5234,Bursitis,13784,90
EXPERTA ART,258,6387,Reseccion de exostosis y bursitis (operacion de Haglund - prolongacion osea en el dorso del talon -),14622,90
EXPERTA ART,258,5237,Cadera en resorte,13788,93
EXPERTA ART,258,5395,Colocacion de tutor externo (excepto de cadera y maxilar),13903,92
EXPERTA ART,258,5396,Colocacion de tutor externo de cadera,13904,93
EXPERTA ART,258,5446,"Correccion quirurgica de luxacion congenita de cadera, cruenta, con o sin osteotomia",13950,94
EXPERTA ART,258,5536,Displasia de cadera,14005,92
EXPERTA ART,258,5731,Extraccion de placas y/o tornillos (no de rodilla ni de cadera),14155,90
EXPERTA ART,258,5732,Extraccion de placas y/o tornillos de cadera o rodilla,14156,91
EXPERTA ART,258,5736,Extraccion de protesis total de cadera,14159,93
EXPERTA ART,258,5738,Extraccion de protesis y reemplazo en el mismo acto (rodilla o cadera),14161,95
EXPERTA ART,258,6150,"Osteosintesis de hombro, rodilla y cadera",14450,93
EXPERTA ART,258,6331,"Reduccion incruenta de luxaciones (hombro, codo, cadera, rodilla)",14576,90
EXPERTA ART,258,6338,Reemplazo total de cadera,14582,95
EXPERTA ART,258,6430,Revision de osteosintesis (no de cadera),14650,93
EXPERTA ART,258,6431,Revision de osteosintesis de cadera,14651,94
EXPERTA ART,258,6433,Revision de protesis total de cadera,14653,95
EXPERTA ART,258,6552,Toillete quirurgico de cadera,14729,91
EXPERTA ART,258,6677,Video-artroscopia de cadera,14825,94
EXPERTA ART,258,5902,"Infiltracion art rodilla, cadera, codo, hombro y otras, guiadas por, (art adic)",15016,91
EXPERTA ART,258,5903,"Infiltracion art rodilla, cadera, codo, hombro y otras. art adicional",15017,90
EXPERTA ART,258,5905,"Infiltracion articulacion rodilla, cadera, codo, hombro y otras una",15018,90
EXPERTA ART,258,5980,Liposuccion de cadera,15040,93
EXPERTA ART,258,8118,Reduccion incruenta de luxacion (ejemplo cadera),15470,90
EXPERTA ART,258,5735,Extraccion de protesis parcial de cadera,15474,92
EXPERTA ART,258,6410,Reseccion parcial de cadera,15475,93
EXPERTA ART,258,6323,Reduccion cruenta de luxacion de cadera,15479,93
EXPERTA ART,258,8115,Reduccion incruenta de luxacion de cadera,15481,90
EXPERTA ART,258,5238,Calcificaciones de hombro,13789,90
EXPERTA ART,258,10005,Recambio o retirada de bomba de infusion continua,69332,94
EXPERTA ART,258,5240,Cambio de generador,13790,91
EXPERTA ART,258,6297,Recambio de cateter de derivacion ventriculo-peritoneal,14565,92
EXPERTA ART,258,6436,Revision y recambio de protesis de hombro,14656,95
EXPERTA ART,258,5239,Cambio Implantes,14911,94
EXPERTA ART,258,6358,"Reintervencion alejada mas de 24 horas (cambio de valvula, by-pass, protesis, banding)",15146,98
EXPERTA ART,258,5243,Canalizacion de via central,15232,90
EXPERTA ART,258,5241,Canalizacion arterial,15233,90
EXPERTA ART,258,5242,Canalizacion de venas o arterias como unico procedimiento,15538,89
EXPERTA ART,258,5244,Cantotomia externa,15227,90
EXPERTA ART,258,5245,Capsulectomia,15242,91
EXPERTA ART,258,5246,Capsuloplastia,13791,91
EXPERTA ART,258,10002,Capsulotomia,69331,90
EXPERTA ART,258,5247,Capsulotomia (cristalino),13792,90
EXPERTA ART,258,5248,Cardiomioplastia,14912,95
EXPERTA ART,258,5249,Cardiorrafia,14913,94
EXPERTA ART,258,5250,Cardioversion electrica de arritmias,13793,90
EXPERTA ART,258,5251,Caruncula uretral,13794,89
EXPERTA ART,258,5253,Cateterismo cardiaco mas angiocardiografia,13795,91
EXPERTA ART,258,5254,Cateterismo cardiaco para toma de presiones y muestras de sangre,13796,91
EXPERTA ART,258,5255,Cateterismo de ambas carotidas con o sin colocacion de stents,13797,93
EXPERTA ART,258,5256,Cateterismo del ureter,13798,90
EXPERTA ART,258,5257,Cateterismo vesical / cistomanometria,13799,91
EXPERTA ART,258,8102,Cateterismo cardiaco mas angiocardiografia CA,15541,92
EXPERTA ART,258,5258,Cauterizacion del cuello uterino con laser,13800,91
EXPERTA ART,258,5259,Cavernostomia,15368,93
EXPERTA ART,258,5260,Cavografia toracica o abdominal (colocacion de portacath),13801,91
EXPERTA ART,258,6200,Pie Bot / cavo / equino unilateral,14491,92
EXPERTA ART,258,7542,"Tetralogia de Fallot, canal atrioventricular, Tubo VD-AP, Anomalia total del retorno venoso pulmonar, Estenosis SubAo, Comisurotomia Ao o Pulmonar, Valvuloplatia Ao o Pulmonar, Glenn, Cavopulmonar, Cirugia de MAZE, Sindrome de Cimitarra, Rastelli, Senning, Jatene, Cirugia de Ross no en el recien nacido",15287,98
EXPERTA ART,258,5261,Cecostomia,15324,91
EXPERTA ART,258,5262,Centellograma oseo radio-isotopico,14914,90
EXPERTA ART,258,5263,Cerclaje (correccion de incontinencia cervical),13802,90
EXPERTA ART,258,5335,"Cirugias de cardiopatias congenitas sin CEC (cierre de ductus, cerclaje de arteria pulmonar, coartacion de aorta)",14926,95
EXPERTA ART,258,7543,"Cirugias de cardiopatias congenitas complejas (transposicion, tronco arterioso, ductus arterioso permiable, cerclaje de la arteria pulmonar, anillo vascular, subclavia drecha aberrante)",15285,98
EXPERTA ART,258,8108,Colpopexia / cerclaje,15395,91
EXPERTA ART,258,5712,Extraccion de cuerpo extraño de cerebro,14136,94
EXPERTA ART,258,5884,Implante de material radioactivo en cerebro,14279,98
EXPERTA ART,258,5266,Chalazion,15522,89
EXPERTA ART,258,5267,Cicatriz retractil de cuello / reseccion e injerto,14915,92
EXPERTA ART,258,6376,Reseccion de cicatriz grande / zetoplastia,15150,92
EXPERTA ART,258,6377,Reseccion de cicatriz retractil en cuello con o sin injerto,15151,93
EXPERTA ART,258,6378,Reseccion simple de cicatriz,15220,90
EXPERTA ART,258,6388,Reseccion de gran cicatriz / zetaplastia,15241,91
EXPERTA ART,258,5268,Cierre de Hartmann,13805,93
EXPERTA ART,258,5269,Cierre de Hartmann por videolaparoscopia,13806,94
EXPERTA ART,258,5270,Cierre de colostomia,13807,91
EXPERTA ART,258,5272,Cierre de defectos septales con dispositivos de tipo Amplatzer,13808,95
EXPERTA ART,258,5273,Cierre de defectos septales congenitos simples en hemodinamia,13809,94
EXPERTA ART,258,5274,Cierre de ductus arterioso permeable con coils o similar en hemodinamia,13810,95
EXPERTA ART,258,5275,Cierre de faringostomia,13811,92
EXPERTA ART,258,5276,Cierre de fistula arterio-venosa de hemodialisis,13812,91
EXPERTA ART,258,5277,Cierre de fistula branquial y/o quiste branquial o vestigio,13813,92
EXPERTA ART,258,5278,Cierre de fistula bronco-cutanea,13814,92
EXPERTA ART,258,5279,Cierre de fistula esofago-cutanea,13816,94
EXPERTA ART,258,5280,Cierre de fistula externa de boca,13818,91
EXPERTA ART,258,5281,Cierre de fistula mastoidea,13819,92
EXPERTA ART,258,5282,Cierre de fistula meningea por via transinusal,13820,93
EXPERTA ART,258,5283,Cierre de fistula oral del seno maxilar (buco-antral),13821,92
EXPERTA ART,258,5284,Cierre de fistula traqueo-esofagica,13822,94
EXPERTA ART,258,5285,Cierre de fistula uretro-rectal,13824,92
EXPERTA ART,258,5286,Cierre de gastrostomia y/o fistula gastrica,13825,92
EXPERTA ART,258,5288,Cierre de ileostomia,13826,91
EXPERTA ART,258,5289,Cierre de traqueostomia,13827,90
EXPERTA ART,258,6643,ulcera perforada / gastrorrafia/ herida perforada / cierre de fistula gastrica,14799,93
EXPERTA ART,258,5271,Cierre de defectos septales adquiridos,14916,95
EXPERTA ART,258,5287,Cierre de grandes defectos con combinacion de varios colgajos,14918,93
EXPERTA ART,258,5290,Cierre diferido de torax posterior a cirugia cardiaca,14920,94
EXPERTA ART,258,5334,Cirugias de cardiopatias congenitas simples (cierre de defectos septales),14925,95
EXPERTA ART,258,5637,Estafilorrafia (cierre del paladar blando),14980,91
EXPERTA ART,258,6614,Tumor benigno de mas de 5 cm / extirpacion y cierre plastico,15194,91
EXPERTA ART,258,5291,Circuncision,15408,91
EXPERTA ART,258,7000,Cirugia Suspendida,43224,89
EXPERTA ART,258,6704,Cirugia de Bahas,60855,94
EXPERTA ART,258,9008,Cirugias Cardiacas con valor diferenciado Clinica Reg. Del Sud,69335,61
EXPERTA ART,258,8529,Cirugia tricompartimental de piso pelvico,69379,93
EXPERTA ART,258,5292,Cirugia antireflujo esofagico (Nissen) a cielo abierto,13828,93
EXPERTA ART,258,5293,Cirugia artroscopica de hombro (cirugia de Bankart artroscopica y similares),13829,93
EXPERTA ART,258,5295,"Cirugia compleja de columna (escoliosis congenita / adquirida, con test del despertar o potenciales evocados)",13830,98
EXPERTA ART,258,5296,"Cirugia compleja de columna, con abordaje anterior y posterior y/o con patologia asociada",13831,98
EXPERTA ART,258,5298,Cirugia de Bricker (cistectomia radical + reemplazo vesical con asa ileal),13832,96
EXPERTA ART,258,5301,Cirugia de agenesia del CAE,13833,92
EXPERTA ART,258,5306,Cirugia de craneo video-asistida (mas de 8 horas de duracion),13836,98
EXPERTA ART,258,5307,Cirugia de craneo video-asistida (menos de 8 horas de duracion),13837,98
EXPERTA ART,258,5308,"Cirugia de la 1ra porcion del nervio facial, el nervio auditivo o el vestibular",13838,94
EXPERTA ART,258,5309,Cirugia de la 2da y 3ra porcion del nervio facial,13839,94
EXPERTA ART,258,5311,"Cirugia de la fosa pterigo-maxilar (exploracion, escision de tumores, etc)",13840,93
EXPERTA ART,258,5312,Cirugia de la obesidad (by-pass gastrico) a cielo abierto,13841,95
EXPERTA ART,258,5313,Cirugia de la obesidad (by-pass gastrico) por video,13842,98
EXPERTA ART,258,5314,Cirugia de la obesidad (manga gastrica) por video,13843,95
EXPERTA ART,258,5315,Cirugia de la vena cava,13844,94
EXPERTA ART,258,5316,Cirugia de las arritmias / colocacion de cardio-desfibrilador endocavitario,13845,95
EXPERTA ART,258,5317,Cirugia de las ramas de la aorta abdominal,13846,94
EXPERTA ART,258,5318,Cirugia de los grandes troncos arterio-venosos del torax,13847,94
EXPERTA ART,258,5319,Cirugia de tumores etmoidales,13848,93
EXPERTA ART,258,5320,Cirugia del conducto auditivo interno y su contenido,13849,94
EXPERTA ART,258,5321,Cirugia del glomus yugularis,13850,94
EXPERTA ART,258,5322,Cirugia del saco endolinfatico,13851,93
EXPERTA ART,258,5323,Cirugia endoscopica de tejido linfoideo rino-faringeo,13852,92
EXPERTA ART,258,5325,Cirugia para el tratamiento del mal de Parkinson (menos de 8 horas de duracion),13854,98
EXPERTA ART,258,5326,Cirugia plastica por agenesia del oido medio,13855,94
EXPERTA ART,258,5330,Cirugia vasculo-renal,13856,93
EXPERTA ART,258,5331,Cirugia videoartroscopica de codo,13857,93
EXPERTA ART,258,5332,Cirugia videoartroscopica de hombro (cirugia de Bankart artroscopica y similar),13858,93
EXPERTA ART,258,5336,Cirugias intra-uterinas a cielo abierto o por puncion,13859,96
EXPERTA ART,258,5497,Dermolipectomia post-cirugia bariatrica,13975,94
EXPERTA ART,258,5756,Facoexeresis con implante de lente intraocular (cirugia de cataratas),14172,93
EXPERTA ART,258,5816,Gran cirugia reconstructora de mano,14214,95
EXPERTA ART,258,5850,Hernia hiatal por videolaparoscopia (cirugia antireflujo por videolaparoscopia),14253,94
EXPERTA ART,258,6020,Microcirugia de la via espermal,14373,98
EXPERTA ART,258,6021,Microcirugia de laringe,14374,92
EXPERTA ART,258,6022,Microcirugia tubaria unilateral,14375,93
EXPERTA ART,258,6023,Microcirugia tubaria unilateral por videolaparoscopia,14376,95
EXPERTA ART,258,6350,Reimplante de miembros o dedos por microcirugia,14594,98
EXPERTA ART,258,6352,Reimplante total o parcial de miembro con microcirugia,14595,98
EXPERTA ART,258,6664,Varices residuales (microcirugia),14815,91
EXPERTA ART,258,5297,Cirugia coronaria o valvular por mini-toracotomia,14921,98
EXPERTA ART,258,5304,Cirugia de by-pass aorto-coronario,14922,95
EXPERTA ART,258,5300,Cirugia de Norwood,14923,96
EXPERTA ART,258,5327,Cirugia reductiva bilateral de mama,14924,98
EXPERTA ART,258,5368,Colgajos libres con micro-cirugia vascular,14936,94
EXPERTA ART,258,5887,Implante mamario en cirugia reconstructiva,15014,94
EXPERTA ART,258,5999,Mastomegalia / cirugia reductora no estetica unilateral,15043,94
EXPERTA ART,258,6292,Radioneurocirugia esterotaxica,15119,95
EXPERTA ART,258,6344,Reemplazo valvular o bi-valvular con cirugia de revascularizacion,15144,96
EXPERTA ART,258,6351,Reimplante de oreja con microcirugia vascular,15145,94
EXPERTA ART,258,7537,Cirugia de  by- pass aorto- coronaria sin CEC,15284,98
EXPERTA ART,258,7538,cirugia de Co Ao (con o sin CEC),15286,98
EXPERTA ART,258,7541,"Cirugia de transposicion de grandes vasos, Tronco arterioso, Norwood, Anomalia total del retorno venoso",15293,96
EXPERTA ART,258,6700,Cirugia reduccion volumenes pulmonares por video,15370,99
EXPERTA ART,258,6701,Cirugia de adecuacion de sexo,15398,106
EXPERTA ART,258,7528,"Cirugia de Mitrofanoff (apendico-vesicostomia) (ptes paraplejicos, vejiga neurogenica, espina bifida)",15428,95
EXPERTA ART,258,5305,Cirugia de columna por videofibroscopia,15487,98
EXPERTA ART,258,5324,Cirugia para el tratamiento del mal de Parkinson (mas de 8 horas de duracion)8,15537,98
EXPERTA ART,258,5310,Cirugia de la carotida,15542,94
EXPERTA ART,258,5337,Cistectomia parcial,13861,93
EXPERTA ART,258,5338,Cistectomia parcial con reimplante de ureter,13862,93
EXPERTA ART,258,5339,Cistectomia parcial o total por video-laparoscopia,13863,95
EXPERTA ART,258,5340,Cistectomia total,13864,94
EXPERTA ART,258,5348,Colecistectomia laparoscopica convertida,13869,94
EXPERTA ART,258,5349,Colecistectomia simple,13870,92
EXPERTA ART,258,5554,Duodeno-papilotomia con o sin colecistectomia,14026,93
EXPERTA ART,258,5671,Exploracion de las vias biliares por laparoscopia con o sin colecistectomia,14114,94
EXPERTA ART,258,5672,Exploracion de vias biliares con o sin colecistectomia,14115,93
EXPERTA ART,258,5673,Exploracion de vias biliares por via laparoscopica con o sin colecistectomia,14116,94
EXPERTA ART,258,6044,Nefro-ureterectomia con o sin cistectomia parcial,14393,95
EXPERTA ART,258,5347,Colecistectomia por videolaparoscopia,15305,93
EXPERTA ART,258,5341,Cistoplastia,13865,93
EXPERTA ART,258,6709,Cistorrafia por Videolaparoscopia,60860,92
EXPERTA ART,258,5342,Cistorrafia,13866,90
EXPERTA ART,258,5343,Cistostomia (talla vesical),13867,90
EXPERTA ART,258,5350,Colecistostomia,13871,92
EXPERTA ART,258,5351,Colecistostomia percutanea,15302,91
EXPERTA ART,258,5564,Electrocoagulacion de cornetes,14031,91
EXPERTA ART,258,5612,Escision o electrocoagulacion de amigdala lingual,14071,90
EXPERTA ART,258,5784,Fotocoagulacion de retina,14197,90
EXPERTA ART,258,6409,Reseccion endoscopica de vejiga por electrocoagulacion (TUR-V),14633,92
EXPERTA ART,258,7583,Coagulacion de angiodisplacias con argon plasma,15339,92
EXPERTA ART,258,5426,Correccion de coartacion de aorta en hemodinamia,13928,95
EXPERTA ART,258,5344,Coartacion de aorta con CEC (CEC: circulacion extra-corporea),14927,95
EXPERTA ART,258,5345,Coartacion de aorta sin CEC (CEC: circulacion extra-corporea),14928,95
EXPERTA ART,258,5346,Cobalto-terapia,13868,92
EXPERTA ART,258,5352,Colectomia o hemicolectomia abdomino -pelvica (operacion de Miles),13872,95
EXPERTA ART,258,5354,Colectomia total por videolaparoscopia,13873,96
EXPERTA ART,258,5355,Colectomia transversa segmentaria (operacion de Hartmann),13875,94
EXPERTA ART,258,5356,Colectomia transversa segmentaria de Hartman por videolaparoscopia (Hartman laparoscopica),13876,95
EXPERTA ART,258,5357,Colectomia transversa segmentaria por videolaparoscopia (Hartman laparoscopica),13877,95
EXPERTA ART,258,5823,Hemicolectomia,14221,94
EXPERTA ART,258,5824,Hemicolectomia por videolaparoscopia,14222,95
EXPERTA ART,258,5353,Colectomia total,15330,95
EXPERTA ART,258,7524,Colectomia o hemicolectomia abdomino -pelvica (operacion de Miles) por videolaparoscopia,15331,98
EXPERTA ART,258,5359,Coledocotomia como unica intervencion,15304,92
EXPERTA ART,258,5360,Colesteatoma,13879,92
EXPERTA ART,258,5600,Escision ampliada de mucosa yugal y recomposicion inmediata con injerto o colgajo,14060,93
EXPERTA ART,258,5914,Injerto o colgajo de piel de dedos (hasta 3),14292,90
EXPERTA ART,258,5915,Injerto o colgajo de piel de dedos (mas de 3),14293,91
EXPERTA ART,258,6309,Reconstruccion diferida de piramide nasal con colgajo,14568,92
EXPERTA ART,258,6318,Reconstruccion total de paladar inmediata con injerto o colgajo,14569,95
EXPERTA ART,258,5361,Colgajo alejado,14929,92
EXPERTA ART,258,5362,Colgajo de vecindad,14930,91
EXPERTA ART,258,5363,Colgajo de vecindad o a la distancia para reconstruccion total de labio,14931,93
EXPERTA ART,258,5364,Colgajo diferido,14932,91
EXPERTA ART,258,5365,"Colgajo en isla, reparacion de ceja",14933,91
EXPERTA ART,258,5366,Colgajo miocutaneo,14934,92
EXPERTA ART,258,5367,Colgajo para reconstruccion parcial de labio,14935,91
EXPERTA ART,258,5754,"FLAP unilateral completo (FLAP: colgajo, segmento de tejido que se trasplanta de una zona a otra del cuerpo)",14997,94
EXPERTA ART,258,6306,reconstruccion de oreja parcial o total mediante colgajos y o injertos,15130,92
EXPERTA ART,258,6311,Reconstruccion mamaria con colgajo cutaneo o miocutaneo,15133,95
EXPERTA ART,258,6310,Reconstruccion mamaria con TRAM (colgajo miocutaneo del recto abdominal transverso),15135,98
EXPERTA ART,258,6315,Reconstruccion total de nariz mediante colgajos,15138,93
EXPERTA ART,258,6626,"Tumor de labio superior e inferior, con o sin colgajos",15195,94
EXPERTA ART,258,5755,"FLAP unilateral incompleto (FLAP: colgajo, segmento de tejido que se trasplanta de una zona",15258,93
EXPERTA ART,258,5678,Extirpacion de apendices pre-auriculares (coloboma auris),14120,90
EXPERTA ART,258,5369,"Coloboma de parpado, reconstruccion simple",14937,90
EXPERTA ART,258,7794,Titulacion espinal de opioides para colocacion de bomba implantables (test),69291,93
EXPERTA ART,258,9541,Colocacion de Protesis,69346,95
EXPERTA ART,258,5371,"Colocacion de VAC (vacum, por ejemplo en rodilla)",13880,89
EXPERTA ART,258,5373,Colocacion de cateter intra-hepatico para quimioterapia,13881,92
EXPERTA ART,258,5374,Colocacion de cateter para medicion de PIC (PIC: presion intra-craneal),13882,93
EXPERTA ART,258,5375,Colocacion de coils en vasculatura toracica o abdominal,13883,94
EXPERTA ART,258,5377,Colocacion de endoprotesis de aorta en hemodinamia,13884,95
EXPERTA ART,258,5378,Colocacion de endoprotesis en arterias o venas toracicas o abdominales,13885,98
EXPERTA ART,258,5379,Colocacion de esfinter artificial,13886,92
EXPERTA ART,258,5380,Colocacion de filtros en la vena cava,13887,93
EXPERTA ART,258,5381,Colocacion de marcapaso endocavitario,13888,91
EXPERTA ART,258,5382,Colocacion de marcapaso epicardico,13889,92
EXPERTA ART,258,5383,Colocacion de protesis / stent en esofago,13890,91
EXPERTA ART,258,5384,Colocacion de protesis cervical / dorsal / o lumbar,13891,95
EXPERTA ART,258,5385,Colocacion de radium intra-cavitario,13892,91
EXPERTA ART,258,5386,Colocacion de semillas radioactivas transrectal,13893,92
EXPERTA ART,258,5387,Colocacion de sonda de alimentacion por endoscopia,13894,90
EXPERTA ART,258,5388,Colocacion de stent colonico,13895,91
EXPERTA ART,258,5389,Colocacion de stent en duodeno por endoscopia,13896,91
EXPERTA ART,258,5390,Colocacion de stent en la  via biliar por endoscopia,13897,92
EXPERTA ART,258,5392,Colocacion de stent traqueal o bronquial,13899,93
EXPERTA ART,258,5393,Colocacion de taponaje vesical,13901,90
EXPERTA ART,258,5394,Colocacion de tips para cirrosis,13902,92
EXPERTA ART,258,5397,Colocacion de tutor externo maxilar,13905,93
EXPERTA ART,258,5399,Colocacion de via central / colocacion cateter doble Y / tunelizado / cateter para quimioterapia / cateter picc,13907,91
EXPERTA ART,258,5400,"Colocacion de yeso de antebrazo, braquipalmar, pierna o pedico",13908,89
EXPERTA ART,258,5402,Colocacion o extraccion de balon gastrico en obesidad (gastroenterologia),13909,92
EXPERTA ART,258,5403,Colocacion percutanea de stents para las vias biliares (por puncion hepatica),13910,93
EXPERTA ART,258,5404,Colocacion y extraccion de yesos,13912,89
EXPERTA ART,258,5444,"Correccion incontinencia orina (Bursch, Marshal- Marchetti, colocacion de malla de Sling)",13947,92
EXPERTA ART,258,5477,"DIU, colocacion o extraccion",13961,89
EXPERTA ART,258,5522,Dilatacion de traquea y/o colocacion de stent bronquial,13999,93
EXPERTA ART,258,5523,Dilatacion del ureter + colocacion de pig-tail,14000,91
EXPERTA ART,258,5804,Gastrostomia (colocacion / extraccion y/o recolocacion) (tipo boton gastrico),14206,91
EXPERTA ART,258,6032,Miringotomia (paracentesis) con o sin colocacion de tubos trans-timpanicos (diabolos o similar),14384,90
EXPERTA ART,258,6363,Reparacion de hernia con colocacion de malla de tipo Marlex o similares,14606,92
EXPERTA ART,258,5376,Colocacion de desfibrilador interno,14938,93
EXPERTA ART,258,5370,Colocacion de expansor mamario,15259,93
EXPERTA ART,258,7552,Mastectomia bilateral con colocacion de protesis,15292,98
EXPERTA ART,258,7585,Colocacion de balon intragastrico,15341,92
EXPERTA ART,258,8111,Colocacion de cateter doble “J” (tipo pig-tail o similares),15415,91
EXPERTA ART,258,8113,Colocacion de cateter de pig-tail,15422,91
EXPERTA ART,258,5401,"Colocacion de yeso de tipo: minerva, corse, toracobraquial; pelvi-rotuliano o pelvi-pedico",15434,90
EXPERTA ART,258,7531,Colocacion  de protesis,15543,95
EXPERTA ART,258,7581,Colonoscopia con polipectomia con clips o Mucosectomia,15337,92
EXPERTA ART,258,5406,Colonovideoscopia con polipectomia,13914,91
EXPERTA ART,258,5407,Colpoperineorrafia anterior y/o posterior,13915,92
EXPERTA ART,258,5870,Histerectomia vaginal con o sin colpoperineorrafia,14269,93
EXPERTA ART,258,5408,Colpopexia,13916,91
EXPERTA ART,258,5409,Colpopexia con malla de Sling o similares,13917,92
EXPERTA ART,258,5410,Colpotomia / lesion local de vagina,13918,89
EXPERTA ART,258,5411,Comisuroplastia,14939,90
EXPERTA ART,258,5412,Condilomas acuminados (fulguracion),13919,89
EXPERTA ART,258,5414,Conizacion de cuello uterino o leep,13921,90
EXPERTA ART,258,5415,Conjuntivoplastia,13922,91
EXPERTA ART,258,5419,Conversion electrica de arritmias cardiacas,14941,90
EXPERTA ART,258,5420,Cordocentesis (transfusion intra-uterina),13923,91
EXPERTA ART,258,5421,Cordotomia,15529,94
EXPERTA ART,258,5422,Correccion de adherencias vaginales,13924,90
EXPERTA ART,258,5425,Correccion de cistocele,13927,91
EXPERTA ART,258,5427,Correccion de diastasis de los rectos,13929,91
EXPERTA ART,258,5430,Correccion de fistula recto-uterina o vesico-uterina,13931,93
EXPERTA ART,258,5431,Correccion de fistula recto-vaginal,13932,92
EXPERTA ART,258,5432,Correccion de fistula recto-vaginal + reconstruccion del esfinter anal,13933,93
EXPERTA ART,258,5433,Correccion de fistula vesico-vaginal,13934,92
EXPERTA ART,258,5434,"Correccion de incontinencia de orina (Marshall-Marchetti, Bursch o similares)",13935,92
EXPERTA ART,258,5435,Correccion de incontinencia de orina con malla de tipo Sling,13936,92
EXPERTA ART,258,5436,Correccion de incontinencia de orina por video,13937,93
EXPERTA ART,258,5437,Correccion de incontinencia de orina por video-laparoscopia,13938,93
EXPERTA ART,258,5438,Correccion de inversion uterina,13939,90
EXPERTA ART,258,5439,Correccion de malformaciones uterinas,13940,94
EXPERTA ART,258,5440,Correccion de reflujo vesico-ureteral (RVU),13941,92
EXPERTA ART,258,5441,Correccion de tunel carpiano,13943,91
EXPERTA ART,258,5442,Correccion de tunel carpiano por videoartroscopia,13944,92
EXPERTA ART,258,5443,Correccion del reflujo por inyeccion sub-ureteral de sustancia bultica (tipo Vantrix® o Coaptite®),13945,92
EXPERTA ART,258,5445,Correccion quirurgica de acalasia,13948,93
EXPERTA ART,258,5447,Correccion quirurgica del sindrome del tunel carpiano,13951,91
EXPERTA ART,258,5704,Extraccion de barra post-correccion de pectus excavatum,14130,92
EXPERTA ART,258,5429,Correccion de fistula congenita de cuello,14943,91
EXPERTA ART,258,8535,Infiltracion con corticoides/ A. locales/ Aines en puntos gatillos (hasta 5),69385,90
EXPERTA ART,258,8536,Infiltracion con corticoides/ A. locales/ Aines en puntos gatillos (mas de 5),69386,91
EXPERTA ART,258,5448,"Corticoides epidurales, por sesion",14944,90
EXPERTA ART,258,5451,"Corticoterapia peridural ( dorsal, lumbar o caudal, sin control x imagenes)",14947,91
EXPERTA ART,258,5452,"Corticoterapia peridural (dorsal, lumbar o caudal con control x imagenes)",14948,92
EXPERTA ART,258,5453,Corticoterapia peridural cervical con o sin control por imagenes (por sesion),14949,93
EXPERTA ART,258,5449,Corticoterapia foraminal cervical guiada por imagenes,15264,94
EXPERTA ART,258,5450,Corticoterapia foraminal dorsal o lumbar guiada por imagenes (hasta dos),15266,93
EXPERTA ART,258,5454,Craneoestenosis / craneosinostosis,13952,95
EXPERTA ART,258,5952,Lesion tumoral de los huesos del craneo,14322,92
EXPERTA ART,258,6165,"Osteotomia craneo-facial sin tiempo neuroquirurgico (Crouzon, Apert, etc.)",14464,98
EXPERTA ART,258,6325,Reduccion de fractura expuesta de craneo,14573,93
EXPERTA ART,258,6164,Osteotomia craneo-facial con tiempo neuroquirurgico,15100,98
EXPERTA ART,258,5455,Craneoplastia,15276,94
EXPERTA ART,258,5456,Craneotomia exploradora,15534,93
EXPERTA ART,258,5457,"Cricotomia, laringorrafia, como unica operacion",15507,92
EXPERTA ART,258,5458,Crioneurolisis de articulacion sacro-iliaca bilateral,14951,94
EXPERTA ART,258,5459,Crioneurolisis de articulacion sacro-iliaca unilateral,14952,93
EXPERTA ART,258,5460,Crioneurolisis de nervio facetario (hasta 2 nervios),14953,93
EXPERTA ART,258,5461,Crioneurolisis de nervio facetario (mas 2 nervios),14954,94
EXPERTA ART,258,5463,Crioneurolisis de neuroma postquirurgicos,14956,92
EXPERTA ART,258,5464,Criptorquidea,13953,91
EXPERTA ART,258,5465,Criptorquidea u orquidopexia por video-laparoscopia,13954,92
EXPERTA ART,258,5466,Criptorquidea u orquidopexia por videolaparoscopia,13955,92
EXPERTA ART,258,5470,Cuadrantectomia unilateral,13956,92
EXPERTA ART,258,7596,Cuadrantectomia / tumorectomia ( mas ganglio centinela),15390,92
EXPERTA ART,258,7597,Cuadrantectomia / tumorectomia (mas  vaciamiento axilar),15391,93
EXPERTA ART,258,5471,Cuerpo extraño / bolo fecal,13957,90
EXPERTA ART,258,5472,Cuerpo extraño de pared,13958,89
EXPERTA ART,258,5473,Cuerpo extraño de tobillo,13959,89
EXPERTA ART,258,5616,Esclerotomia con extraccion de cuerpo extraño intraocular,14074,92
EXPERTA ART,258,5667,Exploracion / extraccion de cuerpo extraño de faringe,14110,90
EXPERTA ART,258,5713,Extraccion de cuerpo extraño de faringe / esofago / estomago,14137,91
EXPERTA ART,258,5714,Extraccion de cuerpo extraño de fosa nasal,14139,90
EXPERTA ART,258,5715,"Extraccion de cuerpo extraño de las vias aereas (traquea, bronquios)",14140,92
EXPERTA ART,258,5716,Extraccion de cuerpo extraño de lengua,14141,90
EXPERTA ART,258,5717,Extraccion de cuerpo extraño de mano,14142,90
EXPERTA ART,258,5719,Extraccion de cuerpo extraño de pie,14144,91
EXPERTA ART,258,5720,Extraccion de cuerpo extraño de traquea o bronquio,14145,92
EXPERTA ART,258,5721,Extraccion de cuerpo extraño del conducto auditivo externo (CAE),14147,89
EXPERTA ART,258,5722,Extraccion de cuerpo extraño en faringe /esofago / estomago / duodeno,14148,91
EXPERTA ART,258,5723,Extraccion de cuerpo extraño endoocular,14149,92
EXPERTA ART,258,5726,Extraccion de cuerpo extraño superficial (conjuntiva),14150,89
EXPERTA ART,258,5727,"Extraccion de cuerpo extraño, exploracion de drenajes",14151,90
EXPERTA ART,258,5724,Extraccion de cuerpo extraño profundo,14994,91
EXPERTA ART,258,5725,Extraccion de cuerpo extraño profundo de cuello,14995,91
EXPERTA ART,258,6508,"TAC de cuerpo entero, con o sin contraste",15176,92
EXPERTA ART,258,5805,Gastrostomia / exploracion / extraccion de cuerpo extraño/ lesion local o tumor benigno,15313,92
EXPERTA ART,258,5474,"Curacion de un gran quemado, mas del 30%",14957,92
EXPERTA ART,258,5475,Curacion de un quemado hasta el 30%,14958,91
EXPERTA ART,258,5476,Curetaje oseo,13960,89
EXPERTA ART,258,5478,Dacrio-cistografia,13962,90
EXPERTA ART,258,5480,Dacrio-cistorrinostomia,13964,93
EXPERTA ART,258,5481,Decorticacion pleuropulmonar a cielo abierto,13965,95
EXPERTA ART,258,5482,Decorticacion pleuropulmonar por video-toracoscopia,13966,95
EXPERTA ART,258,5483,Dedo en gatillo o dedo en resorte,13967,90
EXPERTA ART,258,5485,Dedos en martillo (cada uno),13968,89
EXPERTA ART,258,5679,Extirpacion de aponeurosis palmar hasta 3 dedos,14121,91
EXPERTA ART,258,5680,Extirpacion de aponeurosis palmar mas de 3 dedos (enfermedad de Dupuytren),14122,92
EXPERTA ART,258,5681,Extirpacion de aponeurosis plantar hasta 3 dedos,14123,91
EXPERTA ART,258,6173,Panadizo / flemon de dedos,14468,89
EXPERTA ART,258,6345,Reimplante de 1 a 2 dedos,14586,92
EXPERTA ART,258,6346,Reimplante de dedo (hasta 2),14587,92
EXPERTA ART,258,6347,Reimplante de mas de 2 dedos,14589,93
EXPERTA ART,258,6619,Tumor de dedo,14781,90
EXPERTA ART,258,5484,Dedo en martillo traumatico (“mallet finger”),15461,91
EXPERTA ART,258,5486,Denervacion articular,15442,92
EXPERTA ART,258,5487,Derivacion aorto-bifemoral,13969,98
EXPERTA ART,258,5488,Derivacion aorto-iliaca con o sin simpatectomia,13970,95
EXPERTA ART,258,5489,Derivacion aorto-renal,13971,95
EXPERTA ART,258,5491,Derivacion paliativa de esofago,13972,94
EXPERTA ART,258,5493,Derivacion ventriculo-peritoneal o similar,13974,93
EXPERTA ART,258,5742,Extraccion de tubo de derivacion,14165,91
EXPERTA ART,258,6435,Revision o restitucion parcial o total de valvula derivativa (en derivaciones ventriculo-peritoneales o similar),14655,92
EXPERTA ART,258,5492,Derivacion pericardio-peritoneal,14959,95
EXPERTA ART,258,5490,Derivacion intestinal interna,15329,93
EXPERTA ART,258,5494,Dermoabrasion,14960,91
EXPERTA ART,258,5495,Dermolipectomia,14961,93
EXPERTA ART,258,5496,Dermolipectomia con ombligo,14963,94
EXPERTA ART,258,5498,Desarticulacion coxo-femoral,13976,95
EXPERTA ART,258,5499,Desarticulacion del brazo,13977,95
EXPERTA ART,258,5500,Desarticulacion escapulo-humeral,13978,95
EXPERTA ART,258,5501,Desarticulacion interescapulo-toracica,13979,94
EXPERTA ART,258,5504,Descompresion orbitaria unilateral,13980,93
EXPERTA ART,258,7507,Descompresion discal con decompressor o similar,15275,98
EXPERTA ART,258,5506,Desgarro de cuello uterino,69300,90
EXPERTA ART,258,5505,Desgarro de cristalino,13981,91
EXPERTA ART,258,5507,Desgarro de vagina / colporrafia o colpocleisis / fuera del trabajo de parto,13983,91
EXPERTA ART,258,5508,Desgarro de vagina y/o esfinter,13984,90
EXPERTA ART,258,5509,Desgarro muscular de cara anterior del muslo,13985,90
EXPERTA ART,258,5510,Desgarro muscular de cara posterior del muslo (paciente en decubito ventral),13986,91
EXPERTA ART,258,6477,Sintesis muscular (desgarro muscular simple),14690,90
EXPERTA ART,258,5511,Determinacion de respuesta neuromoduladora sistemica a la anest.,14965,90
EXPERTA ART,258,5512,Devolvulacion / desinvaginacion intestinal con reseccion intestinal,13987,93
EXPERTA ART,258,5513,Devolvulacion / desinvaginacion intestinal sin reseccion intestinal,13988,91
EXPERTA ART,258,5514,Devolvulacion endoscopica,13989,91
EXPERTA ART,258,5515,Diagnostico estereotaxico para estudios de epilepsia,13990,93
EXPERTA ART,258,5224,Bloquo diagnostico o terapeutico de G de Walther guiado por,14907,92
EXPERTA ART,258,6234,Procedimiento diagnostico para implante de bomba de infusion,15272,94
EXPERTA ART,258,5516,Diastasis del pubis,13992,92
EXPERTA ART,258,5519,Dilatacion colonica por endoscopia,13994,91
EXPERTA ART,258,5520,Dilatacion de esofago,13995,91
EXPERTA ART,258,5521,Dilatacion de esofago/ pilorica / colonica,13998,91
EXPERTA ART,258,5524,Dilatacion endoscopica de estenosis de via biliar,14001,92
EXPERTA ART,258,5525,Dilatacion endoscopica de la via biliar,14002,92
EXPERTA ART,258,5526,Dilatacion pilorica por endoscopia,14003,91
EXPERTA ART,258,5528,Dilatacion uretral por video,14004,90
EXPERTA ART,258,5518,Dilatacion anal,15355,90
EXPERTA ART,258,5527,Dilatacion uretral,15412,89
EXPERTA ART,258,5529,Dinamica renal (renograma isotopico),14966,90
EXPERTA ART,258,5531,Discografia provocativa  (un disco),14967,92
EXPERTA ART,258,5530,Discografia provocativa (dos a tres discos),15253,92
EXPERTA ART,258,5532,Discograma discal diagnostica,14968,94
EXPERTA ART,258,5534,Diseccion de la aorta ascente y/o reemplazo de la aorta,51394,98
EXPERTA ART,258,5535,Diseccion quirurgica para linfadenografia,14969,90
EXPERTA ART,258,5537,Diverticulo de Meckel por via convencional,14006,91
EXPERTA ART,258,5538,Diverticulo de Meckel por videolaparoscopia,14007,92
EXPERTA ART,258,5539,Diverticulo de esofago,14009,93
EXPERTA ART,258,5601,Escision de diverticulo faringo-esofagico,14061,92
EXPERTA ART,258,5001,"Abceso, Flemon, Drenaje",13644,89
EXPERTA ART,258,5548,Drenaje de glandula y o saco lagrimal,14019,90
EXPERTA ART,258,5549,Drenaje del septum,14020,90
EXPERTA ART,258,5550,Drenaje del wirsung,14021,92
EXPERTA ART,258,5551,Drenaje percutaneo de las vias biliares,14022,93
EXPERTA ART,258,5553,Drenaje ventricular continuo,14025,91
EXPERTA ART,258,5590,Epididimotomia y drenaje,14054,90
EXPERTA ART,258,5891,Incision y drenaje de amigdalas o tejido peri-amigdalino,14281,90
EXPERTA ART,258,5892,Incision y drenaje de glandula parotida o submaxilar,14282,90
EXPERTA ART,258,5897,Incision y drenaje de piso de la boca o mejilla,14285,90
EXPERTA ART,258,5900,Incision y/o drenaje de tejido retro-faringeo por via oral,14288,90
EXPERTA ART,258,6175,Pancreatectomia con exploracion y drenaje,14470,94
EXPERTA ART,258,6250,Puncion / drenaje del Douglas,14536,89
EXPERTA ART,258,6391,"Reseccion de lesion local de septum, cornetes, hematoma septal o drenaje del septum",14624,91
EXPERTA ART,258,5895,Incision y drenaje de lesion dentaria,15230,90
EXPERTA ART,258,7592,Pleurodesis quimica por tubo de drenaje,15364,90
EXPERTA ART,258,5893,Incision y drenaje de la auricula,15490,90
EXPERTA ART,258,5555,Duodenopancreatectomia,15310,95
EXPERTA ART,258,6683,Video esofago gastro duodenoscopia Veda,15333,90
EXPERTA ART,258,6684,Video gastro duodenoscopia con polipectomia Veda,15334,90
EXPERTA ART,258,5557,Ecocardiografia transtoracica o transesofagica intra-operatoria,14027,91
EXPERTA ART,258,5558,Ecocardiograma transesofagico,14028,91
EXPERTA ART,258,5560,Ecografia trans-toracica o trans-esofagica intra-operatoria,14972,91
EXPERTA ART,258,6256,Puncion ovarica guiada por ecografia (incluye icsi),15399,91
EXPERTA ART,258,5559,Ecografia de ojo,15520,89
EXPERTA ART,258,5562,Ectropion simple y/o entropion,14975,90
EXPERTA ART,258,7525,Implante de electrodo espinal para estimulacion medular (trial),51347,95
EXPERTA ART,258,5563,Electro-retinograma,14030,89
EXPERTA ART,258,5647,Estudio electrofisiologico,14095,92
EXPERTA ART,258,5565,Emasculacion total con vaciamiento inguino-abdominal,14032,94
EXPERTA ART,258,5566,Embarazo ectopico hemorragico,14033,92
EXPERTA ART,258,5567,Embarazo ectopico no complicado,14034,91
EXPERTA ART,258,5568,Embolectomia de arteria periferica,14035,92
EXPERTA ART,258,5569,Embolectomia renal,15413,90
EXPERTA ART,258,5570,Embolizacion de tumor cerebral por hemodinamia,14036,94
EXPERTA ART,258,5571,Embolizacion de tumor extracraneal por via periferica,14037,92
EXPERTA ART,258,5572,Embolizacion extra-craneal por via periferica,14038,93
EXPERTA ART,258,5573,Embolizacion hepatica,14039,93
EXPERTA ART,258,5575,Embolizacion por via periferica en hemodinamia,14041,91
EXPERTA ART,258,5576,Encefalo-meningocele,14042,94
EXPERTA ART,258,6050,Neumoencefalografia,15530,91
EXPERTA ART,258,6714,Endometriosis Convencional - Laparatomia,60865,93
EXPERTA ART,258,5577,Endometriosis tratamiento por videolaparoscopia,14043,94
EXPERTA ART,258,6685,Video-laparoscopia ginecologica diagnostica (incluye endometriosis y prueba de Cote),14832,92
EXPERTA ART,258,5578,Endoprotesis vasculares perifericas en hemodinamia (no de aorta),14044,94
EXPERTA ART,258,5881,Implante de endoprotesis en arterias o venas toracicas o abdominales,14278,95
EXPERTA ART,258,5579,Endoscopia nasal diagnostica,14045,91
EXPERTA ART,258,5618,Esfenoidectomia por video-endoscopia,14076,93
EXPERTA ART,258,5650,Etmoidectomia por videoendoscopia,14098,93
EXPERTA ART,258,5705,Extraccion de calculo por endoscopia,14131,91
EXPERTA ART,258,6006,Maxilectomia radical por video-endoscopia,14361,93
EXPERTA ART,258,6008,Maxilectomia simple por video-endoscopia,14362,92
EXPERTA ART,258,6228,Polipectomia nasal endoscopica (extirpacion de polipos nasales por video-endoscopia),14521,92
EXPERTA ART,258,6486,"Sinusotomias por videoendoscopia (etmoidectomia, esfenoidectomia, etc)",14699,93
EXPERTA ART,258,6596,Tratamiento de ulceras y fistulas traqueoesofagicas por endoscopias,14764,91
EXPERTA ART,258,7582,Endoscopia con Argon plasma,15338,92
EXPERTA ART,258,6459,Septumplastia por videoendoscopia,15514,92
EXPERTA ART,258,5581,Enfermedad de Quervain,14048,91
EXPERTA ART,258,5582,"Enterolisis como unica intervencion, debridamiento intestinal",60873,92
EXPERTA ART,258,5583,Enterolisis por videolaparoscopia,14049,93
EXPERTA ART,258,5808,Enterolisis,15326,92
EXPERTA ART,258,8100,Enterolisis abdominal laparoscopica (como unica intervencion),15348,92
EXPERTA ART,258,5585,Enterorrafia simple,14050,91
EXPERTA ART,258,5584,Enterorrafia multiple (dos o mas),15327,93
EXPERTA ART,258,7588,Enteroscopia alta,15344,93
EXPERTA ART,258,7589,Enteroscopia baja,15345,93
EXPERTA ART,258,7590,Enteroscopia mixta 100% mas 75%,15346,93
EXPERTA ART,258,5586,Enterostomia temporaria o definitiva,14051,91
EXPERTA ART,258,5587,Enucleacion ocular,14052,91
EXPERTA ART,258,5588,Epicanto,14976,90
EXPERTA ART,258,5589,Epididimectomia,14053,91
EXPERTA ART,258,5591,Epidurograma,14977,95
EXPERTA ART,258,5592,Epiduroplastia (incluye dosis esteroides por cateter),15273,94
EXPERTA ART,258,5593,Epiduroscopia,14978,95
EXPERTA ART,258,5594,Epifisiolisis,14055,91
EXPERTA ART,258,5595,Epifisiolisis de la cabeza femoral (desplazamiento del nucleo epifisiario en relacion al cuello femoral),14056,92
EXPERTA ART,258,5596,Episiorrafia,14057,90
EXPERTA ART,258,5597,Escapula alata,14059,93
EXPERTA ART,258,6126,Operacion de hueso escapular,14431,91
EXPERTA ART,258,6140,"Osteosintesis de clavicula, costilla o escapula",14442,92
EXPERTA ART,258,5598,"Escara, reseccion con el paciente en decubito dorsal o lateral",15225,90
EXPERTA ART,258,6382,Reseccion de escara con el paciente en decubito lateral o dorsal,15234,91
EXPERTA ART,258,5599,"Escara, reseccion con el paciente en decubito ventral",15237,91
EXPERTA ART,258,6383,Reseccion de escara con el paciente en decubito ventral,15256,92
EXPERTA ART,258,5602,Escision de lesion conjuntival,14062,90
EXPERTA ART,258,5604,Escision de lesion local de conducto auditivo externo (CAE),14063,89
EXPERTA ART,258,5605,Escision de lesion local de parpados,14064,90
EXPERTA ART,258,5606,Escision de lesion localizada superficial de lengua,14065,90
EXPERTA ART,258,5607,Escision de lesion primaria de encias mas vaciamiento cervical,14066,93
EXPERTA ART,258,5608,Escision de polipo retrocoanal,14067,90
EXPERTA ART,258,5609,Escision de tumor del cavum (rino-faringe),14068,93
EXPERTA ART,258,5610,Escision de tumores endonasales por rinotomia lateral,14069,92
EXPERTA ART,258,5611,Escision local de lesion de labio,14070,89
EXPERTA ART,258,5614,Escision radical de tumor de naso-faringe (cavum),14072,93
EXPERTA ART,258,6129,Orbitotomia con escision de lesion de orbita,14434,91
EXPERTA ART,258,5603,"Escision de lesion de conductos linfaticos (linfangioma, higroma)",14979,92
EXPERTA ART,258,5613,Escision radical de glandula submaxilar,15500,92
EXPERTA ART,258,5615,Esclerotomia,14073,91
EXPERTA ART,258,5617,Escrotoplastia,14075,91
EXPERTA ART,258,5619,Esfinteroplastia con colostomia,14077,92
EXPERTA ART,258,5620,Esfinteroplastia tipo plicatura,14078,91
EXPERTA ART,258,5621,Esfinterotomia - esfinterectomia,14079,89
EXPERTA ART,258,6015,Megaesofago,14367,93
EXPERTA ART,258,6190,Perforaciones de esofago,14484,93
EXPERTA ART,258,6335,Reemplazo de esofago,14579,95
EXPERTA ART,258,6384,Reseccion de esofago,14617,94
EXPERTA ART,258,5622,Esofago-gastrectomia,15319,98
EXPERTA ART,258,5623,Esofagostomia,15320,92
EXPERTA ART,258,5624,Esofaguectomia por videolaparoscopia,14080,95
EXPERTA ART,258,5625,Esofaguectomia total,15321,94
EXPERTA ART,258,7519,Implante definitivo de cateter espinal para bomba intratecal de morfina,51348,98
EXPERTA ART,258,5626,Espina bifida,14081,94
EXPERTA ART,258,5627,Esplenectomia electiva,14082,92
EXPERTA ART,258,5628,Esplenectomia laparoscopica,14083,94
EXPERTA ART,258,5631,Esplenectomia por videolaparoscopia,14084,94
EXPERTA ART,258,5799,Gastrectomia total con o sin esplenectomia,14202,95
EXPERTA ART,258,5629,Esplenectomia por rotura de bazo,15307,93
EXPERTA ART,258,5630,Esplenectomia por toracotomia,15309,94
EXPERTA ART,258,5632,Espleno-portografia,15306,91
EXPERTA ART,258,5633,Esplenopancreatectomia corporo-caudal,15311,95
EXPERTA ART,258,5634,Esqueletizacion del sistema venoso valvular o avalvular,14085,92
EXPERTA ART,258,5635,Esquiascopias,14086,89
EXPERTA ART,258,5636,Estafiloma,14087,90
EXPERTA ART,258,5638,Estapedectomia,15493,93
EXPERTA ART,258,5639,Estenosis traqueal sub-glotica,14089,92
EXPERTA ART,258,5641,Estimulacion electrica transcutanea (EET): c/24 hs o fraccion,14981,90
EXPERTA ART,258,5642,Estomatoplastia con injerto (inlcuye toma),14090,93
EXPERTA ART,258,5643,Estrabismo  mas de  dos musculos,14091,92
EXPERTA ART,258,5644,Estrabismo (dos musculos),14092,91
EXPERTA ART,258,5645,Estrabismo bilateral,14093,94
EXPERTA ART,258,5646,Estrabismo mas de cuatro musculos,14094,93
EXPERTA ART,258,5648,Etmoidectomia endoscopica,14096,93
EXPERTA ART,258,5649,Etmoidectomia interna,14097,92
EXPERTA ART,258,5651,Evacuacion de hematoma extradural / subdural / intracerebral,14099,94
EXPERTA ART,258,5652,Evacuacion por puncion de coleccion intra-cerebral o extra-cerebral,14100,93
EXPERTA ART,258,5653,Eventracion,15295,92
EXPERTA ART,258,5655,Evisceracion ocular,14101,91
EXPERTA ART,258,5656,Examen con lampara de hendidura,14102,89
EXPERTA ART,258,5659,Excentracion del contenido orbitario con reseccion total del maxilar superior,14105,94
EXPERTA ART,258,5660,Excentracion del contenido orbitario y/o peri-orbitario,14106,92
EXPERTA ART,258,5662,Exeresis de neuroma de Morton (tumoracion dolorosa de los nervios del pie),14107,92
EXPERTA ART,258,5663,Exeresis de tumor hepatico por radiofrecuencia,14108,93
EXPERTA ART,258,5757,Facofragmentacion y facoexeresis,14173,92
EXPERTA ART,258,5962,Ligadura sub-aponeurotica de perforantes mas safenectomia interna con o sin exeresis escalonada de colaterales,14330,93
EXPERTA ART,258,6116,Operacion de Cockett mas safenectomia interna con exeresis escalonada de colaterales insuficientes,14421,93
EXPERTA ART,258,6447,Safenectomia interna unilateral con exeresis escalonada,14662,93
EXPERTA ART,258,5661,Exeresis de ganglio centinela,14982,91
EXPERTA ART,258,5664,Exoftalmia endocrina o de otras causas,14983,93
EXPERTA ART,258,5665,Expansor de cuero cabelludo,14984,93
EXPERTA ART,258,5666,Exploracion  de hombro doloroso,14109,92
EXPERTA ART,258,5668,Exploracion de arteria periferica,14111,92
EXPERTA ART,258,5669,Exploracion de columna por via anterior,14112,93
EXPERTA ART,258,5670,Exploracion de heridas en partes blandas,14113,91
EXPERTA ART,258,5674,Exploracion del plexo cervico-braquial,14117,92
EXPERTA ART,258,5675,Exploracion del plexo lumbo-sacro,14118,93
EXPERTA ART,258,5766,Fistula biliar con exploracion de vias biliares,14181,93
EXPERTA ART,258,6295,Re-exploracion de tiroides y/o paratiroides (ejemplo:post-sangrado),14564,91
EXPERTA ART,258,5689,Extirpacion de polipos nasales,14124,91
EXPERTA ART,258,5694,Extirpacion de quiste tirogloso,14125,91
EXPERTA ART,258,5696,Extirpacion de tumor de partes blandas de miembro superior o inferior,14127,90
EXPERTA ART,258,5699,Extirpacion de tumor vesical por laparotomia,14128,92
EXPERTA ART,258,5993,Marsupializacion / extirpacion de glandula de Bartholino,14355,90
EXPERTA ART,258,5677,Extirpacion de angioma,14985,91
EXPERTA ART,258,5684,"Extirpacion de nevus (hasta 3), en cabeza y cuello",14986,90
EXPERTA ART,258,5685,"Extirpacion de nevus (hasta 3), excepto en cabeza y cuello",14987,89
EXPERTA ART,258,5688,"Extirpacion de papilomas (hasta 5), excepto en cabeza y cuello",14988,89
EXPERTA ART,258,5690,Extirpacion de quiste congenito tirogloso y similares,14989,91
EXPERTA ART,258,5692,Extirpacion de quiste sebaceo en cabeza y/o cuello,14990,90
EXPERTA ART,258,5693,"Extirpacion de quiste sebaceo, excepto en cabeza y cuello",14991,89
EXPERTA ART,258,5697,Extirpacion de tumor osea mas reconstruccion,14992,93
EXPERTA ART,258,5698,Extirpacion de tumor oseo,14993,92
EXPERTA ART,258,5683,Extirpacion de mas de 5 papilomas; excepto en cabeza y cuello,15222,90
EXPERTA ART,258,5687,Extirpacion de nevus (mas de 3); excepto en cabeza y cuello,15224,90
EXPERTA ART,258,5702,Extirpacion parcial de nariz,15229,90
EXPERTA ART,258,5701,Extirpacion dentaria,15231,90
EXPERTA ART,258,5686,Extirpacion de nevus (mas de 3); en cabeza y cuello,15239,91
EXPERTA ART,258,6244,Proctectomia (extirpacion del recto),15357,92
EXPERTA ART,258,7602,Extirpacion de calculos endovesicales a cielo abierto,15425,93
EXPERTA ART,258,7603,Extirpacion de calculos endovesicales por citoscopia,15426,94
EXPERTA ART,258,5682,Extirpacion de ganglion,15449,90
EXPERTA ART,258,5691,Extirpacion de quiste muscular,15454,90
EXPERTA ART,258,5700,Extirpacion del coccix,15483,91
EXPERTA ART,258,5695,Extirpacion de ranula,15496,90
EXPERTA ART,258,6710,Extraccion de Implante Mamario,60861,93
EXPERTA ART,258,6711,Extraccion de Implante Mamario mas Pexia,60862,94
EXPERTA ART,258,5703,Extraccion cruenta de calculos salivales,14129,90
EXPERTA ART,258,5706,Extraccion de calculo por via endoscopica,14132,90
EXPERTA ART,258,5707,Extraccion de cateter central / cateter doble Y / tunelizado / cateter para quimioterapia,14133,90
EXPERTA ART,258,5708,Extraccion de cateter central / doble Y / tunelizado / similares,14134,90
EXPERTA ART,258,5711,Extraccion de clavo intramedular,14135,92
EXPERTA ART,258,5729,Extraccion de material de osteosintesis de columna,14152,92
EXPERTA ART,258,5730,"Extraccion de material de osteosintesis de miembro superior (placas, tornillos, etc)",14154,90
EXPERTA ART,258,5733,Extraccion de protesis de columna,14157,93
EXPERTA ART,258,5734,Extraccion de protesis de rodilla (1 elemento),14158,92
EXPERTA ART,258,5737,Extraccion de protesis total de rodilla,14160,92
EXPERTA ART,258,5739,Extraccion de puntos de la conjuntiva,14162,89
EXPERTA ART,258,5740,Extraccion de puntos de parpados,14163,89
EXPERTA ART,258,5741,Extraccion de taponaje de loge prostatica,14164,90
EXPERTA ART,258,5743,Extraccion de tutor externo,14166,90
EXPERTA ART,258,5748,Extraccion extra-capsular de cristalino,14167,92
EXPERTA ART,258,5749,Extraccion intra-capsular de cristalino,14168,92
EXPERTA ART,258,5750,Extraccion manual de placenta como unico procedimiento,14169,90
EXPERTA ART,258,6432,"Revision de protesis de hombro, solo su extraccion",14652,93
EXPERTA ART,258,6550,Toillete cardiaco post-quirurgico con o sin extraccion de alambres,15188,94
EXPERTA ART,258,5744,Extraccion dentaria hasta 3 piezas,15236,91
EXPERTA ART,258,5751,Extracciones dentarias multiples,15255,92
EXPERTA ART,258,7586,Extraccion de balon intragastrico,15342,92
EXPERTA ART,258,8110,Extraccion de cateter de doble “J” (tipo pig-tail o similares),15414,90
EXPERTA ART,258,8112,Extraccion de cateter de pig-tail,15421,90
EXPERTA ART,258,5745,Extraccion dentaria (pieza unica),15498,90
EXPERTA ART,258,5746,Extraccion dentaria de piezas multiples,15501,92
EXPERTA ART,258,5728,Extraccion de masas cristalinas,15527,91
EXPERTA ART,258,5758,Faringoplastia,14174,93
EXPERTA ART,258,5760,Fenestracion del conducto semicircular externo,14176,93
EXPERTA ART,258,5761,Feocromocitoma,14177,95
EXPERTA ART,258,7527,Feocromocitoma por video-laparoscopia,15387,98
EXPERTA ART,258,6324,Reduccion cruenta de luxacion o fractura de columna sin fijacion,14572,93
EXPERTA ART,258,6429,Revision de fijacion de columna,14649,98
EXPERTA ART,258,5762,Fijacion interdentaria,15489,91
EXPERTA ART,258,5763,Fimosis / parafimosis / postioplastia,14178,91
EXPERTA ART,258,5764,Fistula anal / fistulectomia / fistulotomia,14179,90
EXPERTA ART,258,5765,Fistula arterio-venosa para hemodialisis,14180,92
EXPERTA ART,258,5768,Fistula umbilical,14182,91
EXPERTA ART,258,5770,Fistula vagino-perineal,14184,91
EXPERTA ART,258,5771,Fistula vesico-parietal,14185,91
EXPERTA ART,258,5772,Fistula vesico-rectal,14186,91
EXPERTA ART,258,5773,Fistula vesico-ureteral,14187,91
EXPERTA ART,258,5767,Fistula en columna,15484,93
EXPERTA ART,258,5775,Fistulografia,14189,89
EXPERTA ART,258,5776,Fisura anal,14190,90
EXPERTA ART,258,5859,"Hipertelorismo, fisura facial media",14262,98
EXPERTA ART,258,5939,"Laringotomia mediana, laringofisura, como unica operacion",14309,92
EXPERTA ART,258,5777,"Fisura congenita del esqueleto facial (Treacher Collins, etc.)",14996,95
EXPERTA ART,258,5778,Flebectomia segmentaria / varices residuales como unica operacion,14191,91
EXPERTA ART,258,6448,Safenectomia interna unilateral con flebectomia segmentaria o de varices residuales,14663,93
EXPERTA ART,258,6591,Tratamiento con laser mas flebectomia segmentaria,14759,94
EXPERTA ART,258,5779,Flebografia de miembros,14192,90
EXPERTA ART,258,5780,Flemon de mano,14193,90
EXPERTA ART,258,5781,Flemon de pared,15360,89
EXPERTA ART,258,5782,Fondo de ojo,14194,89
EXPERTA ART,258,5783,Formacion de vagina artificial,14196,95
EXPERTA ART,258,6128,Operaciones plasticas de malformaciones  congenitas ano-rectales con 1 o 2 equipos,14433,95
EXPERTA ART,258,6130,Oreja en asa y otras malformaciones,15098,91
EXPERTA ART,258,5785,Fractura bi-maleolar de tobillo (osteosintesis de tibia y perone por distintas vias),14198,93
EXPERTA ART,258,5789,Fractura del peñasco (tratamiento quirurgico),14199,94
EXPERTA ART,258,5966,Limpieza quirurgica de fractura expuesta (no de femur),14334,91
EXPERTA ART,258,5967,Limpieza quirurgica de fractura expuesta de femur,14335,92
EXPERTA ART,258,5968,Limpieza quirurgica de fractura expuesta de miembro superior,14338,91
EXPERTA ART,258,6147,Osteosintesis de fractura de pelvis,14446,94
EXPERTA ART,258,6148,Osteosintesis de fractura de platillo tibial,14448,93
EXPERTA ART,258,6327,Reduccion de fractura o luxacion de coccix,14574,93
EXPERTA ART,258,6332,Reduccion quirurgica / osteosintesis de fractura de maxilar superior e inferior,14577,93
EXPERTA ART,258,6333,Reduccion quirurgica / osteosintesis de fracturas en general,14578,92
EXPERTA ART,258,5786,Fractura compleja de maxilares y huesos de la cara,14998,94
EXPERTA ART,258,5787,Fractura compleja de orbita/ reduccion/ osteosintesis y/o injerto,14999,93
EXPERTA ART,258,5788,Fractura de orbita y/o malar,15000,93
EXPERTA ART,258,5790,"Fractura nasal asociada (naso-orbitaria, etc.)",15001,92
EXPERTA ART,258,5791,Fractura simple,15002,90
EXPERTA ART,258,5792,"Fractura simple de orbita, reduccion y osteosintesis",15003,91
EXPERTA ART,258,6326,Reduccion de fractura nasal,15228,90
EXPERTA ART,258,7591,Osteosintesis fracturas costales,15363,93
EXPERTA ART,258,8114,Reduccion incruenta de fracturas,15436,90
EXPERTA ART,258,6137,"Osteosintesis (reduccion quirurgica) de fractura: carpo, tarso, humero, cubito, radio, clavicula, costilla, externon, rotula, etc.",15438,92
EXPERTA ART,258,5793,Fractura supracondilea de codo,15465,92
EXPERTA ART,258,6322,Reduccion cruenta de fractura de pelvis,15482,93
EXPERTA ART,258,5794,Frenulotomia,15405,89
EXPERTA ART,258,5795,Fulguracion corneal con o sin raspado,14200,89
EXPERTA ART,258,5796,Fulguracion de neo de recto,14201,91
EXPERTA ART,258,5798,Gastrectomia subtotal,15316,94
EXPERTA ART,258,5800,Gastrectomia total por toraco-laparotomia,15317,95
EXPERTA ART,258,5797,Gastrectomia por videolaparoscopia,15318,95
EXPERTA ART,258,5802,Gastroquisis (tratamiento quirurgico),14204,95
EXPERTA ART,258,6604,Tratamiento quirurgico de la gastroquisis,14768,95
EXPERTA ART,258,5803,Gastrorrafia / herida o traumatismo estomago,14205,92
EXPERTA ART,258,5807,Gastrostomia por via endoscopica,14207,91
EXPERTA ART,258,5806,Gastrostomia percutanea,15312,91
EXPERTA ART,258,5809,Ginecomastia unilateral / mama supernumeraria,14209,92
EXPERTA ART,258,5810,Gingivectomia parcial por tumores,14210,91
EXPERTA ART,258,5811,Gingivectomia total ampliada,14211,92
EXPERTA ART,258,6112,Operacion comando de lengua (glosectomia total),14417,95
EXPERTA ART,258,5812,Glosectomia subtotal,15503,93
EXPERTA ART,258,5813,Glosoplastia,14212,90
EXPERTA ART,258,5815,Gonioscopia,14213,89
EXPERTA ART,258,5818,Granuloma de traquea,14215,91
EXPERTA ART,258,5817,"Grandes quemados, injertos",15005,93
EXPERTA ART,258,5819,Hallux valgus completo unilateral,14217,91
EXPERTA ART,258,5820,Hematoma retroperitoneal,14218,92
EXPERTA ART,258,6628,Tumor de pared (hematoma supra-infra aponeurotico),14789,91
EXPERTA ART,258,5822,Hemi-paratiroidectomia,14220,92
EXPERTA ART,258,5825,Hemihepatectomia,14224,95
EXPERTA ART,258,5826,Hemitiroidectomia,14225,92
EXPERTA ART,258,6024,Microsomia hemifacial / osteotomias e injertos oseos en mandibula,15052,93
EXPERTA ART,258,6597,Tratamiento endoscopico de la hemorragia digestiva,14765,91
EXPERTA ART,258,5828,Hemorroidectomia,14227,91
EXPERTA ART,258,5829,Hepatectomia lobar derecha o izquierda,14228,95
EXPERTA ART,258,5830,Herida de pared abdominal de mas de 20 cm,14229,90
EXPERTA ART,258,5831,Herida de parpado,14230,90
EXPERTA ART,258,5832,Herida de via lagrimal,14231,92
EXPERTA ART,258,5833,Herida hasta aponeurosis de menos de 20 cm,14232,89
EXPERTA ART,258,5834,Herida penetrante de ojo,14233,92
EXPERTA ART,258,5835,Herida traumatica de higado,14234,93
EXPERTA ART,258,6495,Sutura de herida de cornea con prolapso de iris y o herida de cristalino,14703,92
EXPERTA ART,258,6496,Sutura de herida simple de higado,14704,91
EXPERTA ART,258,5836,Heridas complejas de labio,15006,91
EXPERTA ART,258,6504,Sutura simple de herida (menos de 5 cm) en cabeza y/o cuello,15173,90
EXPERTA ART,258,6553,"Toillete quirurgico de herida, con o sin debridamiento",15189,90
EXPERTA ART,258,6503,Sutura simple de herida (menos de 10 cm); excepto en cabeza y cuello,15202,89
EXPERTA ART,258,6502,Sutura simple de herida (mas de 10 cm); excepto en cabeza y cuello,15221,90
EXPERTA ART,258,5837,Hernia atascada,14235,92
EXPERTA ART,258,5838,Hernia de disco cervical (via anterior),14236,94
EXPERTA ART,258,5839,Hernia de disco cervical un espacio (via posterior),14237,94
EXPERTA ART,258,5840,Hernia de disco dorsal o lumbar,14238,93
EXPERTA ART,258,5841,Hernia de disco dorso-lumbar multiple,14239,94
EXPERTA ART,258,5842,Hernia de hiato a cielo abierto,14240,92
EXPERTA ART,258,5843,Hernia diafragmatica congenita,14241,107
EXPERTA ART,258,5844,Hernia diafragmatica por via abdominal,14242,94
EXPERTA ART,258,5845,Hernia diafragmatica por via toracica,14243,94
EXPERTA ART,258,5846,Hernia diafragmatica por via toraco-abdominal,14246,95
EXPERTA ART,258,5847,Hernia diafragmatica por video-toracoscopia,14247,95
EXPERTA ART,258,5848,Hernia estrangulada,14251,91
EXPERTA ART,258,5849,Hernia estrangulada con reseccion intestinal,14252,93
EXPERTA ART,258,5853,Hernia recidivada,14255,91
EXPERTA ART,258,5854,"Hernia umbilical, inguinal, crural o epigastrica",14256,91
EXPERTA ART,258,8119,Hernia inguinal bilateral,15294,92
EXPERTA ART,258,5852,Hernia inguinal por videolaparoscopia,15349,93
EXPERTA ART,258,6364,Reparacion de hernia muscular,15455,91
EXPERTA ART,258,5855,Hidrocele,14257,90
EXPERTA ART,258,6653,Varicocele o hidrocele por videolaparoscopia,14806,91
EXPERTA ART,258,5856,Himenectomia,14258,90
EXPERTA ART,258,5857,Hipema,14259,91
EXPERTA ART,258,5858,Hiperhidrosis selectiva por video-toracoscopia,14260,95
EXPERTA ART,258,6469,Simpatectomia lumbar o toracica por video-toracoscopia (hiperhidrosis selectiva por toracoscopia),14682,95
EXPERTA ART,258,5860,Hipertrofia del piloro por via laparoscopica,14263,93
EXPERTA ART,258,5861,Hipertrofia del piloro-piloromiotomia,14264,92
EXPERTA ART,258,5862,Hipofisectomia transepto-esfenoidal,14265,98
EXPERTA ART,258,5863,Hipospadia / epispadia (cada tiempo),15007,93
EXPERTA ART,258,8109,Hipospadia / epispadia / plastica de pene,15410,93
EXPERTA ART,258,5864,Hipotermia controlada: 1ras 24 hs o fraccion,15008,90
EXPERTA ART,258,5865,Hipotermia controlada: c/24 hs 0 fraccion siguiente,15009,89
EXPERTA ART,258,5866,Histerectomia con o sin anexectomia,14266,93
EXPERTA ART,258,5867,Histerectomia con o sin anexectomia por video-laparoscopia,14267,94
EXPERTA ART,258,5868,Histerectomia con o sin anexectomia por videolaparoscopia,14268,94
EXPERTA ART,258,6123,Operacion de Wertheim-Meigs (colpo-anexo-histerectomia total ampliada),14428,95
EXPERTA ART,258,5869,Histerectomia fundica,15396,91
EXPERTA ART,258,5871,Histeroscopia por video diagnostica,14271,90
EXPERTA ART,258,5872,"Histeroscopia por video terapeutica (miomectomia, polipectomia, etc)",14272,91
EXPERTA ART,258,7600,"Histeroscopia por video para tratamiento de fertilidad, ICSI",15397,93
EXPERTA ART,258,5873,Huevo muerto y retenido / legrado,14274,90
EXPERTA ART,258,5874,Ileostomia,14275,91
EXPERTA ART,258,5098,Ano imperforado con recto alto,13702,93
EXPERTA ART,258,5099,Ano imperforado con recto bajo,13703,92
EXPERTA ART,258,5875,Implantacion de circulacion asistida,15550,92
EXPERTA ART,258,5877,Implante coclear,14276,95
EXPERTA ART,258,5880,Implante de celulas B,14277,95
EXPERTA ART,258,5889,Implante secundario de lente intraocular,14280,93
EXPERTA ART,258,6348,Reimplante de miembro inferior,14592,95
EXPERTA ART,258,6349,Reimplante de miembro superior,14593,98
EXPERTA ART,258,6353,Reimplante ureteral bilateral con afinamiento,14596,94
EXPERTA ART,258,6354,Reimplante ureteral bilateral por videolaparoscopia,14597,95
EXPERTA ART,258,6355,Reimplante ureteral unilateral,14599,92
EXPERTA ART,258,6356,Reimplante ureteral unilateral con afinamiento,14600,93
EXPERTA ART,258,6357,Reimplante ureteral unilateral por videolaparoscopia,14601,94
EXPERTA ART,258,6424,Retinopexia con o sin esclerectomia e implante,14645,94
EXPERTA ART,258,5876,Implante capilar,15010,95
EXPERTA ART,258,5878,Implante de cateter tunelizado definitivo con bomba subcutanea,15011,94
EXPERTA ART,258,5882,Implante de estimulador medular definitivo,15012,98
EXPERTA ART,258,5885,Implante intraorbitario (melanoma de retina),15013,90
EXPERTA ART,258,5888,Implante mamario mas pexia,15015,94
EXPERTA ART,258,5886,Implante mamario,15261,93
EXPERTA ART,258,5890,Implantes gluteos,15262,93
EXPERTA ART,258,5883,Implante de estimulador medular transitorio,15280,95
EXPERTA ART,258,5901,Inclusion de semillas radioactivas en perine,14289,92
EXPERTA ART,258,7790,Infiltracion de toxina botulinica en Trigger-Points (hasta 3),69287,91
EXPERTA ART,258,7791,Infiltracion de toxina botulinica en Trigger-Points (mas de 3),69288,92
EXPERTA ART,258,7792,Infiltracion trigger points (hasta 4),69289,90
EXPERTA ART,258,8537,Infiltracion de toxina botulinica en Trigger point ( mas de 3 ),69387,93
EXPERTA ART,258,5908,Infiltracion toxina botulinica puntos gatillos (hasta 5 ),15019,90
EXPERTA ART,258,5909,Infiltracion toxina botulinica puntos gatillos (mas de 5 ),15020,91
EXPERTA ART,258,5906,"Infiltracion contic, AL, Aines etc en puntos gatillos (hasta 5)",15210,89
EXPERTA ART,258,5907,"Infiltracion contic, AL, Aines etc en puntos gatillos (mas de 5)",15217,90
EXPERTA ART,258,7587,Re inflado de balon intragastrico,15343,92
EXPERTA ART,258,6716,Obtencion de Injerto Oseo y Tendinoso,60867,92
EXPERTA ART,258,6717,Uso de Injerto Oseo y/o Tendon,60868,91
EXPERTA ART,258,5910,Injerto de cornea,14290,94
EXPERTA ART,258,5911,Injerto de esclera,14291,92
EXPERTA ART,258,6097,Neurorrafia con o sin injerto de un solo nervio,14405,92
EXPERTA ART,258,6103,Obtencion de injerto simple de hueso,14409,90
EXPERTA ART,258,6217,Plastica de uretra con injerto de mucosa yugal o lingual,14510,94
EXPERTA ART,258,6221,Plastica o injerto del tendon de aquiles o rotuliano,14513,92
EXPERTA ART,258,6245,Protesis peneana con o sin injerto,14533,95
EXPERTA ART,258,6369,"Reparacion plastica de la orbita, con o sin injerto de piel",14611,92
EXPERTA ART,258,6408,Reseccion diafisiaria con protesis y/o injerto de sustitucion,14632,93
EXPERTA ART,258,5912,Injerto de piel,15021,90
EXPERTA ART,258,5913,Injerto libre de ceja,15022,90
EXPERTA ART,258,6121,Operacion de Ross (reemplazo valvular aortico con auto-injerto con valvula pulmonar),15097,96
EXPERTA ART,258,6317,Reconstruccion total de orbita con injerto por tumores esfeno-orbitarios o anoftalmia congenita,15140,94
EXPERTA ART,258,6439,"Rinoplastia compleja con o sin injerto, no estetica",15164,91
EXPERTA ART,258,8117,Neurorrafia con o sin injerto de nervio (cada uno),15451,92
EXPERTA ART,258,5917,Insuficiencia mitral con CIV post-infarto,15025,98
EXPERTA ART,258,5918,Interconsulta anestesiologica,15026,89
EXPERTA ART,258,8104,Interconsulta para tratamiento del dolor,15203,89
EXPERTA ART,258,5919,Intervenciones en nervios opticos,14295,95
EXPERTA ART,258,5920,Intervenciones estereotaxicas (inicio en TAC y que continuan en quirofano),14296,95
EXPERTA ART,258,5921,Intubacion con fibroscopia (bronco-fibroscopio),14297,90
EXPERTA ART,258,5922,Intubacion laringotraqueal (como unico procedimiento) fuera del acto anestesico,15504,89
EXPERTA ART,258,5924,Inyeccion de sustancias retro-bulbares,14298,91
EXPERTA ART,258,5926,Inyeccion para-vertebral de troncos y ganglios simpaticos,14299,90
EXPERTA ART,258,5927,Inyeccion subconjuntival,14300,89
EXPERTA ART,258,6251,Puncion arterial para inyeccion medicamentosa,14537,89
EXPERTA ART,258,5923,Inyeccion de glicerol en el G de Gasser,15027,95
EXPERTA ART,258,5925,Inyeccion esclerosante en angioma,15028,90
EXPERTA ART,258,5928,Laberintectomia,14301,93
EXPERTA ART,258,6475,Sinequias de labios mayores y/o menores,14687,90
EXPERTA ART,258,5561,Ectoprion de labio,14974,90
EXPERTA ART,258,5929,Labio leporino bilateral completo,15029,94
EXPERTA ART,258,5930,Labio leporino unilateral completo,15030,93
EXPERTA ART,258,5931,Labio leporino unilateral incompleto,15031,93
EXPERTA ART,258,6272,Queiloplastia (reconstruccion quirurgica del labio),15116,92
EXPERTA ART,258,6373,Reseccion cuneiforme de labio,15149,90
EXPERTA ART,258,5932,Laminectomia descompresiva,14302,93
EXPERTA ART,258,5933,Laparotomia contenida (lavado de cavidad),14304,91
EXPERTA ART,258,5934,Laparotomia exploradora en paciente critico,14305,94
EXPERTA ART,258,5936,Laparotomia terapeutica en paciente critico,14306,95
EXPERTA ART,258,5935,"Laparotomia exploradora, como unica intervencion",15297,91
EXPERTA ART,258,6040,Nefrectomia por toraco-freno-laparotomia,15418,95
EXPERTA ART,258,5937,Laringo-faringuectomia,14307,95
EXPERTA ART,258,5938,"Laringoplastia, cordopexia, aritenoidopexia",14308,92
EXPERTA ART,258,5943,Laser de vagina,14313,92
EXPERTA ART,258,6418,Reseccion tumor bronquial con laser,14641,95
EXPERTA ART,258,5944,Laser panfacial,15032,93
EXPERTA ART,258,6412,TUR-P por laser (adenomectomia),15431,94
EXPERTA ART,258,6241,Prostatectomia por laser,15432,95
EXPERTA ART,258,5945,Lavado bronquial para desobstruccion,14314,91
EXPERTA ART,258,5946,Lavado de cavidad,14316,90
EXPERTA ART,258,5947,Lavado de la cavidad,14317,90
EXPERTA ART,258,6488,Sondaje y lavado de via lagrimal,14700,90
EXPERTA ART,258,5948,Legrado por mola o similar,14318,90
EXPERTA ART,258,5949,Legrado uterino,14319,90
EXPERTA ART,258,7508,Termolesion por Rf. del Nervio Occipital Mayor uni o bilateral,51338,95
EXPERTA ART,258,7509,Termolesion por Rf. facetaria (ramo medio) cervical/dorsal/lumbar hasta 3 niveles,51339,95
EXPERTA ART,258,7510,Termolesion por Rf. facetaria (ramo medio) cervical/doral/lumbar mas de 3 niveles,51340,98
EXPERTA ART,258,7511,Termolesion por Rf. facetaria + Rf. radicular (1 o mas niveles),51341,98
EXPERTA ART,258,7512,Termolesion por Rf. de mas de 2 nervios craneales,51342,95
EXPERTA ART,258,7514,Termolesion por Rf. del ganglio simpatico toracico/dorsal/lumbar/hipogastrico sup,51343,95
EXPERTA ART,258,7520,Termolesion por Rf. de rodilla (N.geniculados) unilateral,51349,95
EXPERTA ART,258,7521,Termolesion por Rf. de rodilla (N.geniculados) bilateral,51350,98
EXPERTA ART,258,7522,Termolesion por Rf. de hombro (N.supraespinoso) bilateral,51351,95
EXPERTA ART,258,8556,Termolesion por Rf. de hasta 2 nervios craneales,69400,95
EXPERTA ART,258,5953,Lesiones adquiridas o congenitas vertebro-meningo-medulares (compresion tumoral),14323,94
EXPERTA ART,258,5951,Lesion por compresion de G de Gasser con balon de Foggarty,15033,95
EXPERTA ART,258,6534,Termolesion por rf de G Esfenopalatino,15183,94
EXPERTA ART,258,6535,"Termolesion por Rf. del ganglio de la raiz dorsal, cervical, lumbar y sacra. (hasta 2 niveles)",15184,95
EXPERTA ART,258,6536,"Termolesion por Rf. del ganglio de raiz dorsal, cervical, lumbar y sacra. (mas de 2 niveles)",15185,98
EXPERTA ART,258,6537,"Termolesion por rf de rama media cerv, dorsal o lumbar cada nivel adic",15186,95
EXPERTA ART,258,6538,"Termolesion por rf de rama media cerv, dorsal o lumbar.",15187,95
EXPERTA ART,258,5954,Levantamiento de vejiga por via abdominal (tipo Bursch),14324,92
EXPERTA ART,258,6001,Mastopexia unilateral (levantamiento mamario),15045,94
EXPERTA ART,258,5955,Lifting,15034,94
EXPERTA ART,258,5956,Lifting endoscopico,15035,95
EXPERTA ART,258,5957,Ligadura bilateral de trompas (anti-concepcion) a cielo abierto,14325,91
EXPERTA ART,258,5958,Ligadura bilateral de trompas (anti-concepcion) por video-laparoscopia,14326,92
EXPERTA ART,258,5959,Ligadura bilateral de trompas a cielo abierto,14327,91
EXPERTA ART,258,5960,Ligadura bilateral de trompas por videolaparoscopia,14328,92
EXPERTA ART,258,5961,Ligadura del paquete esfeno-palatino,14329,92
EXPERTA ART,258,5963,Ligadura sub-aponeurotica de venas perforantes o comunicantes insuficientes (tipo: Linton / Cigorraga / Cockett),14331,91
EXPERTA ART,258,5964,Ligadura unilateral de troncos profundos de los miembros,14332,92
EXPERTA ART,258,6501,Sutura o ligadura de vasos profundos del cuello,14708,92
EXPERTA ART,258,5965,Ligamentopexia abdominal,14333,91
EXPERTA ART,258,5969,Limpieza quirurgica de mano (como unica intervencion),14339,90
EXPERTA ART,258,5971,Linfadenectomia mediastinica,14340,94
EXPERTA ART,258,5972,Linfadenectomia retroperitoneal (tipo lumboaortica o similares),14341,93
EXPERTA ART,258,5973,Linfadenectomia retroperitoneal por video,14342,94
EXPERTA ART,258,5974,Linfadenectomia retroperitoneal por videolaparoscopia,14343,94
EXPERTA ART,258,6242,Prostatectomia radical + linfadenectomia,14530,94
EXPERTA ART,258,5970,"Linfadenectomia cervical, axilar o inguinal como unica operacion",15036,92
EXPERTA ART,258,5977,"Lipoma, reseccion con el paciente en decubito dorsal o lateral",15226,90
EXPERTA ART,258,5978,"Lipoma, reseccion con el paciente en decubito ventral",15238,91
EXPERTA ART,258,5982,Litotricia endoluminal calculo unico,14344,91
EXPERTA ART,258,5983,Litotricia endoluminal calculos multiples,14345,92
EXPERTA ART,258,5984,Litotricia extracorporea,14346,91
EXPERTA ART,258,5985,Litotricia por onda de choque extracorporea (litotricia extracorporea),14348,91
EXPERTA ART,258,5986,Litotricia ureteral por via endoscopica (incluye litotricia endoluminal),14349,92
EXPERTA ART,258,5988,Lobectomia o segmentectomia a cielo abierto,14351,94
EXPERTA ART,258,6457,Segmentectomia o lobectomia por video-toracoscopia,14669,95
EXPERTA ART,258,5987,Lobectomia,15536,98
EXPERTA ART,258,6168,Otoplastia de lobulo hendido,14466,90
EXPERTA ART,258,6185,Parotidectomia de lobulo superficial,14478,92
EXPERTA ART,258,5989,Lobulo hendido de oreja,15041,90
EXPERTA ART,258,5990,Luxacion recidivante de hombro por via convencional,14352,92
EXPERTA ART,258,8120,Reduccion cruenta de luxacion de columna,15440,93
EXPERTA ART,258,8116,Reduccion incruenta de luxaciones,15458,90
EXPERTA ART,258,6330,Reduccion incruenta de luxacion de maxilar,15488,90
EXPERTA ART,258,6100,Nodulectomia de mama unilateral,14408,91
EXPERTA ART,258,6278,Quiste de mama unilateral,14554,90
EXPERTA ART,258,5992,Mama supernumeraria unilateral,15042,92
EXPERTA ART,258,6312,Reconstruccion mamaria con dorsal ancho,15134,98
EXPERTA ART,258,6264,Puncion de mama unilateral,15388,89
EXPERTA ART,258,5995,Mastectomia radical con vaciamiento ganglionar,14356,95
EXPERTA ART,258,5996,Mastectomia subradical unilateral / mastoplastia unilateral (operacion de Urban),14357,94
EXPERTA ART,258,7598,Mastectomia ( mas ganglio centinela),15392,93
EXPERTA ART,258,7599,Mastectomia ( mas vaciamiento axilar ),15393,94
EXPERTA ART,258,5998,Mastoidectomia simple o radical (operacion radical de oido),14359,92
EXPERTA ART,258,6542,Timpano-mastoidectomia,14720,94
EXPERTA ART,258,6002,Mastotomia unilateral,14360,90
EXPERTA ART,258,6017,Meniscectomia maxilar,14370,91
EXPERTA ART,258,6111,Operacion comando de glandula submaxilar,14416,95
EXPERTA ART,258,6152,Osteosintesis de malar o maxilar (2 placas titanio),14452,93
EXPERTA ART,258,6153,Osteosintesis de malar o maxilar (mas de 2 placas titanio),14453,94
EXPERTA ART,258,6279,Quiste de maxilar (pieza dental incluida),14555,91
EXPERTA ART,258,6481,Sinusotomia maxilar radical,14694,92
EXPERTA ART,258,6482,Sinusotomia maxilar simple,14695,92
EXPERTA ART,258,6483,"Sinusotomias combinadas (frontal, etmoidal, etc.) por via externa transmaxilar",14696,93
EXPERTA ART,258,6003,Maxilar inferior: prognatismo / retrognatismo,15046,93
EXPERTA ART,258,6004,Maxilar superior: prognasia / retrognasia,15047,94
EXPERTA ART,258,6393,Reseccion de maxilar inferior con vaciamiento (comando),15152,98
EXPERTA ART,258,6005,Maxilectomia radical por via endoscopica,15048,93
EXPERTA ART,258,6007,Maxilectomia simple por via endoscopica,15049,92
EXPERTA ART,258,6009,Meatotomia,15406,89
EXPERTA ART,258,6010,Mediastinitis / toillette mediastinal,15050,94
EXPERTA ART,258,6011,Mediastinoscopia,14363,92
EXPERTA ART,258,6014,Megacolon congenito,14366,93
EXPERTA ART,258,6605,Tratamiento quirurgico del megacolon,14769,93
EXPERTA ART,258,6016,Meningocele,14369,94
EXPERTA ART,258,6027,Mielomeningocele,14379,94
EXPERTA ART,258,6018,Metastasis hepatica / fenolizacion termo-tratamiento,14371,93
EXPERTA ART,258,6019,Metatarsalgia / ratas articulares,14372,90
EXPERTA ART,258,6025,"Microtia, reconstruccion en varios tiempos",15053,90
EXPERTA ART,258,6026,Mielografia,14378,90
EXPERTA ART,258,6030,Miomectomia vaginal (mioma nascens),69299,90
EXPERTA ART,258,6028,Miomectomia / histerorrafia,14380,92
EXPERTA ART,258,6029,Miomectomia por videolaparoscopia,14381,93
EXPERTA ART,258,6686,"Video-laparoscopia ginecologica terapeutica (incluye miomectomia, quiste de ovario, etc)",14833,93
EXPERTA ART,258,6691,"Videolaparoscopia terapeutica (incluye quiste de ovario, lisis pelvianas, miomectomias,",15400,93
EXPERTA ART,258,6031,Miringoplastia,14383,91
EXPERTA ART,258,6033,"Morfina o morfinosimiles por via epidural o subaracnoidea, por sesion: continua 1ras 24 hs o fraccion",15054,91
EXPERTA ART,258,6034,Movilizacion (quiropraxia ),14385,89
EXPERTA ART,258,6035,Movilizacion del estribo,14386,90
EXPERTA ART,258,7580,Mucosectomia,15336,92
EXPERTA ART,258,6037,Nariz leporina compleja,15055,91
EXPERTA ART,258,6438,Rinofina (rosacea fimatosa de nariz),15163,91
EXPERTA ART,258,6420,"Resecciones totales de huesos (radio, cubito, perone, astralago, calcaneo, clavicula, malar, huesos propios de la nariz etc.)",15439,93
EXPERTA ART,258,6038,Nefrectomia parcial,14388,94
EXPERTA ART,258,6039,Nefrectomia parcial o total por video-laparoscopia,14389,95
EXPERTA ART,258,6041,Nefrectomia radical + vaciamiento ganglionar,14390,95
EXPERTA ART,258,6043,Nefrectomia total o parcial por videolaparoscopia,14391,95
EXPERTA ART,258,6042,Nefrectomia total,15417,94
EXPERTA ART,258,6045,Nefrolitotomia,14394,93
EXPERTA ART,258,6046,Nefrolitotomia percutanea,14395,94
EXPERTA ART,258,6047,Nefropexia,14396,92
EXPERTA ART,258,6048,Nefrostomia percutanea,15416,92
EXPERTA ART,258,6051,Neumonectomia a cielo abierto,14398,94
EXPERTA ART,258,6052,Neumonectomia por video-toracoscopia,14399,95
EXPERTA ART,258,7515,Neurolisis por Rf. del simpatico dorsal,51344,98
EXPERTA ART,258,7516,Neurolisis por Rf. simpatico lumbar unilateral,51345,95
EXPERTA ART,258,7517,Neurolisis por Rf. simpatico lumbar bilateral,51346,98
EXPERTA ART,258,8540,Neurolisis de nervio periferico bajo radioscopia,69390,93
EXPERTA ART,258,8541,Neurolisis quimica del plexo hipogastrico superior,69391,94
EXPERTA ART,258,6065,Neurolisis de nervios perifericos,14401,90
EXPERTA ART,258,6066,Neurolisis extracraneal,14402,90
EXPERTA ART,258,6075,Neurolisis quimica,14403,90
EXPERTA ART,258,6085,Neurolisis transoval del trgemino,14404,91
EXPERTA ART,258,6057,Neurolisis - modulacion ganglio estrellado con Rf,15058,95
EXPERTA ART,258,6058,Neurolisis - modulacion nervio periferico con Rf,15059,92
EXPERTA ART,258,6056,Neurolisis  nervio glosofaringeo con Rf,15060,94
EXPERTA ART,258,6063,Neurolisis por rf de articulacion sacro-iliaca bilateral,15061,95
EXPERTA ART,258,6064,Neurolisis con rf de articulacion sacro-iliaca unilateral,15062,94
EXPERTA ART,258,6059,neurolisis con Rf de nervios esplacnicos,15063,94
EXPERTA ART,258,6061,Neurolisis con Rf de nervios facetarios (mas de 2 niveles),15064,94
EXPERTA ART,258,6062,Neurolisis con Rf de plexo celiaco,15065,94
EXPERTA ART,258,6067,Neurolisis ganglio esfeno-palatino con Rf,15066,94
EXPERTA ART,258,6068,Neurolisis nervio periferico con Rx,15067,92
EXPERTA ART,258,6069,Neurolisis nervio periferico sin Rx,15068,91
EXPERTA ART,258,6070,Neurolisis pcon Rf de ganglio de Walter,15069,95
EXPERTA ART,258,6071,Neurolisis por Rf de plexo hipogastrico superior,15071,94
EXPERTA ART,258,6072,Neurolisis por rf de simpatico dorsal,15073,95
EXPERTA ART,258,6073,Neurolisis por rf simpatico lumbar bilateral,15074,95
EXPERTA ART,258,6074,Neurolisis por rf simpatico lumbar unilateral,15075,95
EXPERTA ART,258,6076,Neurolisis quimica de ganglio de Walter,15076,95
EXPERTA ART,258,6077,Neurolisis por Rf. del plexo hipogastrico superior,15078,95
EXPERTA ART,258,6078,Neurolisis quimica del simpatico dorsal,15080,95
EXPERTA ART,258,6079,Neurolisis quimica del simpatico lumbar bilateral,15081,95
EXPERTA ART,258,6080,Neurolisis quimica de simpatico lumbar unilateral,15082,94
EXPERTA ART,258,6081,Neurolisis quimica ganglio estrellado,15083,94
EXPERTA ART,258,6082,Neurolisis quimica nervios esplacnicos,15084,94
EXPERTA ART,258,6083,Neurolisis quimica plexo celiaco,15086,94
EXPERTA ART,258,6086,Neurolisis del trigemino con Rf,15087,95
EXPERTA ART,258,6087,Neurolisis-modulacion del trigemino con Rf,15088,98
EXPERTA ART,258,6088,Neurolisis-modulacion ganglio esfeno-palatino con Rf,15089,95
EXPERTA ART,258,6089,Neurolisis-modulacion nervio glosofaringeo con Rf,15090,95
EXPERTA ART,258,6060,Neurolisis con Rf de nervios facetarios (2 niveles),15263,93
EXPERTA ART,258,6090,Neuromodulacion articulacion de hombro con Rf pulsada,15091,91
EXPERTA ART,258,6091,Neuromodulacion articulacion de rodilla con Rf pulsada,15092,91
EXPERTA ART,258,6092,Neuromodulacion con Rf pulsada de articulacion AA o AO,15093,93
EXPERTA ART,258,6093,Neuromodulacion con Rf pulsada ganglio raiz dorsal  (1 nivel),15094,92
EXPERTA ART,258,6094,Neuromodulacion con Rf pulsada ganglio raiz dorsal (mas de 1 nivel),15095,93
EXPERTA ART,258,6095,Neuromodulacion percutanea de nervio periferico,15096,94
EXPERTA ART,258,6096,Neuromodulacion sistemica con anestesicos locales en dolor neuropatico.,15215,90
EXPERTA ART,258,6098,Neurotomia del nervio optico,14406,90
EXPERTA ART,258,6099,Neurotomia trigeminal / vestibular / glosofaringeo,14407,95
EXPERTA ART,258,6104,Oclusion con reseccion de intestino,14410,93
EXPERTA ART,258,6105,Omentectomia,15328,93
EXPERTA ART,258,6106,Onfalitis,14411,91
EXPERTA ART,258,6107,Ooforectomia simple unilateral,14412,91
EXPERTA ART,258,6108,Ooforo-salpinguectomia unilateral,14413,91
EXPERTA ART,258,6708,Operacion Comando de Parotida,60859,95
EXPERTA ART,258,6109,Operacion comando de encias o trigono-retromolar,14414,93
EXPERTA ART,258,6110,Operacion comando de faringe con vaciamiento,14415,95
EXPERTA ART,258,6113,Operacion comando de paladar blando,14418,95
EXPERTA ART,258,6114,Operacion comando de piso de boca,14419,95
EXPERTA ART,258,6115,Operacion correctora de glaucoma,14420,92
EXPERTA ART,258,6117,Operacion de Dixon (para tumores del 1/3 superior del recto),14422,93
EXPERTA ART,258,6118,Operacion de Dixon laparoscopica (para tumores del 1/3 superior del recto),14423,94
EXPERTA ART,258,6119,Operacion de Frikolm (hasta 2 discos),14425,94
EXPERTA ART,258,6120,Operacion de Lefort o similares para prolapso vaginal,14426,91
EXPERTA ART,258,6122,Operacion de Sugarbaker (HIPEC) para carcinomatosis toracica (QMT + hipertermia intracavitaria),14427,107
EXPERTA ART,258,6124,Operacion de Wertheim-Meigs con lavaje intracavitario con circulacion extracorporea (tipo Sugarbaker),14429,107
EXPERTA ART,258,6125,Operacion de Wertheim-Meigs por video-laparoscopia,14430,98
EXPERTA ART,258,6226,Plicatura intestinal (operacion de Noble),14519,93
EXPERTA ART,258,6460,Septumplastia y/o reseccion del tabique nasal (operacion de Killian o similar),14672,92
EXPERTA ART,258,6197,Peritonectomia + quimioterapia con hipertermia intracavitaria (HIPEC - operacion de Sugarbaker,15300,107
EXPERTA ART,258,6406,"Reseccion de tumor, intraorbitario mediante orbitotomia",15160,91
EXPERTA ART,258,6131,Orquidectomia,14435,91
EXPERTA ART,258,6132,Orquidopexia,14436,91
EXPERTA ART,258,6133,Orzuelo,14437,89
EXPERTA ART,258,6134,Osteoclasia,14438,90
EXPERTA ART,258,5398,Osteosintesis de Perone,60851,92
EXPERTA ART,258,6138,Osteosintesis clavicular,14439,92
EXPERTA ART,258,6139,Osteosintesis de calcaneo,14441,92
EXPERTA ART,258,6143,Osteosintesis de escafoide,14443,93
EXPERTA ART,258,6145,Osteosintesis de falange o metacarpiano (hasta 3 huesos),14444,91
EXPERTA ART,258,6146,"Osteosintesis de femur (tipo Kuncher, clavo gamma o similares)",14445,93
EXPERTA ART,258,6149,Osteosintesis de hasta 2 huesos del carpo,14449,92
EXPERTA ART,258,6154,Osteosintesis de mas de 2 huesos del carpo,14454,93
EXPERTA ART,258,6155,Osteosintesis de muñeca con clavija percutanea (tipo Sauve-Kapandi y similares),14455,91
EXPERTA ART,258,6156,Osteosintesis de rotula,14456,92
EXPERTA ART,258,6157,Osteosintesis de tarso o metatarso hasta 2 huesos,14457,92
EXPERTA ART,258,6158,Osteosintesis de tibia,14458,92
EXPERTA ART,258,6159,Osteosintesis de tobillo,14459,92
EXPERTA ART,258,6161,Osteosintesis tarso o metatarso mas de 2 huesos,14460,93
EXPERTA ART,258,6160,Osteosintesis del malar,15099,92
EXPERTA ART,258,6144,Osteosintesis de esternon como unica intervencion,15362,92
EXPERTA ART,258,6141,Osteosintesis de cubito o radio,15463,92
EXPERTA ART,258,6151,Osteosintesis de humero,15464,92
EXPERTA ART,258,6142,Osteosintesis de cubito y radio (por diferentes vias),15467,93
EXPERTA ART,258,6162,Osteotomia correctora de pie,14461,91
EXPERTA ART,258,6163,Osteotomia correctora de tibia y perone,14463,92
EXPERTA ART,258,6167,Osteotomia simple,14465,90
EXPERTA ART,258,6166,Osteotomia de femur,15478,93
EXPERTA ART,258,6719,Trombectomia Pulmonar Mecanica En Tepa Paciente Critico,60870,96
EXPERTA ART,258,8553,Revision del manejo del dolor agudo (no postoperatorio) en pacientes internados,69401,89
EXPERTA ART,258,6169,Paciente oncologico - atencion clinica por 2 a 14 dias,15103,91
EXPERTA ART,258,6170,Paciente oncologico - atencion clinica x mes o frac. > a 14 d.,15268,93
EXPERTA ART,258,6171,Palatoplastia,14467,91
EXPERTA ART,258,6273,Queiloplastia con palatoplastia,15117,93
EXPERTA ART,258,6172,Palatorrafia,15104,91
EXPERTA ART,258,6176,Pancreatectomia por Videolaparoscopia,14471,95
EXPERTA ART,258,6177,Papilotomia del conducto de Warthon y/o Stenon,14472,90
EXPERTA ART,258,6178,Papilotomia endoscopica / ERCP (colangio-pancreatografia endoscopica retrogada),14473,92
EXPERTA ART,258,6179,Paratiroidectomia,14474,93
EXPERTA ART,258,6180,Paratiroidectomia por via endoscopica,14475,94
EXPERTA ART,258,6181,Paratiroidectomia total con vaciamiento ganglionar,14476,94
EXPERTA ART,258,6182,Paratiroidectomia total con vaciamiento ganglionar por via endoscopica,14477,95
EXPERTA ART,258,6184,Parche hematico,15105,90
EXPERTA ART,258,5020,Parchehematico de sangreo similar (blood parch) en cefalea post puncion,15248,91
EXPERTA ART,258,6186,Parotidectomia total,14479,93
EXPERTA ART,258,5235,By-pass de vasos perifericos unilateral,13786,94
EXPERTA ART,258,5236,By-pass temporo-silviano,13787,96
EXPERTA ART,258,6188,Pectus excavatum / pectus carinatum,14481,94
EXPERTA ART,258,6189,Pectus excavatum / pectus carinatum por video-toracoscopia,14482,95
EXPERTA ART,258,6191,Pericardiectomia amplia (pericarditis constrictiva),15106,94
EXPERTA ART,258,6192,Pericardiectomia no constrictiva,15107,93
EXPERTA ART,258,6193,Pericardiocentesis,14486,91
EXPERTA ART,258,6194,Pericardiotomia,15108,92
EXPERTA ART,258,6195,Peridural por distocia,14487,92
EXPERTA ART,258,6196,Perineorrafia,14488,90
EXPERTA ART,258,6198,Peritoneocentesis,14489,90
EXPERTA ART,258,6199,Peritonitis generalizada,14490,93
EXPERTA ART,258,6203,Pielografia ascendente por ureteroscopia,14494,90
EXPERTA ART,258,6204,Pielolitotomia,14495,92
EXPERTA ART,258,6205,Pielolitotomia por videolaparoscopia,14496,93
EXPERTA ART,258,6206,Pieloplastia,14497,92
EXPERTA ART,258,6207,Pieloplastia por lumbotomia,14498,93
EXPERTA ART,258,6208,Pielotomia por videolaparoscopia,14499,93
EXPERTA ART,258,6201,Pie plano unilateral,14492,92
EXPERTA ART,258,6712,Plastica de Codo,60863,93
EXPERTA ART,258,6715,Plastica de Manguito Rotador por Artroscopia,60866,94
EXPERTA ART,258,5580,Plastica peneana,14047,93
EXPERTA ART,258,6209,Plastica anal / anoplastia,14500,91
EXPERTA ART,258,6210,Plastica de canal estrecho de columna con disectomia hasta 2 espacios,14501,98
EXPERTA ART,258,6211,Plastica de canal estrecho de columna mas de 2 espacios,14502,98
EXPERTA ART,258,6212,Plastica de colostomia,14503,91
EXPERTA ART,258,6213,Plastica de la union uretero-pielica,14504,92
EXPERTA ART,258,6214,Plastica de ligamentos de rodilla no cruzados,14505,93
EXPERTA ART,258,6215,Plastica de manguito rotador no artroscopica,14506,93
EXPERTA ART,258,6216,Plastica de uretra / uretroplastia,14509,92
EXPERTA ART,258,6218,Plastica de via lagrimal,14511,93
EXPERTA ART,258,6219,Plastica del cuadriceps,14512,91
EXPERTA ART,258,6222,Plastica pielo-ureteral por videolaparoscopia,14514,94
EXPERTA ART,258,6223,Plastica ureteral,14516,92
EXPERTA ART,258,6224,Plastica ureteral o de la union pielo-pielica por videolaparoscopia,14517,94
EXPERTA ART,258,6362,Reparacion artroscopica quirurgica de tobillo (plastica de tobillo por video-artroscopia),14604,93
EXPERTA ART,258,6370,Reparacion plastica de ligamento peroneo-astragalino anterior y/o lateral y/o peroneo-calcaneo,14612,93
EXPERTA ART,258,6336,Reemplazo de una valvula cardiaca y plastica de otra,15142,98
EXPERTA ART,258,6405,"Reseccion de tumor maligno externo, con reconstruccion plastica",15159,92
EXPERTA ART,258,7539,Plastica o comisurotomias valvulares Ao o pulmonares en el recien nacido.,15288,98
EXPERTA ART,258,6220,Plastica del pabellon auricular,15492,92
EXPERTA ART,258,7595,Pleurectomia parcial por video-toracoscopia,15372,94
EXPERTA ART,258,6225,Pleurodesis quimica por video-toracoscopia,14518,94
EXPERTA ART,258,6227,Polidactilia,14520,91
EXPERTA ART,258,6229,Polipo de cuello uterino,14522,89
EXPERTA ART,258,6230,Potenciales evocados,14523,89
EXPERTA ART,258,6231,Potenciales evocados somatosensoriales,14524,91
EXPERTA ART,258,6582,Trasplante oseo en procedimientos primarios,14750,94
EXPERTA ART,258,6593,Tratamiento de las secuelas por paralisis (por cada procedimiento),14761,91
EXPERTA ART,258,6235,Proctectomia con prostatectomia,15358,93
EXPERTA ART,258,6236,Proctorrafia,14525,90
EXPERTA ART,258,6237,Prolapso rectal,14526,91
EXPERTA ART,258,6238,Prostatectomia o adenectomia con o sin vasectomia por videolaparoscopia,14527,94
EXPERTA ART,258,6239,"Prostatectomia o adenectomia por via abdominal, con o sin vasectomia",14528,93
EXPERTA ART,258,6240,Prostatectomia o adenomectomia por videolaparoscopia,14529,94
EXPERTA ART,258,6243,Prostatectomia radical por videolaparoscopia,14531,95
EXPERTA ART,258,6274,Querato-protesis,14550,94
EXPERTA ART,258,6434,Revision de protesis total de rodilla,14654,95
EXPERTA ART,258,6580,Trasplante oseo combinado con protesis,14748,95
EXPERTA ART,258,6246,Protesis testicular unilateral,15411,93
EXPERTA ART,258,6248,Ptosis palpebral,14534,91
EXPERTA ART,258,6247,Ptosis de parpado,15111,92
EXPERTA ART,258,8653,Puncion guiada por TAC en quirofano,69398,91
EXPERTA ART,258,6260,Puncion de camara anterior para daignosticos,14543,89
EXPERTA ART,258,6261,Puncion de derrame escrotal,14544,89
EXPERTA ART,258,6265,Puncion del antro mastoideo,14545,90
EXPERTA ART,258,6267,Puncion del seno esfenoidal,14547,91
EXPERTA ART,258,6270,Puncion trans-fontanoidal,14548,90
EXPERTA ART,258,6271,Puncion ventricular por trepanacion,14549,92
EXPERTA ART,258,6262,Puncion de ganglio linfatico,15115,89
EXPERTA ART,258,6268,Puncion pleural,15361,89
EXPERTA ART,258,6263,Puncion de la cavidad pleural para lavaje,15366,91
EXPERTA ART,258,6269,Puncion raquidea diagnostica,15528,90
EXPERTA ART,258,6275,Queratocentesis,14551,90
EXPERTA ART,258,6276,Quiste artro-sinovial,14552,90
EXPERTA ART,258,6277,Quiste de cordon,14553,90
EXPERTA ART,258,6280,Quiste de ovario,14556,91
EXPERTA ART,258,6281,Quiste de pancreas,14557,92
EXPERTA ART,258,6282,Quiste de tumor de cuello,14558,92
EXPERTA ART,258,6283,Quiste hidatidico de bazo,14559,92
EXPERTA ART,258,6284,Quiste hidatidico de higado,14560,93
EXPERTA ART,258,6285,Quiste o tumor de mesenterio,14561,92
EXPERTA ART,258,6286,Quiste o tumor del hueco popliteo,14562,92
EXPERTA ART,258,6399,Reseccion de quiste oseo,14629,90
EXPERTA ART,258,6287,Quiste sacro-coccigeo en decubito ventral (ej. quiste pilonidal),15240,91
EXPERTA ART,258,6293,Radioterapia de intensidad modulada (IMRT),15120,91
EXPERTA ART,258,6294,Radioterapia intraoperatoria,15121,95
EXPERTA ART,258,6472,Simulacion de tratamiento para radioterapia,15170,90
EXPERTA ART,258,6296,Reanimacion fuera del acto anestesiologico,15122,92
EXPERTA ART,258,6298,Recarga de bomba de infusion,15124,90
EXPERTA ART,258,6299,Recarga bomba elastomerica,15211,89
EXPERTA ART,258,6304,Reconstruccion de las vias biliares,14566,95
EXPERTA ART,258,6308,Reconstruccion de pene y/o testiculo,14567,93
EXPERTA ART,258,6319,Reconstruccion total de parpado,14570,92
EXPERTA ART,258,6300,Reconstruccion de areola y/o pezon,15125,91
EXPERTA ART,258,6301,Reconstruccion de cavidad orbitaria,15126,93
EXPERTA ART,258,6302,Reconstruccion de conducto auditivo externo,15127,92
EXPERTA ART,258,6303,Reconstruccion de la pared abdominal,15128,93
EXPERTA ART,258,6305,Reconstruccion de ombligo,15129,90
EXPERTA ART,258,6307,Reconstruccion de pene y/o escroto,15131,92
EXPERTA ART,258,6288,Reconstruccion de vulva,15132,93
EXPERTA ART,258,6313,Reconstruccion nasal parcial,15136,91
EXPERTA ART,258,6314,Reconstruccion parcial de orbita o malar,15137,92
EXPERTA ART,258,6316,Reconstruccion total de orbita,15139,93
EXPERTA ART,258,6404,Reseccion de tumor de orbita con reseccion osea y reconstruccion inmediata,15158,93
EXPERTA ART,258,6702,Reseccion de Tumor de Recto,60853,93
EXPERTA ART,258,6320,Recto-sigmoidoscopia,14571,89
EXPERTA ART,258,6414,Reseccion parcial osea infecciosa o tumoral de columna (corporectomia),14637,94
EXPERTA ART,258,6425,Retinopexia y esclerectomia,14646,93
EXPERTA ART,258,6451,Salpinguectomia con o sin ooferectomia por videolaproscopia,14666,93
EXPERTA ART,258,6610,Trombo-endarterectomia de vasos perifericos,14773,94
EXPERTA ART,258,6695,Vitrectomia,14840,94
EXPERTA ART,258,6455,Secuestrectomia,15308,93
EXPERTA ART,258,6321,Rectoscopia,15332,89
EXPERTA ART,258,6637,Tumorectomia,15389,91
EXPERTA ART,258,6644,Ureterectomia,15423,91
EXPERTA ART,258,6328,Reduccion incruenta cervical o dorsal,14575,92
EXPERTA ART,258,6339,Reemplazo total de femur,14583,95
EXPERTA ART,258,6340,Reemplazo total de hombro,14584,95
EXPERTA ART,258,6341,Reemplazo total de rodilla,14585,95
EXPERTA ART,258,6334,Reemplazo bi-valvular,15141,98
EXPERTA ART,258,6342,Reemplazo valvular,15143,95
EXPERTA ART,258,7535,Reemplazo valvular en hemodinamia ( TAVI),15549,98
EXPERTA ART,258,6359,Reintervencion cardiaca dentro de las primeras 24 horas (ejemplo: sangrado),15147,94
EXPERTA ART,258,6360,Remodelacion de la boveda craneana (turricefalia / plagiocefalia),14603,95
EXPERTA ART,258,6361,"Remodelacion de la boveda craneana (turricefalia, plagioce falia)",15148,95
EXPERTA ART,258,6367,Reparacion ligamentaria de rodilla (ligamento laterales y/o cruzados),51397,94
EXPERTA ART,258,6365,Reparacion de senos craneales,14607,94
EXPERTA ART,258,6368,"Reparacion ligamentaria de tobillo (ligamentos laterales, etc)",14610,93
EXPERTA ART,258,6000,Reseccion de Tabique Vaginal por Videolaparoscopia,60852,92
EXPERTA ART,258,6372,Reseccion costal,14613,90
EXPERTA ART,258,6374,Reseccion cuneiforme de ovario,14614,91
EXPERTA ART,258,6380,Reseccion de cuello de vejiga,14616,91
EXPERTA ART,258,6385,Reseccion de espolon calcaneo,14619,91
EXPERTA ART,258,6386,Reseccion de exostosis,14620,90
EXPERTA ART,258,6390,Reseccion de intestino delgado,14623,93
EXPERTA ART,258,6394,Reseccion de osteoma del CAE,14625,92
EXPERTA ART,258,6395,Reseccion de plexo hipogastrico,14626,92
EXPERTA ART,258,6397,Reseccion de plexo hipogastrico por videolaparoscopia,14628,93
EXPERTA ART,258,6407,Reseccion del plexo hipogastrico,14631,92
EXPERTA ART,258,6411,Reseccion parcial de hueso infeccioso o tumoral,14634,92
EXPERTA ART,258,6413,Reseccion parcial de pelvis infecciosa o tumoral,14636,92
EXPERTA ART,258,6415,Reseccion submucosa del cornete inferior,14639,91
EXPERTA ART,258,6416,Reseccion total de paladar,14640,94
EXPERTA ART,258,6419,Reseccion tumoral de nervio periferico,14642,91
EXPERTA ART,258,6396,Reseccion de plexo hipogastrico por videolaparoscopia,15154,93
EXPERTA ART,258,6398,Reseccion de queloide,15155,91
EXPERTA ART,258,6402,Reseccion de tumor de mas de 5 cm,15156,91
EXPERTA ART,258,6403,Reseccion de tumor de menos de 5 cm,15157,90
EXPERTA ART,258,6381,Reseccion de epiplon,15298,91
EXPERTA ART,258,6371,Reseccion pleuro-parietal,15367,93
EXPERTA ART,258,6401,Reseccion de tabique vaginal,15402,91
EXPERTA ART,258,6417,Reseccion transuretral de prostata (TUR-P),15430,93
EXPERTA ART,258,6389,Reseccion de hasta 3 falanges,15459,90
EXPERTA ART,258,6392,Reseccion de mas de 3 falanges,15460,91
EXPERTA ART,258,6375,Reseccion de cabeza de radio o cubito,15462,91
EXPERTA ART,258,6422,Retinografia,14643,89
EXPERTA ART,258,6426,Retiro de cables endocavitarios,14647,92
EXPERTA ART,258,6427,Retoque de muñon,14648,91
EXPERTA ART,258,6428,Retromentonismo no estetico,15162,91
EXPERTA ART,258,8539,Internacion. Primera o revision.,69389,90
EXPERTA ART,258,6437,Rino-septumplastia,14657,93
EXPERTA ART,258,6514,Taponamiento intra-uterino,14711,90
EXPERTA ART,258,6606,Tratamiento quirurgico del neurinoma del acustico por via optica,14770,95
EXPERTA ART,258,6440,"Rinoplastia simple, no estetica",15165,90
EXPERTA ART,258,6442,Rizotomia del ligamento dentado,14658,93
EXPERTA ART,258,6443,Rizotomia dorsal selectiva,14659,94
EXPERTA ART,258,6444,Rizotomia retrogaseriana estereotaxica por rf,15270,94
EXPERTA ART,258,7513,Rizotomia estereotaxica por crioterapia del G de Gasser,15271,98
EXPERTA ART,258,6445,Safenectomia externa unilateral,14660,92
EXPERTA ART,258,6446,Safenectomia interna unilateral,14661,92
EXPERTA ART,258,6449,Salpingolisis / salpingoplastia unilateral,14664,92
EXPERTA ART,258,6450,Salpingolisis / salpingoplastia unilateral por videolaparoscopia,14665,93
EXPERTA ART,258,6453,Seccion de frenillo lingual,14667,89
EXPERTA ART,258,6452,Seccion de aductores con o sin tenotomia,15456,92
EXPERTA ART,258,6454,Secuelas de paralisis facial en todas sus formas,15169,92
EXPERTA ART,258,6456,Segmentectomia hepatica,14668,95
EXPERTA ART,258,6458,Septostomia inter-auricular o ventricular en hemodinamia (tipo Raskind o similares),14670,95
EXPERTA ART,258,6461,Shunt porto-sistemico transyugular intra-hepatico (TIPS),14673,95
EXPERTA ART,258,6462,Sialografia,14675,89
EXPERTA ART,258,6463,Sigmoidectomia,14676,94
EXPERTA ART,258,6464,Sigmoidectomia por videolaparoscopia,14677,95
EXPERTA ART,258,6465,Simpatectomia abdominal o lumbar,14678,91
EXPERTA ART,258,6466,Simpatectomia cervical,14679,92
EXPERTA ART,258,6467,Simpatectomia lumbar,14680,91
EXPERTA ART,258,6468,Simpatectomia lumbar o toracica (hiper-hidrosis),14681,93
EXPERTA ART,258,6470,Simpatectomia periarterial,14683,91
EXPERTA ART,258,6471,Simpatectomia toracica,14684,93
EXPERTA ART,258,6473,Sindactilia,14685,91
EXPERTA ART,258,6474,Sindrome apico-transverso,14686,95
EXPERTA ART,258,6476,Sinovectomia,14688,91
EXPERTA ART,258,6478,Sinusotomia esfenoidal,14691,92
EXPERTA ART,258,6479,Sinusotomia frontal externa (trepanacion del seno frontal),14692,91
EXPERTA ART,258,6480,Sinusotomia frontal radical por via externa,14693,92
EXPERTA ART,258,6484,Sinusotomias combinadas por via endoscopica,14697,94
EXPERTA ART,258,6485,Sinusotomias por via endoscopica,14698,93
EXPERTA ART,258,6489,Spect cerebral,15172,91
EXPERTA ART,258,8101,Spect cerebral en niños,15531,91
EXPERTA ART,258,6490,Suprarrenalectomia laparoscopica unilateral,15385,95
EXPERTA ART,258,6491,Sutura de conjuntiva,14701,90
EXPERTA ART,258,6494,Sutura de faringe,14702,92
EXPERTA ART,258,6497,Sutura de lengua,14705,90
EXPERTA ART,258,6498,Sutura de vasos perifericos,14706,92
EXPERTA ART,258,6500,Sutura del paladar,14707,90
EXPERTA ART,258,6499,Sutura del pabellon auricular,15491,90
EXPERTA ART,258,6493,Sutura de encia,15495,90
EXPERTA ART,258,6492,Sutura de cornea,15525,91
EXPERTA ART,258,6513,Taponaje anterior y/o posterior,14710,89
EXPERTA ART,258,6515,Tarsorrafia,15179,90
EXPERTA ART,258,6516,Telecanto,15180,92
EXPERTA ART,258,6517,Tenolisis (hasta 3 tendones),14712,91
EXPERTA ART,258,6518,Tenolisis o tenorrafia (4 o mas tendones),14713,92
EXPERTA ART,258,6520,Tenoplastia simple (hasta 3 tendones),14714,92
EXPERTA ART,258,6519,Tenoplastia multiple (mas de 3 tendones),15452,93
EXPERTA ART,258,6521,Tenorrafia (hasta 3 tendones),14715,91
EXPERTA ART,258,6522,Tenorrafia del tendon de aquiles o rotuliano,14716,91
EXPERTA ART,258,6524,Tenotomia simple,14717,90
EXPERTA ART,258,6523,Tenotomia multiple,15450,91
EXPERTA ART,258,6554,Toma de tension ocular,14731,89
EXPERTA ART,258,6511,Tens (maximo seis sesiones al mes),15181,89
EXPERTA ART,258,8545,Quimioterapia intratecal,69395,94
EXPERTA ART,258,6525,Terapia sistemica del dolor postoperatorio ( todo el periodo),15182,90
EXPERTA ART,258,6540,Test de duccion forzada y fuerza generada,14718,89
EXPERTA ART,258,6539,"Test de Opioide, Baclofren, etc, intratecal",15249,91
EXPERTA ART,258,6630,Tumor de testiculo,15409,91
EXPERTA ART,258,6541,Timectomia por miastenia gravis,14719,94
EXPERTA ART,258,6543,Timpanoplastia,14721,93
EXPERTA ART,258,6544,Tiroidectomia por via endoscopica,14722,94
EXPERTA ART,258,6545,Tiroidectomia total,14723,93
EXPERTA ART,258,6546,Tiroidectomia total con vaciamiento cervical,14724,94
EXPERTA ART,258,6547,Tiroidectomia total con vaciamiento cervical por via endoscopica,14725,95
EXPERTA ART,258,6548,Toilette quirurgico con debridamiento,14726,90
EXPERTA ART,258,6549,Toilette quirurgico de columna,14727,92
EXPERTA ART,258,6551,Toillete quirurgica,14728,89
EXPERTA ART,258,6555,Tomografia computada de ojo,15521,90
EXPERTA ART,258,6556,Toracoplastia,14732,92
EXPERTA ART,258,6509,"TAC de torax, con o sin contraste",15177,91
EXPERTA ART,258,6558,Torticolis congenita,15486,94
EXPERTA ART,258,6561,Traccion esqueletica,15435,89
EXPERTA ART,258,6560,Traccion de partes blandas,15453,89
EXPERTA ART,258,6562,Tractotomia,15535,94
EXPERTA ART,258,6563,Transferencias tendinosas (mas de 3 tendones),14735,93
EXPERTA ART,258,6564,Transferencias tendinosas (trasplante y alargamiento) en miembro superior o inferior (hasta 3 tendones),14736,92
EXPERTA ART,258,6565,Transposicion de nervio periferico,14737,92
EXPERTA ART,258,6566,Transposicion de tendones en miembro superior o miembro inferior,14738,93
EXPERTA ART,258,6567,Transposicion del cubital,14739,91
EXPERTA ART,258,6568,Traqueoplastia,14740,94
EXPERTA ART,258,6569,Traqueorrafia,14742,92
EXPERTA ART,258,6571,Traqueostomia o traqueotomia como unica intervencion,14744,91
EXPERTA ART,258,6570,Traqueostomia como unica intervencion,15190,91
EXPERTA ART,258,6572,Traqueostomia percutanea,15383,91
EXPERTA ART,258,6574,Trasplante de corazon y pulmon,14745,108
EXPERTA ART,258,6578,Trasplante de pancreas,14746,106
EXPERTA ART,258,6579,Trasplante hepatico,14747,107
EXPERTA ART,258,6584,Trasplante oseo intercalares,14752,94
EXPERTA ART,258,6585,Trasplante oseo osteo-articulares,14753,94
EXPERTA ART,258,6586,Trasplante pulmonar,14754,106
EXPERTA ART,258,6587,Trasplante renal,14755,96
EXPERTA ART,258,6588,Trasplante reno-pancreatico,14756,107
EXPERTA ART,258,6589,Trasplante y alargamiento (hasta 3 tendones),14757,92
EXPERTA ART,258,6590,Trasplante y alargamiento (mas de 3 tendones),14758,93
EXPERTA ART,258,6573,Trasplante de corazon,15191,106
EXPERTA ART,258,6575,Trasplante de corazon-pulmon,15192,108
EXPERTA ART,258,6576,Trasplante de corazon-riñon,15193,107
EXPERTA ART,258,6577,Trasplante de medula osea,15257,92
EXPERTA ART,258,6594,Tratamiento de las varices esofagicas (bandas / escleroris / balon),14762,91
EXPERTA ART,258,6600,Tratamiento endovascular de arterias uterinas,14767,94
EXPERTA ART,258,6607,Tratamiento quirurgico del onfalocele,14771,94
EXPERTA ART,258,6608,"Tratamiento sistemico del dolor, por dia de tratamiento",15209,89
EXPERTA ART,258,6510,TAC tridimensional,15178,91
EXPERTA ART,258,6720,Trombectomia Intracraneal Por Hemodinamia,60871,96
EXPERTA ART,258,6609,Trombectomia venosa profunda,14772,93
EXPERTA ART,258,6611,Trombosis hemorroidal,14774,90
EXPERTA ART,258,6612,Trombosis mesenterica,14775,93
EXPERTA ART,258,5752,Extrirpacion de tumor oseo (mas de 5 cm),14170,91
EXPERTA ART,258,5753,Extrirpacion de tumor oseo (menos de 5 cm),14171,90
EXPERTA ART,258,6613,Tumor benigno de ano,14776,91
EXPERTA ART,258,6615,Tumor benigno de vulva,14777,89
EXPERTA ART,258,6616,Tumor beningo de vagina,14778,90
EXPERTA ART,258,6617,Tumor cerebral intracraneal (mas de 8 horas de duracion),14779,98
EXPERTA ART,258,6618,Tumor cerebral intracraneal (menos de 8 horas de duracion),14780,98
EXPERTA ART,258,6620,Tumor de fosa posterior (mas de 8 horas de duracion),14782,98
EXPERTA ART,258,6621,Tumor de fosa posterior (menos de 8 horas de duracion),14783,98
EXPERTA ART,258,6622,Tumor de hipofisis (mas de 8 horas de duracion),14784,98
EXPERTA ART,258,6623,Tumor de hipofisis (menos de 8 horas de duracion),14785,98
EXPERTA ART,258,6624,Tumor de la pared costal,14786,91
EXPERTA ART,258,6625,Tumor de la pared costal por videotoracoscopia,14787,92
EXPERTA ART,258,6627,Tumor de ovario,14788,92
EXPERTA ART,258,6629,Tumor de partes blandas,14790,90
EXPERTA ART,258,6633,Tumor fibroso de pie,14791,90
EXPERTA ART,258,6634,Tumor retroperitoneal,14792,94
EXPERTA ART,258,6635,Tumor retroperitoneal por videolaparoscopia,14793,95
EXPERTA ART,258,6638,Tumores mediastinales a cielo abierto,14794,94
EXPERTA ART,258,6639,Tumores mediastinales por toracoscopia,14795,95
EXPERTA ART,258,6632,Tumor del hueco supra-clavicular,15196,91
EXPERTA ART,258,6636,Tumoracion cardiaca con CEC (tumor de auricula y/o ventriculo; tipo mixoma o similares),15283,98
EXPERTA ART,258,6631,Tumor del glomus carotideo,15540,95
EXPERTA ART,258,6640,Turbinectomia parcial o completa simple (unica o muliple),14796,92
EXPERTA ART,258,6642,Turbinectomia video-endoscopica,14798,93
EXPERTA ART,258,6645,Ureterolitotomia,14800,92
EXPERTA ART,258,6675,Video cisto-ureteroscopia,14823,90
EXPERTA ART,258,6646,Ureteroscopia,15420,89
EXPERTA ART,258,6647,Ureterostomia,15424,91
EXPERTA ART,258,6648,Uretro-cisto-fibroscopia,14801,90
EXPERTA ART,258,6649,Uretrografia,14802,89
EXPERTA ART,258,6650,Uretrorrafia,14803,90
EXPERTA ART,258,6651,Uretrotomia interna / uretroscopia,14804,89
EXPERTA ART,258,5941,Laringuectomia radical con vaciamiento cervical,14311,95
EXPERTA ART,258,6655,Vaciamiento inguino-abdominal convencional,14807,93
EXPERTA ART,258,6656,Vaciamiento inguino-abdominal o inguino-escrotal por video,14808,94
EXPERTA ART,258,6657,Vaciamiento inguino-escrotal convencional,14809,93
EXPERTA ART,258,6696,Vulvectomia con vaciamiento ganglionar,14841,94
EXPERTA ART,258,6654,Vaciamiento ganglionar lumbo-aortico,15197,94
EXPERTA ART,258,6658,Vaciamiento radical unilateral de cuello,15199,93
EXPERTA ART,258,6659,Vagotomia / vagotomia selectiva / gastropexia,14811,92
EXPERTA ART,258,6660,Vagotomia por videolaparoscopia,14812,93
EXPERTA ART,258,6661,Valvuloplastia aortica / pulmonar / tricuspidea / mitral / en hemodinamia,14813,95
EXPERTA ART,258,6662,Valvuloplastia mitral / tricuspidea / aortica / pulmonar,15200,95
EXPERTA ART,258,7534,Valvuloplastia aortica / pulmonar / tricuspidea / mitral / en hemodinamia en el recien nacido,15548,98
EXPERTA ART,258,6663,Vaporizacion prostatica por plasma (TURis) (hiperplasia benigna de prostata),14814,93
EXPERTA ART,258,6652,Varicocele,14805,90
EXPERTA ART,258,6665,Varicocele pelviano,14816,91
EXPERTA ART,258,6666,Vasectomia,15407,91
EXPERTA ART,258,6049,Neo-vejiga a cielo abierto,14397,95
EXPERTA ART,258,6667,Ventana pleuro-pericardica,14817,94
EXPERTA ART,258,6668,Ventana pleuro-pericardica por video,14818,95
EXPERTA ART,258,6669,Ventriculo-cisternotomia,14819,94
EXPERTA ART,258,6670,Ventriculo-cisternotomia videoasistida,14820,95
EXPERTA ART,258,6721,VERTEBROPLASTIA CONVENCIONAL,60872,91
EXPERTA ART,258,6671,Vertebroplastia percutanea (1 Vertebra),14821,94
EXPERTA ART,258,6672,Vertebroplastia percutanea (2 o mas vertebras),14822,95
EXPERTA ART,258,6366,Videoartroscopia Compleja de Rodilla,14608,94
EXPERTA ART,258,6676,"Video-artroscopia compleja (hombro, codo, tobillo)",14824,93
EXPERTA ART,258,6678,Video-artroscopia de hombro / codo,14827,93
EXPERTA ART,258,6679,Video-artroscopia de tobillo,14828,93
EXPERTA ART,258,6680,Video-artroscopia simple de rodilla (incluye menisectomia artroscopica de rodilla),14829,93
EXPERTA ART,258,6682,Video-cistoscopia,14831,90
EXPERTA ART,258,6687,Videobroncofibroscopia,14834,91
EXPERTA ART,258,6690,Videolaparoscopia terapeutica,14837,93
EXPERTA ART,258,6694,Videotoracoscopia convertida a via convencional,14839,95
EXPERTA ART,258,7604,Video artroscopia simple de hombro,15443,92
EXPERTA ART,258,7605,Video artroscopia simple de muñeca,15444,92
EXPERTA ART,258,7606,Video artroscopia compleja de muñeca,15446,93
EXPERTA ART,258,7607,Video artroscopia compleja de hombro,15447,93
EXPERTA ART,258,6697,Vulvectomia simple,14842,91
EXPERTA ART,258,6698,Yeyunostomia,15325,91
EXPERTA ART,258,6202,Pie zambo / varo / equino supinado,14493,92
ANDINA ART S.A.,433,6506,"TAC de abdomen, con o sin contraste",69501,91
ANDINA ART S.A.,433,5975,"Lipoaspiracion (cadera, muslo, abdomen) (hasta 2 zonas)",70355,93
ANDINA ART S.A.,433,5976,"Lipoaspiracion (cadera, muslo, abdomen) (mas de 2 zonas)",70356,94
ANDINA ART S.A.,433,5979,Liposuccion de abdomen,70359,93
ANDINA ART S.A.,433,6689,Videolaparoscopia exploradora de abdomen,70986,93
ANDINA ART S.A.,433,8562,Videolaparoscopia exploradora de abdomen en paciente critico,71150,95
ANDINA ART S.A.,433,5002,Abdominoplastia,69541,94
ANDINA ART S.A.,433,5003,Ablacion de corazon,69542,98
ANDINA ART S.A.,433,5005,Ablacion por radiofrecuencia de arritmias simples (tipo haz de His),69544,98
ANDINA ART S.A.,433,5083,Anestesiologo en ablacion de organos,69598,92
ANDINA ART S.A.,433,6053,Neuroablacion aferentes articulacion de cadera con Rf.,70424,95
ANDINA ART S.A.,433,6187,Patelectomia (ablacion de la rotula),70536,91
ANDINA ART S.A.,433,7532,Ablacion por radiofrecuencia de arritmias con navegador de impedancia,71029,98
ANDINA ART S.A.,433,8567,Ablacion de tumor por radiofrecuencia,71155,95
ANDINA ART S.A.,433,8568,Ablacion osea por radiofrecuencia,71156,94
ANDINA ART S.A.,433,8594,Crioablacion para arritmias,71181,95
ANDINA ART S.A.,433,5006,Abocamiento del ureter a piel,69545,92
ANDINA ART S.A.,433,5481,Lesion local de pulmon (absceso),69436,93
ANDINA ART S.A.,433,5542,Drenaje de absceso hepatico guiado por ecografia,69439,92
ANDINA ART S.A.,433,5547,Drenaje de absceso y/o quiste pancreatico guiado por ecografia,69440,92
ANDINA ART S.A.,433,5009,Absceso de mama / drenaje unilateral,69547,89
ANDINA ART S.A.,433,5010,Absceso de pancreas,69548,92
ANDINA ART S.A.,433,5011,Absceso de pared,69549,89
ANDINA ART S.A.,433,5012,Absceso de parpado,69550,90
ANDINA ART S.A.,433,5013,Absceso gluteo,69551,89
ANDINA ART S.A.,433,5014,Absceso perianal,69552,89
ANDINA ART S.A.,433,5015,Absceso perirectal,69553,91
ANDINA ART S.A.,433,5540,Drenaje de absceso de glandula de Bartholino,69976,89
ANDINA ART S.A.,433,5541,Drenaje de absceso en cabeza y/o cuello,69977,90
ANDINA ART S.A.,433,5543,"Drenaje de absceso o hematoma, excepto en cabeza y cuello",69978,89
ANDINA ART S.A.,433,5544,Drenaje de absceso subfrenico,69979,91
ANDINA ART S.A.,433,5545,Drenaje de absceso subfrenico por via laparoscopica,69980,93
ANDINA ART S.A.,433,5546,Drenaje de absceso testicular,69981,89
ANDINA ART S.A.,433,5814,Glosotomia con drenaje de absceso o hematoma,70213,90
ANDINA ART S.A.,433,5894,"Incision y drenaje de laringe, absceso, pericondritis, etc.",70289,92
ANDINA ART S.A.,433,5896,Incision y drenaje de paladar (absceso),70291,90
ANDINA ART S.A.,433,8107,Absceso de higado,71077,92
ANDINA ART S.A.,433,8569,Absceso en columna,71157,92
ANDINA ART S.A.,433,8652,Drenaje de absceso guiado por TAC/ percutaneo,71236,92
ANDINA ART S.A.,433,5016,Acortamiento de metatarsianos,69554,91
ANDINA ART S.A.,433,5017,Acromioplastia,69555,92
ANDINA ART S.A.,433,6379,"Reseccion de clavicula o acromion, acromioplastia",70718,92
ANDINA ART S.A.,433,5018,Acupuntura por sesion,69556,90
ANDINA ART S.A.,433,5019,Acupuntura laser o electroacupuntura por sesion maximo 6,69557,91
ANDINA ART S.A.,433,5021,Adenomastectomia unilateral,69558,92
ANDINA ART S.A.,433,7518,Adhesiolisis radicular segun Raez. No incluye honorarios por analgesia,71017,95
ANDINA ART S.A.,433,5023,Adrenalectomia unilateral,69559,94
ANDINA ART S.A.,433,5032,Alcoholizacion o fenolizacion peridural cervical / dorsal o lumbar,69403,95
ANDINA ART S.A.,433,5036,Alcoholizacion o fenolizacion subaracnoidea cervical / dorsal o lumbar,69404,98
ANDINA ART S.A.,433,5024,Alcoholizacion o fenolizacion de dos nervios perifericos,69560,92
ANDINA ART S.A.,433,5025,Alcoholizacion o fenolizacion de mas de dos nervios perifericos,69561,93
ANDINA ART S.A.,433,5026,Alcoholizacion o fenolizacion de par craneal ( no V par),69562,94
ANDINA ART S.A.,433,5028,Alcoholizacion o fenolizacion de rama secundaria de par craneal,69563,93
ANDINA ART S.A.,433,5035,Alcoholizacion o fenolizacion rama primaria de V par),69564,95
ANDINA ART S.A.,433,5574,Embolizacion o alcoholizacion coronaria,70006,93
ANDINA ART S.A.,433,5037,Amigdalectomia y/o adenoidectomia,69565,92
ANDINA ART S.A.,433,5038,Amigdalectomia y/o adenoidectomia por radiofrecuencia,69566,93
ANDINA ART S.A.,433,5827,Hemorragia post-adeno-amigdalectomia,70225,91
ANDINA ART S.A.,433,6400,Reseccion de resto de amigdalectomia y/o resto de adeno-amigdalectomia,70737,91
ANDINA ART S.A.,433,7529,Amigdalectomia mas septumplastia mas colocacion de TTT,71026,95
ANDINA ART S.A.,433,7530,Amigdalectomia mas septumplastia mas miringoplastia,71027,95
ANDINA ART S.A.,433,7609,Amigdalectomia mas septumplastia,71064,94
ANDINA ART S.A.,433,7610,Amigdalectomia mas miringoplastia,71065,94
ANDINA ART S.A.,433,7611,Amigdalectomia mas colocacion de TTT,71066,94
ANDINA ART S.A.,433,5039,Amniocentesis,69567,90
ANDINA ART S.A.,433,5043,Amputacion de cuello,69405,91
ANDINA ART S.A.,433,5041,Amputacion de antebrazo,69569,95
ANDINA ART S.A.,433,5042,Amputacion de brazo,69570,95
ANDINA ART S.A.,433,5044,Amputacion de dedo,69571,90
ANDINA ART S.A.,433,5045,Amputacion de hasta 2 dedos del pie,69572,90
ANDINA ART S.A.,433,5046,Amputacion de mano,69573,95
ANDINA ART S.A.,433,5047,Amputacion de mas de 2 dedos del pie,69574,91
ANDINA ART S.A.,433,5048,Amputacion de mas de 3 dedos,69575,91
ANDINA ART S.A.,433,5049,Amputacion de menos de 3 dedos,69576,91
ANDINA ART S.A.,433,5050,"Amputacion de muslo, pie o antepie",69577,92
ANDINA ART S.A.,433,5051,Amputacion de oreja,69578,91
ANDINA ART S.A.,433,5052,Amputacion de pie,69579,92
ANDINA ART S.A.,433,5053,Amputacion de pierna (supracondilea),69580,92
ANDINA ART S.A.,433,5054,Amputacion inter-ilio-abdominal,69581,95
ANDINA ART S.A.,433,5055,Amputacion inter-ilio-femoral,69582,94
ANDINA ART S.A.,433,5056,Amputacion parcial o total de pene,69583,92
ANDINA ART S.A.,433,5462,Crioneurolisis de neuroma de amputacion,69912,93
ANDINA ART S.A.,433,5997,Mastectomia unilateral (amputacion simple de mama),70373,92
ANDINA ART S.A.,433,5057,Analgesia / anestesia raquidea o peridural en periodo expulsivo,69584,92
ANDINA ART S.A.,433,5062,Analgesia regional continua c/ 24 hs o fraccion siguiente,69586,90
ANDINA ART S.A.,433,5069,Analgesia regional por bloqueo subaracnoideo con fenol o similar,69589,91
ANDINA ART S.A.,433,5143,Barbotaje de liquido cefaloraquideo/crioanalgesia,69654,91
ANDINA ART S.A.,433,8505,"Analgesia intratecal, controles dias subsiguientes. Por dia (hasta 48 hs)",71095,91
ANDINA ART S.A.,433,8506,"Analgesia intratecal, dosis unica, colocacion",71096,91
ANDINA ART S.A.,433,8516,"Analgesia sistemica continua, sin PCA, instalacion y puesta en marcha",71106,90
ANDINA ART S.A.,433,8533,Control diario de analgesia sistemica sin bomba de infusion por dia,71123,90
ANDINA ART S.A.,433,8563,Analgesia peridural. Dosis unica,71151,91
ANDINA ART S.A.,433,5071,Anastomosis de conducto deferente - microcirugia,69406,90
ANDINA ART S.A.,433,5074,Anastomosis intestinal,69407,92
ANDINA ART S.A.,433,5070,Anastomosis bilio-digestiva con o sin colecistectomia,69590,94
ANDINA ART S.A.,433,5072,Anastomosis pancreato-digestiva,69591,93
ANDINA ART S.A.,433,5073,Anastomosis porto-cava o espleno-renal,69592,98
ANDINA ART S.A.,433,5075,Anastomosis uretero-sigmoidea,69593,93
ANDINA ART S.A.,433,5358,Coledoco-duodeno-anastomosis,69825,93
ANDINA ART S.A.,433,5479,Dacrio-cistorrinoanastomosis,69922,93
ANDINA ART S.A.,433,5769,Fistula uretero-vaginal con anastomosis uretero-vesical,70169,94
ANDINA ART S.A.,433,5774,Fistula vesico-utero-vaginal con anastomosis uretero-intestinal,70174,94
ANDINA ART S.A.,433,5801,Gastroenteroanastomosis,70201,93
ANDINA ART S.A.,433,5916,Injerto y/o anastomosis facial / hipogloso o similar,70303,92
ANDINA ART S.A.,433,5079,Anestesia para neurotomia (facial / glosofaringeo / neumogastrico),69594,91
ANDINA ART S.A.,433,5081,Anestesia para sesion de cobaltoterapia o acelerador,69596,90
ANDINA ART S.A.,433,5082,Anestesia para terapia electroconvulsiva,69597,90
ANDINA ART S.A.,433,5657,Examen gineco-obstetrico bajo anestesia,70081,89
ANDINA ART S.A.,433,5658,Examen ginecologico bajo anestesia,70082,89
ANDINA ART S.A.,433,6036,Movilizaciones bajo anestesia general o regional,70407,89
ANDINA ART S.A.,433,7550,Tratamiento quirurgico de aneurisma o pseudo-aneurisma humeral o femoral con by-pass y diseccion de la aorta ascente y/o reemplazo de aorta,69524,96
ANDINA ART S.A.,433,5084,Aneurisma de la aorta abdominal complicado,69599,96
ANDINA ART S.A.,433,5085,Aneurisma de la aorta abdominal no complicado,69600,98
ANDINA ART S.A.,433,5086,Aneurisma del cayado de la aorta ascendente o descendente,69601,96
ANDINA ART S.A.,433,5087,Aneurisma ventricular,69602,98
ANDINA ART S.A.,433,5088,Aneurismas medulares,69603,95
ANDINA ART S.A.,433,5089,Aneurismas o malformaciones A-V medulares,69604,95
ANDINA ART S.A.,433,5090,Angiografia de control del tratamiento de aneurisma,69605,92
ANDINA ART S.A.,433,5302,Cirugia de aneurisma cerebral (mas de 8 horas de duracion),69773,96
ANDINA ART S.A.,433,5303,Cirugia de aneurisma cerebral (menos de 8 horas de duracion),69774,98
ANDINA ART S.A.,433,5423,Correccion de aneurisma de fistula arterio-venosa,69878,93
ANDINA ART S.A.,433,5424,Correccion de aneurisma o pseudo-aneurisma femoral,69879,94
ANDINA ART S.A.,433,6592,Tratamiento de aneurisma con coils con o sin colocacion de stent,70900,95
ANDINA ART S.A.,433,6595,Tratamiento de pseudoaneurisma con o sin colocacion de stent,70904,95
ANDINA ART S.A.,433,6599,Tratamiento endovascular de aneurisma o pseudoaneurisma periferico,70907,95
ANDINA ART S.A.,433,7584,Angiodisplasia,71046,92
ANDINA ART S.A.,433,5091,Angiografia de vasos de miembros inferior o superior,69606,92
ANDINA ART S.A.,433,5092,Angiografia de vasos uterinos,69607,92
ANDINA ART S.A.,433,5093,Angiografia del cuello,69608,92
ANDINA ART S.A.,433,5094,Angiografia medular,69609,92
ANDINA ART S.A.,433,5095,Angioplastia coronaria con o sin colocacion de stent,69610,95
ANDINA ART S.A.,433,5096,Angioplastia de mas de un vaso con o sin stent,69611,93
ANDINA ART S.A.,433,5097,Angioplastia de un vaso periferico con o sin stent,69612,92
ANDINA ART S.A.,433,7536,Angioplastia o remplazo valvular en pacientes con ASA 4,71033,96
ANDINA ART S.A.,433,5100,Anquilosis temporo-mandibular bilateral,69615,93
ANDINA ART S.A.,433,5101,"Anquilosis temporo-mandibular, unilateral",69616,92
ANDINA ART S.A.,433,5102,Antrotomia y atico-antrotomia,69617,92
ANDINA ART S.A.,433,5103,Anuloplastia mitral o tricuspidea,69618,98
ANDINA ART S.A.,433,7505,Nucleoplastia y / o anuloplastia con Rf. (un disco),71008,98
ANDINA ART S.A.,433,8542,Nucleoplastia y / o anuloplastia con Rf. ( 2 o 3 discos),71132,98
ANDINA ART S.A.,433,5104,Aortografia por cateterismo,69619,92
ANDINA ART S.A.,433,5105,Aortografia por puncion,69620,91
ANDINA ART S.A.,433,5106,Apendicectomia por via convencional,69621,92
ANDINA ART S.A.,433,5107,Apendicectomia por videolaparoscopia,69622,93
ANDINA ART S.A.,433,6707,Apendicectomia convertida,70997,94
ANDINA ART S.A.,433,5108,Aplicacion de laser en retina,69623,90
ANDINA ART S.A.,433,5517,Diatermia o crioaplicacion escleral,69955,90
ANDINA ART S.A.,433,6423,Retinopexia (diatermia y o crioaplicacion),70759,92
ANDINA ART S.A.,433,8571,Aplicacion de plasma/ acido hialuronico o similares,71159,94
ANDINA ART S.A.,433,5109,Aponeurotomia / fasciotomia cutanea,69624,90
ANDINA ART S.A.,433,5264,Cesarea,69737,93
ANDINA ART S.A.,433,6289,"RMN (dos areas), con o sin contraste",70632,92
ANDINA ART S.A.,433,6290,"RMN (mas de dos areas), con o sin contraste",70633,93
ANDINA ART S.A.,433,6291,"RMN (un area), con o sin contraste",70634,91
ANDINA ART S.A.,433,6421,Resonancia (un area) con espectroscopia,70757,93
ANDINA ART S.A.,433,6507,TAC de cerebro / orbita / cara / cuello (un area) (con o sin contraste),70834,90
ANDINA ART S.A.,433,6703,TAC de columna (cada area),70994,91
ANDINA ART S.A.,433,5110,Arreglos dentales de mas de 4 piezas (obturacion dentaria),69625,93
ANDINA ART S.A.,433,5111,Arreglos dentales hasta 4 piezas (obturacion dentaria),69626,92
ANDINA ART S.A.,433,5112,Arteriografia,69627,92
ANDINA ART S.A.,433,5113,Arteriografia cerebral por cateterismo,69628,92
ANDINA ART S.A.,433,5114,Arteriografia renal,69629,90
ANDINA ART S.A.,433,6174,Panarteriografia cerebral,70523,92
ANDINA ART S.A.,433,5115,Artrocentesis,69630,89
ANDINA ART S.A.,433,5124,Artrodesis de muñeca / tarso / hombro / codo,69408,92
ANDINA ART S.A.,433,5116,Artrodesis cervical,69631,95
ANDINA ART S.A.,433,5117,Artrodesis de cadera,69632,93
ANDINA ART S.A.,433,5118,Artrodesis de hasta tres dedos,69633,91
ANDINA ART S.A.,433,5119,Artrodesis de hombro,69634,92
ANDINA ART S.A.,433,5120,Artrodesis de mas de 3 dedos en miembro inferior,69635,92
ANDINA ART S.A.,433,5121,Artrodesis de mas de tres dedos,69636,92
ANDINA ART S.A.,433,5122,Artrodesis de menos de 3 dedos,69637,91
ANDINA ART S.A.,433,5123,Artrodesis de menos de 3 dedos en miembro inferior,69638,91
ANDINA ART S.A.,433,5125,Artrodesis de pie y tibioastragalina,69639,92
ANDINA ART S.A.,433,5126,Artrodesis de rodilla,69640,92
ANDINA ART S.A.,433,5127,Artrodesis dinamica de columna (colocacion de espaciadores),69641,98
ANDINA ART S.A.,433,5128,Artrodesis instrumentada de columna cervical,69642,98
ANDINA ART S.A.,433,5130,Artrodesis tibio-peronea-astragalina o medio tarsiana de Chopart,69644,93
ANDINA ART S.A.,433,7500,Artrodesis dorsal lumbar o sacra,71007,95
ANDINA ART S.A.,433,8572,Artrodesis percutanea de columna,71160,98
ANDINA ART S.A.,433,5131,Artrolisis,69645,90
ANDINA ART S.A.,433,5132,Artroplastia (no nomenclada),69409,93
ANDINA ART S.A.,433,5135,Artroplastia de un dedo,69646,91
ANDINA ART S.A.,433,6581,Trasplante oseo con artroplastias primarias,70889,95
ANDINA ART S.A.,433,6583,Trasplante oseo en revision de artroplastias,70891,98
ANDINA ART S.A.,433,8616,Hemi-artroplastia de hombro,71203,94
ANDINA ART S.A.,433,5136,Artrotomia / exploracion intra-articular,69647,91
ANDINA ART S.A.,433,5137,"Aspiracion, lavado e implante de vitreo",69648,92
ANDINA ART S.A.,433,5139,Atresia ano-rectal en pediatria / malformaciones congenitas anorectales,69650,95
ANDINA ART S.A.,433,5140,Atresia de coanas por via palatina,69651,94
ANDINA ART S.A.,433,5141,Atresia de esofago por video-toracoscopia,69652,98
ANDINA ART S.A.,433,5142,Auriculotomia,69653,98
ANDINA ART S.A.,433,5144,Bermellectomia,69655,90
ANDINA ART S.A.,433,5155,Biopsia de higado a cielo abierto,69410,91
ANDINA ART S.A.,433,5172,Biopsia o exeresis de ganglio linfatico,69411,90
ANDINA ART S.A.,433,5176,Biopsia quirurgica de femur o cadera,69412,91
ANDINA ART S.A.,433,5180,Biopsia renal percutanea guiado por ecografia u otro metodo (fuera de quirofano),69413,90
ANDINA ART S.A.,433,5718,Extraccion de cuerpo extraño de orbita / exploracion / biopsia / drenaje,69454,91
ANDINA ART S.A.,433,6255,Puncion biopsia guiada por TAC (fuera de quirofano),69488,90
ANDINA ART S.A.,433,6257,Puncion biopsia guiada por ecografia,69490,91
ANDINA ART S.A.,433,5145,"Biopsia (peritoneo, epiplon, etc)",69656,91
ANDINA ART S.A.,433,5146,Biopsia costal,69657,89
ANDINA ART S.A.,433,5147,Biopsia de Daniels del hueco supraclavicular,69658,91
ANDINA ART S.A.,433,5148,Biopsia de encia,69659,90
ANDINA ART S.A.,433,5149,Biopsia de endocardio / miocardio en hemodinamia,69660,93
ANDINA ART S.A.,433,5150,Biopsia de epididimo,69661,90
ANDINA ART S.A.,433,5151,Biopsia de faringe y/o amigdala,69662,90
ANDINA ART S.A.,433,5152,Biopsia de ganglios linfaticos de cuello,69663,90
ANDINA ART S.A.,433,5153,Biopsia de ganglios linfaticos de la pared toracica,69664,90
ANDINA ART S.A.,433,5154,Biopsia de glandula salival,69665,90
ANDINA ART S.A.,433,5157,Biopsia de laringe,69666,91
ANDINA ART S.A.,433,5158,Biopsia de lesion nasofaringea,69667,90
ANDINA ART S.A.,433,5159,Biopsia de mama unilateral,69668,90
ANDINA ART S.A.,433,5160,Biopsia de pancreas a cielo abierto,69669,92
ANDINA ART S.A.,433,5161,Biopsia de pene,69670,89
ANDINA ART S.A.,433,5162,Biopsia de pericardio,69671,93
ANDINA ART S.A.,433,5163,Biopsia de piel en cabeza y/o cuello,69672,90
ANDINA ART S.A.,433,5164,"Biopsia de piel, excepto en cabeza y cuello",69673,89
ANDINA ART S.A.,433,5165,Biopsia de testiculo,69674,90
ANDINA ART S.A.,433,5166,Biopsia de vagina,69675,89
ANDINA ART S.A.,433,5167,Biopsia de vejiga,69676,90
ANDINA ART S.A.,433,5168,Biopsia de vertebra,69677,91
ANDINA ART S.A.,433,5169,Biopsia de vulva,69678,89
ANDINA ART S.A.,433,5170,Biopsia del paladar,69679,90
ANDINA ART S.A.,433,5171,Biopsia muscular,69680,90
ANDINA ART S.A.,433,5173,Biopsia o sutura de la boca o mejilla,69681,90
ANDINA ART S.A.,433,5174,Biopsia osea a cielo abierto,69682,90
ANDINA ART S.A.,433,5175,Biopsia prostatica por puncion,69683,89
ANDINA ART S.A.,433,5177,Biopsia quirurgica de hueso (no de femur o cadera),69685,90
ANDINA ART S.A.,433,5178,Biopsia radioquirurgica de mama,69686,91
ANDINA ART S.A.,433,5179,Biopsia renal percutanea (quirofano),69687,89
ANDINA ART S.A.,433,5181,Biopsia traqueal o bronquial,69688,90
ANDINA ART S.A.,433,5182,Biopsia y/o cauterizacion de cuello uterino,69689,89
ANDINA ART S.A.,433,5405,Colonovideoscopia con o sin biopsia,69864,91
ANDINA ART S.A.,433,5552,Drenaje pleural por toracotomia minima y/o biopsia pleural,69986,91
ANDINA ART S.A.,433,5676,Exploracion renal con o sin biopsia,70098,91
ANDINA ART S.A.,433,5898,Incision y drenaje del CAE y/o biopsia,70293,90
ANDINA ART S.A.,433,5899,Incision y drenaje/ biopsia o sutura de labio,70294,89
ANDINA ART S.A.,433,6127,Operacion del hueco supraclavicular (tipo biopsia de Daniels),70482,91
ANDINA ART S.A.,433,6249,Puncion / biopsia de prostata bajo control ecografico,70594,90
ANDINA ART S.A.,433,6252,Puncion biopsia de hueso,70597,89
ANDINA ART S.A.,433,6253,Puncion biopsia de tiroides,70598,89
ANDINA ART S.A.,433,6254,Puncion biopsia de tiroides a cielo abierto,70599,90
ANDINA ART S.A.,433,6258,Puncion biopsia percutanea de bazo o pancreas,70600,90
ANDINA ART S.A.,433,6259,Puncion biopsia percutanea de higado,70601,90
ANDINA ART S.A.,433,6505,Sutura y/o biopsia de nariz,70833,90
ANDINA ART S.A.,433,6557,Toracotomia exploradora amplia y/o biopsia pulmonar,70868,94
ANDINA ART S.A.,433,7594,Biopsia Pulmonar o Mediastinal por video-toracoscopia,71055,92
ANDINA ART S.A.,433,8576,Biopsia de higado por videolaparoscopia/transyugular en hemodinamia,71164,92
ANDINA ART S.A.,433,8595,Criobiopsia pulmonar,71182,94
ANDINA ART S.A.,433,8606,Endosonografia endobronquial con o sin biopsia,71193,93
ANDINA ART S.A.,433,5183,Blefaroplastia,69690,92
ANDINA ART S.A.,433,5184,Blefaroplastia bilateral,69691,93
ANDINA ART S.A.,433,5185,"Blefaroplastia simple, no estetica",69692,92
ANDINA ART S.A.,433,8103,Blefaroplastia unilateral,71074,92
ANDINA ART S.A.,433,5191,Bloqueo de hasta 2 nervios craneales ( no de Gasser) por sesion,69414,93
ANDINA ART S.A.,433,5197,Bloqueo diagnostico de la articulacion atlanto-occipital unilateral,69415,92
ANDINA ART S.A.,433,6192,Bloqueo de mas de 2 nervios craneales (no de Gasser) por sesion,69486,94
ANDINA ART S.A.,433,7778,"Bloqueo regional periferico dosis unica, un solo nervio, ecoguiado.",69529,92
ANDINA ART S.A.,433,7779,"Bloqueo regional periferico dosis unica, mas de un nervio , ecoguiado.",69530,93
ANDINA ART S.A.,433,7782,"Bloqueo del musculo erector espinal, ecoguiado, dosis unica",69532,92
ANDINA ART S.A.,433,7783,"Bloqueo del musculo erector espinal, ecoguiado, continuo. Colocacion de cateter.",69533,93
ANDINA ART S.A.,433,5199,"Bloqueo diagnostico diferencial, por sesion",69693,90
ANDINA ART S.A.,433,5200,Bloqueo diagnostico ganglio de Walter,69694,93
ANDINA ART S.A.,433,5201,Bloqueo diagnostico de Nervio periferico bajo radioscopia,69695,92
ANDINA ART S.A.,433,5202,Bloqueo diagnostico de Nervio periferico sin RX,69696,91
ANDINA ART S.A.,433,5205,Bloqueo diagnostico o terapeutico de la art. sacro-iliaca unilateral,69697,93
ANDINA ART S.A.,433,5215,Bloqueo extra-craneal antalgico,69698,90
ANDINA ART S.A.,433,5221,Bloqueo regional Bier con farmacos para diagnostico,69700,91
ANDINA ART S.A.,433,7523,Bloqueo del ganglio de Gasser.,71020,94
ANDINA ART S.A.,433,7593,Bloqueo nervio frenico para neumotorax recidivante,71054,91
ANDINA ART S.A.,433,7786,Bloqueo radicular selectivo cervical/dorsal o lumbar (mas de 2 niveles),71069,95
ANDINA ART S.A.,433,7787,Bloqueo radicular selectivo cervical/dorsal o lumbar (hasta 2 niveles),71070,94
ANDINA ART S.A.,433,8517,Bloqueo del nervio Occipital Mayor unilateral,71107,93
ANDINA ART S.A.,433,8518,Bloqueo diagnostico de cadera/hombro,71108,94
ANDINA ART S.A.,433,8519,Bloqueo diagnostico del ganglio estrellado,71109,94
ANDINA ART S.A.,433,8520,"Bloqueo facetario cervical, dorsal o lumbar bajo radioscopia",71110,94
ANDINA ART S.A.,433,8521,"Bloqueo ganglio simpatico toracico, lumbar, dorsal o hipogastrico superior",71111,95
ANDINA ART S.A.,433,8525,Bloqueo paravertebral unilateral,71115,93
ANDINA ART S.A.,433,8526,Bloqueo terapeutico de rodilla (N. geniculados) unilateral,71116,93
ANDINA ART S.A.,433,8527,Bloqueo transforminal (mas de 1 nivel),71117,93
ANDINA ART S.A.,433,8528,Bloqueo transforminal selectivo,71118,92
ANDINA ART S.A.,433,8577,"Bloqueo paravertebral, dosi unica",71165,91
ANDINA ART S.A.,433,8654,"Bloqueo regional continuo, con colocacion de cateter, eco guiado. Dia 0",71238,93
ANDINA ART S.A.,433,5225,Bocio endotoracico,69701,94
ANDINA ART S.A.,433,5226,Braquiterapia en cancer de prostata,69702,91
ANDINA ART S.A.,433,5227,Braquiterapia ginecologica (colocacion de radium intra-cavitario),69703,91
ANDINA ART S.A.,433,5228,Braquiterapia intersticial de cabeza y cuello,69704,91
ANDINA ART S.A.,433,5229,Braquiterapia intersticial de partes blandas,69705,91
ANDINA ART S.A.,433,5230,Braquiterapia urologica,69706,91
ANDINA ART S.A.,433,5232,Broncorrafia,69708,93
ANDINA ART S.A.,433,5233,Broncoscopia con broncospio rigido / Dilatacion traqueal,69709,91
ANDINA ART S.A.,433,5234,Bursitis,69710,90
ANDINA ART S.A.,433,6337,Reemplazo parcial de cadera,69493,94
ANDINA ART S.A.,433,5237,Cadera en resorte,69713,93
ANDINA ART S.A.,433,5395,Colocacion de tutor externo (excepto de cadera y maxilar),69857,92
ANDINA ART S.A.,433,5396,Colocacion de tutor externo de cadera,69858,93
ANDINA ART S.A.,433,5536,Displasia de cadera,69972,92
ANDINA ART S.A.,433,5731,Extraccion de placas y/o tornillos (no de rodilla ni de cadera),70133,90
ANDINA ART S.A.,433,5732,Extraccion de placas y/o tornillos de cadera o rodilla,70134,91
ANDINA ART S.A.,433,5735,Extraccion de protesis parcial de cadera,70137,93
ANDINA ART S.A.,433,5736,Extraccion de protesis total de cadera,70138,94
ANDINA ART S.A.,433,5738,Extraccion de protesis y reemplazo en el mismo acto (rodilla o cadera),70140,95
ANDINA ART S.A.,433,5980,Liposuccion de cadera,70360,93
ANDINA ART S.A.,433,6150,"Osteosintesis de hombro, rodilla y cadera",70503,93
ANDINA ART S.A.,433,6323,Reduccion cruenta de luxacion de cadera,70665,93
ANDINA ART S.A.,433,6331,"Reduccion incruenta de luxaciones (hombro, codo, cadera)",70671,90
ANDINA ART S.A.,433,6338,Reemplazo total de cadera,70678,95
ANDINA ART S.A.,433,6410,Reseccion parcial de cadera,70747,93
ANDINA ART S.A.,433,6430,Revision de osteosintesis (no de cadera),70765,93
ANDINA ART S.A.,433,6431,Revision de osteosintesis de cadera,70766,94
ANDINA ART S.A.,433,6433,Revision de protesis total de cadera,70767,95
ANDINA ART S.A.,433,6552,Toillete quirurgico de cadera,70863,92
ANDINA ART S.A.,433,6677,Video-artroscopia de cadera,70978,94
ANDINA ART S.A.,433,8115,Reduccion incruenta de luxacion de cadera,71085,90
ANDINA ART S.A.,433,8118,Reduccion incruenta de luxacion (ejemplo cadera),71088,90
ANDINA ART S.A.,433,8552,Revision de protesis parcial de cadera o rodilla,71142,94
ANDINA ART S.A.,433,5238,Calcificaciones de hombro,69714,90
ANDINA ART S.A.,433,5239,Cambio Implante,69416,94
ANDINA ART S.A.,433,10005,Recambio o retirada de bomba de infusion continua,69539,94
ANDINA ART S.A.,433,5240,Cambio de generador,69715,92
ANDINA ART S.A.,433,6297,Recambio de cateter de derivacion ventriculo-peritoneal,70640,92
ANDINA ART S.A.,433,6436,Revision y recambio de protesis de hombro,70770,95
ANDINA ART S.A.,433,8578,Cambio de expansor mamario por implante,71166,94
ANDINA ART S.A.,433,8579,Cambio de expansor por lipotransferencia,71167,95
ANDINA ART S.A.,433,8639,Recambio de traqueostomia,71223,92
ANDINA ART S.A.,433,5241,Canalizacion arterial,69716,90
ANDINA ART S.A.,433,5243,Canalizacion de via central,69717,90
ANDINA ART S.A.,433,5244,Cantotomia externa,69718,90
ANDINA ART S.A.,433,5245,Capsulectomia,69719,91
ANDINA ART S.A.,433,5246,Capsuloplastia,69720,91
ANDINA ART S.A.,433,10002,Capsulotomia,69538,90
ANDINA ART S.A.,433,5247,Capsulotomia (cristalino),69721,90
ANDINA ART S.A.,433,5248,Cardiomioplastia,69722,98
ANDINA ART S.A.,433,5249,Cardiorrafia,69723,95
ANDINA ART S.A.,433,5250,Cardioversion electrica de arritmias,69724,91
ANDINA ART S.A.,433,5251,Caruncula uretral,69725,89
ANDINA ART S.A.,433,5253,Cateterismo cardiaco mas angiocardiografia,69726,92
ANDINA ART S.A.,433,5254,Cateterismo cardiaco para toma de presiones y muestras de sangre,69727,91
ANDINA ART S.A.,433,5255,Cateterismo de ambas carotidas con o sin colocacion de stents,69728,94
ANDINA ART S.A.,433,5256,Cateterismo del ureter,69729,90
ANDINA ART S.A.,433,5257,Cateterismo vesical / cistomanometria,69730,91
ANDINA ART S.A.,433,8102,Cateterismo cardiaco mas angiocardiografia CA,71073,92
ANDINA ART S.A.,433,5258,Cauterizacion del cuello uterino con laser,69731,91
ANDINA ART S.A.,433,5259,Cavernostomia,69732,93
ANDINA ART S.A.,433,5260,Cavografia toracica o abdominal (colocacion de portacath),69733,91
ANDINA ART S.A.,433,6200,Pie Bot / cavo / equino unilateral,70549,93
ANDINA ART S.A.,433,7542,"Tetralogia de Fallot, canal atrioventricular, Tubo VD-AP, Anomalia total del retorno venoso pulmonar, Estenosis SubAo, Comisurotomia Ao o Pulmonar, Valvuloplatia Ao o venoso pulmonar, Estenosis SubAo, Comisurotomia Ao o Pulmonar, Valvuloplatia Ao o Pulmonar, Glenn, Cavopulmonar, Cirugia de MAZE, Sindrome de Cimitarra, Rastelli, Senning, Jatene, Cirugia de Ross no en el recien nacido",71038,96
ANDINA ART S.A.,433,5261,Cecostomia,69734,92
ANDINA ART S.A.,433,5262,Centellograma oseo radio-isotopico,69735,90
ANDINA ART S.A.,433,5263,Cerclaje (correccion de incontinencia cervical),69736,90
ANDINA ART S.A.,433,8108,Colpopexia / cerclaje,71078,91
ANDINA ART S.A.,433,5712,Extraccion de cuerpo extraño de cerebro,69448,94
ANDINA ART S.A.,433,5884,Implante de material radioactivo en cerebro,70281,98
ANDINA ART S.A.,433,5266,Chalazion,69739,91
ANDINA ART S.A.,433,6376,Reseccion de cicatriz grande / zetaplastia,69495,92
ANDINA ART S.A.,433,5267,Cicatriz retractil de cuello / reseccion e injerto,69740,92
ANDINA ART S.A.,433,6377,Reseccion de cicatriz retractil en cuello con o sin injerto,70715,93
ANDINA ART S.A.,433,6378,Reseccion de cicatriz simple,70716,90
ANDINA ART S.A.,433,5268,Cierre de Hartmann,69741,93
ANDINA ART S.A.,433,5269,Cierre de Hartmann por videolaparoscopia,69742,94
ANDINA ART S.A.,433,5270,Cierre de colostomia,69743,92
ANDINA ART S.A.,433,5271,Cierre de defectos septales adquiridos,69744,98
ANDINA ART S.A.,433,5272,Cierre de defectos septales con dispositivos de tipo Amplatzer,69745,98
ANDINA ART S.A.,433,5273,Cierre de defectos septales congenitos simples en hemodinamia,69746,95
ANDINA ART S.A.,433,5274,Cierre de ductus arterioso permeable con coils o similar en hemodinamia,69747,98
ANDINA ART S.A.,433,5275,Cierre de faringostomia,69748,92
ANDINA ART S.A.,433,5276,Cierre de fistula arterio-venosa de hemodialisis,69749,91
ANDINA ART S.A.,433,5277,Cierre de fistula branquial y/o quiste branquial o vestigio,69750,92
ANDINA ART S.A.,433,5278,Cierre de fistula bronco-cutanea,69751,92
ANDINA ART S.A.,433,5279,Cierre de fistula esofago-cutanea,69752,94
ANDINA ART S.A.,433,5280,Cierre de fistula externa de boca,69753,91
ANDINA ART S.A.,433,5281,Cierre de fistula mastoidea,69754,92
ANDINA ART S.A.,433,5282,Cierre de fistula meningea por via transinusal,69755,93
ANDINA ART S.A.,433,5283,Cierre de fistula oral del seno maxilar (buco-antral),69756,92
ANDINA ART S.A.,433,5284,Cierre de fistula traqueo-esofagica,69757,94
ANDINA ART S.A.,433,5285,Cierre de fistula uretro-rectal,69758,92
ANDINA ART S.A.,433,5286,Cierre de gastrostomia,69759,92
ANDINA ART S.A.,433,5287,Cierre de grandes defectos con combinacion de varios colgajos,69760,93
ANDINA ART S.A.,433,5288,Cierre de ileostomia,69761,92
ANDINA ART S.A.,433,5289,Cierre de traqueostomia,69762,90
ANDINA ART S.A.,433,5290,Cierre diferido de torax posterior a cirugia cardiaca,69763,95
ANDINA ART S.A.,433,5334,Cirugias de cardiopatias congenitas simples (cierre de defectos septales),69801,98
ANDINA ART S.A.,433,5637,Estafilorrafia (cierre del paladar blando),70066,91
ANDINA ART S.A.,433,6614,Tumor benigno de mas de 5 cm / extirpacion y cierre plastico,70919,91
ANDINA ART S.A.,433,6643,ulcera perforada / gastrorrafia/ herida perforada / cierre de fistula gastrica,70947,93
ANDINA ART S.A.,433,8580,Cierre de orejuela en auricula,71168,98
ANDINA ART S.A.,433,5291,Circuncision,69764,91
ANDINA ART S.A.,433,7000,Cirugia Suspendida,71255,89
ANDINA ART S.A.,433,5332,Cirugia artroscopica de hombro (cirugia de Bankart artroscopica y similar),69417,94
ANDINA ART S.A.,433,5887,Implante mamario o expansor en cirugia reconstructiva/ oncologica,69468,94
ANDINA ART S.A.,433,6020,Microcirugia de la via espermal /conducto deferente,69476,98
ANDINA ART S.A.,433,7538,cirugia de Co Ao,69523,98
ANDINA ART S.A.,433,5292,Cirugia antireflujo esofagico (Nissen) a cielo abierto,69765,93
ANDINA ART S.A.,433,5293,Cirugia artroscopica de hombro (cirugia de Bankart artroscopica y similares),69766,94
ANDINA ART S.A.,433,5297,Cirugia coronaria o valvular por mini-toracotomia,69769,96
ANDINA ART S.A.,433,5298,Cirugia de Bricker (cistectomia radical + reemplazo vesical con asa ileal),69770,96
ANDINA ART S.A.,433,5300,Cirugia de Norwood,69771,96
ANDINA ART S.A.,433,5301,Cirugia de agenesia del CAE,69772,92
ANDINA ART S.A.,433,5304,Cirugia de by-pass aorto-coronario,69775,98
ANDINA ART S.A.,433,5305,Cirugia de columna por videofibroscopia,69776,98
ANDINA ART S.A.,433,5306,Cirugia de craneo video-asistida (mas de 8 horas de duracion),69777,96
ANDINA ART S.A.,433,5307,Cirugia de craneo video-asistida (menos de 8 horas de duracion),69778,98
ANDINA ART S.A.,433,5308,"Cirugia de la 1ra porcion del nervio facial, el nervio auditivo o el vestibular",69779,94
ANDINA ART S.A.,433,5309,Cirugia de la 2da y 3ra porcion del nervio facial,69780,94
ANDINA ART S.A.,433,5310,Cirugia de la carotida,69781,95
ANDINA ART S.A.,433,5311,"Cirugia de la fosa pterigo-maxilar (exploracion, escision de tumores, etc)",69782,93
ANDINA ART S.A.,433,5312,Cirugia de la obesidad (by-pass gastrico) a cielo abierto,69783,95
ANDINA ART S.A.,433,5313,Cirugia de la obesidad (by-pass gastrico) por video,69784,98
ANDINA ART S.A.,433,5314,Cirugia de la obesidad (manga gastrica) por video,69785,95
ANDINA ART S.A.,433,5315,Cirugia de la vena cava,69786,95
ANDINA ART S.A.,433,5316,Cirugia de las arritmias / colocacion de cardio-desfibrilador endocavitario,69787,98
ANDINA ART S.A.,433,5317,Cirugia de las ramas de la aorta abdominal,69788,95
ANDINA ART S.A.,433,5318,Cirugia de los grandes troncos arterio-venosos del torax,69789,95
ANDINA ART S.A.,433,5319,Cirugia de tumores etmoidales,69790,93
ANDINA ART S.A.,433,5320,Cirugia del conducto auditivo interno y su contenido,69791,94
ANDINA ART S.A.,433,5321,Cirugia del glomus yugularis,69792,94
ANDINA ART S.A.,433,5322,Cirugia del saco endolinfatico,69793,93
ANDINA ART S.A.,433,5323,Cirugia endoscopica de tejido linfoideo rino-faringeo,69794,92
ANDINA ART S.A.,433,5326,Cirugia plastica por agenesia del oido medio,69797,94
ANDINA ART S.A.,433,5327,Cirugia reductiva bilateral de mama,69798,98
ANDINA ART S.A.,433,5330,Cirugia vasculo-renal,69799,93
ANDINA ART S.A.,433,5336,Cirugias intra-uterinas a cielo abierto o por puncion,69803,96
ANDINA ART S.A.,433,5368,Colgajos libres con micro-cirugia vascular,69833,94
ANDINA ART S.A.,433,5497,Dermolipectomia post-cirugia bariatrica,69938,94
ANDINA ART S.A.,433,5756,Facoexeresis con implante de lente intraocular (cirugia de cataratas),70157,93
ANDINA ART S.A.,433,5816,Gran cirugia reconstructora de mano,70215,95
ANDINA ART S.A.,433,5850,Cirugia antireflujo esofagico por video (hernia hiatal laparoscopica),70248,94
ANDINA ART S.A.,433,5999,Mastomegalia / cirugia reductora no estetica unilateral,70375,94
ANDINA ART S.A.,433,6021,Microcirugia de laringe,70393,93
ANDINA ART S.A.,433,6022,Microcirugia tubaria unilateral,70394,93
ANDINA ART S.A.,433,6023,Microcirugia tubaria unilateral por videolaparoscopia,70395,95
ANDINA ART S.A.,433,6292,Radioneurocirugia esterotaxica,70635,95
ANDINA ART S.A.,433,6344,Reemplazo bi-valvular con cirugia de revascularizacion,70683,106
ANDINA ART S.A.,433,6350,Reimplante de miembros o dedos por microcirugia,70690,98
ANDINA ART S.A.,433,6351,Reimplante de oreja con microcirugia vascular,70691,94
ANDINA ART S.A.,433,6352,Reimplante total o parcial de miembro con microcirugia,70692,98
ANDINA ART S.A.,433,6664,Varices residuales (microcirugia),70968,92
ANDINA ART S.A.,433,6701,Cirugia de adecuacion de sexo,70992,106
ANDINA ART S.A.,433,6704,Cirugia de BAHAS,70995,94
ANDINA ART S.A.,433,7537,Cirugia de by- pass aorto- coronaria sin CEC,71034,98
ANDINA ART S.A.,433,8529,Cirugia tricompartimental de piso pelvico,71119,95
ANDINA ART S.A.,433,8583,Cirugia de MIS,71171,93
ANDINA ART S.A.,433,8584,Cirugia de masculinizacion: mastectomia + reconstruccion de torax,71172,98
ANDINA ART S.A.,433,8585,"Cirugia de reduccion de volumen pulmonar (EPOC, enfisema)",71173,99
ANDINA ART S.A.,433,8586,Cirugia de by-pass mamario-coronario,71174,98
ANDINA ART S.A.,433,8587,Cirugia laparoscopica de ligamento arcuato,71175,95
ANDINA ART S.A.,433,8588,Cirugia ortognatica,71176,107
ANDINA ART S.A.,433,8631,Neurocirugia con paciente despierto,71215,99
ANDINA ART S.A.,433,8651,Revision de cirugia de ligamentos,71235,93
ANDINA ART S.A.,433,5339,Cistectomia parcial o total laparoscopica,69418,95
ANDINA ART S.A.,433,5337,Cistectomia parcial,69804,93
ANDINA ART S.A.,433,5338,Cistectomia parcial con reimplante de ureter,69805,93
ANDINA ART S.A.,433,5340,Cistectomia total,69807,94
ANDINA ART S.A.,433,5347,Colecistectomia por videolaparoscopia,69814,93
ANDINA ART S.A.,433,5348,Colecistectomia por videolaparoscopia convertida,69815,94
ANDINA ART S.A.,433,5349,Colecistectomia simple,69816,92
ANDINA ART S.A.,433,5554,Duodeno-papilotomia con o sin colecistectomia,69988,93
ANDINA ART S.A.,433,5671,Exploracion de las vias biliares por laparoscopia con o sin colecistectomia,70093,94
ANDINA ART S.A.,433,5672,Exploracion de vias biliares con o sin colecistectomia,70094,94
ANDINA ART S.A.,433,5673,Exploracion de vias biliares por via laparoscopica con o sin colecistectomia,70095,94
ANDINA ART S.A.,433,6044,Nefro-ureterectomia con o sin cistectomia parcial,70415,95
ANDINA ART S.A.,433,5341,Cistoplastia,69808,93
ANDINA ART S.A.,433,5342,Cistorrafia,69809,90
ANDINA ART S.A.,433,6709,Cistorrafia por videolaparoscopia,70999,92
ANDINA ART S.A.,433,5343,Cistostomia (talla vesical),69810,90
ANDINA ART S.A.,433,5350,Colecistostomia,69817,92
ANDINA ART S.A.,433,5351,Colecistostomia percutanea,69818,91
ANDINA ART S.A.,433,5612,Escision o electrocoagulacion de amigdala lingual,70042,90
ANDINA ART S.A.,433,5784,Fotocoagulacion de retina,70184,90
ANDINA ART S.A.,433,6409,Reseccion endoscopica de vejiga por electrocoagulacion (TUR-V),70746,92
ANDINA ART S.A.,433,7583,Coagulacion de angiodisplacias con argon plasma,71045,92
ANDINA ART S.A.,433,5344,Coartacion de aorta con CEC (CEC: circulacion extra-corporea),69811,98
ANDINA ART S.A.,433,5345,Coartacion de aorta sin CEC (CEC: circulacion extra-corporea),69812,98
ANDINA ART S.A.,433,5426,Correccion de coartacion de aorta en hemodinamia,69881,98
ANDINA ART S.A.,433,5346,Cobalto-terapia,69813,92
ANDINA ART S.A.,433,5352,Colectomia o hemicolectomia abdomino -pelvica (operacion de Miles),69819,95
ANDINA ART S.A.,433,5353,Colectomia total,69820,95
ANDINA ART S.A.,433,5354,Colectomia total por videolaparoscopia,69821,96
ANDINA ART S.A.,433,5355,Colectomia transversa segmentaria (operacion de Hartmann),69822,94
ANDINA ART S.A.,433,5823,Hemicolectomia,70221,94
ANDINA ART S.A.,433,5824,Hemicolectomia por videolaparoscopia,70222,95
ANDINA ART S.A.,433,5359,Coledocotomia,69419,92
ANDINA ART S.A.,433,6542,Timpano-mastoidectomia/Colesteatoma/granuloma,69505,94
ANDINA ART S.A.,433,5361,Colgajo alejado,69826,92
ANDINA ART S.A.,433,5362,Colgajo de vecindad,69827,91
ANDINA ART S.A.,433,5363,Colgajo de vecindad o a la distancia para reconstruccion total de labio,69828,93
ANDINA ART S.A.,433,5364,Colgajo diferido,69829,91
ANDINA ART S.A.,433,5365,"Colgajo en isla, reparacion de ceja",69830,91
ANDINA ART S.A.,433,5366,Colgajo miocutaneo,69831,92
ANDINA ART S.A.,433,5367,Colgajo para reconstruccion parcial de labio,69832,91
ANDINA ART S.A.,433,5914,Injerto o colgajo de piel de dedos (hasta 3),70301,90
ANDINA ART S.A.,433,5915,Injerto o colgajo de piel de dedos (mas de 3),70302,91
ANDINA ART S.A.,433,6306,reconstruccion de oreja parcial o total mediante colgajos y o injertos,70648,92
ANDINA ART S.A.,433,6309,Reconstruccion diferida de piramide nasal con colgajo,70651,92
ANDINA ART S.A.,433,6311,Reconstruccion mamaria con colgajo cutaneo o miocutaneo,70653,95
ANDINA ART S.A.,433,6315,Reconstruccion total de nariz mediante colgajos,70657,93
ANDINA ART S.A.,433,6318,Reconstruccion total de paladar inmediata con injerto o colgajo,70660,95
ANDINA ART S.A.,433,6626,"Tumor de labio superior e inferior, con o sin colgajos",70930,94
ANDINA ART S.A.,433,5369,"Coloboma de parpado, reconstruccion simple",69834,90
ANDINA ART S.A.,433,5678,Extirpacion de apendices pre-auriculares (coloboma auris),70100,90
ANDINA ART S.A.,433,5391,Colocacion de stent en la via biliar por endoscopia/extraccion de stent,69421,92
ANDINA ART S.A.,433,5400,"Colocacion de yeso/ferula de antebrazo, braquipalmar, pierna o pedico",69423,89
ANDINA ART S.A.,433,5404,Colocacion y extraccion de yesos/ ferula,69424,89
ANDINA ART S.A.,433,5370,Colocacion de expansor mamario,69835,93
ANDINA ART S.A.,433,5371,"Colocacion de VAC (vacum, por ejemplo en rodilla)",69836,90
ANDINA ART S.A.,433,5373,Colocacion de cateter intra-hepatico para quimioterapia,69837,92
ANDINA ART S.A.,433,5374,Colocacion de cateter para medicion de PIC (PIC: presion intra-craneal),69838,93
ANDINA ART S.A.,433,5375,Colocacion de coils en vasculatura toracica o abdominal,69839,95
ANDINA ART S.A.,433,5376,Colocacion de desfibrilador interno,69840,94
ANDINA ART S.A.,433,5377,Colocacion de endoprotesis de aorta en hemodinamia,69841,98
ANDINA ART S.A.,433,5378,Colocacion de endoprotesis en arterias o venas toracicas o abdominales,69842,96
ANDINA ART S.A.,433,5379,Colocacion de esfinter artificial,69843,92
ANDINA ART S.A.,433,5380,Colocacion de filtros en la vena cava,69844,93
ANDINA ART S.A.,433,5381,Colocacion de marcapaso endocavitario,69845,92
ANDINA ART S.A.,433,5382,Colocacion de marcapaso epicardico,69846,93
ANDINA ART S.A.,433,5383,Colocacion de protesis / stent esofagico,69847,91
ANDINA ART S.A.,433,5384,Colocacion de protesis cervical / dorsal / o lumbar,69848,95
ANDINA ART S.A.,433,5385,Colocacion de radium intra-cavitario,69849,91
ANDINA ART S.A.,433,5386,Colocacion de semillas radioactivas transrectal,69850,92
ANDINA ART S.A.,433,5387,Colocacion de sonda de alimentacion por endoscopia,69851,90
ANDINA ART S.A.,433,5388,Colocacion de stent colonico,69852,91
ANDINA ART S.A.,433,5389,Colocacion de stent en duodeno por endoscopia,69853,91
ANDINA ART S.A.,433,5392,Colocacion de stent traqueal o bronquial,69854,93
ANDINA ART S.A.,433,5393,Colocacion de taponaje vesical,69855,90
ANDINA ART S.A.,433,5394,Colocacion de tips para cirrosis,69856,92
ANDINA ART S.A.,433,5397,Colocacion de tutor externo maxilar,69859,93
ANDINA ART S.A.,433,5402,Colocacion o extraccion de balon gastrico en obesidad (gastroenterologia),69862,92
ANDINA ART S.A.,433,5477,"DIU, colocacion o extraccion",69920,89
ANDINA ART S.A.,433,5522,Dilatacion de traquea y/o colocacion de stent bronquial,69960,93
ANDINA ART S.A.,433,5523,Dilatacion del ureter + colocacion de pig-tail,69961,91
ANDINA ART S.A.,433,5804,Gastrostomia (colocacion / extraccion y/o recolocacion) (tipo boton gastrico),70203,91
ANDINA ART S.A.,433,6363,Reparacion de hernia con colocacion de malla de tipo Marlex o similares,70703,92
ANDINA ART S.A.,433,7531,Colocacion de protesis,71028,98
ANDINA ART S.A.,433,7552,Mastectomia bilateral con colocacion de protesis,71040,98
ANDINA ART S.A.,433,7585,Colocacion de balon intragastrico,71047,92
ANDINA ART S.A.,433,8111,Colocacion de cateter doble “J” (tipo pig-tail o similares),71081,91
ANDINA ART S.A.,433,8113,Colocacion de cateter de pig-tail,71083,91
ANDINA ART S.A.,433,8591,Colocacion de electrodos sub-corticales,71178,95
ANDINA ART S.A.,433,8592,"Colocacion de sustancia botulinica, por sesion",71179,92
ANDINA ART S.A.,433,8593,"Colocacion de sustancia botulinica/BCG/ac hialuronico, por sesion",71180,92
ANDINA ART S.A.,433,7581,Colonoscopia con polipectomia con clips o Mucosectomia,71043,93
ANDINA ART S.A.,433,5406,Colonovideoscopia con polipectomia,69865,92
ANDINA ART S.A.,433,5407,Colpoperineorrafia anterior y/o posterior,69866,92
ANDINA ART S.A.,433,5870,Histerectomia vaginal con o sin colpoperineorrafia,70270,93
ANDINA ART S.A.,433,5409,Colpopexia con malla de Sling o similares,69867,92
ANDINA ART S.A.,433,5410,Colpotomia / lesion local de vagina,69868,89
ANDINA ART S.A.,433,5411,Comisuroplastia,69869,90
ANDINA ART S.A.,433,5412,Condilomas acuminados (fulguracion),69870,89
ANDINA ART S.A.,433,5414,Conizacion de cuello uterino o leep,69872,90
ANDINA ART S.A.,433,5415,Conjuntivoplastia,69873,92
ANDINA ART S.A.,433,5419,Conversion electrica de arritmias cardiacas,69874,90
ANDINA ART S.A.,433,5420,Cordocentesis (transfusion intra-uterina),69875,91
ANDINA ART S.A.,433,5421,Cordotomia,69876,94
ANDINA ART S.A.,433,5422,Correccion de adherencias vaginales,69877,90
ANDINA ART S.A.,433,5425,Correccion de cistocele,69880,91
ANDINA ART S.A.,433,5427,Correccion de diastasis de los rectos,69882,91
ANDINA ART S.A.,433,5429,Correccion de fistula congenita de cuello,69884,91
ANDINA ART S.A.,433,5430,Correccion de fistula recto-uterina o vesico-uterina,69885,93
ANDINA ART S.A.,433,5431,Correccion de fistula recto-vaginal,69886,92
ANDINA ART S.A.,433,5432,Correccion de fistula recto-vaginal + reconstruccion del esfinter anal,69887,93
ANDINA ART S.A.,433,5433,Correccion de fistula vesico-vaginal,69888,92
ANDINA ART S.A.,433,5435,Correccion de incontinencia de orina con malla de tipo Sling,69890,92
ANDINA ART S.A.,433,5436,Correccion de incontinencia de orina por video,69891,93
ANDINA ART S.A.,433,5437,Correccion de incontinencia de orina por video-laparoscopia,69892,93
ANDINA ART S.A.,433,5438,Correccion de inversion uterina,69893,90
ANDINA ART S.A.,433,5439,Correccion de malformaciones uterinas,69894,94
ANDINA ART S.A.,433,5440,Correccion de reflujo vesico-ureteral (RVU),69895,92
ANDINA ART S.A.,433,5441,Correccion de tunel carpiano,69896,91
ANDINA ART S.A.,433,5442,Correccion de tunel carpiano por videoartroscopia,69897,92
ANDINA ART S.A.,433,5445,Correccion quirurgica de acalasia,69900,93
ANDINA ART S.A.,433,5447,Correccion quirurgica del sindrome del tunel carpiano,69902,91
ANDINA ART S.A.,433,5704,Extraccion de barra post-correccion de pectus excavatum,70124,92
ANDINA ART S.A.,433,5448,"Corticoides epidurales, por sesion",69903,91
ANDINA ART S.A.,433,8535,Infiltracion con corticoides/ A. locales/ Aines en puntos gatillos (hasta 5),71125,90
ANDINA ART S.A.,433,8536,Infiltracion con corticoides/ A. locales/ Aines en puntos gatillos (mas de 5),71126,91
ANDINA ART S.A.,433,5449,Corticoterapia foraminal cervical guiada por imagenes,69425,95
ANDINA ART S.A.,433,5450,Corticoterapia foraminal dorsal o lumbar guiada por imagenes ( hasta 2),69426,93
ANDINA ART S.A.,433,5451,"Corticoterapia peridural (dorsal, lumbar o caudal) sin control por imagen",69427,92
ANDINA ART S.A.,433,5452,"Corticoterapia peridural (dorsal, lumbar o caudal) con control por imagen",69429,93
ANDINA ART S.A.,433,6164,"Osteotomia craneo-facial con tiempo neuroquirurgico (Crouzon, Apert, etc.)",69484,98
ANDINA ART S.A.,433,5454,Craneoestenosis / craneosinostosis,69905,95
ANDINA ART S.A.,433,5455,Craneoplastia,69907,94
ANDINA ART S.A.,433,5456,Craneotomia exploradora,69908,93
ANDINA ART S.A.,433,5952,Lesion tumoral de los huesos del craneo,70335,92
ANDINA ART S.A.,433,6165,"Osteotomia craneo-facial sin tiempo neuroquirurgico (Crouzon, Apert, etc.)",70514,95
ANDINA ART S.A.,433,6325,Reduccion de fractura expuesta de craneo,70667,93
ANDINA ART S.A.,433,5457,"Cricotomia, laringorrafia, como unica operacion",69909,92
ANDINA ART S.A.,433,5458,Crioneurolisis de la art. sacro-iliaca unilateral,69430,94
ANDINA ART S.A.,433,5463,Crioneurolisis de neuroma post-quirurgico,69431,93
ANDINA ART S.A.,433,5460,Crioneurolisis de nervio facetario (hasta 2 nervios),69910,94
ANDINA ART S.A.,433,5461,Crioneurolisis de nervio facetario (mas de 2 nervios),69911,95
ANDINA ART S.A.,433,5464,Criptorquidea,69913,91
ANDINA ART S.A.,433,5465,Criptorquidea u orquidopexia por video-laparoscopia,69914,92
ANDINA ART S.A.,433,5466,Criptorquidea u orquidopexia por videolaparoscopia,69915,92
ANDINA ART S.A.,433,5470,Cuadrantectomia unilateral,69916,92
ANDINA ART S.A.,433,7596,Cuadrantectomia / tumorectomia ( mas ganglio centinela),71057,92
ANDINA ART S.A.,433,7597,Cuadrantectomia / tumorectomia (mas vaciamiento axilar),71058,93
ANDINA ART S.A.,433,5471,Cuerpo extraño / bolo fecal,69432,90
ANDINA ART S.A.,433,5472,Cuerpo extraño de pared,69433,90
ANDINA ART S.A.,433,5473,Cuerpo extraño de tobillo,69434,89
ANDINA ART S.A.,433,5616,Esclerotomia con extraccion de cuerpo extraño intraocular,69443,92
ANDINA ART S.A.,433,5713,Extraccion de cuerpo extraño de faringe / esofago / estomago,69449,91
ANDINA ART S.A.,433,5714,Extraccion de cuerpo extraño de fosa nasal,69450,90
ANDINA ART S.A.,433,5715,"Extraccion de cuerpo extraño de las vias aereas (traquea, bronquios)",69451,92
ANDINA ART S.A.,433,5716,Extraccion de cuerpo extraño de lengua,69452,90
ANDINA ART S.A.,433,5717,Extraccion de cuerpo extraño de mano,69453,90
ANDINA ART S.A.,433,5719,Extraccion de cuerpo extraño de pie,69455,91
ANDINA ART S.A.,433,5720,Extraccion de cuerpo extraño de traquea o bronquio,69456,92
ANDINA ART S.A.,433,5721,Extraccion de cuerpo extraño del conducto auditivo externo (CAE),69457,89
ANDINA ART S.A.,433,5722,Extraccion de cuerpo extraño en faringe / esofago / estomago / duodeno,69458,91
ANDINA ART S.A.,433,5723,Extraccion de cuerpo extraño endoocular,69459,92
ANDINA ART S.A.,433,5724,Extraccion de cuerpo extraño profundo,69460,91
ANDINA ART S.A.,433,5725,Extraccion de cuerpo extraño profundo de cuello,69461,91
ANDINA ART S.A.,433,5726,Extraccion de cuerpo extraño superficial (conjuntiva),69462,90
ANDINA ART S.A.,433,5727,"Extraccion de cuerpo extraño, exploracion de drenajes",69463,90
ANDINA ART S.A.,433,6508,"TAC de cuerpo entero, con o sin contraste",70835,92
ANDINA ART S.A.,433,8611,Extraccion de cuerpo extraño de iris,71198,92
ANDINA ART S.A.,433,5474,"Curacion de un gran quemado, mas del 30%",69917,92
ANDINA ART S.A.,433,5475,Curacion de un quemado hasta el 30%,69918,91
ANDINA ART S.A.,433,5476,Curetaje oseo,69919,89
ANDINA ART S.A.,433,5480,Dacrio-cistorrinostomia con protesis,69435,93
ANDINA ART S.A.,433,5478,Dacrio-cistografia,69921,90
ANDINA ART S.A.,433,5482,Decorticacion pleuro-pulmonar por video-toracoscopia,69437,95
ANDINA ART S.A.,433,5483,Dedo en gatillo o dedo en resorte o dedo en garra,69438,90
ANDINA ART S.A.,433,5484,Dedo en martillo traumatico (“mallet finger”),69925,91
ANDINA ART S.A.,433,5485,Dedos en martillo (cada uno),69926,89
ANDINA ART S.A.,433,5681,Extirpacion de aponeurosis plantar hasta 3 dedos,70101,91
ANDINA ART S.A.,433,6173,Panadizo / flemon de dedos,70522,89
ANDINA ART S.A.,433,6345,Reimplante de 1 a 2 dedos,70685,92
ANDINA ART S.A.,433,6346,Reimplante de dedo (hasta 2),70686,92
ANDINA ART S.A.,433,6347,Reimplante de mas de 2 dedos,70687,93
ANDINA ART S.A.,433,6619,Tumor de dedo,70923,90
ANDINA ART S.A.,433,5486,Denervacion articular,69927,92
ANDINA ART S.A.,433,5487,Derivacion aorto-bifemoral,69928,96
ANDINA ART S.A.,433,5488,Derivacion aorto-iliaca con o sin simpatectomia,69929,98
ANDINA ART S.A.,433,5489,Derivacion aorto-renal,69930,95
ANDINA ART S.A.,433,5490,Derivacion intestinal interna,69931,93
ANDINA ART S.A.,433,5491,Derivacion paliativa de esofago,69932,94
ANDINA ART S.A.,433,5492,Derivacion pericardio-peritoneal,69933,98
ANDINA ART S.A.,433,5493,Derivacion ventriculo-peritoneal o similar,69934,93
ANDINA ART S.A.,433,5742,Extraccion de tubo de derivacion,70144,91
ANDINA ART S.A.,433,8600,Drenaje de coleccion por endoscopia (Necrosectomia/derivacion biliar),71187,94
ANDINA ART S.A.,433,5494,Dermoabrasion,69935,91
ANDINA ART S.A.,433,5495,Dermolipectomia,69936,93
ANDINA ART S.A.,433,5496,Dermolipectomia con ombligo,69937,94
ANDINA ART S.A.,433,5498,Desarticulacion coxo-femoral,69939,95
ANDINA ART S.A.,433,5499,Desarticulacion del brazo,69940,95
ANDINA ART S.A.,433,5500,Desarticulacion escapulo-humeral,69941,95
ANDINA ART S.A.,433,5501,Desarticulacion interescapulo-toracica,69942,94
ANDINA ART S.A.,433,5504,Descompresion orbitaria unilateral,69943,93
ANDINA ART S.A.,433,7507,Descompresion discal con Decompressor o similar,71009,98
ANDINA ART S.A.,433,5505,Desgarro de cristalino,69944,91
ANDINA ART S.A.,433,5506,Desgarro de cuello uterino,69945,90
ANDINA ART S.A.,433,5507,Desgarro de vagina / colporrafia o colpocleisis / fuera del trabajo de parto,69946,91
ANDINA ART S.A.,433,5508,Desgarro de vagina y/o esfinter,69947,90
ANDINA ART S.A.,433,5509,Desgarro muscular de cara anterior del muslo,69948,90
ANDINA ART S.A.,433,6477,Sintesis muscular (desgarro muscular simple),70808,90
ANDINA ART S.A.,433,5512,Devolvulacion / desinvaginacion intestinal con reseccion intestinal,69950,94
ANDINA ART S.A.,433,5513,Devolvulacion / desinvaginacion intestinal sin reseccion intestinal,69951,92
ANDINA ART S.A.,433,5514,Devolvulacion endoscopica,69952,91
ANDINA ART S.A.,433,5515,Diagnostico estereotaxico para estudios de epilepsia,69953,93
ANDINA ART S.A.,433,6234,Procedimiento diagnostico para implante de bomba de infusion,70579,94
ANDINA ART S.A.,433,6260,Puncion de camara anterior para diagnosticos,70602,90
ANDINA ART S.A.,433,5516,Diastasis del pubis,69954,92
ANDINA ART S.A.,433,5518,Dilatacion anal,69956,90
ANDINA ART S.A.,433,5519,Dilatacion colonica por endoscopia,69957,92
ANDINA ART S.A.,433,5520,Dilatacion de esofago,69958,91
ANDINA ART S.A.,433,5521,Dilatacion de esofago/ pilorica / colonica,69959,91
ANDINA ART S.A.,433,5524,Dilatacion endoscopica de estenosis de via biliar,69962,92
ANDINA ART S.A.,433,5525,Dilatacion endoscopica de la via biliar,69963,92
ANDINA ART S.A.,433,5526,Dilatacion pilorica por endoscopia,69964,91
ANDINA ART S.A.,433,5527,Dilatacion uretral,69965,89
ANDINA ART S.A.,433,5528,Dilatacion uretral por video,69966,90
ANDINA ART S.A.,433,5529,Dinamica renal (renograma isotopico),69967,90
ANDINA ART S.A.,433,5530,Discografia provocativa (dos o tres discos),69968,93
ANDINA ART S.A.,433,5531,Discografia provocativa (un disco),69969,92
ANDINA ART S.A.,433,5532,Discograma discal diagnostica,69970,94
ANDINA ART S.A.,433,5535,Diseccion quirurgica para linfadenografia,69971,90
ANDINA ART S.A.,433,5537,Diverticulo de Meckel por via convencional,69973,92
ANDINA ART S.A.,433,5538,Diverticulo de Meckel por videolaparoscopia,69974,92
ANDINA ART S.A.,433,5539,Diverticulo de esofago,69975,93
ANDINA ART S.A.,433,5601,Escision de diverticulo faringo-esofagico,70031,92
ANDINA ART S.A.,433,5001,"Abceso, Flemon, Drenaje",69540,89
ANDINA ART S.A.,433,5548,Drenaje de glandula y o saco lagrimal,69982,90
ANDINA ART S.A.,433,5549,Drenaje del septum,69983,90
ANDINA ART S.A.,433,5550,Drenaje del wirsung,69984,92
ANDINA ART S.A.,433,5551,Drenaje percutaneo de las vias biliares,69985,93
ANDINA ART S.A.,433,5553,Drenaje ventricular continuo,69987,91
ANDINA ART S.A.,433,5590,Epididimotomia y drenaje,70020,90
ANDINA ART S.A.,433,5891,Incision y drenaje de amigdalas o tejido peri-amigdalino,70286,90
ANDINA ART S.A.,433,5892,Incision y drenaje de glandula parotida o submaxilar,70287,90
ANDINA ART S.A.,433,5893,Incision y drenaje de la auricula,70288,90
ANDINA ART S.A.,433,5895,Incision y drenaje de lesion dentaria,70290,90
ANDINA ART S.A.,433,5897,Incision y drenaje de piso de la boca o mejilla,70292,90
ANDINA ART S.A.,433,5900,Incision y/o drenaje de tejido retro-faringeo por via oral,70295,90
ANDINA ART S.A.,433,6175,Pancreatectomia con exploracion y drenaje,70524,94
ANDINA ART S.A.,433,6250,Puncion / drenaje del Douglas,70595,89
ANDINA ART S.A.,433,7592,Pleurodesis quimica por tubo de drenaje,71053,90
ANDINA ART S.A.,433,6683,VEDA Video-esofago-gastro-duodenoscopia,69514,90
ANDINA ART S.A.,433,6684,Video-gastro-duodenoscopia con polipectomia,69515,91
ANDINA ART S.A.,433,5555,Duodenopancreatectomia,69989,95
ANDINA ART S.A.,433,5557,Ecocardiografia transtoracica o transesofagica intra-operatoria,69990,92
ANDINA ART S.A.,433,5558,Ecocardiograma transesofagico,69991,91
ANDINA ART S.A.,433,6256,Puncion ovarica guiada por ecografia (incluye ICSI),69489,91
ANDINA ART S.A.,433,5559,Ecografia de ojo,69992,90
ANDINA ART S.A.,433,5560,Ecografia trans-toracica o trans-esofagica intra-operatoria,69993,91
ANDINA ART S.A.,433,5562,Ectropion - Entropion,69441,90
ANDINA ART S.A.,433,5563,Electro-retinograma,69996,90
ANDINA ART S.A.,433,5647,Estudio electrofisiologico,70072,92
ANDINA ART S.A.,433,7525,Implante de electrodo espinal para estimulacion medular (trial),71022,95
ANDINA ART S.A.,433,5565,Emasculacion total con vaciamiento inguino-abdominal,69997,94
ANDINA ART S.A.,433,5566,Embarazo ectopico hemorragico,69998,93
ANDINA ART S.A.,433,5567,Embarazo ectopico no complicado,69999,91
ANDINA ART S.A.,433,5568,Embolectomia de arteria periferica,70000,92
ANDINA ART S.A.,433,5569,Embolectomia renal,70001,90
ANDINA ART S.A.,433,5570,Embolizacion de tumor cerebral por hemodinamia,70002,94
ANDINA ART S.A.,433,5571,Embolizacion de tumor extracraneal por via periferica,70003,92
ANDINA ART S.A.,433,5572,Embolizacion extra-craneal por via periferica,70004,93
ANDINA ART S.A.,433,5573,Embolizacion hepatica,70005,93
ANDINA ART S.A.,433,5575,Embolizacion por via periferica en hemodinamia,70007,91
ANDINA ART S.A.,433,8603,Embolizacion de vasos perifericos en hemodinamia,71190,92
ANDINA ART S.A.,433,5576,Encefalo-meningocele,70008,94
ANDINA ART S.A.,433,6050,Neumoencefalografia,70421,91
ANDINA ART S.A.,433,6686,"Videolaparoscopia diagnostica (incluye endometriosis, prueba de Cote)",69516,92
ANDINA ART S.A.,433,6714,Endometriosis por via convencional - laparotomia,69519,93
ANDINA ART S.A.,433,5577,Endometriosis tratamiento por videolaparoscopia,70009,94
ANDINA ART S.A.,433,8560,Tratamiento de endometriosis + histerectomia de cualquier causa,71148,95
ANDINA ART S.A.,433,8605,"Endometriosis, dos equipos quirurgicos",71192,98
ANDINA ART S.A.,433,5578,Endoprotesis vasculares perifericas en hemodinamia (no de aorta),70010,94
ANDINA ART S.A.,433,5881,Implante de endoprotesis en arterias o venas toracicas o abdominales,70278,98
ANDINA ART S.A.,433,6006,Maxilectomia radical por videoendoscopia,69472,93
ANDINA ART S.A.,433,6008,Maxilectomia simple por videoendoscopia,69473,92
ANDINA ART S.A.,433,5579,Endoscopia nasal diagnostica,70011,91
ANDINA ART S.A.,433,5618,Esfenoidectomia por video-endoscopia,70047,95
ANDINA ART S.A.,433,5650,Etmoidectomia por videoendoscopia,70075,93
ANDINA ART S.A.,433,5705,Extraccion de calculo por endoscopia,70125,91
ANDINA ART S.A.,433,6596,Tratamiento de ulceras y fistulas traqueoesofagicas por endoscopias,70905,91
ANDINA ART S.A.,433,7582,Endoscopia con Argon plasma,71044,92
ANDINA ART S.A.,433,8554,Somnoendoscopia,71144,91
ANDINA ART S.A.,433,8602,Eco-endoscopia,71189,93
ANDINA ART S.A.,433,5580,Enfermedad de Peyrone (plastica peneana),69442,93
ANDINA ART S.A.,433,5680,Extirpacion de aponeurosis palmar (enfermedad de Dupuytren),69446,92
ANDINA ART S.A.,433,5581,Enfermedad de Quervain,70012,91
ANDINA ART S.A.,433,5583,Enterolisis por videolaparoscopia,70013,93
ANDINA ART S.A.,433,5808,Enterolisis,70207,92
ANDINA ART S.A.,433,5584,Enterorrafia multiple (dos o mas),70014,93
ANDINA ART S.A.,433,5585,Enterorrafia simple,70015,92
ANDINA ART S.A.,433,7588,Enteroscopia alta,71050,93
ANDINA ART S.A.,433,7589,Enteroscopia baja,71051,93
ANDINA ART S.A.,433,7590,Enteroscopia mixta 100% mas 75%,71052,93
ANDINA ART S.A.,433,5586,Enterostomia temporaria o definitiva,70016,92
ANDINA ART S.A.,433,5587,Enucleacion ocular,70017,93
ANDINA ART S.A.,433,5588,Epicanto,70018,90
ANDINA ART S.A.,433,5589,Epididimectomia,70019,91
ANDINA ART S.A.,433,5591,Epidurograma,70021,95
ANDINA ART S.A.,433,5592,Epiduroplastia (incluye dosis de esteroides por cateter),70022,94
ANDINA ART S.A.,433,5593,Epiduroscopia,70023,95
ANDINA ART S.A.,433,5594,Epifisiolisis,70024,91
ANDINA ART S.A.,433,5596,Episiorrafia,70026,90
ANDINA ART S.A.,433,5597,Escapula alata,70027,93
ANDINA ART S.A.,433,6126,Operacion de hueso escapular,70480,91
ANDINA ART S.A.,433,6140,"Osteosintesis de clavicula, costilla o escapula",70494,92
ANDINA ART S.A.,433,5598,"Escara, reseccion con el paciente en decubito dorsal o lateral",70028,91
ANDINA ART S.A.,433,5599,"Escara, reseccion con el paciente en decubito ventral",70029,92
ANDINA ART S.A.,433,6382,Reseccion de escara con el paciente en decubito lateral o dorsal,70721,91
ANDINA ART S.A.,433,6383,Reseccion de escara con el paciente en decubito ventral,70722,92
ANDINA ART S.A.,433,5602,Escision de lesion conjuntival,70032,90
ANDINA ART S.A.,433,5603,"Escision de lesion de conductos linfaticos (linfangioma, higroma)",70033,92
ANDINA ART S.A.,433,5604,Escision de lesion local de conducto auditivo externo (CAE),70034,89
ANDINA ART S.A.,433,5605,Escision de lesion local de parpados,70035,90
ANDINA ART S.A.,433,5606,Escision de lesion localizada superficial de lengua,70036,90
ANDINA ART S.A.,433,5607,Escision de lesion primaria de encias mas vaciamiento cervical,70037,93
ANDINA ART S.A.,433,5608,Escision de polipo retrocoanal,70038,90
ANDINA ART S.A.,433,5609,Escision de tumor del cavum (rino-faringe),70039,93
ANDINA ART S.A.,433,5610,Escision de tumores endonasales por rinotomia lateral,70040,92
ANDINA ART S.A.,433,5611,Escision local de lesion de labio,70041,89
ANDINA ART S.A.,433,5613,Escision radical de glandula submaxilar,70043,92
ANDINA ART S.A.,433,5614,Escision radical de tumor de naso-faringe (cavum),70044,93
ANDINA ART S.A.,433,6129,Orbitotomia con escision de lesion de orbita,70484,91
ANDINA ART S.A.,433,5615,Esclerotomia,70045,91
ANDINA ART S.A.,433,5617,Escrotoplastia,70046,91
ANDINA ART S.A.,433,5619,Esfinteroplastia con colostomia,70048,92
ANDINA ART S.A.,433,5620,Esfinteroplastia tipo plicatura,70049,91
ANDINA ART S.A.,433,5621,Esfinterotomia - esfinterectomia,70050,89
ANDINA ART S.A.,433,5622,Esofago-gastrectomia,70051,98
ANDINA ART S.A.,433,5623,Esofagostomia,70052,92
ANDINA ART S.A.,433,6015,Megaesofago,70390,93
ANDINA ART S.A.,433,6190,Perforaciones de esofago,70539,93
ANDINA ART S.A.,433,6335,Reemplazo de esofago,70676,95
ANDINA ART S.A.,433,6384,Reseccion de esofago,70723,94
ANDINA ART S.A.,433,5624,Esofaguectomia laparoscopica,70053,98
ANDINA ART S.A.,433,5625,Esofaguectomia total,70054,95
ANDINA ART S.A.,433,5626,Espina bifida,70055,94
ANDINA ART S.A.,433,7519,Implante definitivo de cateter espinal para bomba intratecal de morfina,71018,98
ANDINA ART S.A.,433,5627,Esplenectomia electiva,70056,92
ANDINA ART S.A.,433,5628,Esplenectomia laparoscopica,70057,94
ANDINA ART S.A.,433,5629,Esplenectomia por rotura de bazo,70058,93
ANDINA ART S.A.,433,5630,Esplenectomia por toracotomia,70059,94
ANDINA ART S.A.,433,5631,Esplenectomia por videolaparoscopia,70060,94
ANDINA ART S.A.,433,5799,Gastrectomia total con o sin esplenectomia,70199,95
ANDINA ART S.A.,433,5632,Espleno-portografia,70061,91
ANDINA ART S.A.,433,5633,Esplenopancreatectomia corporo-caudal,70062,95
ANDINA ART S.A.,433,5634,Esqueletizacion del sistema venoso valvular o avalvular,70063,92
ANDINA ART S.A.,433,5635,Esquiascopias,70064,90
ANDINA ART S.A.,433,5636,Estafiloma,70065,90
ANDINA ART S.A.,433,5638,Estapedectomia,70067,93
ANDINA ART S.A.,433,5639,Estenosis traqueal sub-glotica,70068,92
ANDINA ART S.A.,433,5641,Estimulacion electrica transcutanea (EET): c/ 24 hs o fraccion,70069,90
ANDINA ART S.A.,433,5642,Estomatoplastia con injerto (inlcuye toma),70070,93
ANDINA ART S.A.,433,5645,Estrabismo bilateral,70071,94
ANDINA ART S.A.,433,8608,Estrabismo unilateral,71195,93
ANDINA ART S.A.,433,5648,Etmoidectomia endoscopica,70073,93
ANDINA ART S.A.,433,5649,Etmoidectomia interna,70074,92
ANDINA ART S.A.,433,5651,Evacuacion de hematoma extradural / subdural / intracerebral,70076,94
ANDINA ART S.A.,433,5652,Evacuacion por puncion de coleccion intra-cerebral o extra-cerebral,70077,93
ANDINA ART S.A.,433,5653,Eventracion,70078,92
ANDINA ART S.A.,433,8609,Eventracion + 5 cm/eventracion recidivada,71196,94
ANDINA ART S.A.,433,5655,Evisceracion ocular,70079,91
ANDINA ART S.A.,433,5656,Examen con lampara de hendidura,70080,90
ANDINA ART S.A.,433,5659,Excentracion del contenido orbitario con reseccion total del maxilar superior,70083,94
ANDINA ART S.A.,433,5660,Excentracion del contenido orbitario y/o peri-orbitario,70084,92
ANDINA ART S.A.,433,5663,Exeresis de tumor hepatico o metastasis (cada uno) por radiofrecuencia,69444,93
ANDINA ART S.A.,433,5661,Exeresis de ganglio centinela,70085,91
ANDINA ART S.A.,433,5662,Exeresis de neuroma de Morton (tumoracion dolorosa de los nervios del pie),70086,92
ANDINA ART S.A.,433,5757,Facofragmentacion y facoexeresis,70158,92
ANDINA ART S.A.,433,6447,Safenectomia interna unilateral con exeresis escalonada,70779,93
ANDINA ART S.A.,433,5664,Exoftalmia endocrina o de otras causas,70087,93
ANDINA ART S.A.,433,5710,Extraccion de implante mamario/ Extraccion de expansor mamario,69447,93
ANDINA ART S.A.,433,5665,Expansor de cuero cabelludo,70088,93
ANDINA ART S.A.,433,5666,Exploracion de hombro doloroso,70089,92
ANDINA ART S.A.,433,5668,Exploracion de arteria periferica,70090,92
ANDINA ART S.A.,433,5669,Exploracion de columna por via anterior,70091,93
ANDINA ART S.A.,433,5670,Exploracion de heridas en partes blandas,70092,91
ANDINA ART S.A.,433,5674,Exploracion del plexo cervico-braquial,70096,92
ANDINA ART S.A.,433,5675,Exploracion del plexo lumbo-sacro,70097,93
ANDINA ART S.A.,433,5766,Fistula biliar con exploracion de vias biliares,70166,93
ANDINA ART S.A.,433,6295,Re-exploracion de tiroides y/o paratiroides (ejemplo:post-sangrado),70638,91
ANDINA ART S.A.,433,5677,Extirpacion de angioma,70099,91
ANDINA ART S.A.,433,5682,Extirpacion de ganglion,70102,90
ANDINA ART S.A.,433,5683,Extirpacion de mas de 5 papilomas; excepto en cabeza y cuello,70103,90
ANDINA ART S.A.,433,5684,"Extirpacion de nevus (hasta 3), en cabeza y cuello",70104,90
ANDINA ART S.A.,433,5685,"Extirpacion de nevus (hasta 3), excepto en cabeza y cuello",70105,89
ANDINA ART S.A.,433,5686,Extirpacion de nevus (mas de 3); en cabeza y cuello,70106,91
ANDINA ART S.A.,433,5687,Extirpacion de nevus (mas de 3); excepto en cabeza y cuello,70107,90
ANDINA ART S.A.,433,5688,"Extirpacion de papilomas (hasta 5), excepto en cabeza y cuello",70108,89
ANDINA ART S.A.,433,5689,Extirpacion de polipos nasales,70109,91
ANDINA ART S.A.,433,5690,Extirpacion de quiste congenito tirogloso y similares,70110,91
ANDINA ART S.A.,433,5691,Extirpacion de quiste muscular,70111,90
ANDINA ART S.A.,433,5692,Extirpacion de quiste sebaceo en cabeza y/o cuello,70112,90
ANDINA ART S.A.,433,5693,"Extirpacion de quiste sebaceo, excepto en cabeza y cuello",70113,89
ANDINA ART S.A.,433,5694,Extirpacion de quiste tirogloso,70114,91
ANDINA ART S.A.,433,5695,Extirpacion de ranula,70115,90
ANDINA ART S.A.,433,5696,Extirpacion de tumor de partes blandas de miembro superior o inferior,70116,90
ANDINA ART S.A.,433,5697,Extirpacion de tumor osea mas reconstruccion,70117,93
ANDINA ART S.A.,433,5698,Extirpacion de tumor oseo,70118,92
ANDINA ART S.A.,433,5699,Extirpacion de tumor vesical por laparotomia,70119,92
ANDINA ART S.A.,433,5700,Extirpacion del coccix,70120,91
ANDINA ART S.A.,433,5701,Extirpacion dentaria,70121,90
ANDINA ART S.A.,433,5702,Extirpacion parcial de nariz,70122,90
ANDINA ART S.A.,433,5753,Extirpacion de tumor oseo (menos de 5 cm),70155,90
ANDINA ART S.A.,433,5993,Marsupializacion / extirpacion de glandula de Bartholino,70370,90
ANDINA ART S.A.,433,6244,Proctectomia (extirpacion del recto),70589,92
ANDINA ART S.A.,433,7602,Extirpacion de calculos endovesicales a cielo abierto,71061,93
ANDINA ART S.A.,433,7603,Extirpacion de calculos endovesicales por citoscopia,71062,94
ANDINA ART S.A.,433,6432,"Revision de protesis, solo su extraccion",69499,93
ANDINA ART S.A.,433,5703,Extraccion cruenta de calculos salivales,70123,90
ANDINA ART S.A.,433,5706,Extraccion de calculo por via endoscopica,70126,91
ANDINA ART S.A.,433,5708,Extraccion de cateter central / doble Y / tunelizado / similares,70128,90
ANDINA ART S.A.,433,5711,Extraccion de clavo intramedular,70129,92
ANDINA ART S.A.,433,5728,Extraccion de masas cristalinas,70130,91
ANDINA ART S.A.,433,5729,Extraccion de material de osteosintesis de columna,70131,93
ANDINA ART S.A.,433,5733,Extraccion de protesis de columna,70135,93
ANDINA ART S.A.,433,5734,Extraccion de protesis de rodilla (1 elemento),70136,92
ANDINA ART S.A.,433,5737,Extraccion de protesis total de rodilla,70139,93
ANDINA ART S.A.,433,5739,Extraccion de puntos de la conjuntiva,70141,90
ANDINA ART S.A.,433,5740,Extraccion de puntos de parpados,70142,90
ANDINA ART S.A.,433,5741,Extraccion de taponaje de loge prostatica,70143,90
ANDINA ART S.A.,433,5743,Extraccion de tutor externo,70145,90
ANDINA ART S.A.,433,5744,Extraccion dentaria (hasta 3 piezas),70146,91
ANDINA ART S.A.,433,5745,Extraccion dentaria (pieza unica),70148,90
ANDINA ART S.A.,433,5746,Extraccion dentaria de piezas multiples,70149,92
ANDINA ART S.A.,433,5748,Extraccion extra-capsular de cristalino,70150,92
ANDINA ART S.A.,433,5749,Extraccion intra-capsular de cristalino,70151,92
ANDINA ART S.A.,433,5750,Extraccion manual de placenta como unico procedimiento,70152,90
ANDINA ART S.A.,433,5751,Extracciones dentarias multiples,70153,92
ANDINA ART S.A.,433,6550,Toillete cardiaco post-quirurgico con o sin extraccion de alambres,70861,95
ANDINA ART S.A.,433,6711,Extraccion de implante mamario mas pexia,71000,94
ANDINA ART S.A.,433,7586,Extraccion de balon intragastrico,71048,92
ANDINA ART S.A.,433,8110,Extraccion de cateter de doble “J” (tipo pig-tail o similares),71080,90
ANDINA ART S.A.,433,8112,Extraccion de cateter de pig-tail,71082,90
ANDINA ART S.A.,433,5758,Faringoplastia,70159,93
ANDINA ART S.A.,433,5760,Fenestracion del conducto semicircular externo,70161,93
ANDINA ART S.A.,433,5761,Feocromocitoma,70162,95
ANDINA ART S.A.,433,7527,Feocromocitoma por video-laparoscopia,71024,98
ANDINA ART S.A.,433,6324,Reduccion cruenta de luxacion o fractura de columna sin fijacion,70666,93
ANDINA ART S.A.,433,6429,Revision de fijacion de columna,70764,98
ANDINA ART S.A.,433,5763,Fimosis / parafimosis / postioplastia,70163,91
ANDINA ART S.A.,433,5764,Fistula anal / fistulectomia / fistulotomia,70164,90
ANDINA ART S.A.,433,5765,Fistula arterio-venosa para hemodialisis,70165,92
ANDINA ART S.A.,433,5767,Fistula en columna,70167,93
ANDINA ART S.A.,433,5768,Fistula umbilical,70168,91
ANDINA ART S.A.,433,5770,Fistula vagino-perineal,70170,91
ANDINA ART S.A.,433,5771,Fistula vesico-parietal,70171,91
ANDINA ART S.A.,433,5772,Fistula vesico-rectal,70172,91
ANDINA ART S.A.,433,5773,Fistula vesico-ureteral,70173,91
ANDINA ART S.A.,433,5775,Fistulografia,70175,89
ANDINA ART S.A.,433,5776,Fisura anal,70176,90
ANDINA ART S.A.,433,5777,"Fisura congenita del esqueleto facial (Treacher Collins, etc.)",70177,95
ANDINA ART S.A.,433,5859,"Hipertelorismo, fisura facial media",70259,98
ANDINA ART S.A.,433,5939,"Laringotomia mediana, laringofisura, como unica operacion",70325,92
ANDINA ART S.A.,433,5778,Flebectomia segmentaria / varices residuales como unica operacion,70178,91
ANDINA ART S.A.,433,6591,Tratamiento con laser mas flebectomia segmentaria,70899,94
ANDINA ART S.A.,433,5779,Flebografia de miembros,70179,90
ANDINA ART S.A.,433,5780,Flemon de mano,70180,90
ANDINA ART S.A.,433,5781,Flemon de pared,70181,89
ANDINA ART S.A.,433,5782,Fondo de ojo,70182,90
ANDINA ART S.A.,433,5783,Formacion de vagina artificial,70183,95
ANDINA ART S.A.,433,6130,Oreja en asa y otras malformaciones,70485,91
ANDINA ART S.A.,433,5789,Fractura del peñasco (tratamiento quirurgico),69465,94
ANDINA ART S.A.,433,6137,"Osteosintesis (reduccion quirurgica) de fractura: carpo, tarso, humero, cubito, radio, clavicula, esternon, rotula, costilla, etc.",69481,92
ANDINA ART S.A.,433,5786,Fractura compleja de maxilares y huesos de la cara,70186,94
ANDINA ART S.A.,433,5787,Fractura compleja de orbita/ reduccion/ osteosintesis y/o injerto,70187,93
ANDINA ART S.A.,433,5788,Fractura de orbita y/o malar,70188,93
ANDINA ART S.A.,433,5790,"Fractura nasal asociada (naso-orbitaria, etc.)",70189,92
ANDINA ART S.A.,433,5791,Fractura simple,70190,90
ANDINA ART S.A.,433,5792,"Fractura simple de orbita, reduccion y osteosintesis",70191,91
ANDINA ART S.A.,433,5793,Fractura supracondilea de codo,70192,92
ANDINA ART S.A.,433,5966,Limpieza quirurgica de fractura expuesta (no de femur),70346,91
ANDINA ART S.A.,433,5967,Limpieza quirurgica de fractura expuesta de femur,70348,92
ANDINA ART S.A.,433,5968,Limpieza quirurgica de fractura expuesta de miembro superior,70349,91
ANDINA ART S.A.,433,6147,Osteosintesis de fractura de pelvis,70500,94
ANDINA ART S.A.,433,6148,Osteosintesis de fractura de platillo tibial,70501,93
ANDINA ART S.A.,433,6322,Reduccion cruenta de fractura de pelvis,70664,93
ANDINA ART S.A.,433,6326,Reduccion de fractura nasal,70668,90
ANDINA ART S.A.,433,6327,Reduccion de fractura o luxacion de coccix,70669,93
ANDINA ART S.A.,433,6333,Reduccion quirurgica / osteosintesis de fracturas en general,70674,92
ANDINA ART S.A.,433,8114,Reduccion incruenta de fracturas,71084,90
ANDINA ART S.A.,433,5794,Frenulotomia,70193,89
ANDINA ART S.A.,433,5795,Fulguracion corneal con o sin raspado,70194,90
ANDINA ART S.A.,433,5796,Fulguracion de neo de recto,70195,91
ANDINA ART S.A.,433,5797,Gastrectomia por videolaparoscopia,70196,95
ANDINA ART S.A.,433,5798,Gastrectomia subtotal,70198,94
ANDINA ART S.A.,433,5800,Gastrectomia total por toraco-laparotomia,70200,95
ANDINA ART S.A.,433,5802,Gastroquisis (tratamiento quirurgico),70202,95
ANDINA ART S.A.,433,6604,Tratamiento quirurgico de la gastroquisis,70909,95
ANDINA ART S.A.,433,5806,Gastrostomia percutanea,70205,91
ANDINA ART S.A.,433,5807,Gastrostomia por via endoscopica,70206,91
ANDINA ART S.A.,433,5809,Ginecomastia unilateral,69466,92
ANDINA ART S.A.,433,5810,Gingivectomia parcial por tumores,70209,91
ANDINA ART S.A.,433,5811,Gingivectomia total ampliada,70210,92
ANDINA ART S.A.,433,5812,Glosectomia subtotal,70211,93
ANDINA ART S.A.,433,6112,Operacion comando de lengua (glosectomia total),70466,95
ANDINA ART S.A.,433,5813,Glosoplastia,70212,90
ANDINA ART S.A.,433,5815,Gonioscopia,70214,90
ANDINA ART S.A.,433,5817,"Grandes quemados, injertos",70216,93
ANDINA ART S.A.,433,5818,Granuloma de traquea,70217,91
ANDINA ART S.A.,433,5819,Hallux valgus completo unilateral,70218,91
ANDINA ART S.A.,433,5820,Hematoma retroperitoneal,70219,93
ANDINA ART S.A.,433,6628,Tumor de pared (hematoma supra-infra aponeurotico),70932,91
ANDINA ART S.A.,433,8548,Reintervencion por sangrado y hematoma transfixiante,71138,94
ANDINA ART S.A.,433,5822,Hemi-paratiroidectomia,70220,92
ANDINA ART S.A.,433,5825,Hemihepatectomia,70223,95
ANDINA ART S.A.,433,5826,Hemitiroidectomia,70224,92
ANDINA ART S.A.,433,6024,Microsomia hemifacial / osteotomias e injertos oseos en mandibula,70396,93
ANDINA ART S.A.,433,6597,Tratamiento endoscopico de la hemorragia digestiva,70906,91
ANDINA ART S.A.,433,5828,Hemorroidectomia,70226,91
ANDINA ART S.A.,433,5829,Hepatectomia lobar derecha o izquierda,70227,95
ANDINA ART S.A.,433,5830,Herida de pared abdominal de mas de 20 cm,70228,91
ANDINA ART S.A.,433,5831,Herida de parpado,70229,90
ANDINA ART S.A.,433,5832,Herida de via lagrimal,70230,92
ANDINA ART S.A.,433,5833,Herida hasta aponeurosis de menos de 20 cm,70231,90
ANDINA ART S.A.,433,5834,Herida penetrante de ojo,70232,92
ANDINA ART S.A.,433,5835,Herida traumatica de higado,70233,93
ANDINA ART S.A.,433,5836,Heridas complejas de labio,70234,91
ANDINA ART S.A.,433,6495,Sutura de herida de cornea con prolapso de iris y o herida de cristalino,70823,92
ANDINA ART S.A.,433,6496,Sutura de herida simple de higado,70824,91
ANDINA ART S.A.,433,6502,Sutura simple de herida (mas de 10 cm); excepto en cabeza y cuello,70830,90
ANDINA ART S.A.,433,6503,Sutura simple de herida (menos de 10 cm); excepto en cabeza y cuello,70831,89
ANDINA ART S.A.,433,6504,Sutura simple de herida (menos de 5 cm) en cabeza y/o cuello,70832,90
ANDINA ART S.A.,433,6553,"Toillete quirurgico de herida, con o sin debridamiento",70864,90
ANDINA ART S.A.,433,5837,Hernia atascada,70235,92
ANDINA ART S.A.,433,5838,Hernia de disco cervical (via anterior),70236,94
ANDINA ART S.A.,433,5839,Hernia de disco cervical un espacio (via posterior),70237,94
ANDINA ART S.A.,433,5840,Hernia de disco dorsal o lumbar,70238,94
ANDINA ART S.A.,433,5841,Hernia de disco dorso-lumbar multiple,70239,95
ANDINA ART S.A.,433,5842,Hernia de hiato a cielo abierto,70240,93
ANDINA ART S.A.,433,5843,Hernia diafragmatica congenita,70241,107
ANDINA ART S.A.,433,5844,Hernia diafragmatica por via abdominal,70242,94
ANDINA ART S.A.,433,5845,Hernia diafragmatica por via toracica,70243,94
ANDINA ART S.A.,433,5846,Hernia diafragmatica por via toraco-abdominal,70244,95
ANDINA ART S.A.,433,5847,Hernia diafragmatica por video-toracoscopia,70245,95
ANDINA ART S.A.,433,5848,Hernia estrangulada,70246,92
ANDINA ART S.A.,433,5849,Hernia estrangulada con reseccion intestinal,70247,93
ANDINA ART S.A.,433,8119,Hernia inguinal bilateral por videolaparoscopia,70251,93
ANDINA ART S.A.,433,5852,Hernia inguinal por videolaparoscopia,70252,92
ANDINA ART S.A.,433,5853,Hernia recidivada,70253,91
ANDINA ART S.A.,433,5854,"Hernia umbilical, inguinal, crural o epigastrica",70254,91
ANDINA ART S.A.,433,6364,Reparacion de hernia muscular,70704,91
ANDINA ART S.A.,433,6653,Varicocele o hidrocele por video-laparoscopia,69510,91
ANDINA ART S.A.,433,5855,Hidrocele,70255,90
ANDINA ART S.A.,433,5856,Himenectomia,70256,90
ANDINA ART S.A.,433,5857,Hipema,70257,91
ANDINA ART S.A.,433,5858,Hiperhidrosis selectiva por video-toracoscopia,70258,95
ANDINA ART S.A.,433,5860,Hipertrofia del piloro por via laparoscopica,70261,94
ANDINA ART S.A.,433,5861,Hipertrofia del piloro-piloromiotomia,70262,93
ANDINA ART S.A.,433,5862,Hipofisectomia transepto-esfenoidal,70263,98
ANDINA ART S.A.,433,5863,Hipospadia / epispadia (cada tiempo),70264,93
ANDINA ART S.A.,433,8109,Hipospadia / epispadia / plastica de pene,71079,93
ANDINA ART S.A.,433,5865,Hipotermia controlada C/ 24 hs o fraccion siguiente,70265,91
ANDINA ART S.A.,433,5866,Histerectomia con o sin anexectomia,70266,93
ANDINA ART S.A.,433,5867,Histerectomia con o sin anexectomia por video-laparoscopia,70267,94
ANDINA ART S.A.,433,5868,Histerectomia con o sin anexectomia por videolaparoscopia,70268,94
ANDINA ART S.A.,433,5869,Histerectomia fundica,70269,91
ANDINA ART S.A.,433,6123,Operacion de Wertheim-Meigs (colpo-anexo-histerectomia total ampliada),70476,95
ANDINA ART S.A.,433,5871,Histeroscopia por video diagnostica,70271,90
ANDINA ART S.A.,433,5872,"Histeroscopia por video terapeutica (miomectomia, polipectomia, etc)",70272,91
ANDINA ART S.A.,433,5873,Huevo muerto y retenido,69467,90
ANDINA ART S.A.,433,5874,Ileostomia,70273,92
ANDINA ART S.A.,433,5098,Ano imperforado con recto alto,69613,93
ANDINA ART S.A.,433,5099,Ano imperforado con recto bajo,69614,92
ANDINA ART S.A.,433,5875,Implantacion de circulacion asistida,70274,93
ANDINA ART S.A.,433,5876,Implante capilar,70275,95
ANDINA ART S.A.,433,5877,Implante coclear,70276,95
ANDINA ART S.A.,433,5880,Implante de celulas B,70277,95
ANDINA ART S.A.,433,5882,Implante de estimulador medular definitivo,70279,98
ANDINA ART S.A.,433,5883,Implante de estimulador medular transitorio,70280,95
ANDINA ART S.A.,433,5885,Implante intraorbitario (melanoma de retina),70282,90
ANDINA ART S.A.,433,5886,Implante mamario,70283,94
ANDINA ART S.A.,433,5888,Implante mamario mas pexia,70284,95
ANDINA ART S.A.,433,5889,Implante secundario de lente intraocular,70285,93
ANDINA ART S.A.,433,6348,Reimplante de miembro inferior,70688,95
ANDINA ART S.A.,433,6349,Reimplante de miembro superior,70689,98
ANDINA ART S.A.,433,6353,Reimplante ureteral bilateral con afinamiento,70693,94
ANDINA ART S.A.,433,6354,Reimplante ureteral bilateral por videolaparoscopia,70694,95
ANDINA ART S.A.,433,6355,Reimplante ureteral unilateral,70695,92
ANDINA ART S.A.,433,6356,Reimplante ureteral unilateral con afinamiento,70696,93
ANDINA ART S.A.,433,6357,Reimplante ureteral unilateral por videolaparoscopia,70697,94
ANDINA ART S.A.,433,6424,Retinopexia con o sin esclerectomia e implante,70760,94
ANDINA ART S.A.,433,8618,Implante gluteo,71205,93
ANDINA ART S.A.,433,5901,Inclusion de semillas radioactivas en perine,70296,92
ANDINA ART S.A.,433,7790,Infiltracion de toxina botulinica en Trigger point (hasta 3),71071,92
ANDINA ART S.A.,433,8537,Infiltracion de toxina botulinica en Trigger point ( mas de 3 ),71127,93
ANDINA ART S.A.,433,7587,Re inflado de balon intragastrico,71049,92
ANDINA ART S.A.,433,6716,Obtencion y/o uso de injerto oseo y/o tendinoso,69520,92
ANDINA ART S.A.,433,5910,Injerto de cornea,70297,94
ANDINA ART S.A.,433,5911,Injerto de esclera,70298,92
ANDINA ART S.A.,433,5912,Injerto de piel,70299,90
ANDINA ART S.A.,433,5913,Injerto libre de ceja,70300,90
ANDINA ART S.A.,433,6097,Neurorrafia con o sin injerto de un solo nervio,70455,92
ANDINA ART S.A.,433,6217,Plastica de uretra con injerto de mucosa yugal o lingual,70566,94
ANDINA ART S.A.,433,6221,Plastica o injerto del tendon de aquiles o rotuliano,70570,92
ANDINA ART S.A.,433,6245,Protesis peneana con o sin injerto,70590,95
ANDINA ART S.A.,433,6369,"Reparacion plastica de la orbita, con o sin injerto de piel",70708,92
ANDINA ART S.A.,433,6408,Reseccion diafisiaria con protesis y/o injerto de sustitucion,70745,93
ANDINA ART S.A.,433,6439,"Rinoplastia compleja con o sin injerto, no estetica",70773,91
ANDINA ART S.A.,433,8117,Neurorrafia con o sin injerto de nervio (cada uno),71087,92
ANDINA ART S.A.,433,5917,Insuficiencia mitral con CIV post-infarto,70304,96
ANDINA ART S.A.,433,5918,Interconsulta anestesiologica,70305,89
ANDINA ART S.A.,433,8104,Interconsulta para tratamiento del dolor,71075,89
ANDINA ART S.A.,433,5919,Intervenciones en nervios opticos,70306,95
ANDINA ART S.A.,433,5920,Intervenciones estereotaxicas (inicio en TAC y que continuan en quirofano),70307,95
ANDINA ART S.A.,433,5921,Intubacion con fibroscopia (bronco-fibroscopio),70308,90
ANDINA ART S.A.,433,5923,Inyeccion de glicerol en el G de Gasser,70310,95
ANDINA ART S.A.,433,5924,Inyeccion de sustancias retro-bulbares,70311,91
ANDINA ART S.A.,433,5925,Inyeccion esclerosante en angioma,70312,90
ANDINA ART S.A.,433,5926,Inyeccion para-vertebral de troncos y ganglios simpaticos,70313,90
ANDINA ART S.A.,433,5927,Inyeccion subconjuntival,70314,90
ANDINA ART S.A.,433,6251,Puncion arterial para inyeccion medicamentosa,70596,89
ANDINA ART S.A.,433,5928,Laberintectomia,70315,93
ANDINA ART S.A.,433,5561,Ectoprion de labio,69994,90
ANDINA ART S.A.,433,5929,Labio leporino bilateral completo,70316,94
ANDINA ART S.A.,433,5930,Labio leporino unilateral completo,70317,93
ANDINA ART S.A.,433,5931,Labio leporino unilateral incompleto,70318,93
ANDINA ART S.A.,433,6272,Queiloplastia (reconstruccion quirurgica del labio),70614,92
ANDINA ART S.A.,433,6373,Reseccion cuneiforme de labio,70712,90
ANDINA ART S.A.,433,6475,Sinequias de labios mayores y/o menores,70806,90
ANDINA ART S.A.,433,5932,Laminectomia descompresiva por cada vertebra,70319,94
ANDINA ART S.A.,433,5935,Laparotomia exploradora,69469,92
ANDINA ART S.A.,433,5933,Laparotomia contenida (lavado de cavidad),70320,91
ANDINA ART S.A.,433,5934,Laparotomia exploradora en paciente critico,70321,94
ANDINA ART S.A.,433,5936,Laparotomia terapeutica en paciente critico,70322,95
ANDINA ART S.A.,433,6040,Nefrectomia por toraco-freno-laparotomia,70411,95
ANDINA ART S.A.,433,5937,Laringo-faringuectomia,70323,95
ANDINA ART S.A.,433,5938,"Laringoplastia, cordopexia, aritenoidopexia",70324,92
ANDINA ART S.A.,433,5943,Laser de vagina,70329,92
ANDINA ART S.A.,433,5944,Laser panfacial,70330,93
ANDINA ART S.A.,433,6241,Prostatectomia por laser,70586,95
ANDINA ART S.A.,433,6412,TUR-P por laser (adenomectomia),70749,94
ANDINA ART S.A.,433,6418,Reseccion tumor bronquial con laser,70754,95
ANDINA ART S.A.,433,8624,Litotricia con laser,71211,94
ANDINA ART S.A.,433,5946,Lavado de cavidad,70331,90
ANDINA ART S.A.,433,5947,Lavado de la cavidad,70332,90
ANDINA ART S.A.,433,6488,Sondaje y lavado de via lagrimal,70816,91
ANDINA ART S.A.,433,5948,Legrado por mola o similar,70333,91
ANDINA ART S.A.,433,5949,Legrado uterino,70334,90
ANDINA ART S.A.,433,7522,Termolesion por Rf. de hombro (N. supraespinoso) bilateral,71254,95
ANDINA ART S.A.,433,5951,Lesion por compresion del G de Gassercon balon de Foggarty,69470,95
ANDINA ART S.A.,433,7508,Termolesion por Rf. del nervio Occipital Mayor unilateral,69521,95
ANDINA ART S.A.,433,7521,Termolesion por Rf. de hombro (N. supraespinoso) unilateral,69522,94
ANDINA ART S.A.,433,7511,Termolesion por Rf. facetaria + Rf. radicular ( 1 o mas niveles),71012,98
ANDINA ART S.A.,433,7512,Termolesion por Rf. de mas de 2 nervios craneales,71013,98
ANDINA ART S.A.,433,7520,Termolesion por Rf. de rodilla (N. geniculados) bilateral,71019,95
ANDINA ART S.A.,433,8556,Termolesion por Rf. de hasta 2 nervios craneales,71146,95
ANDINA ART S.A.,433,5954,Levantamiento de vejiga por via abdominal (tipo Bursch),70337,92
ANDINA ART S.A.,433,6001,Mastopexia unilateral (levantamiento mamario),70377,94
ANDINA ART S.A.,433,5955,Lifting,70338,94
ANDINA ART S.A.,433,5956,Lifting endoscopico,70339,95
ANDINA ART S.A.,433,5957,Ligadura bilateral de trompas (anti-concepcion) a cielo abierto,70340,92
ANDINA ART S.A.,433,5958,Ligadura bilateral de trompas (anti-concepcion) por video-laparoscopia,70341,93
ANDINA ART S.A.,433,5961,Ligadura del paquete esfeno-palatino,70342,92
ANDINA ART S.A.,433,5964,Ligadura unilateral de troncos profundos de los miembros,70344,92
ANDINA ART S.A.,433,6501,Sutura o ligadura de vasos profundos del cuello,70829,93
ANDINA ART S.A.,433,5965,Ligamentopexia abdominal,70345,91
ANDINA ART S.A.,433,5969,Limpieza quirurgica de mano (como unica intervencion),70350,90
ANDINA ART S.A.,433,5971,Linfadenectomia mediastinica,70351,94
ANDINA ART S.A.,433,5972,Linfadenectomia retroperitoneal (tipo lumboaortica o similares),70352,93
ANDINA ART S.A.,433,5973,Linfadenectomia retroperitoneal por video,70353,94
ANDINA ART S.A.,433,5974,Linfadenectomia retroperitoneal por videolaparoscopia,70354,94
ANDINA ART S.A.,433,6242,Prostatectomia radical + linfadenectomia,70587,94
ANDINA ART S.A.,433,8622,"Linfadenectomia cervical, axilar o inguinal, unilateral",71209,92
ANDINA ART S.A.,433,5977,"Lipoma, reseccion con el paciente en decubito dorsal o lateral",70357,90
ANDINA ART S.A.,433,5978,"Lipoma, reseccion con el paciente en decubito ventral",70358,91
ANDINA ART S.A.,433,5982,Litotricia endoluminal,69471,92
ANDINA ART S.A.,433,5984,Litotricia extracorporea,70361,91
ANDINA ART S.A.,433,5985,Litotricia por onda de choque extracorporea (litotricia extracorporea),70362,91
ANDINA ART S.A.,433,5986,Litotricia ureteral por via endoscopica (incluye litotricia endoluminal),70363,92
ANDINA ART S.A.,433,5987,Lobectomia,70364,98
ANDINA ART S.A.,433,5988,Lobectomia o segmentectomia a cielo abierto,70365,95
ANDINA ART S.A.,433,6457,Segmentectomia / lobectomia por video-toracoscopia,70788,95
ANDINA ART S.A.,433,5989,Lobulo hendido de oreja,70366,90
ANDINA ART S.A.,433,6168,Otoplastia de lobulo hendido,70517,90
ANDINA ART S.A.,433,6185,Parotidectomia de lobulo superficial,70534,92
ANDINA ART S.A.,433,5990,Luxacion recidivante de hombro por via convencional,70367,92
ANDINA ART S.A.,433,8116,Reduccion incruenta de luxaciones,71086,90
ANDINA ART S.A.,433,8120,Reduccion cruenta de luxacion de columna,71089,93
ANDINA ART S.A.,433,5992,Mama supernumeraria unilateral,70369,92
ANDINA ART S.A.,433,6100,Nodulectomia de mama unilateral,70458,91
ANDINA ART S.A.,433,6264,Puncion de mama unilateral,70606,89
ANDINA ART S.A.,433,6278,Quiste de mama unilateral,70621,90
ANDINA ART S.A.,433,6312,Reconstruccion mamaria con dorsal ancho,70654,98
ANDINA ART S.A.,433,8623,"Lipotransferencia (hasta 2 zonas, excepto mama)",71210,94
ANDINA ART S.A.,433,8640,Reconstruccion mamaria con lipotransferencia,71224,95
ANDINA ART S.A.,433,8650,"Lipotransferencia (mas de 2 zonas, excepto mama)",71234,95
ANDINA ART S.A.,433,5995,Mastectomia radical con vaciamiento ganglionar,70371,95
ANDINA ART S.A.,433,7598,Mastectomia ( mas ganglio centinela),71059,93
ANDINA ART S.A.,433,7599,Mastectomia ( mas vaciamiento axilar ),71060,94
ANDINA ART S.A.,433,5998,Mastoidectomia simple o radical (operacion radical de oido),70374,92
ANDINA ART S.A.,433,6002,Mastotomia unilateral,70378,90
ANDINA ART S.A.,433,6003,Maxilar inferior: prognatismo / retrognatismo,70379,93
ANDINA ART S.A.,433,6004,Maxilar superior: prognasia / retrognasia,70380,94
ANDINA ART S.A.,433,6111,Operacion comando de glandula submaxilar,70465,95
ANDINA ART S.A.,433,6279,Quiste de maxilar (pieza dental incluida),70622,91
ANDINA ART S.A.,433,6393,Reseccion de maxilar inferior con vaciamiento (comando),70731,98
ANDINA ART S.A.,433,6481,Sinusotomia maxilar radical,70812,92
ANDINA ART S.A.,433,6482,Sinusotomia maxilar simple,70813,92
ANDINA ART S.A.,433,6005,Maxilectomia radical por via endoscopica,70381,93
ANDINA ART S.A.,433,6007,Maxilectomia simple por via endoscopica,70383,92
ANDINA ART S.A.,433,6009,Meatotomia,70385,89
ANDINA ART S.A.,433,6010,Mediastinitis,70386,95
ANDINA ART S.A.,433,6011,Mediastinoscopia,70388,92
ANDINA ART S.A.,433,6014,Megacolon congenito,70389,93
ANDINA ART S.A.,433,6605,Tratamiento quirurgico del megacolon,70910,94
ANDINA ART S.A.,433,6016,Meningocele,70391,94
ANDINA ART S.A.,433,6027,Mielomeningocele,70399,94
ANDINA ART S.A.,433,6019,Metatarsalgia / ratas articulares,70392,90
ANDINA ART S.A.,433,6025,"Microtia, reconstruccion en varios tiempos",70397,90
ANDINA ART S.A.,433,6026,Mielografia,70398,90
ANDINA ART S.A.,433,6028,Miomectomia / histerorrafia,70400,92
ANDINA ART S.A.,433,6029,Miomectomia por videolaparoscopia,70401,93
ANDINA ART S.A.,433,6030,Miomectomia vaginal (mioma nascens),70402,90
ANDINA ART S.A.,433,6031,Miringoplastia,70403,91
ANDINA ART S.A.,433,6034,Movilizacion (quiropraxia ),70405,89
ANDINA ART S.A.,433,6035,Movilizacion del estribo,70406,90
ANDINA ART S.A.,433,7580,Mucosectomia,71042,93
ANDINA ART S.A.,433,6037,Nariz leporina compleja,70408,91
ANDINA ART S.A.,433,6438,Rinofina (rosacea fimatosa de nariz),70772,91
ANDINA ART S.A.,433,6038,Nefrectomia parcial,70409,94
ANDINA ART S.A.,433,6039,Nefrectomia parcial o total por video-laparoscopia,70410,95
ANDINA ART S.A.,433,6041,Nefrectomia radical + vaciamiento ganglionar,70412,95
ANDINA ART S.A.,433,6042,Nefrectomia total,70413,94
ANDINA ART S.A.,433,6043,Nefrectomia total o parcial por videolaparoscopia,70414,95
ANDINA ART S.A.,433,6045,Nefrolitotomia,70416,93
ANDINA ART S.A.,433,6046,Nefrolitotomia percutanea,70417,94
ANDINA ART S.A.,433,6047,Nefropexia,70418,92
ANDINA ART S.A.,433,6048,Nefrostomia percutanea,70419,92
ANDINA ART S.A.,433,6051,Neumonectomia a cielo abierto,70422,95
ANDINA ART S.A.,433,6052,Neumonectomia por video-toracoscopia,70423,98
ANDINA ART S.A.,433,6060,Neurolisis por Rf. de nervios facetarios (dos niveles),69478,94
ANDINA ART S.A.,433,6064,Neurolisis por Rf. de la articulacion sacro-iliaca unilateral,69479,95
ANDINA ART S.A.,433,6056,Neurolisis del nervio glosofaringeo con Rf,70425,95
ANDINA ART S.A.,433,6057,Neurolisis- modulacion ganglio estrellado por Rf.,70426,95
ANDINA ART S.A.,433,6058,Neurolisis- modulacion de nervio periferico con Rf.,70427,94
ANDINA ART S.A.,433,6059,Neurolisis con Rf nervios esplacnicos,70428,95
ANDINA ART S.A.,433,6061,Neurolisis por Rf. de nervios facetarios (mas de 2 niveles),70430,94
ANDINA ART S.A.,433,6062,Neurolisis con Rf del plexo celiaco,70431,95
ANDINA ART S.A.,433,6065,Neurolisis de nervios perifericos,70432,90
ANDINA ART S.A.,433,6066,Neurolisis extracraneal,70433,90
ANDINA ART S.A.,433,6067,Neurolisis del ganglio esfeno-palatino con Rf.,70434,95
ANDINA ART S.A.,433,6069,Neurolisis de nervio periferico sin RX,70435,92
ANDINA ART S.A.,433,6070,Neurolisis por Rf. del ganglio de Walter,70436,95
ANDINA ART S.A.,433,6074,Neurolisis por Rf. simpatico lumbar unilateral,70437,95
ANDINA ART S.A.,433,6075,Neurolisis quimica,70438,90
ANDINA ART S.A.,433,6076,Neurolisis quimica del ganglio de Walter,70439,95
ANDINA ART S.A.,433,6077,Neurolisis por Rf del plexo hipogastrico superior,70440,95
ANDINA ART S.A.,433,6078,Neurolisis quimica del simpatico dorsal,70442,95
ANDINA ART S.A.,433,6080,Neurolisis quimica del simpatico lumbar unilateral,70443,95
ANDINA ART S.A.,433,6081,Neurolisis quimica del ganglio estrellado,70444,95
ANDINA ART S.A.,433,6082,Neurolisis quimica nervios esplacnicos,70445,94
ANDINA ART S.A.,433,6083,Neurolisis quimica del plexo celiaco,70447,94
ANDINA ART S.A.,433,6085,Neurolisis transoval del trgemino,70448,91
ANDINA ART S.A.,433,6086,Neurolisis del trigemino con Rf,70449,98
ANDINA ART S.A.,433,6087,Neurolisis- modulacion del trigemino por Rf.,70450,98
ANDINA ART S.A.,433,6088,Neurolisis- modulacion ganglio esfeno-palatino por Rf.,70451,95
ANDINA ART S.A.,433,6089,Neurolisis- modulacion nervio glosofaringeo por Rf.,70452,95
ANDINA ART S.A.,433,7515,Neurolisis por Rf. del simpatico dorsal,71016,98
ANDINA ART S.A.,433,8540,Neurolisis de nervio periferico bajo radioscopia,71130,93
ANDINA ART S.A.,433,8541,Neurolisis quimica del plexo hipogastrico superior,71131,94
ANDINA ART S.A.,433,8566,Neurolisis con rf de nervios perifericos,71154,95
ANDINA ART S.A.,433,6093,Neuromodulacion con Rf. pulsada ganglio raiz dorsal ( 1 nivel),70453,95
ANDINA ART S.A.,433,6096,Neuromodulacion sistemica con anestesicos locales en dolor neuropatico,70454,91
ANDINA ART S.A.,433,6098,Neurotomia del nervio optico,70456,90
ANDINA ART S.A.,433,6099,Neurotomia trigeminal / vestibular / glosofaringeo,70457,95
ANDINA ART S.A.,433,6104,Oclusion con reseccion de intestino,70459,93
ANDINA ART S.A.,433,6105,Omentectomia total o parcial,69480,93
ANDINA ART S.A.,433,8633,Omentectomia total o parcial por videolaparoscopia,71217,94
ANDINA ART S.A.,433,6106,Onfalitis,70460,91
ANDINA ART S.A.,433,6107,Ooforectomia simple unilateral,70461,91
ANDINA ART S.A.,433,6108,Ooforo-salpinguectomia unilateral,70462,91
ANDINA ART S.A.,433,6226,Plicatura intestinal (operacion de Noble),69487,93
ANDINA ART S.A.,433,6109,Operacion comando de encias o trigono-retromolar,70463,93
ANDINA ART S.A.,433,6110,Operacion comando de faringe con vaciamiento,70464,95
ANDINA ART S.A.,433,6113,Operacion comando de paladar blando,70467,95
ANDINA ART S.A.,433,6114,Operacion comando de piso de boca,70468,95
ANDINA ART S.A.,433,6115,Operacion correctora de glaucoma,70469,92
ANDINA ART S.A.,433,6117,Operacion de Dixon (para tumores del 1/3 superior del recto),70470,94
ANDINA ART S.A.,433,6118,Operacion de Dixon laparoscopica (para tumores del 1/3 superior del recto),70471,95
ANDINA ART S.A.,433,6119,Operacion de Frikolm (hasta 2 discos),70472,94
ANDINA ART S.A.,433,6120,Operacion de Lefort o similares para prolapso vaginal,70473,91
ANDINA ART S.A.,433,6125,Operacion de Wertheim-Meigs por video-laparoscopia,70478,98
ANDINA ART S.A.,433,6708,Operacion comando de parotida,70998,95
ANDINA ART S.A.,433,6406,"Reseccion de tumor, intraorbitario mediante orbitotomia",70743,91
ANDINA ART S.A.,433,6131,Orquidectomia,70486,91
ANDINA ART S.A.,433,6132,Orquidopexia,70487,91
ANDINA ART S.A.,433,6133,Orzuelo,70488,90
ANDINA ART S.A.,433,6134,Osteoclasia,70489,90
ANDINA ART S.A.,433,6144,Osteosintesis de esternon,69482,92
ANDINA ART S.A.,433,5398,Osteosintesis de perone,69860,92
ANDINA ART S.A.,433,6138,Osteosintesis clavicular,70492,92
ANDINA ART S.A.,433,6139,Osteosintesis de calcaneo,70493,92
ANDINA ART S.A.,433,6141,Osteosintesis de cubito o radio,70495,92
ANDINA ART S.A.,433,6142,Osteosintesis de cubito y radio (por diferentes vias),70496,93
ANDINA ART S.A.,433,6143,Osteosintesis de escafoide,70497,93
ANDINA ART S.A.,433,6145,Osteosintesis de falange o metacarpiano (hasta 3 huesos),70498,91
ANDINA ART S.A.,433,6146,"Osteosintesis de femur (tipo Kuncher, clavo gamma o similares)",70499,93
ANDINA ART S.A.,433,6149,Osteosintesis de hasta 2 huesos del carpo,70502,92
ANDINA ART S.A.,433,6151,Osteosintesis de humero,70504,92
ANDINA ART S.A.,433,6154,Osteosintesis de mas de 2 huesos del carpo,70505,93
ANDINA ART S.A.,433,6156,Osteosintesis de rotula,70506,92
ANDINA ART S.A.,433,6157,Osteosintesis de tarso o metatarso hasta 2 huesos,70507,92
ANDINA ART S.A.,433,6158,Osteosintesis de tibia,70508,92
ANDINA ART S.A.,433,6159,Osteosintesis de tobillo,70509,93
ANDINA ART S.A.,433,6160,Osteosintesis del malar,70510,93
ANDINA ART S.A.,433,6161,Osteosintesis tarso o metatarso mas de 2 huesos,70511,93
ANDINA ART S.A.,433,8634,Osteosintesis de costillas hasta 3,71218,93
ANDINA ART S.A.,433,8635,Osteosintesis de costillas mas de 3,71219,94
ANDINA ART S.A.,433,6162,Osteotomia correctora de pie,70512,91
ANDINA ART S.A.,433,6163,Osteotomia correctora de tibia o perone,70513,92
ANDINA ART S.A.,433,6166,Osteotomia de femur,70515,93
ANDINA ART S.A.,433,6167,Osteotomia simple,70516,90
ANDINA ART S.A.,433,6170,Paciente oncologico- atencion clinica por mes o fraccion mayor a 14 dias,69485,95
ANDINA ART S.A.,433,6169,Paciente oncologico- atencion clinica por 2 a 14 dias,70518,93
ANDINA ART S.A.,433,6719,Trombectomia pulmonar mecanica en TEPA paciente critico,71005,96
ANDINA ART S.A.,433,6171,Palatoplastia,70519,91
ANDINA ART S.A.,433,6273,Queiloplastia con palatoplastia,70615,93
ANDINA ART S.A.,433,6172,Palatorrafia,70521,91
ANDINA ART S.A.,433,6176,Pancreatectomia por Videolaparoscopia,70525,95
ANDINA ART S.A.,433,6177,Papilotomia del conducto de Warthon y/o Stenon,70526,90
ANDINA ART S.A.,433,6179,Paratiroidectomia,70529,93
ANDINA ART S.A.,433,6180,Paratiroidectomia por via endoscopica,70530,94
ANDINA ART S.A.,433,6181,Paratiroidectomia total con vaciamiento ganglionar,70531,94
ANDINA ART S.A.,433,6182,Paratiroidectomia total con vaciamiento ganglionar por via endoscopica,70532,95
ANDINA ART S.A.,433,5020,"Parche hematico (o similar) blood parch"" en cefalea post-puncion",69402,92
ANDINA ART S.A.,433,6184,Parche hematico,70533,90
ANDINA ART S.A.,433,6186,Parotidectomia total,70535,93
ANDINA ART S.A.,433,5235,By-pass de vasos perifericos unilateral,69711,94
ANDINA ART S.A.,433,5236,By-pass temporo-silviano,69712,96
ANDINA ART S.A.,433,6188,Pectus excavatum / pectus carinatum,70537,94
ANDINA ART S.A.,433,6189,Pectus excavatum / pectus carinatum por video-toracoscopia,70538,95
ANDINA ART S.A.,433,6191,Pericardiectomia amplia (pericarditis constrictiva),70540,95
ANDINA ART S.A.,433,6193,Pericardiocentesis,70542,92
ANDINA ART S.A.,433,6194,Pericardiotomia,70543,93
ANDINA ART S.A.,433,6195,Peridural por distocia,70544,92
ANDINA ART S.A.,433,6196,Perineorrafia,70545,90
ANDINA ART S.A.,433,6198,Peritoneocentesis,70547,90
ANDINA ART S.A.,433,6199,Peritonitis generalizada,70548,93
ANDINA ART S.A.,433,6203,Pielografia ascendente por ureteroscopia,70552,90
ANDINA ART S.A.,433,6204,Pielolitotomia,70553,92
ANDINA ART S.A.,433,6205,Pielolitotomia por videolaparoscopia,70554,93
ANDINA ART S.A.,433,6206,Pieloplastia,70555,92
ANDINA ART S.A.,433,6207,Pieloplastia por lumbotomia,70556,93
ANDINA ART S.A.,433,6208,Pielotomia por videolaparoscopia,70557,93
ANDINA ART S.A.,433,6201,Pie plano unilateral,70550,94
ANDINA ART S.A.,433,6288,Reconstruccion - plastica de vulva,69492,93
ANDINA ART S.A.,433,6209,Plastica anal / anoplastia,70558,91
ANDINA ART S.A.,433,6210,Plastica de canal estrecho de columna con disectomia hasta 2 espacios,70559,98
ANDINA ART S.A.,433,6211,Plastica de canal estrecho de columna mas de 2 espacios,70560,98
ANDINA ART S.A.,433,6212,Plastica de colostomia,70561,92
ANDINA ART S.A.,433,6213,Plastica de la union uretero-pielica,70562,92
ANDINA ART S.A.,433,6214,Plastica de ligamentos de rodilla no cruzados,70563,93
ANDINA ART S.A.,433,6215,Plastica de manguito rotador no artroscopica,70564,93
ANDINA ART S.A.,433,6216,Plastica de uretra / uretroplastia,70565,92
ANDINA ART S.A.,433,6218,Plastica de via lagrimal,70567,93
ANDINA ART S.A.,433,6219,Plastica del cuadriceps,70568,91
ANDINA ART S.A.,433,6220,Plastica del pabellon auricular,70569,92
ANDINA ART S.A.,433,6222,Plastica pielo-ureteral por videolaparoscopia,70571,94
ANDINA ART S.A.,433,6223,Plastica ureteral,70572,92
ANDINA ART S.A.,433,6224,Plastica ureteral o de la union pielo-pielica por videolaparoscopia,70573,94
ANDINA ART S.A.,433,6336,Reemplazo de una valvula cardiaca y plastica de otra,70677,98
ANDINA ART S.A.,433,6405,"Reseccion de tumor maligno externo, con reconstruccion plastica",70742,92
ANDINA ART S.A.,433,6712,Plastica de codo,71001,93
ANDINA ART S.A.,433,6715,Plastica de manguito rotador por artroscopia,71003,94
ANDINA ART S.A.,433,7539,Plastica o comisurotomias valvulares Ao o pulmonares en el recien nacido.,71035,98
ANDINA ART S.A.,433,7595,Pleurectomia parcial por video-toracoscopia,71056,94
ANDINA ART S.A.,433,6225,Pleurodesis quimica por video-toracoscopia,70574,95
ANDINA ART S.A.,433,6227,Polidactilia,70575,91
ANDINA ART S.A.,433,6229,Polipo de cuello uterino,70577,89
ANDINA ART S.A.,433,6231,Potenciales evocados somatosensoriales,70578,91
ANDINA ART S.A.,433,6582,Trasplante oseo en procedimientos primarios,70890,94
ANDINA ART S.A.,433,6593,Tratamiento de las secuelas por paralisis (por cada procedimiento),70901,91
ANDINA ART S.A.,433,6235,Proctectomia con prostatectomia,70580,93
ANDINA ART S.A.,433,6236,Proctorrafia,70581,90
ANDINA ART S.A.,433,6237,Prolapso rectal,70582,91
ANDINA ART S.A.,433,8637,Prolapso tricompartimental,71221,95
ANDINA ART S.A.,433,6238,Prostatectomia o adenectomia con o sin vasectomia por videolaparoscopia,70583,94
ANDINA ART S.A.,433,6239,"Prostatectomia o adenectomia por via abdominal, con o sin vasectomia",70584,93
ANDINA ART S.A.,433,6240,Prostatectomia o adenomectomia por videolaparoscopia,70585,94
ANDINA ART S.A.,433,6243,Prostatectomia radical por videolaparoscopia,70588,95
ANDINA ART S.A.,433,6246,Protesis testicular unilateral,70591,93
ANDINA ART S.A.,433,6274,Querato-protesis,70617,94
ANDINA ART S.A.,433,6434,Revision de protesis total de rodilla,70768,95
ANDINA ART S.A.,433,6580,Trasplante oseo combinado con protesis,70888,95
ANDINA ART S.A.,433,8597,Debranching con protesis,71184,98
ANDINA ART S.A.,433,6247,Ptosis de parpado,70592,92
ANDINA ART S.A.,433,6248,Ptosis palpebral,70593,92
ANDINA ART S.A.,433,6261,Puncion de derrame escrotal,70603,89
ANDINA ART S.A.,433,6262,Puncion de ganglio linfatico,70604,89
ANDINA ART S.A.,433,6263,Puncion de la cavidad pleural para lavaje,70605,91
ANDINA ART S.A.,433,6265,Puncion del antro mastoideo,70607,90
ANDINA ART S.A.,433,6267,Puncion del seno esfenoidal,70609,91
ANDINA ART S.A.,433,6268,Puncion pleural,70610,89
ANDINA ART S.A.,433,6269,Puncion raquidea diagnostica,70611,90
ANDINA ART S.A.,433,6270,Puncion trans-fontanoidal,70612,90
ANDINA ART S.A.,433,6271,Puncion ventricular por trepanacion,70613,92
ANDINA ART S.A.,433,8653,Puncion guiada por TAC en quirofano,71237,91
ANDINA ART S.A.,433,6275,Queratocentesis,70618,90
ANDINA ART S.A.,433,6287,Quiste sacrococcigeo (tipo quiste pilonidal),69491,91
ANDINA ART S.A.,433,6276,Quiste artro-sinovial,70619,90
ANDINA ART S.A.,433,6277,Quiste de cordon,70620,90
ANDINA ART S.A.,433,6280,Quiste de ovario,70623,92
ANDINA ART S.A.,433,6281,Quiste de pancreas,70624,92
ANDINA ART S.A.,433,6282,Quiste de tumor de cuello,70625,92
ANDINA ART S.A.,433,6283,Quiste hidatidico de bazo,70626,92
ANDINA ART S.A.,433,6284,Quiste hidatidico de higado,70627,93
ANDINA ART S.A.,433,6285,Quiste o tumor de mesenterio,70628,92
ANDINA ART S.A.,433,6286,Quiste o tumor del hueco popliteo,70629,92
ANDINA ART S.A.,433,6399,Reseccion de quiste oseo,70736,90
ANDINA ART S.A.,433,6293,Radioterapia de intensidad modulada (IMRT),70636,91
ANDINA ART S.A.,433,6294,Radioterapia intraoperatoria,70637,95
ANDINA ART S.A.,433,6472,Simulacion de tratamiento para radioterapia,70803,90
ANDINA ART S.A.,433,6296,Reanimacion fuera del acto anestesiologico,70639,92
ANDINA ART S.A.,433,6299,Recarga de bomba elastomerica,70641,91
ANDINA ART S.A.,433,6300,Reconstruccion de areola y/o pezon,70642,91
ANDINA ART S.A.,433,6301,Reconstruccion de cavidad orbitaria,70643,93
ANDINA ART S.A.,433,6302,Reconstruccion de conducto auditivo externo,70644,92
ANDINA ART S.A.,433,6303,Reconstruccion de la pared abdominal,70645,93
ANDINA ART S.A.,433,6304,Reconstruccion de las vias biliares,70646,95
ANDINA ART S.A.,433,6305,Reconstruccion de ombligo,70647,90
ANDINA ART S.A.,433,6307,Reconstruccion de pene y/o escroto,70649,92
ANDINA ART S.A.,433,6308,Reconstruccion de pene y/o testiculo,70650,93
ANDINA ART S.A.,433,6313,Reconstruccion nasal parcial,70655,91
ANDINA ART S.A.,433,6314,Reconstruccion parcial de orbita o malar,70656,92
ANDINA ART S.A.,433,6316,Reconstruccion total de orbita,70658,93
ANDINA ART S.A.,433,6319,Reconstruccion total de parpado,70661,93
ANDINA ART S.A.,433,6320,Recto-sigmoidoscopia,70662,90
ANDINA ART S.A.,433,6321,Rectoscopia,70663,89
ANDINA ART S.A.,433,6414,Reseccion parcial osea infecciosa o tumoral de columna (corporectomia),70751,94
ANDINA ART S.A.,433,6425,Retinopexia y esclerectomia,70761,93
ANDINA ART S.A.,433,6455,Secuestrectomia,70786,93
ANDINA ART S.A.,433,6610,Trombo-endarterectomia de vasos perifericos,70915,94
ANDINA ART S.A.,433,6637,Tumorectomia,70942,91
ANDINA ART S.A.,433,6644,Ureterectomia,70948,91
ANDINA ART S.A.,433,6695,Vitrectomia,70988,94
ANDINA ART S.A.,433,6702,Reseccion de tumor de recto,70993,93
ANDINA ART S.A.,433,8641,Reseccion anterior baja de recto por videolaparoscopia,71225,95
ANDINA ART S.A.,433,6328,Reduccion incruenta cervical o dorsal,70670,92
ANDINA ART S.A.,433,8547,Reduccion incruenta con osteosintes percutanea - osteodesis,71137,91
ANDINA ART S.A.,433,8590,Citorreduccion oncologica,71177,99
ANDINA ART S.A.,433,6334,Reemplazo bi-valvular,70675,96
ANDINA ART S.A.,433,6339,Reemplazo total de femur,70679,95
ANDINA ART S.A.,433,6340,Reemplazo total de hombro,70680,95
ANDINA ART S.A.,433,6341,Reemplazo total de rodilla,70681,95
ANDINA ART S.A.,433,6342,Reemplazo valvular,70682,98
ANDINA ART S.A.,433,7535,Reemplazo valvular en hemodinamia ( TAVI),71032,96
ANDINA ART S.A.,433,6360,Remodelacion de la boveda craneana (turricefalia / plagiocefalia),70700,95
ANDINA ART S.A.,433,6361,"Remodelacion de la boveda craneana (turricefalia, plagioce falia)",70701,95
ANDINA ART S.A.,433,6365,Reparacion de senos craneales,70705,94
ANDINA ART S.A.,433,6367,Reparacion ligamentaria de rodilla (ligamento laterales y/o cruzados) por video-artroscopia,70706,94
ANDINA ART S.A.,433,6368,"Reparacion ligamentaria de tobillo (ligamentos laterales, etc)",70707,93
ANDINA ART S.A.,433,6417,Reseccion transuretral monopolar de prostata (TUR-P),69496,93
ANDINA ART S.A.,433,6000,Reseccion de tabique vaginal por videolaparoscopia,70376,92
ANDINA ART S.A.,433,6371,Reseccion pleuro-parietal,70710,93
ANDINA ART S.A.,433,6372,Reseccion costal,70711,90
ANDINA ART S.A.,433,6374,Reseccion cuneiforme de ovario,70713,91
ANDINA ART S.A.,433,6375,Reseccion de cabeza de radio o cubito,70714,91
ANDINA ART S.A.,433,6380,Reseccion de cuello de vejiga,70719,91
ANDINA ART S.A.,433,6381,Reseccion de epiplon,70720,91
ANDINA ART S.A.,433,6385,Reseccion de espolon calcaneo,70724,91
ANDINA ART S.A.,433,6386,Reseccion de exostosis,70725,90
ANDINA ART S.A.,433,6389,Reseccion de hasta 3 falanges,70727,90
ANDINA ART S.A.,433,6390,Reseccion de intestino delgado,70728,93
ANDINA ART S.A.,433,6392,Reseccion de mas de 3 falanges,70730,91
ANDINA ART S.A.,433,6394,Reseccion de osteoma del CAE,70732,92
ANDINA ART S.A.,433,6395,Reseccion de plexo hipogastrico,70733,92
ANDINA ART S.A.,433,6397,Reseccion de plexo hipogastrico por videolaparoscopia,70734,93
ANDINA ART S.A.,433,6398,Reseccion de queloide,70735,91
ANDINA ART S.A.,433,6401,Reseccion de tabique vaginal,70738,91
ANDINA ART S.A.,433,6402,Reseccion de tumor de mas de 5 cm,70739,91
ANDINA ART S.A.,433,6403,Reseccion de tumor de menos de 5 cm,70740,90
ANDINA ART S.A.,433,6407,Reseccion del plexo hipogastrico,70744,92
ANDINA ART S.A.,433,6411,Reseccion parcial de hueso infeccioso o tumoral,70748,92
ANDINA ART S.A.,433,6413,Reseccion parcial de pelvis infecciosa o tumoral,70750,92
ANDINA ART S.A.,433,6415,Reseccion submucosa del cornete inferior,70752,91
ANDINA ART S.A.,433,6416,Reseccion total de paladar,70753,94
ANDINA ART S.A.,433,6419,Reseccion tumoral de nervio periferico,70755,91
ANDINA ART S.A.,433,8549,Reseccion transmural endoscopica con sistema OVESCO o similares,71139,93
ANDINA ART S.A.,433,8550,Reseccion multivisceral sin quimioterapia intraabdominal,71140,106
ANDINA ART S.A.,433,8551,Reseccion transuretral de prostata (TUR-P) bipolar,71141,94
ANDINA ART S.A.,433,6422,Retinografia,70758,90
ANDINA ART S.A.,433,6426,Retiro de cables endocavitarios,70762,93
ANDINA ART S.A.,433,6427,Retoque de muñon,69498,91
ANDINA ART S.A.,433,6428,Retromentonismo no estetico,70763,91
ANDINA ART S.A.,433,8539,Internacion. Primera o revision.,71129,90
ANDINA ART S.A.,433,6437,Rinoseptumplastia,70771,94
ANDINA ART S.A.,433,6440,"Rinoplastia simple, no estetica",70774,90
ANDINA ART S.A.,433,6514,Taponamiento intra-uterino,70839,90
ANDINA ART S.A.,433,6606,Tratamiento quirurgico del neurinoma del acustico por via optica,70911,95
ANDINA ART S.A.,433,6442,Rizotomia del ligamento dentado,70775,93
ANDINA ART S.A.,433,6443,Rizotomia dorsal selectiva,70776,94
ANDINA ART S.A.,433,7513,Rizotomia estereotaxica por crioterapia del G. de Gasser,71014,98
ANDINA ART S.A.,433,6445,Safenectomia externa unilateral,70777,92
ANDINA ART S.A.,433,6446,Safenectomia interna unilateral,70778,92
ANDINA ART S.A.,433,6449,Salpingolisis / salpingoplastia unilateral,70781,92
ANDINA ART S.A.,433,6450,Salpingolisis / salpingoplastia unilateral por videolaparoscopia,70782,93
ANDINA ART S.A.,433,8565,Salpinguectomia para anticoncepcion bilateral,71153,93
ANDINA ART S.A.,433,6452,Seccion de aductores con o sin tenotomia,70783,92
ANDINA ART S.A.,433,6453,Seccion de frenillo lingual,70784,90
ANDINA ART S.A.,433,6454,Secuelas de paralisis facial en todas sus formas,70785,92
ANDINA ART S.A.,433,6456,Segmentectomia hepatica,70787,95
ANDINA ART S.A.,433,6459,Septumplastia video-endoscopica,70790,93
ANDINA ART S.A.,433,6461,Shunt porto-sistemico transyugular intra-hepatico (TIPS),70792,95
ANDINA ART S.A.,433,6462,Sialografia,70793,89
ANDINA ART S.A.,433,6463,Sigmoidectomia,70794,94
ANDINA ART S.A.,433,6464,Sigmoidectomia por videolaparoscopia,70795,95
ANDINA ART S.A.,433,6465,Simpatectomia abdominal o lumbar,70796,91
ANDINA ART S.A.,433,6466,Simpatectomia cervical,70797,92
ANDINA ART S.A.,433,6467,Simpatectomia lumbar,70798,91
ANDINA ART S.A.,433,6468,Simpatectomia lumbar o toracica (hiper-hidrosis),70799,93
ANDINA ART S.A.,433,6470,Simpatectomia periarterial,70801,91
ANDINA ART S.A.,433,6471,Simpatectomia toracica,70802,93
ANDINA ART S.A.,433,6473,Sindactilia,70804,91
ANDINA ART S.A.,433,6474,Sindrome apico-transverso,70805,95
ANDINA ART S.A.,433,6476,Sinovectomia,70807,91
ANDINA ART S.A.,433,6485,Sinusotomia por via endoscopica,69500,93
ANDINA ART S.A.,433,6478,Sinusotomia esfenoidal,70809,92
ANDINA ART S.A.,433,6479,Sinusotomia frontal externa (trepanacion del seno frontal),70810,91
ANDINA ART S.A.,433,6480,Sinusotomia frontal radical por via externa,70811,92
ANDINA ART S.A.,433,6484,Sinusotomias combinadas por via endoscopica,70815,94
ANDINA ART S.A.,433,8101,Spect cerebral en niños,69536,91
ANDINA ART S.A.,433,6489,Spect cerebral,70817,91
ANDINA ART S.A.,433,6490,Suprarrenalectomia laparoscopica unilateral,70818,95
ANDINA ART S.A.,433,6491,Sutura de conjuntiva,70819,90
ANDINA ART S.A.,433,6492,Sutura de cornea,70820,91
ANDINA ART S.A.,433,6493,Sutura de encia,70821,90
ANDINA ART S.A.,433,6494,Sutura de faringe,70822,92
ANDINA ART S.A.,433,6497,Sutura de lengua,70825,90
ANDINA ART S.A.,433,6498,Sutura de vasos perifericos,70826,92
ANDINA ART S.A.,433,6499,Sutura del pabellon auricular,70827,90
ANDINA ART S.A.,433,6500,Sutura del paladar,70828,90
ANDINA ART S.A.,433,6513,Taponaje anterior y/o posterior,70838,89
ANDINA ART S.A.,433,6515,Tarsorrafia,70840,90
ANDINA ART S.A.,433,6516,Telecanto,70842,92
ANDINA ART S.A.,433,6517,Tenolisis (hasta 3 tendones),70843,91
ANDINA ART S.A.,433,6518,Tenolisis o tenorrafia (4 o mas tendones),70844,92
ANDINA ART S.A.,433,6519,Tenoplastia multiple (mas de 3 tendones),70845,93
ANDINA ART S.A.,433,6520,Tenoplastia simple (hasta 3 tendones),70846,92
ANDINA ART S.A.,433,6521,Tenorrafia (hasta 3 tendones),70847,91
ANDINA ART S.A.,433,6522,Tenorrafia del tendon de aquiles o rotuliano,70848,92
ANDINA ART S.A.,433,6523,Tenotomia multiple,70849,91
ANDINA ART S.A.,433,6524,Tenotomia simple,70850,90
ANDINA ART S.A.,433,6511,TENS. (maximo 6 sesiones al mes),69502,91
ANDINA ART S.A.,433,6554,Toma de tension ocular,70865,90
ANDINA ART S.A.,433,8545,Quimioterapia intratecal,71135,94
ANDINA ART S.A.,433,6539,"Test de Opioide, Baclofen intratecal",69504,92
ANDINA ART S.A.,433,6540,Test de duccion forzada y fuerza generada,70852,90
ANDINA ART S.A.,433,6630,Tumor de testiculo,70934,91
ANDINA ART S.A.,433,6541,Timectomia por miastenia gravis,70853,94
ANDINA ART S.A.,433,6543,Timpanoplastia,70854,93
ANDINA ART S.A.,433,6544,Tiroidectomia por via endoscopica,70855,94
ANDINA ART S.A.,433,6545,Tiroidectomia total,70856,93
ANDINA ART S.A.,433,6546,Tiroidectomia total con vaciamiento cervical,70857,94
ANDINA ART S.A.,433,6547,Tiroidectomia total con vaciamiento cervical por via endoscopica,70858,95
ANDINA ART S.A.,433,6548,Toilette quirurgico con debridamiento,70859,90
ANDINA ART S.A.,433,6549,Toilette quirurgico de columna,70860,92
ANDINA ART S.A.,433,8646,Toilette de esternon,71230,93
ANDINA ART S.A.,433,6551,Toillete quirurgica,70862,89
ANDINA ART S.A.,433,6555,Tomografia computada de ojo,70866,90
ANDINA ART S.A.,433,6556,Toracoplastia,70867,92
ANDINA ART S.A.,433,6509,"TAC de torax, con o sin contraste",70836,91
ANDINA ART S.A.,433,6558,Torticolis congenita,70869,94
ANDINA ART S.A.,433,6560,Traccion de partes blandas,70871,89
ANDINA ART S.A.,433,6561,Traccion esqueletica,70872,89
ANDINA ART S.A.,433,8599,Distraccion osea,71186,94
ANDINA ART S.A.,433,6562,Tractotomia,70873,94
ANDINA ART S.A.,433,6563,Transferencias tendinosas (mas de 3 tendones),70874,93
ANDINA ART S.A.,433,6565,Transposicion de nervio periferico,70876,92
ANDINA ART S.A.,433,6566,Transposicion de tendones en miembro superior o miembro inferior,70877,93
ANDINA ART S.A.,433,6567,Transposicion del cubital,70878,91
ANDINA ART S.A.,433,6568,Traqueoplastia,70879,94
ANDINA ART S.A.,433,8559,Traqueoplastia en ECMO,71147,96
ANDINA ART S.A.,433,6569,Traqueorrafia,70880,92
ANDINA ART S.A.,433,6570,Traqueostomia,69506,91
ANDINA ART S.A.,433,6571,Traqueostomia o traqueotomia,69507,91
ANDINA ART S.A.,433,6572,Traqueostomia percutanea,70881,91
ANDINA ART S.A.,433,6576,Trasplante corazon-riñon,69508,108
ANDINA ART S.A.,433,6573,Trasplante de corazon,70882,107
ANDINA ART S.A.,433,6574,Trasplante de corazon y pulmon,70883,108
ANDINA ART S.A.,433,6575,Trasplante de corazon-pulmon,70884,108
ANDINA ART S.A.,433,6577,Trasplante de medula osea,70885,92
ANDINA ART S.A.,433,6578,Trasplante de pancreas,70886,106
ANDINA ART S.A.,433,6579,Trasplante hepatico,70887,107
ANDINA ART S.A.,433,6584,Trasplante oseo intercalares,70892,94
ANDINA ART S.A.,433,6585,Trasplante oseo osteo-articulares,70893,94
ANDINA ART S.A.,433,6586,Trasplante pulmonar,70894,106
ANDINA ART S.A.,433,6587,Trasplante renal,70895,96
ANDINA ART S.A.,433,6588,Trasplante reno-pancreatico,70896,107
ANDINA ART S.A.,433,6589,Trasplante y alargamiento (hasta 3 tendones),70897,92
ANDINA ART S.A.,433,6590,Trasplante y alargamiento (mas de 3 tendones),70898,93
ANDINA ART S.A.,433,6594,Tratamiento de las varices esofagicas (bandas / escleroris / balon),70902,91
ANDINA ART S.A.,433,6600,Tratamiento endovascular de arterias uterinas,70908,95
ANDINA ART S.A.,433,6607,Tratamiento quirurgico del onfalocele,70912,94
ANDINA ART S.A.,433,6510,TAC tridimensional,70837,91
ANDINA ART S.A.,433,6609,Trombectomia venosa profunda,70913,93
ANDINA ART S.A.,433,6720,Trombectomia intracraneal por hemodinamia,71006,96
ANDINA ART S.A.,433,6611,Trombosis hemorroidal,70916,90
ANDINA ART S.A.,433,6612,Trombosis mesenterica,70917,93
ANDINA ART S.A.,433,6616,Tumor de vagina,69509,92
ANDINA ART S.A.,433,5752,Extrirpacion de tumor oseo (mas de 5 cm),70154,91
ANDINA ART S.A.,433,6613,Tumor benigno de ano,70918,91
ANDINA ART S.A.,433,6615,Tumor benigno de vulva,70920,91
ANDINA ART S.A.,433,6617,Tumor cerebral intracraneal (mas de 8 horas de duracion),70921,96
ANDINA ART S.A.,433,6618,Tumor cerebral intracraneal (menos de 8 horas de duracion),70922,98
ANDINA ART S.A.,433,6620,Tumor de fosa posterior (mas de 8 horas de duracion),70924,96
ANDINA ART S.A.,433,6621,Tumor de fosa posterior (menos de 8 horas de duracion),70925,98
ANDINA ART S.A.,433,6622,Tumor de hipofisis (mas de 8 horas de duracion),70926,96
ANDINA ART S.A.,433,6623,Tumor de hipofisis (menos de 8 horas de duracion),70927,98
ANDINA ART S.A.,433,6624,Tumor de la pared costal,70928,92
ANDINA ART S.A.,433,6625,Tumor de la pared costal por videotoracoscopia,70929,93
ANDINA ART S.A.,433,6627,Tumor de ovario,70931,92
ANDINA ART S.A.,433,6629,Tumor de partes blandas,70933,90
ANDINA ART S.A.,433,6631,Tumor del glomus carotideo,70935,95
ANDINA ART S.A.,433,6632,Tumor del hueco supra-clavicular,70936,91
ANDINA ART S.A.,433,6633,Tumor fibroso de pie,70937,90
ANDINA ART S.A.,433,6634,Tumor retroperitoneal,70938,94
ANDINA ART S.A.,433,6635,Tumor retroperitoneal por video,70939,95
ANDINA ART S.A.,433,6638,Tumores mediastinales a cielo abierto,70943,94
ANDINA ART S.A.,433,6639,Tumores mediastinales por toracoscopia,70944,95
ANDINA ART S.A.,433,6640,Turbinectomia parcial o completa simple (unica o muliple),70945,92
ANDINA ART S.A.,433,6642,Turbinectomia video-endoscopica,70946,93
ANDINA ART S.A.,433,8649,Turbinectomia por radiofrecuencia,71233,93
ANDINA ART S.A.,433,6645,Ureterolitotomia,70949,92
ANDINA ART S.A.,433,6646,Ureteroscopia,70950,89
ANDINA ART S.A.,433,6675,Video cisto-ureteroscopia,70977,90
ANDINA ART S.A.,433,6647,Ureterostomia,70951,91
ANDINA ART S.A.,433,6648,Uretro-cisto-fibroscopia,70952,90
ANDINA ART S.A.,433,6649,Uretrografia,70953,89
ANDINA ART S.A.,433,6650,Uretrorrafia,70954,90
ANDINA ART S.A.,433,6651,Uretrotomia interna / uretroscopia,70955,89
ANDINA ART S.A.,433,5941,Laringuectomia radical con vaciamiento cervical,70327,95
ANDINA ART S.A.,433,6654,Vaciamiento ganglionar lumbo-aortico,70958,94
ANDINA ART S.A.,433,6655,Vaciamiento inguino-abdominal convencional,70959,93
ANDINA ART S.A.,433,6656,Vaciamiento inguino-abdominal o inguino-escrotal por video,70960,94
ANDINA ART S.A.,433,6657,Vaciamiento inguino-escrotal convencional,70961,93
ANDINA ART S.A.,433,6658,Vaciamiento radical unilateral de cuello,70962,92
ANDINA ART S.A.,433,6696,Vulvectomia con vaciamiento ganglionar,70989,94
ANDINA ART S.A.,433,6659,Vagotomia / vagotomia selectiva / gastropexia,70963,92
ANDINA ART S.A.,433,6660,Vagotomia por videolaparoscopia,70964,93
ANDINA ART S.A.,433,6661,Valvuloplastia aortica / pulmonar / tricuspidea / mitral / en hemodinamia,70965,98
ANDINA ART S.A.,433,6662,Valvuloplastia mitral o tricuspidea o aortica o pulmonar,70966,98
ANDINA ART S.A.,433,6652,Varicocele,70956,90
ANDINA ART S.A.,433,6665,Varicocele pelviano,70969,91
ANDINA ART S.A.,433,6666,Vasectomia,70970,91
ANDINA ART S.A.,433,6049,Neo-vejiga a cielo abierto,70420,95
ANDINA ART S.A.,433,6667,Ventana pleuro-pericardica,70971,94
ANDINA ART S.A.,433,6668,Ventana pleuro-pericardica por video,70972,95
ANDINA ART S.A.,433,6669,Ventriculo-cisternotomia,70973,94
ANDINA ART S.A.,433,6670,Ventriculo-cisternotomia videoasistida,70974,95
ANDINA ART S.A.,433,6673,Vertebroplastia (cada vertebra),69511,93
ANDINA ART S.A.,433,6671,Vertebroplastia percutanea (1 vertebra),70975,94
ANDINA ART S.A.,433,6672,Vertebroplastia percutanea ( 2 o mas vertebras),70976,95
ANDINA ART S.A.,433,6676,"Video-artroscopia compleja (codo, tobillo)",69512,94
ANDINA ART S.A.,433,6680,Video-artroscopia simple de rodilla para menisectomia,69513,93
ANDINA ART S.A.,433,7605,Video artroscopia simple de muñeca,69526,92
ANDINA ART S.A.,433,7606,Video artroscopia compleja de muñeca,69527,93
ANDINA ART S.A.,433,6678,Video-artroscopia de hombro / codo,70979,94
ANDINA ART S.A.,433,6679,Video-artroscopia de tobillo,70980,93
ANDINA ART S.A.,433,6682,Video-cistoscopia,70982,90
ANDINA ART S.A.,433,6687,Videobroncofibroscopia,70984,91
ANDINA ART S.A.,433,6688,Videolaparoscopica diagnostica,70985,93
ANDINA ART S.A.,433,6694,Videotoracoscopia convertida a via convencional,70987,95
ANDINA ART S.A.,433,7604,Video artroscopia de hombro,71063,94
ANDINA ART S.A.,433,8610,Eventroplastia por video,71197,93
ANDINA ART S.A.,433,8629,Metastasectomia por videolaparoscopia,71213,95
ANDINA ART S.A.,433,6697,Vulvectomia simple,70990,91
ANDINA ART S.A.,433,6698,Yeyunostomia,70991,92
ANDINA ART S.A.,433,6202,Pie zambo / varo / equino supinado,70551,93